comment_id,media_id,post_tag,parent_comment_id,text,timestamp,username,like_count,hidden,is_brand_reply,synthetic_sentiment_label,synthetic_topic
17942428825910393,17901977490176261,qr_carousel,,@tarithrift you need this! 😍,2026-09-24T03:03:39+0000,reza_id,1,false,false,positive,tag_friend
17955648613335757,17901977490176261,qr_carousel,,A bit pricey for a tote,2026-09-24T03:06:16+0000,ayubdg,0,false,false,negative,price_complaint
17949113517429363,17901977490176261,qr_carousel,,"So cool, supporting local! 🙌",2026-09-24T03:31:03+0000,putrilife,1,false,false,positive,support_local
17956982478345446,17901977490176261,qr_carousel,,"Scanned mine, it came through the Garut hub! 🥹",2026-09-24T03:32:27+0000,tariplants64,2,false,false,positive,traceability
17931084151656513,17901977490176261,qr_carousel,,"Proper traceability, well done 🙌",2026-09-24T03:44:16+0000,mayagreen,2,false,false,positive,traceability
17992629449907008,17901977490176261,qr_carousel,,Do you have a store in Bandung?,2026-09-24T04:02:31+0000,hendra_thrift54,0,false,false,neutral,where_to_buy
17976627342572150,17901977490176261,qr_carousel,,"So cool, supporting local! 🙌 💚",2026-09-24T04:48:16+0000,putri_bdg,1,false,false,positive,support_local
17969330527521266,17901977490176261,qr_carousel,,Love this! 💚,2026-09-24T04:52:59+0000,maya_coffee,0,false,false,positive,excitement
17965975722464286,17901977490176261,qr_carousel,,Seeing the hub made me emotional 🙌,2026-09-24T05:40:30+0000,dewitravel49,0,false,false,positive,traceability
17946725528679858,17901977490176261,qr_carousel,,Courier left it with the guard and never told me,2026-09-24T05:51:27+0000,ayuhijau80,0,false,false,unrelated,courier_handling
17944545823159019,17901977490176261,qr_carousel,,Does it show the picker's name?,2026-09-24T06:31:15+0000,putrithrift,0,false,false,neutral,product_question
17924767391726381,17901977490176261,qr_carousel,,Does it show the picker's name?,2026-09-24T07:51:21+0000,wulanmom,0,false,false,neutral,product_question
17946180653646411,17901977490176261,qr_carousel,,"So cool, supporting local! 🙌",2026-09-24T10:01:04+0000,maya.hijau,0,false,false,positive,support_local
17947943036886971,17901977490176261,qr_carousel,17976627342572150,Thank you for supporting our pickers 🙌,2026-09-24T10:28:16+0000,loopcycle.nusantara,9,false,true,n/a,brand_reply
17946766944746524,17901977490176261,qr_carousel,,Anyone know a good plumber in Bandung?,2026-09-24T10:36:48+0000,andimom54,0,false,false,unrelated,off_topic
17968916930540909,17901977490176261,qr_carousel,,Love this! 💚,2026-09-24T10:52:30+0000,taribookish47,0,false,false,positive,excitement
17916152769082512,17901977490176261,qr_carousel,,Need one in indigo!,2026-09-24T11:01:03+0000,galih_daily,1,false,false,positive,excitement
17980454238947412,17901977490176261,qr_carousel,,Seeing the hub made me emotional,2026-09-24T11:05:28+0000,irfan_life,0,false,false,positive,traceability
17960294106278146,17901977490176261,qr_carousel,,"Scanned mine, it came through the Garut hub! 🥹 💚",2026-09-24T11:39:42+0000,siti48,0,false,false,positive,traceability
17980647971735155,17901977490176261,qr_carousel,,Does the QR work offline?,2026-09-24T11:46:59+0000,dewi.studio,0,false,false,neutral,product_question
17933803539885192,17901977490176261,qr_carousel,,The page took forever to load,2026-09-24T12:30:07+0000,rizky.green,1,false,false,negative,qr_complaint
17983576899465058,17901977490176261,qr_carousel,,This is how every brand should do it 🙌,2026-09-24T13:26:11+0000,galih.fit,4,false,false,positive,traceability
17926388042747314,17901977490176261,qr_carousel,,Love this! 💚,2026-09-24T13:35:57+0000,andi_sehat46,0,false,false,positive,excitement
17966551785400655,17901977490176261,qr_carousel,,"Wrong colour sent, ordered indigo and got sand",2026-09-24T14:19:44+0000,galihbookish48,0,false,false,unrelated,wrong_item
17941501075020649,17901977490176261,qr_carousel,,Where do I find the QR tag?,2026-09-24T14:50:23+0000,galih_1866,0,false,false,neutral,product_question
17971465301220597,17901977490176261,qr_carousel,,This is how every brand should do it,2026-09-24T15:26:54+0000,nadiasehat,1,false,false,positive,traceability
17972038530734366,17901977490176261,qr_carousel,,This is how every brand should do it,2026-09-24T15:33:15+0000,wulanbookish,0,false,false,positive,traceability
17968940879064712,17901977490176261,qr_carousel,,Seeing the hub made me emotional,2026-09-24T15:54:54+0000,siti_official57,1,false,false,positive,traceability
17994316783069704,17901977490176261,qr_carousel,17916152769082512,"@galih_daily You can get it via the link in bio, Shopee, Tokopedia, TikTok Shop or our Bandung store 💚",2026-09-24T15:57:03+0000,loopcycle.nusantara,5,false,true,n/a,brand_reply
17984619485877912,17901977490176261,qr_carousel,,"So cool, supporting local! 🙌",2026-09-24T16:17:09+0000,sintabookish35,1,false,false,positive,support_local
17994878384839693,17901977490176261,qr_carousel,17946725528679858,So sorry about that! Please DM us your order number and we'll make it right 🙏,2026-09-24T16:23:27+0000,loopcycle.nusantara,4,false,true,n/a,brand_reply
17944850051569178,17901977490176261,qr_carousel,,Where can I buy?,2026-09-24T16:53:21+0000,fajar.life12,0,false,false,neutral,where_to_buy
17994074351891847,17901977490176261,qr_carousel,,Do you have a store in Bandung?,2026-09-24T17:34:06+0000,rizky_green30,0,false,false,neutral,where_to_buy
17942968985926602,17901977490176261,qr_carousel,,First!,2026-09-24T17:37:28+0000,siti_id42,1,false,false,unrelated,off_topic
17997251139137672,17901977490176261,qr_carousel,17933803539885192,@rizky.green So sorry about that! Please DM us your order number and we'll make it right 🙏,2026-09-24T17:47:07+0000,loopcycle.nusantara,6,false,true,n/a,brand_reply
17946758109379397,17901977490176261,qr_carousel,17971465301220597,@nadiasehat Thank you for supporting our pickers 🙌,2026-09-24T18:08:54+0000,loopcycle.nusantara,7,false,true,n/a,brand_reply
17923800105394830,17901977490176261,qr_carousel,,Price?,2026-09-24T18:20:51+0000,dewi.travel,0,false,false,neutral,price
17956935622321896,17901977490176261,qr_carousel,17965975722464286,So happy you love it! 💚,2026-09-24T18:36:30+0000,loopcycle.nusantara,1,false,true,n/a,brand_reply
17956618877785312,17901977490176261,qr_carousel,,"So cool, supporting local! 🙌",2026-09-24T19:20:33+0000,wulan.studio68,2,false,false,positive,support_local
17976830720725642,17901977490176261,qr_carousel,17924767391726381,The QR tag is sewn inside the lining. Scan it to see which hub your bottles came through 💚,2026-09-24T19:56:21+0000,loopcycle.nusantara,4,false,true,n/a,brand_reply
17960967211686881,17901977490176261,qr_carousel,,"Scanned mine, it came through the Garut hub! 🥹",2026-09-24T20:01:08+0000,mega.green31,8,false,false,positive,traceability
17994992933989993,17901977490176261,qr_carousel,17944545823159019,@putrithrift The QR tag is sewn inside the lining. Scan it to see which hub your bottles came through 💚,2026-09-24T21:09:15+0000,loopcycle.nusantara,4,false,true,n/a,brand_reply
17966559836565019,17901977490176261,qr_carousel,17960294106278146,Thank you! 💚,2026-09-24T21:53:42+0000,loopcycle.nusantara,11,false,true,n/a,brand_reply
17988642824403683,17901977490176261,qr_carousel,17966551785400655,@galihbookish48 So sorry about that! Please DM us your order number and we'll make it right 🙏,2026-09-24T22:21:44+0000,loopcycle.nusantara,9,false,true,n/a,brand_reply
17956332093932191,17901977490176261,qr_carousel,,QR code won't scan on mine 😕,2026-09-24T22:46:07+0000,nadia_10,0,false,false,negative,qr_complaint
17924312867565858,17901977490176261,qr_carousel,,Does it show the picker's name?,2026-09-24T22:54:46+0000,siti.sehat,1,false,false,neutral,product_question
17994407616375223,17901977490176261,qr_carousel,,Need one in indigo!,2026-09-24T23:42:01+0000,mega.bookish29,1,false,false,positive,excitement
17906780152755524,17901977490176261,qr_carousel,,"So cool, supporting local! 🙌",2026-09-24T23:52:41+0000,yoga_daily71,1,false,false,positive,support_local
17915146876413299,17901977490176261,qr_carousel,17994074351891847,Same question!,2026-09-25T00:37:06+0000,sitijkt,0,false,false,neutral,user_reply
17905967663482714,17901977490176261,qr_carousel,,"So cool, supporting local! 🙌 🔥",2026-09-25T00:49:47+0000,sintacoffee41,1,false,false,positive,support_local
17992255883533668,17901977490176261,qr_carousel,,Need one in indigo!,2026-09-25T01:19:22+0000,rizky.fit,1,false,false,positive,excitement
17938151806162386,17901977490176261,qr_carousel,,Where do I find the QR tag?,2026-09-25T02:02:52+0000,hendraplants,0,false,false,neutral,product_question
17931088808703939,17901977490176261,qr_carousel,17956332093932191,So sorry about that! Please DM us your order number and we'll make it right 🙏,2026-09-25T02:20:07+0000,loopcycle.nusantara,5,false,true,n/a,brand_reply
17986117461345396,17901977490176261,qr_carousel,,A bit pricey for a tote,2026-09-25T02:31:01+0000,reza.daily96,1,false,false,negative,price_complaint
17954685516226843,17901977490176261,qr_carousel,17941501075020649,The QR tag is sewn inside the lining. Scan it to see which hub your bottles came through 💚,2026-09-25T02:44:23+0000,loopcycle.nusantara,6,false,true,n/a,brand_reply
17929996549900648,17901977490176261,qr_carousel,,Need one in indigo!,2026-09-25T04:48:29+0000,galihbookish,1,false,false,positive,excitement
17903037699465886,17901977490176261,qr_carousel,,What info does the scan show?,2026-09-25T05:40:40+0000,ayucoffee,0,false,false,neutral,product_question
17948478280748459,17901977490176261,qr_carousel,,"So cool, supporting local! 🙌",2026-09-25T05:42:46+0000,irfan.coffee,0,false,false,positive,support_local
17950448918952876,17901977490176261,qr_carousel,,Love this! 💚,2026-09-25T06:15:58+0000,tari.bdg,0,false,false,positive,excitement
17918197299822779,17901977490176261,qr_carousel,,"Proper traceability, well done 😍",2026-09-25T06:30:35+0000,rinabookish24,3,false,false,positive,traceability
17980935454938029,17901977490176261,qr_carousel,,This is the future 🌍,2026-09-25T08:03:26+0000,hendra.fit27,1,false,false,positive,sustainability
17964300026281849,17901977490176261,qr_carousel,17903037699465886,Following this thread,2026-09-25T08:03:40+0000,maya.bdg30,0,false,false,neutral,user_reply
17924602389667715,17901977490176261,qr_carousel,,A bit pricey for a tote,2026-09-25T08:56:56+0000,dewi_bdg,0,false,false,negative,price_complaint
17905991993811891,17901977490176261,qr_carousel,,The page took forever to load,2026-09-25T09:06:10+0000,nadialife49,0,false,false,negative,qr_complaint
17956739433174468,17901977490176261,qr_carousel,17992255883533668,"You can get it via the link in bio, Shopee, Tokopedia, TikTok Shop or our Bandung store 💚",2026-09-25T09:22:22+0000,loopcycle.nusantara,1,false,true,n/a,brand_reply
17968375064025841,17901977490176261,qr_carousel,,This is how every brand should do it,2026-09-25T10:00:41+0000,siti_sehat23,2,false,false,positive,traceability
17993244372845401,17901977490176261,qr_carousel,,Price?,2026-09-25T10:05:11+0000,fajar.travel40,0,false,false,neutral,price
17931189527378060,17901977490176261,qr_carousel,17993244372845401,"@fajar.travel40 Hi! The Loop Tote is Rp 189,000 on our website, marketplaces and in our Bandung store 💚",2026-09-25T10:49:11+0000,loopcycle.nusantara,11,false,true,n/a,brand_reply
17993769817040537,17901977490176261,qr_carousel,,Love this! 💚,2026-09-25T12:52:44+0000,tarijkt,5,false,false,positive,excitement
17925200951771846,17901977490176261,qr_carousel,17929996549900648,"You can get it via the link in bio, Shopee, Tokopedia, TikTok Shop or our Bandung store 💚",2026-09-25T13:38:29+0000,loopcycle.nusantara,8,false,true,n/a,brand_reply
17914651386403358,17901977490176261,qr_carousel,17905967663482714,Agree 💯,2026-09-25T16:00:47+0000,putri_id,1,false,false,positive,user_reply
17959216459823323,17901977490176261,qr_carousel,,Seeing the hub made me emotional,2026-09-25T16:46:59+0000,sinta.daily,2,false,false,positive,traceability
17919439504046516,17901977490176261,qr_carousel,,Delivery to Surabaya took two weeks,2026-09-25T17:51:14+0000,andiid77,0,false,false,unrelated,delivery_delay
17972295265605043,17901977490176261,qr_carousel,,Where can I buy?,2026-09-25T17:55:52+0000,megabookish3,0,false,false,neutral,where_to_buy
17921240538615504,17901977490176261,qr_carousel,,Need one in indigo! 💚,2026-09-25T18:59:05+0000,fajar.green78,0,false,false,positive,excitement
17974919426138934,17901977490176261,qr_carousel,,Does the QR work offline?,2026-09-25T19:50:56+0000,ekocoffee97,1,false,false,neutral,product_question
17962527286620826,17901977490176261,qr_carousel,,"Scanned mine, it came through the Garut hub! 🥹 🔥",2026-09-25T20:45:36+0000,irfan_plants62,1,false,false,positive,traceability
17925603157365860,17901977490176261,qr_carousel,17905991993811891,@nadialife49 So sorry about that! Please DM us your order number and we'll make it right 🙏,2026-09-25T22:55:10+0000,loopcycle.nusantara,2,false,true,n/a,brand_reply
17984286606294037,17901977490176261,qr_carousel,,Where can I buy?,2026-09-26T00:06:41+0000,citra.coffee5,1,false,false,neutral,where_to_buy
17975150171942898,17901977490176261,qr_carousel,,This is the future 🌍 🙌,2026-09-26T00:14:25+0000,eko_fit40,0,false,false,positive,sustainability
17978851837340241,17901977490176261,qr_carousel,,Follow for follow? 🙏,2026-09-26T03:10:04+0000,promo_3822_id,0,false,false,unrelated,spam
17990038484768216,17901977490176261,qr_carousel,17919439504046516,So sorry about that! Please DM us your order number and we'll make it right 🙏,2026-09-26T04:04:14+0000,loopcycle.nusantara,4,false,true,n/a,brand_reply
17935657939704764,17901977490176261,qr_carousel,17972295265605043,"@megabookish3 You can get it via the link in bio, Shopee, Tokopedia, TikTok Shop or our Bandung store 💚",2026-09-26T06:52:52+0000,loopcycle.nusantara,1,false,true,n/a,brand_reply
17904115175489234,17901977490176261,qr_carousel,17984286606294037,"You can get it via the link in bio, Shopee, Tokopedia, TikTok Shop or our Bandung store 💚",2026-09-26T09:16:41+0000,loopcycle.nusantara,9,false,true,n/a,brand_reply
17914441244668487,17901977490176261,qr_carousel,,Seeing the hub made me emotional,2026-09-26T14:09:08+0000,siti_coffee61,1,false,false,positive,traceability
17984521984022789,17901977490176261,qr_carousel,,Where do I find the QR tag?,2026-09-26T21:00:24+0000,bayu_67,0,false,false,neutral,product_question
17933097878342095,17901977490176261,qr_carousel,,Price?,2026-09-26T21:12:38+0000,sintahijau73,1,false,false,neutral,price
17951193659205903,17901977490176261,qr_carousel,,Does it show the picker's name?,2026-09-27T03:39:39+0000,bayu_hijau26,1,false,false,neutral,product_question
17905286137471251,17901977490176261,qr_carousel,17984521984022789,The QR tag is sewn inside the lining. Scan it to see which hub your bottles came through 💚,2026-09-27T04:07:24+0000,loopcycle.nusantara,6,false,true,n/a,brand_reply
17946048765156905,17901977490176261,qr_carousel,,This is how every brand should do it,2026-09-27T11:28:20+0000,eko.6014,0,false,false,positive,traceability
17909662840097513,17901977490176261,qr_carousel,,Where do I find the QR tag?,2026-09-27T15:30:54+0000,rizkystudio47,0,false,false,neutral,product_question
17918262481509584,17901977490176261,qr_carousel,,QR code won't scan on mine 😕,2026-09-27T19:39:40+0000,sinta.eats,1,false,false,negative,qr_complaint
17983887557485144,17901977490176261,qr_carousel,17918262481509584,So sorry about that! Please DM us your order number and we'll make it right 🙏,2026-09-27T23:17:40+0000,loopcycle.nusantara,8,false,true,n/a,brand_reply
17955080043230851,17901977490176261,qr_carousel,17909662840097513,@rizkystudio47 The QR tag is sewn inside the lining. Scan it to see which hub your bottles came through 💚,2026-09-28T04:32:54+0000,loopcycle.nusantara,2,false,true,n/a,brand_reply
17918126475431123,17901977490176261,qr_carousel,,Do you have a store in Bandung?,2026-09-28T05:33:08+0000,rinaid,0,false,false,neutral,where_to_buy
17989060854867271,17901977490176261,qr_carousel,17918126475431123,"@rinaid You can get it via the link in bio, Shopee, Tokopedia, TikTok Shop or our Bandung store 💚",2026-09-28T06:33:08+0000,loopcycle.nusantara,3,false,true,n/a,brand_reply
17960452486885036,17902562330559770,batik_reel,,"So cool, supporting local! 🙌 🙌",2026-08-28T02:37:59+0000,mega_sehat17,0,false,false,positive,support_local
17940703657337065,17902562330559770,batik_reel,,Kawung or Parang? Both are gorgeous 💚,2026-08-28T02:47:23+0000,rizky.bookish78,3,false,false,positive,design
17950178578637600,17902562330559770,batik_reel,,Customer service not replying on WhatsApp,2026-08-28T02:52:48+0000,jokodaily,0,false,false,unrelated,seller_service
17964261146249761,17902562330559770,batik_reel,,My batik tote arrived with the box torn,2026-08-28T02:54:37+0000,tarilife,0,false,false,unrelated,packaging_damage
17932590773670412,17902562330559770,batik_reel,,The batik pattern is stunning 😍,2026-08-28T02:58:19+0000,sinta.plants49,1,false,false,positive,design
17955241835079085,17902562330559770,batik_reel,,Is it the same size as the regular tote?,2026-08-28T03:03:25+0000,citrasehat91,0,false,false,neutral,size
17943225821952069,17902562330559770,batik_reel,,Beautiful colours 😍,2026-08-28T03:14:31+0000,rinastudio44,4,false,false,positive,design
17966389117699268,17902562330559770,batik_reel,,Love this! 💚,2026-08-28T03:27:47+0000,rizky_hijau,0,false,false,positive,excitement
17911612178653997,17902562330559770,batik_reel,,@yogaeats you need this! 😍,2026-08-28T03:44:01+0000,taricoffee71,1,false,false,positive,tag_friend
17951364343985000,17902562330559770,batik_reel,,The batik pattern is stunning 😍,2026-08-28T03:47:07+0000,putri_daily,0,false,false,positive,design
17949479665404426,17902562330559770,batik_reel,,My package arrived with the box crushed,2026-08-28T03:50:21+0000,rizky14,0,false,false,unrelated,packaging_damage
17901379372218733,17902562330559770,batik_reel,,Nice pic! Visit our page for big discounts,2026-08-28T03:59:16+0000,promo_9039_id,0,true,false,unrelated,spam
17985121445175017,17902562330559770,batik_reel,,Beautiful colours 😍,2026-08-28T04:06:00+0000,nadia_official,1,false,false,positive,design
17956920195575465,17902562330559770,batik_reel,,The batik pattern is stunning 😍,2026-08-28T04:07:51+0000,sitibookish,1,false,false,positive,design
17918314415278107,17902562330559770,batik_reel,,A bit pricey for a tote,2026-08-28T04:46:24+0000,andi.jkt,0,true,false,negative,price_complaint
17990294744312316,17902562330559770,batik_reel,,Already set a reminder for Friday!,2026-08-28T05:10:00+0000,siti_studio,1,false,false,positive,excitement
17927833781626909,17902562330559770,batik_reel,,Do you ship to Bali?,2026-08-28T05:46:02+0000,eko_fit23,0,false,false,neutral,shipping_question
17998103185317247,17902562330559770,batik_reel,,@joko2176 you need this! 😍,2026-08-28T05:55:21+0000,sinta_hijau,0,false,false,positive,tag_friend
17903403550633018,17902562330559770,batik_reel,17964261146249761,@tarilife So sorry about that! Please DM us your order number and we'll make it right 🙏,2026-08-28T06:18:37+0000,loopcycle.nusantara,0,false,true,n/a,brand_reply
17919158940206063,17902562330559770,batik_reel,,"So cool, supporting local! 🙌",2026-08-28T06:26:29+0000,rizkycoffee,0,false,false,positive,support_local
17954585241290223,17902562330559770,batik_reel,,The motif looks printed rather than hand-drawn,2026-08-28T06:27:09+0000,budi_jkt70,1,false,false,negative,quality_complaint
17906465847863053,17902562330559770,batik_reel,,Is it the same size as the regular tote?,2026-08-28T06:35:25+0000,maya_studio,1,false,false,neutral,size
17930282747908755,17902562330559770,batik_reel,17956920195575465,So happy you love it! 💚,2026-08-28T06:39:51+0000,loopcycle.nusantara,9,false,true,n/a,brand_reply
17936459724220054,17902562330559770,batik_reel,,"Earn money from home, check my bio",2026-08-28T06:50:21+0000,cryptoking93,0,true,false,unrelated,spam
17992282464127488,17902562330559770,batik_reel,,Love this! 💚,2026-08-28T07:06:17+0000,tari.bookish23,1,false,false,positive,excitement
17916721970215286,17902562330559770,batik_reel,,Follow for follow? 🙏,2026-08-28T07:06:22+0000,cryptoking35,0,true,false,unrelated,spam
17941952220559340,17902562330559770,batik_reel,,Is it the same size as the regular tote?,2026-08-28T07:07:17+0000,ekolife,0,false,false,neutral,size
17945810868373200,17902562330559770,batik_reel,,Will there be a restock?,2026-08-28T07:07:41+0000,irfanthrift,0,false,false,neutral,restock_question
17947805607864455,17902562330559770,batik_reel,,Delivery to Surabaya took two weeks,2026-08-28T07:11:05+0000,galih_plants,0,false,false,unrelated,delivery_delay
17975810838666728,17902562330559770,batik_reel,,Need one in indigo!,2026-08-28T07:16:49+0000,sinta_green,0,false,false,positive,excitement
17929045525935931,17902562330559770,batik_reel,17945810868373200,We'll share any restock news in Stories first 💚,2026-08-28T07:41:41+0000,loopcycle.nusantara,3,false,true,n/a,brand_reply
17917043526965409,17902562330559770,batik_reel,,"So cool, supporting local! 🙌 😍",2026-08-28T07:49:16+0000,lestarisehat,1,false,false,positive,support_local
17967880604784357,17902562330559770,batik_reel,,Follow for follow? 🙏,2026-08-28T08:10:09+0000,promo_7490_id,0,false,false,unrelated,spam
17913921422605624,17902562330559770,batik_reel,,Anyone know a good plumber in Bandung?,2026-08-28T08:17:48+0000,nadia_hijau64,0,false,false,unrelated,off_topic
17940067516723538,17902562330559770,batik_reel,,This is art you can carry,2026-08-28T08:19:24+0000,mayahijau31,2,false,false,positive,design
17938495536468628,17902562330559770,batik_reel,,Already set a reminder for Friday!,2026-08-28T08:22:13+0000,dewi_fit46,0,false,false,positive,excitement
17979769884060131,17902562330559770,batik_reel,17990294744312316,The batik drop opens Friday 4 Sept at 10:00 WIB on our website. Set a reminder! 🔔,2026-08-28T08:32:00+0000,loopcycle.nusantara,0,false,true,n/a,brand_reply
17988025481644379,17902562330559770,batik_reel,,Do you ship to Bali?,2026-08-28T08:43:54+0000,budibdg,3,false,false,neutral,shipping_question
17981323072760293,17902562330559770,batik_reel,,@tari.mom13 you need this! 😍,2026-08-28T09:00:44+0000,agus.coffee68,0,false,false,positive,tag_friend
17916436701890156,17902562330559770,batik_reel,,@aguseats you need this! 😍,2026-08-28T09:12:18+0000,yogajkt63,7,false,false,positive,tag_friend
17979621169996189,17902562330559770,batik_reel,,What time does the drop open on Friday?,2026-08-28T09:24:27+0000,tari_green,0,false,false,neutral,drop_question
17991112457668456,17902562330559770,batik_reel,,Will there be a restock?,2026-08-28T09:41:37+0000,irfan_eats,5,false,false,neutral,restock_question
17933513236139799,17902562330559770,batik_reel,,Ordered 9 days ago on Shopee and still no parcel 😤,2026-08-28T09:42:36+0000,wulan.jkt,0,false,false,unrelated,delivery_delay
17955054288421283,17902562330559770,batik_reel,,"Ordered Friday, still no shipping update",2026-08-28T10:02:04+0000,citra.fit83,0,false,false,unrelated,delivery_delay
17918747561843277,17902562330559770,batik_reel,17951364343985000,@putri_daily Thank you for supporting our pickers 🙌,2026-08-28T10:07:07+0000,loopcycle.nusantara,5,false,true,n/a,brand_reply
17974957035402688,17902562330559770,batik_reel,,The batik pattern is stunning 😍,2026-08-28T10:39:49+0000,joko_coffee,1,false,false,positive,design
17923833065088031,17902562330559770,batik_reel,,@agus_id you need this! 😍,2026-08-28T10:44:04+0000,dewi.green,4,false,false,positive,tag_friend
17989298306591567,17902562330559770,batik_reel,,Rp 249k is steep for a tote,2026-08-28T10:52:56+0000,nadia.jkt84,0,false,false,negative,price_complaint
17972784254789122,17902562330559770,batik_reel,,Do you ship to Bali?,2026-08-28T11:08:44+0000,budiid82,0,false,false,neutral,shipping_question
17961066055674953,17902562330559770,batik_reel,,A bit pricey for a tote,2026-08-28T11:17:18+0000,sintahijau,5,false,false,negative,price_complaint
17947327661351962,17902562330559770,batik_reel,,Already set a reminder for Friday!,2026-08-28T11:30:46+0000,bayu_daily,0,false,false,positive,excitement
17994600254043046,17902562330559770,batik_reel,,Already set a reminder for Friday!,2026-08-28T11:49:44+0000,ayu_travel,0,false,false,positive,excitement
17998822087446813,17902562330559770,batik_reel,,"So cool, supporting local! 🙌",2026-08-28T11:50:22+0000,sinta.plants,1,false,false,positive,support_local
17937989182897466,17902562330559770,batik_reel,,Will there be a restock?,2026-08-28T12:01:58+0000,bayu_fit,0,false,false,neutral,restock_question
17973591217164948,17902562330559770,batik_reel,,A bit pricey for a tote,2026-08-28T12:02:06+0000,mega_travel,0,false,false,negative,price_complaint
17932273923206589,17902562330559770,batik_reel,,Love this! 💚,2026-08-28T12:16:32+0000,yoga.green,1,false,false,positive,excitement
17938721920819171,17902562330559770,batik_reel,17906465847863053,"@maya_studio Roughly 40 × 38 × 12 cm: enough for a laptop, lunch and a bottle 💚",2026-08-28T12:26:25+0000,loopcycle.nusantara,1,false,true,n/a,brand_reply
17960963869002131,17902562330559770,batik_reel,,"Earn money from home, check my bio",2026-08-28T12:38:05+0000,cryptoking24,0,true,false,unrelated,spam
17909020802061045,17902562330559770,batik_reel,17955241835079085,"Roughly 40 × 38 × 12 cm: enough for a laptop, lunch and a bottle 💚",2026-08-28T12:43:25+0000,loopcycle.nusantara,8,false,true,n/a,brand_reply
17920036252855744,17902562330559770,batik_reel,,Looks smaller than expected from the video,2026-08-28T12:47:47+0000,ayufit,0,false,false,negative,size_complaint
17955804123914332,17902562330559770,batik_reel,,A bit pricey for a tote,2026-08-28T12:54:54+0000,siti_mom,0,false,false,negative,price_complaint
17904528349754644,17902562330559770,batik_reel,,What time does the drop open on Friday?,2026-08-28T13:00:39+0000,siticoffee,0,false,false,neutral,drop_question
17928150377667449,17902562330559770,batik_reel,,Is it the same size as the regular tote?,2026-08-28T13:21:17+0000,agushijau,0,false,false,neutral,size
17933726693275100,17902562330559770,batik_reel,,What time does the drop open on Friday?,2026-08-28T13:29:09+0000,budi_travel13,0,false,false,neutral,drop_question
17983422186973544,17902562330559770,batik_reel,17927833781626909,"We ship across Indonesia, and internationally through Amazon Global 🌏",2026-08-28T13:55:02+0000,loopcycle.nusantara,5,false,true,n/a,brand_reply
17967047386793456,17902562330559770,batik_reel,,Looks smaller than expected from the video,2026-08-28T14:03:55+0000,galih.life,0,false,false,negative,size_complaint
17974712228883353,17902562330559770,batik_reel,,Beautiful colours 😍,2026-08-28T14:08:04+0000,hendrajkt,1,false,false,positive,design
17987684644318434,17902562330559770,batik_reel,,@galih_studio you need this! 😍,2026-08-28T14:31:13+0000,rina_life16,2,false,false,positive,tag_friend
17993679934988369,17902562330559770,batik_reel,17947805607864455,@galih_plants So sorry about that! Please DM us your order number and we'll make it right 🙏,2026-08-28T14:40:05+0000,loopcycle.nusantara,1,false,true,n/a,brand_reply
17912819325344843,17902562330559770,batik_reel,,"So cool, supporting local! 🙌",2026-08-28T14:44:28+0000,eko.studio,0,false,false,positive,support_local
17968090957437778,17902562330559770,batik_reel,,@wulan.95 you need this! 😍,2026-08-28T14:45:08+0000,lestari.eats,0,false,false,positive,tag_friend
17916834981369650,17902562330559770,batik_reel,,Nice pic! Visit our page for big discounts,2026-08-28T14:57:26+0000,promo_7823_id,0,true,false,unrelated,spam
17992621748266991,17902562330559770,batik_reel,,Do you ship to Bali?,2026-08-28T14:59:55+0000,reza.hijau94,0,false,false,neutral,shipping_question
17995641829655428,17902562330559770,batik_reel,,What time does the drop open on Friday?,2026-08-28T15:15:27+0000,intan.hijau13,1,false,false,neutral,drop_question
17925309994155591,17902562330559770,batik_reel,,"So cool, supporting local! 🙌",2026-08-28T15:15:49+0000,siti.sehat19,3,false,false,positive,support_local
17957904547063989,17902562330559770,batik_reel,,"So cool, supporting local! 🙌",2026-08-28T15:20:15+0000,fajarlife,0,false,false,positive,support_local
17978135472503666,17902562330559770,batik_reel,,Supporting local artisans AND recycling. Perfect.,2026-08-28T15:21:03+0000,putri_2685,1,false,false,positive,support_local
17942983560292086,17902562330559770,batik_reel,,First!,2026-08-28T15:22:18+0000,tari_sehat97,0,false,false,unrelated,off_topic
17919383492712884,17902562330559770,batik_reel,,A bit pricey for a tote,2026-08-28T15:49:19+0000,mayaid,0,false,false,negative,price_complaint
17942973645619500,17902562330559770,batik_reel,17933513236139799,So sorry about that! Please DM us your order number and we'll make it right 🙏,2026-08-28T16:14:36+0000,loopcycle.nusantara,10,false,true,n/a,brand_reply
17984938604473227,17902562330559770,batik_reel,,"Which motif is bigger, Kawung or Parang?",2026-08-28T16:15:57+0000,citraplants,1,false,false,neutral,product_question
17978252416266119,17902562330559770,batik_reel,,A bit pricey for a tote,2026-08-28T16:22:04+0000,joko.mom,0,false,false,negative,price_complaint
17978781814082522,17902562330559770,batik_reel,,Will there be a restock?,2026-08-28T16:30:49+0000,lestaribookish53,3,false,false,neutral,restock_question
17924788090186020,17902562330559770,batik_reel,17955054288421283,@citra.fit83 So sorry about that! Please DM us your order number and we'll make it right 🙏,2026-08-28T16:43:04+0000,loopcycle.nusantara,10,false,true,n/a,brand_reply
17954503575918387,17902562330559770,batik_reel,17975810838666728,"@sinta_green You can get it via the link in bio, Shopee, Tokopedia, TikTok Shop or our Bandung store 💚",2026-08-28T16:48:49+0000,loopcycle.nusantara,6,false,true,n/a,brand_reply
17990940340114223,17902562330559770,batik_reel,,Need one in indigo! 🙌,2026-08-28T17:00:57+0000,rizky.jkt61,1,false,false,positive,excitement
17935814861210813,17902562330559770,batik_reel,17917043526965409,Thank you! 💚,2026-08-28T17:08:16+0000,loopcycle.nusantara,0,false,true,n/a,brand_reply
17999183163404371,17902562330559770,batik_reel,,Will there be a restock?,2026-08-28T17:09:53+0000,rezalife,3,false,false,neutral,restock_question
17916794103600763,17902562330559770,batik_reel,,Is it the same size as the regular tote?,2026-08-28T17:10:52+0000,budi_id56,0,false,false,neutral,size
17916197019565579,17902562330559770,batik_reel,,Will there be a restock?,2026-08-28T17:29:53+0000,eko.official52,0,false,false,neutral,restock_question
17952604702803214,17902562330559770,batik_reel,17919158940206063,So happy you love it! 💚,2026-08-28T17:40:29+0000,loopcycle.nusantara,11,false,true,n/a,brand_reply
17962553958629452,17902562330559770,batik_reel,17916794103600763,"@budi_id56 Roughly 40 × 38 × 12 cm: enough for a laptop, lunch and a bottle 💚",2026-08-28T17:40:52+0000,loopcycle.nusantara,5,false,true,n/a,brand_reply
17976186668886078,17902562330559770,batik_reel,17994600254043046,The batik drop opens Friday 4 Sept at 10:00 WIB on our website. Set a reminder! 🔔,2026-08-28T17:52:44+0000,loopcycle.nusantara,3,false,true,n/a,brand_reply
17910829692129534,17902562330559770,batik_reel,,Supporting local artisans AND recycling. Perfect.,2026-08-28T18:03:25+0000,putri_bookish,1,false,false,positive,support_local
17957574557299053,17902562330559770,batik_reel,,The motif looks printed rather than hand-drawn,2026-08-28T18:04:47+0000,agusofficial,1,false,false,negative,quality_complaint
17972775872784972,17902562330559770,batik_reel,,Already set a reminder for Friday! 💚,2026-08-28T18:26:53+0000,tari.bookish,1,false,false,positive,excitement
17986485249209799,17902562330559770,batik_reel,17941952220559340,"@ekolife Roughly 40 × 38 × 12 cm: enough for a laptop, lunch and a bottle 💚",2026-08-28T18:34:17+0000,loopcycle.nusantara,2,false,true,n/a,brand_reply
17956469476167339,17902562330559770,batik_reel,,@citra_hijau71 you need this! 😍,2026-08-28T18:42:21+0000,nadiahijau16,1,false,false,positive,tag_friend
17943640285589774,17902562330559770,batik_reel,,The motif looks printed rather than hand-drawn,2026-08-28T18:46:42+0000,intan469,1,false,false,negative,quality_complaint
17945835438803452,17902562330559770,batik_reel,,@sintaid you need this! 😍,2026-08-28T19:09:10+0000,siti_632,0,false,false,positive,tag_friend
17998543211270680,17902562330559770,batik_reel,,Love this! 💚,2026-08-28T19:11:09+0000,putrihijau,2,false,false,positive,excitement
17998065735905233,17902562330559770,batik_reel,,Need one in indigo!,2026-08-28T19:19:22+0000,mega.mom,1,false,false,positive,excitement
17927623616104592,17902562330559770,batik_reel,,The motif looks printed rather than hand-drawn,2026-08-28T19:30:34+0000,dewi_green,0,false,false,negative,quality_complaint
17944643019411635,17902562330559770,batik_reel,,"Which motif is bigger, Kawung or Parang?",2026-08-28T19:31:32+0000,bayu_coffee,2,false,false,neutral,product_question
17927038447855109,17902562330559770,batik_reel,17992621748266991,"We ship across Indonesia, and internationally through Amazon Global 🌏",2026-08-28T19:34:55+0000,loopcycle.nusantara,4,false,true,n/a,brand_reply
17982833131788179,17902562330559770,batik_reel,17916197019565579,We'll share any restock news in Stories first 💚,2026-08-28T19:35:53+0000,loopcycle.nusantara,9,false,true,n/a,brand_reply
17981135211545805,17902562330559770,batik_reel,17928150377667449,"@agushijau Roughly 40 × 38 × 12 cm: enough for a laptop, lunch and a bottle 💚",2026-08-28T19:56:17+0000,loopcycle.nusantara,5,false,true,n/a,brand_reply
17912479003192257,17902562330559770,batik_reel,,"So cool, supporting local! 🙌",2026-08-28T20:28:00+0000,joko_thrift88,2,false,false,positive,support_local
17962707211735636,17902562330559770,batik_reel,,Rp 249k is steep for a tote,2026-08-28T21:10:14+0000,hendra_mom38,1,false,false,negative,price_complaint
17940992955986216,17902562330559770,batik_reel,17938495536468628,The batik drop opens Friday 4 Sept at 10:00 WIB on our website. Set a reminder! 🔔,2026-08-28T21:11:13+0000,loopcycle.nusantara,9,false,true,n/a,brand_reply
17970626520677940,17902562330559770,batik_reel,17972784254789122,"@budiid82 We ship across Indonesia, and internationally through Amazon Global 🌏",2026-08-28T21:18:44+0000,loopcycle.nusantara,11,false,true,n/a,brand_reply
17927329414051427,17902562330559770,batik_reel,,Delivery to Surabaya took two weeks,2026-08-28T21:20:23+0000,rizky_thrift52,1,false,false,unrelated,delivery_delay
17923705346171168,17902562330559770,batik_reel,,"Ordered Friday, still no shipping update",2026-08-28T21:41:19+0000,citra_travel,0,false,false,unrelated,delivery_delay
17924187720953414,17902562330559770,batik_reel,17995641829655428,@intan.hijau13 The batik drop opens Friday 4 Sept at 10:00 WIB on our website. Set a reminder! 🔔,2026-08-28T22:42:27+0000,loopcycle.nusantara,10,false,true,n/a,brand_reply
17938561978262353,17902562330559770,batik_reel,17979621169996189,@tari_green The batik drop opens Friday 4 Sept at 10:00 WIB on our website. Set a reminder! 🔔,2026-08-28T22:52:27+0000,loopcycle.nusantara,8,false,true,n/a,brand_reply
17956108040305183,17902562330559770,batik_reel,,Supporting local artisans AND recycling. Perfect.,2026-08-28T23:00:00+0000,putri.green,1,false,false,positive,support_local
17986894841039942,17902562330559770,batik_reel,,Kawung or Parang? Both are gorgeous,2026-08-28T23:36:52+0000,dewi.life47,2,false,false,positive,design
17970172514172545,17902562330559770,batik_reel,17925309994155591,@siti.sehat19 Thank you for supporting our pickers 🙌,2026-08-28T23:45:49+0000,loopcycle.nusantara,0,false,true,n/a,brand_reply
17972296466749045,17902562330559770,batik_reel,,Nice pic! Visit our page for big discounts,2026-08-28T23:49:56+0000,promo_5014_id,0,true,false,unrelated,spam
17980073681508472,17902562330559770,batik_reel,17973591217164948,Thank you for supporting our pickers 🙌,2026-08-29T00:07:06+0000,loopcycle.nusantara,8,false,true,n/a,brand_reply
17920725721606723,17902562330559770,batik_reel,,What time does the drop open on Friday?,2026-08-29T00:16:08+0000,rizky_coffee,0,false,false,neutral,drop_question
17987875337718658,17902562330559770,batik_reel,,@rinalife4 you need this! 😍,2026-08-29T00:31:53+0000,putri_hijau,0,false,false,positive,tag_friend
17954791940413669,17902562330559770,batik_reel,17947327661351962,The batik drop opens Friday 4 Sept at 10:00 WIB on our website. Set a reminder! 🔔,2026-08-29T00:33:46+0000,loopcycle.nusantara,9,false,true,n/a,brand_reply
17906036122959925,17902562330559770,batik_reel,,Will there be a restock?,2026-08-29T00:54:14+0000,reza.bookish46,0,false,false,neutral,restock_question
17935598745657384,17902562330559770,batik_reel,,Rp 249k is steep for a tote,2026-08-29T01:03:55+0000,intanstudio,1,false,false,negative,price_complaint
17932397213883068,17902562330559770,batik_reel,17972775872784972,The batik drop opens Friday 4 Sept at 10:00 WIB on our website. Set a reminder! 🔔,2026-08-29T01:16:53+0000,loopcycle.nusantara,4,false,true,n/a,brand_reply
17926500274565402,17902562330559770,batik_reel,,What time does the drop open on Friday?,2026-08-29T01:23:32+0000,agus_bdg,0,false,false,neutral,drop_question
17995246968895170,17902562330559770,batik_reel,,The motif looks printed rather than hand-drawn,2026-08-29T01:23:55+0000,rezajkt17,0,false,false,negative,quality_complaint
17961465439723380,17902562330559770,batik_reel,17998822087446813,@sinta.plants Thank you! 💚,2026-08-29T01:31:22+0000,loopcycle.nusantara,2,false,true,n/a,brand_reply
17955575739608051,17902562330559770,batik_reel,,What time does the drop open on Friday?,2026-08-29T02:11:14+0000,rizkybookish,0,false,false,neutral,drop_question
17976056080428047,17902562330559770,batik_reel,,"Which motif is bigger, Kawung or Parang?",2026-08-29T02:23:00+0000,dewicoffee,0,false,false,neutral,product_question
17993619515792650,17902562330559770,batik_reel,17999183163404371,@rezalife We'll share any restock news in Stories first 💚,2026-08-29T02:36:53+0000,loopcycle.nusantara,8,false,true,n/a,brand_reply
17937614092270287,17902562330559770,batik_reel,17923705346171168,@citra_travel So sorry about that! Please DM us your order number and we'll make it right 🙏,2026-08-29T02:44:19+0000,loopcycle.nusantara,6,false,true,n/a,brand_reply
17936695824799263,17902562330559770,batik_reel,,This is the future 🌍,2026-08-29T02:53:52+0000,rizky_life,2,false,false,positive,sustainability
17954994188542887,17902562330559770,batik_reel,,Beautiful colours 😍,2026-08-29T03:06:12+0000,andieats54,0,false,false,positive,design
17910840956345572,17902562330559770,batik_reel,17943640285589774,I had the same issue,2026-08-29T03:15:42+0000,megaid,2,false,false,negative,user_reply
17944012847903053,17902562330559770,batik_reel,17933726693275100,The batik drop opens Friday 4 Sept at 10:00 WIB on our website. Set a reminder! 🔔,2026-08-29T03:45:09+0000,loopcycle.nusantara,7,false,true,n/a,brand_reply
17930794202940028,17902562330559770,batik_reel,17995246968895170,@rezajkt17 Thank you! 💚,2026-08-29T03:57:55+0000,loopcycle.nusantara,7,false,true,n/a,brand_reply
17904276325592233,17902562330559770,batik_reel,17978781814082522,@lestaribookish53 We'll share any restock news in Stories first 💚,2026-08-29T04:23:49+0000,loopcycle.nusantara,7,false,true,n/a,brand_reply
17935353136505382,17902562330559770,batik_reel,,Nice pic! Visit our page for big discounts,2026-08-29T04:31:28+0000,promo_7608_id,0,false,false,unrelated,spam
17908557524255409,17902562330559770,batik_reel,17955575739608051,The batik drop opens Friday 4 Sept at 10:00 WIB on our website. Set a reminder! 🔔,2026-08-29T04:35:14+0000,loopcycle.nusantara,0,false,true,n/a,brand_reply
17901507033056215,17902562330559770,batik_reel,,This is art you can carry 🔥,2026-08-29T06:11:32+0000,mega.travel,0,false,false,positive,design
17959468810650732,17902562330559770,batik_reel,,Delivery to Surabaya took two weeks,2026-08-29T06:45:25+0000,bayusehat,0,false,false,unrelated,delivery_delay
17941273288120284,17902562330559770,batik_reel,17926500274565402,The batik drop opens Friday 4 Sept at 10:00 WIB on our website. Set a reminder! 🔔,2026-08-29T07:41:32+0000,loopcycle.nusantara,4,false,true,n/a,brand_reply
17946487358857923,17902562330559770,batik_reel,17944643019411635,Following this thread,2026-08-29T08:12:32+0000,eko.hijau,2,false,false,neutral,user_reply
17992004801812629,17902562330559770,batik_reel,,Supporting local artisans AND recycling. Perfect. 🙌,2026-08-29T08:26:46+0000,hendra_thrift,4,false,false,positive,support_local
17919119040011694,17902562330559770,batik_reel,17927329414051427,@rizky_thrift52 So sorry about that! Please DM us your order number and we'll make it right 🙏,2026-08-29T08:49:23+0000,loopcycle.nusantara,6,false,true,n/a,brand_reply
17995946974150453,17902562330559770,batik_reel,,The motif looks printed rather than hand-drawn,2026-08-29T09:13:21+0000,bayuid30,1,false,false,negative,quality_complaint
17986781399789657,17902562330559770,batik_reel,,Rp 249k is steep for a tote,2026-08-29T09:34:49+0000,putri_sehat11,2,false,false,negative,price_complaint
17913235994760242,17902562330559770,batik_reel,17906036122959925,We'll share any restock news in Stories first 💚,2026-08-29T10:21:14+0000,loopcycle.nusantara,6,false,true,n/a,brand_reply
17986864006318153,17902562330559770,batik_reel,,This is art you can carry,2026-08-29T12:29:10+0000,bayu.sehat69,1,false,false,positive,design
17959615276886655,17902562330559770,batik_reel,,Need one in indigo!,2026-08-29T12:51:11+0000,hendra.jkt,0,false,false,positive,excitement
17982590735758007,17902562330559770,batik_reel,,"Ordered Friday, still no shipping update",2026-08-29T13:17:57+0000,citra.official,0,false,false,unrelated,delivery_delay
17964502270923473,17902562330559770,batik_reel,,Do you ship to Bali?,2026-08-29T13:27:09+0000,rinasehat28,0,false,false,neutral,shipping_question
17969041371858794,17902562330559770,batik_reel,17992004801812629,@hendra_thrift So happy you love it! 💚,2026-08-29T13:29:46+0000,loopcycle.nusantara,9,false,true,n/a,brand_reply
17948689709657592,17902562330559770,batik_reel,17964502270923473,"@rinasehat28 We ship across Indonesia, and internationally through Amazon Global 🌏",2026-08-29T14:10:09+0000,loopcycle.nusantara,1,false,true,n/a,brand_reply
17965593385973544,17902562330559770,batik_reel,,Will there be a restock?,2026-08-29T14:42:42+0000,andi_thrift,0,false,false,neutral,restock_question
17998490319047815,17902562330559770,batik_reel,,Beautiful colours 😍,2026-08-29T15:02:42+0000,putri.bdg72,1,false,false,positive,design
17917127933420810,17902562330559770,batik_reel,,Kawung or Parang? Both are gorgeous,2026-08-29T15:19:14+0000,bayu.studio,1,false,false,positive,design
17975201164932465,17902562330559770,batik_reel,,Beautiful colours 😍,2026-08-29T16:15:25+0000,dewifit,0,false,false,positive,design
17929747255744630,17902562330559770,batik_reel,,Rp 249k is steep for a tote,2026-08-29T16:15:57+0000,sinta.jkt,3,false,false,negative,price_complaint
17900645801674344,17902562330559770,batik_reel,,Rp 249k is steep for a tote,2026-08-29T16:34:34+0000,galih_coffee,0,false,false,negative,price_complaint
17950657503774451,17902562330559770,batik_reel,,This is art you can carry,2026-08-29T16:39:10+0000,budi_bookish63,1,false,false,positive,design
17993503049669552,17902562330559770,batik_reel,,The batik pattern is stunning 😍,2026-08-29T16:41:02+0000,ayu.9366,2,false,false,positive,design
17908498420667082,17902562330559770,batik_reel,,Will there be a restock?,2026-08-29T17:17:45+0000,citra_thrift51,1,false,false,neutral,restock_question
17998735979901229,17902562330559770,batik_reel,,"Which motif is bigger, Kawung or Parang?",2026-08-29T17:23:54+0000,tariofficial82,0,false,false,neutral,product_question
17914656722190866,17902562330559770,batik_reel,,Looks smaller than expected from the video,2026-08-29T17:30:25+0000,mega.official7,0,false,false,negative,size_complaint
17982136522507988,17902562330559770,batik_reel,,The motif looks printed rather than hand-drawn,2026-08-29T17:35:05+0000,irfan.life,0,false,false,negative,quality_complaint
17910811616920485,17902562330559770,batik_reel,,Kawung or Parang? Both are gorgeous,2026-08-29T17:55:23+0000,fajar_eats69,1,false,false,positive,design
17979413675399693,17902562330559770,batik_reel,17982590735758007,So sorry about that! Please DM us your order number and we'll make it right 🙏,2026-08-29T18:00:57+0000,loopcycle.nusantara,11,false,true,n/a,brand_reply
17963121299622375,17902562330559770,batik_reel,,Already set a reminder for Friday! 😍,2026-08-29T18:29:21+0000,fajar.bookish,3,false,false,positive,excitement
17978980699792947,17902562330559770,batik_reel,,What time does the drop open on Friday?,2026-08-29T19:38:28+0000,hendralife,0,false,false,neutral,drop_question
17950686515692420,17902562330559770,batik_reel,,Looks smaller than expected from the video,2026-08-29T19:47:35+0000,reza.thrift,0,false,false,negative,size_complaint
17909931320704367,17902562330559770,batik_reel,17965593385973544,@andi_thrift We'll share any restock news in Stories first 💚,2026-08-29T20:04:42+0000,loopcycle.nusantara,0,false,true,n/a,brand_reply
17903041392394904,17902562330559770,batik_reel,,My batik tote arrived with the box torn,2026-08-29T20:11:47+0000,tari_sehat68,8,false,false,unrelated,packaging_damage
17977556244636095,17902562330559770,batik_reel,,Do you ship to Bali?,2026-08-29T20:16:02+0000,yoga_daily,0,false,false,neutral,shipping_question
17971422712494061,17902562330559770,batik_reel,,The motif looks printed rather than hand-drawn,2026-08-29T20:25:08+0000,dewi_sehat27,3,false,false,negative,quality_complaint
17911472994834604,17902562330559770,batik_reel,17959468810650732,@bayusehat So sorry about that! Please DM us your order number and we'll make it right 🙏,2026-08-29T20:29:25+0000,loopcycle.nusantara,1,false,true,n/a,brand_reply
17972437777801225,17902562330559770,batik_reel,,Delivery to Surabaya took two weeks,2026-08-29T20:40:12+0000,rezaofficial,0,false,false,unrelated,delivery_delay
17962923463052728,17902562330559770,batik_reel,,Nice pic! Visit our page for big discounts,2026-08-29T21:00:33+0000,promo_2884_id,0,false,false,unrelated,spam
17918781879795688,17902562330559770,batik_reel,,@joko.eats31 you need this! 😍,2026-08-29T21:18:07+0000,wulan_51,0,false,false,positive,tag_friend
17926988467106049,17902562330559770,batik_reel,,Rp 249k is steep for a tote,2026-08-29T21:38:05+0000,galih_official91,0,false,false,negative,price_complaint
17985766786442157,17902562330559770,batik_reel,17977556244636095,Same question!,2026-08-29T22:29:02+0000,siti_coffee,0,false,false,neutral,user_reply
17901291273192188,17902562330559770,batik_reel,17903041392394904,@tari_sehat68 So sorry about that! Please DM us your order number and we'll make it right 🙏,2026-08-29T22:36:47+0000,loopcycle.nusantara,10,false,true,n/a,brand_reply
17988552709190815,17902562330559770,batik_reel,,Looks smaller than expected from the video,2026-08-29T23:02:54+0000,sinta_bookish,0,false,false,negative,size_complaint
17922064026102024,17902562330559770,batik_reel,,This is the future 🌍 🔥,2026-08-29T23:16:06+0000,bayu.fit,1,false,false,positive,sustainability
17972444537647176,17902562330559770,batik_reel,,Rp 249k is steep for a tote,2026-08-29T23:49:39+0000,siti.travel36,0,false,false,negative,price_complaint
17931295745420163,17902562330559770,batik_reel,17914656722190866,@mega.official7 So sorry about that! Please DM us your order number and we'll make it right 🙏,2026-08-30T00:19:25+0000,loopcycle.nusantara,3,false,true,n/a,brand_reply
17921230351317764,17902562330559770,batik_reel,,Supporting local artisans AND recycling. Perfect.,2026-08-30T00:45:32+0000,jokomom42,1,false,false,positive,support_local
17945399227773386,17902562330559770,batik_reel,17917127933420810,Thank you for supporting our pickers 🙌,2026-08-30T01:14:14+0000,loopcycle.nusantara,8,false,true,n/a,brand_reply
17905350790212022,17902562330559770,batik_reel,17993503049669552,Thank you for supporting our pickers 🙌,2026-08-30T01:29:02+0000,loopcycle.nusantara,2,false,true,n/a,brand_reply
17952144472427719,17902562330559770,batik_reel,17950657503774451,Thank you! 💚,2026-08-30T01:36:10+0000,loopcycle.nusantara,4,false,true,n/a,brand_reply
17966050015378656,17902562330559770,batik_reel,17988552709190815,@sinta_bookish So sorry about that! Please DM us your order number and we'll make it right 🙏,2026-08-30T01:56:54+0000,loopcycle.nusantara,11,false,true,n/a,brand_reply
17975417403255594,17902562330559770,batik_reel,17963121299622375,The batik drop opens Friday 4 Sept at 10:00 WIB on our website. Set a reminder! 🔔,2026-08-30T02:31:21+0000,loopcycle.nusantara,2,false,true,n/a,brand_reply
17905558172446754,17902562330559770,batik_reel,,"Parcel arrived wet, packaging was too thin",2026-08-30T02:34:10+0000,dewi_bookish,0,false,false,unrelated,packaging_damage
17973868281508358,17902562330559770,batik_reel,,"Parcel arrived wet, packaging was too thin",2026-08-30T03:19:36+0000,eko.daily24,3,false,false,unrelated,packaging_damage
17949386297166352,17902562330559770,batik_reel,17905558172446754,So sorry about that! Please DM us your order number and we'll make it right 🙏,2026-08-30T03:57:10+0000,loopcycle.nusantara,9,false,true,n/a,brand_reply
17940434789628321,17902562330559770,batik_reel,,Is it the same size as the regular tote?,2026-08-30T03:58:21+0000,lestari.sehat85,0,false,false,neutral,size
17919297393354576,17902562330559770,batik_reel,,@sinta.life you need this! 😍,2026-08-30T04:54:02+0000,reza_thrift,0,false,false,positive,tag_friend
17954773886463606,17902562330559770,batik_reel,,Supporting local artisans AND recycling. Perfect. 💚,2026-08-30T05:08:01+0000,galihfit96,2,false,false,positive,support_local
17963447330256953,17902562330559770,batik_reel,17908498420667082,We'll share any restock news in Stories first 💚,2026-08-30T05:39:45+0000,loopcycle.nusantara,4,false,true,n/a,brand_reply
17960890496969447,17902562330559770,batik_reel,,Need one in indigo!,2026-08-30T05:52:33+0000,irfan.5564,1,false,false,positive,excitement
17917679163350886,17902562330559770,batik_reel,17940434789628321,"Roughly 40 × 38 × 12 cm: enough for a laptop, lunch and a bottle 💚",2026-08-30T07:54:21+0000,loopcycle.nusantara,9,false,true,n/a,brand_reply
17953535115398346,17902562330559770,batik_reel,,Already set a reminder for Friday!,2026-08-30T07:57:09+0000,budi_65,0,false,false,positive,excitement
17956329806880626,17902562330559770,batik_reel,,Kawung or Parang? Both are gorgeous,2026-08-30T08:03:00+0000,agustravel,0,false,false,positive,design
17911383732161794,17902562330559770,batik_reel,17950686515692420,So sorry about that! Please DM us your order number and we'll make it right 🙏,2026-08-30T08:48:35+0000,loopcycle.nusantara,0,false,true,n/a,brand_reply
17974652306602609,17902562330559770,batik_reel,,Looks smaller than expected from the video,2026-08-30T09:22:50+0000,maya_bookish,0,false,false,negative,size_complaint
17954491703332068,17902562330559770,batik_reel,17973868281508358,@eko.daily24 So sorry about that! Please DM us your order number and we'll make it right 🙏,2026-08-30T10:18:36+0000,loopcycle.nusantara,7,false,true,n/a,brand_reply
17922699251510120,17902562330559770,batik_reel,,@agus_studio91 you need this! 😍,2026-08-30T10:24:47+0000,putrijkt86,0,false,false,positive,tag_friend
17955219527058661,17902562330559770,batik_reel,,First!,2026-08-30T11:15:57+0000,citra.sehat24,0,false,false,unrelated,off_topic
17970674197676860,17902562330559770,batik_reel,17972437777801225,So sorry about that! Please DM us your order number and we'll make it right 🙏,2026-08-30T11:26:12+0000,loopcycle.nusantara,5,false,true,n/a,brand_reply
17977347797246875,17902562330559770,batik_reel,,Kawung or Parang? Both are gorgeous,2026-08-30T11:29:05+0000,wulan.coffee,1,false,false,positive,design
17990373647628751,17902562330559770,batik_reel,,Do you ship to Bali?,2026-08-30T12:38:43+0000,fajar_bookish,0,false,false,neutral,shipping_question
17905201515852992,17902562330559770,batik_reel,17921230351317764,@jokomom42 Thank you! 💚,2026-08-30T13:11:32+0000,loopcycle.nusantara,6,false,true,n/a,brand_reply
17901942299045400,17902562330559770,batik_reel,,Rp 249k is steep for a tote,2026-08-30T15:51:26+0000,yoga_bookish,0,false,false,negative,price_complaint
17948495601743706,17902562330559770,batik_reel,,Looks smaller than expected from the video,2026-08-30T16:49:25+0000,mayabdg,0,false,false,negative,size_complaint
17921545602446546,17902562330559770,batik_reel,17990373647628751,"@fajar_bookish We ship across Indonesia, and internationally through Amazon Global 🌏",2026-08-30T16:52:43+0000,loopcycle.nusantara,4,false,true,n/a,brand_reply
17942055871706521,17902562330559770,batik_reel,,This is art you can carry 🔥,2026-08-30T17:07:41+0000,nadia.id4,1,false,false,positive,design
17954842942453252,17902562330559770,batik_reel,,"Ordered Friday, still no shipping update",2026-08-30T18:40:53+0000,citra.daily,0,false,false,unrelated,delivery_delay
17913391999764291,17902562330559770,batik_reel,,This is art you can carry 🙌,2026-08-30T19:13:07+0000,lestari.official52,2,false,false,positive,design
17910857592221790,17902562330559770,batik_reel,,What time does the drop open on Friday?,2026-08-30T19:18:35+0000,irfanmom36,0,false,false,neutral,drop_question
17914919315069441,17902562330559770,batik_reel,,Do you ship to Bali?,2026-08-30T20:33:03+0000,rezaid60,0,false,false,neutral,shipping_question
17929743261925288,17902562330559770,batik_reel,17974652306602609,So sorry about that! Please DM us your order number and we'll make it right 🙏,2026-08-30T20:57:50+0000,loopcycle.nusantara,8,false,true,n/a,brand_reply
17981973197904672,17902562330559770,batik_reel,,"Wrong colour sent, ordered indigo and got sand",2026-08-30T21:07:11+0000,siti_life,1,false,false,unrelated,wrong_item
17946327997902380,17902562330559770,batik_reel,17954842942453252,@citra.daily So sorry about that! Please DM us your order number and we'll make it right 🙏,2026-08-30T21:08:53+0000,loopcycle.nusantara,6,false,true,n/a,brand_reply
17995580032372321,17902562330559770,batik_reel,17910857592221790,The batik drop opens Friday 4 Sept at 10:00 WIB on our website. Set a reminder! 🔔,2026-08-30T21:32:35+0000,loopcycle.nusantara,0,false,true,n/a,brand_reply
17943444773214928,17902562330559770,batik_reel,,A bit pricey for a tote,2026-08-30T22:20:46+0000,intan.jkt,0,false,false,negative,price_complaint
17960857012028577,17902562330559770,batik_reel,17948495601743706,So sorry about that! Please DM us your order number and we'll make it right 🙏,2026-08-30T22:56:25+0000,loopcycle.nusantara,0,false,true,n/a,brand_reply
17946892574799203,17902562330559770,batik_reel,,@hendra.bdg you need this! 😍,2026-08-30T23:25:07+0000,hendrabookish57,3,false,false,positive,tag_friend
17946196783161796,17902562330559770,batik_reel,,Kawung or Parang? Both are gorgeous 🔥,2026-08-31T02:12:57+0000,bayu.life77,1,false,false,positive,design
17910654932804382,17902562330559770,batik_reel,17981973197904672,@siti_life So sorry about that! Please DM us your order number and we'll make it right 🙏,2026-08-31T03:44:11+0000,loopcycle.nusantara,8,false,true,n/a,brand_reply
17981139938490764,17902562330559770,batik_reel,17942055871706521,@nadia.id4 Thank you! 💚,2026-08-31T04:22:41+0000,loopcycle.nusantara,10,false,true,n/a,brand_reply
17972947534920069,17902562330559770,batik_reel,,Love this! 💚,2026-08-31T05:44:52+0000,putri.bookish91,1,false,false,positive,excitement
17904428920511944,17902562330559770,batik_reel,,Kawung or Parang? Both are gorgeous 🙌,2026-08-31T06:41:25+0000,ayumom87,0,false,false,positive,design
17932573608347957,17902562330559770,batik_reel,,@bayu.daily you need this! 😍,2026-08-31T06:43:37+0000,budieats16,1,false,false,positive,tag_friend
17945245928109672,17902562330559770,batik_reel,,Will there be a restock?,2026-08-31T07:20:15+0000,irfan.life44,0,false,false,neutral,restock_question
17908387114156930,17902562330559770,batik_reel,,Do you ship to Bali?,2026-08-31T08:13:43+0000,budi.thrift,4,false,false,neutral,shipping_question
17919248257285264,17902562330559770,batik_reel,17908387114156930,"@budi.thrift We ship across Indonesia, and internationally through Amazon Global 🌏",2026-08-31T09:10:43+0000,loopcycle.nusantara,5,false,true,n/a,brand_reply
17968194666587453,17902562330559770,batik_reel,,Is it the same size as the regular tote?,2026-08-31T12:37:35+0000,hendra.travel,0,false,false,neutral,size
17976658750503592,17902562330559770,batik_reel,,"So cool, supporting local! 🙌",2026-08-31T13:19:47+0000,andi_coffee,1,false,false,positive,support_local
17917726809466192,17902562330559770,batik_reel,,"Ordered Friday, still no shipping update",2026-08-31T14:20:21+0000,ekomom,3,false,false,unrelated,delivery_delay
17984713135603053,17902562330559770,batik_reel,17932573608347957,Thank you for supporting our pickers 🙌,2026-08-31T14:45:37+0000,loopcycle.nusantara,1,false,true,n/a,brand_reply
17932539296836860,17902562330559770,batik_reel,,What time does the drop open on Friday?,2026-08-31T15:01:48+0000,galih.green,0,false,false,neutral,drop_question
17931100077091265,17902562330559770,batik_reel,,Beautiful colours 😍,2026-08-31T16:03:24+0000,eko.bookish,3,false,false,positive,design
17909551567699062,17902562330559770,batik_reel,,"So cool, supporting local! 🙌",2026-08-31T16:37:10+0000,yoga.studio,1,false,false,positive,support_local
17936764911508341,17902562330559770,batik_reel,17945245928109672,We'll share any restock news in Stories first 💚,2026-08-31T18:32:15+0000,loopcycle.nusantara,9,false,true,n/a,brand_reply
17930521280219040,17902562330559770,batik_reel,,What's the song in the background?,2026-08-31T19:32:43+0000,fajarcoffee,0,false,false,unrelated,off_topic
17956404376403804,17902562330559770,batik_reel,17909551567699062,So happy you love it! 💚,2026-08-31T20:56:10+0000,loopcycle.nusantara,5,false,true,n/a,brand_reply
17918545682272315,17902562330559770,batik_reel,,Beautiful colours 😍,2026-08-31T21:42:43+0000,siti.life22,0,false,false,positive,design
17976082602994133,17902562330559770,batik_reel,,Need one in indigo!,2026-08-31T23:43:50+0000,nadia_studio57,0,false,false,positive,excitement
17922703652009151,17902562330559770,batik_reel,17968194666587453,"Roughly 40 × 38 × 12 cm: enough for a laptop, lunch and a bottle 💚",2026-09-01T01:27:35+0000,loopcycle.nusantara,2,false,true,n/a,brand_reply
17970786168984084,17902562330559770,batik_reel,17976082602994133,"@nadia_studio57 You can get it via the link in bio, Shopee, Tokopedia, TikTok Shop or our Bandung store 💚",2026-09-01T01:37:50+0000,loopcycle.nusantara,11,false,true,n/a,brand_reply
17961969624670439,17902562330559770,batik_reel,17932539296836860,@galih.green The batik drop opens Friday 4 Sept at 10:00 WIB on our website. Set a reminder! 🔔,2026-09-01T04:38:48+0000,loopcycle.nusantara,3,false,true,n/a,brand_reply
17916440532372969,17902562330559770,batik_reel,17917726809466192,@ekomom So sorry about that! Please DM us your order number and we'll make it right 🙏,2026-09-01T05:09:21+0000,loopcycle.nusantara,10,false,true,n/a,brand_reply
17935021233482901,17902562330559770,batik_reel,,"So cool, supporting local! 🙌",2026-09-01T14:10:24+0000,fajareats,0,false,false,positive,support_local
17973992511694279,17902562330559770,batik_reel,,The batik pattern is stunning 😍,2026-09-01T15:55:41+0000,wulan_fit16,0,false,false,positive,design
17946953576094962,17902562330559770,batik_reel,,"Which motif is bigger, Kawung or Parang?",2026-09-02T12:31:27+0000,irfanbookish,0,false,false,neutral,product_question
17914162380243055,17902562330559770,batik_reel,,"Wrong colour sent, ordered indigo and got sand",2026-09-02T14:37:06+0000,intan.6,0,false,false,unrelated,wrong_item
17933113491782697,17902562330559770,batik_reel,,Seller on Tokopedia hasn't replied for days,2026-09-02T17:12:42+0000,wulanofficial32,1,false,false,unrelated,seller_service
17948587125449059,17902562330559770,batik_reel,17914162380243055,So sorry about that! Please DM us your order number and we'll make it right 🙏,2026-09-03T02:56:06+0000,loopcycle.nusantara,4,false,true,n/a,brand_reply
17976191967097354,17902562330559770,batik_reel,,"Wrong colour sent, ordered indigo and got sand",2026-09-03T03:46:11+0000,citra_studio,0,false,false,unrelated,wrong_item
17994557356981796,17902562330559770,batik_reel,17933113491782697,So sorry about that! Please DM us your order number and we'll make it right 🙏,2026-09-03T04:08:42+0000,loopcycle.nusantara,10,false,true,n/a,brand_reply
17992849102222635,17902562330559770,batik_reel,,The batik pattern is stunning 😍,2026-09-03T08:24:15+0000,rina_eats23,1,false,false,positive,design
17987520775779918,17902562330559770,batik_reel,,Will there be a restock?,2026-09-03T08:37:10+0000,irfan_thrift,0,false,false,neutral,restock_question
17995687244046234,17902562330559770,batik_reel,,Do you ship to Bali?,2026-09-03T10:42:58+0000,andicoffee,0,false,false,neutral,shipping_question
17959779601377106,17902562330559770,batik_reel,,What time does the drop open on Friday?,2026-09-03T12:40:07+0000,intanjkt,1,false,false,neutral,drop_question
17912413418137967,17902562330559770,batik_reel,17976191967097354,@citra_studio So sorry about that! Please DM us your order number and we'll make it right 🙏,2026-09-03T17:20:11+0000,loopcycle.nusantara,5,false,true,n/a,brand_reply
17947016153083668,17902562330559770,batik_reel,17959779601377106,@intanjkt The batik drop opens Friday 4 Sept at 10:00 WIB on our website. Set a reminder! 🔔,2026-09-03T20:21:07+0000,loopcycle.nusantara,7,false,true,n/a,brand_reply
17914298493770103,17902562330559770,batik_reel,,Will there be a restock?,2026-09-03T22:26:28+0000,dewitravel,0,false,false,neutral,restock_question
17919911106476820,17902562330559770,batik_reel,17987520775779918,@irfan_thrift We'll share any restock news in Stories first 💚,2026-09-03T22:36:10+0000,loopcycle.nusantara,0,false,true,n/a,brand_reply
17970151470056674,17902562330559770,batik_reel,,Will there be a restock?,2026-09-03T23:10:39+0000,agus.fit,0,false,false,neutral,restock_question
17933563029388571,17902562330559770,batik_reel,17995687244046234,"We ship across Indonesia, and internationally through Amazon Global 🌏",2026-09-04T00:06:58+0000,loopcycle.nusantara,0,false,true,n/a,brand_reply
17956120042968731,17902562330559770,batik_reel,,"Sold out in minutes, so frustrating 😭",2026-09-04T03:08:26+0000,ayustudio93,1,false,false,negative,sold_out
17911695142011380,17902562330559770,batik_reel,,The website crashed during the drop 😤,2026-09-04T03:10:10+0000,ayu_coffee,0,false,false,unrelated,checkout_issue
17917936826318551,17902562330559770,batik_reel,,I missed it because the site was so slow,2026-09-04T03:11:40+0000,galih.coffee58,0,false,false,negative,checkout_issue
17943551089230079,17902562330559770,batik_reel,,The website crashed during the drop 😤,2026-09-04T03:12:07+0000,hendragreen93,1,false,false,unrelated,checkout_issue
17949585739219809,17902562330559770,batik_reel,,I missed it because the site was so slow,2026-09-04T03:42:03+0000,galih_bookish22,0,true,false,negative,checkout_issue
17975931035146599,17902562330559770,batik_reel,,The website crashed during the drop 😤,2026-09-04T03:50:46+0000,sinta.travel,2,false,false,unrelated,checkout_issue
17967147867614148,17902562330559770,batik_reel,,Only 500? That's basically a tease,2026-09-04T03:51:05+0000,joko_official58,0,false,false,negative,sold_out
17955185216991556,17902562330559770,batik_reel,,"Sold out in minutes, so frustrating 😭",2026-09-04T03:59:17+0000,rizky_sehat,0,false,false,negative,sold_out
17977627445723572,17902562330559770,batik_reel,,The website crashed during the drop 😤,2026-09-04T04:24:18+0000,eko_bookish,1,false,false,unrelated,checkout_issue
17948588076468753,17902562330559770,batik_reel,,The website crashed during the drop 😤,2026-09-04T04:53:09+0000,dewieats,0,false,false,unrelated,checkout_issue
17970404284636503,17902562330559770,batik_reel,,Payment failed three times at checkout,2026-09-04T05:22:30+0000,bayu_jkt,0,false,false,unrelated,checkout_issue
17957257224788759,17902562330559770,batik_reel,,The website crashed during the drop 😤,2026-09-04T05:31:15+0000,tari.thrift,6,false,false,unrelated,checkout_issue
17959918221643109,17902562330559770,batik_reel,17977627445723572,So sorry about that! Please DM us your order number and we'll make it right 🙏,2026-09-04T05:36:18+0000,loopcycle.nusantara,10,false,true,n/a,brand_reply
17962061365997938,17902562330559770,batik_reel,,Payment failed three times at checkout,2026-09-04T05:37:32+0000,ekothrift,0,false,false,unrelated,checkout_issue
17964537513342612,17902562330559770,batik_reel,,Only 500? That's basically a tease,2026-09-04T06:02:44+0000,citrastudio,0,false,false,negative,sold_out
17921830401685697,17902562330559770,batik_reel,,Payment failed three times at checkout,2026-09-04T06:15:14+0000,fajar.bdg34,0,false,false,unrelated,checkout_issue
17905478422814464,17902562330559770,batik_reel,,Payment failed three times at checkout,2026-09-04T06:34:37+0000,yoga_id13,12,false,false,unrelated,checkout_issue
17964077084942198,17902562330559770,batik_reel,,"Sold out in minutes, so frustrating 😭",2026-09-04T06:52:42+0000,lestari_fit3,0,false,false,negative,sold_out
17911169227997639,17902562330559770,batik_reel,,I missed it because the site was so slow,2026-09-04T07:16:06+0000,rinacoffee,0,false,false,negative,checkout_issue
17925072466049992,17902562330559770,batik_reel,,Only 500? That's basically a tease,2026-09-04T07:19:43+0000,rizky_thrift,0,false,false,negative,sold_out
17946054579863553,17902562330559770,batik_reel,,I missed it because the site was so slow,2026-09-04T07:22:17+0000,mega_fit48,0,false,false,negative,checkout_issue
17914910263919989,17902562330559770,batik_reel,,Only 500? That's basically a tease,2026-09-04T07:36:42+0000,wulan_studio,1,false,false,negative,sold_out
17990357857710187,17902562330559770,batik_reel,17914298493770103,@dewitravel We'll share any restock news in Stories first 💚,2026-09-04T08:12:28+0000,loopcycle.nusantara,5,false,true,n/a,brand_reply
17980110413710559,17902562330559770,batik_reel,,The website crashed during the drop 😤,2026-09-04T08:24:58+0000,rizkymom,0,false,false,unrelated,checkout_issue
17979037626932233,17902562330559770,batik_reel,17949585739219809,I had the same issue,2026-09-04T08:40:03+0000,dewi_hijau,1,false,false,negative,user_reply
17948650229563921,17902562330559770,batik_reel,17955185216991556,@rizky_sehat We'll share any restock news in Stories first 💚,2026-09-04T09:30:17+0000,loopcycle.nusantara,8,false,true,n/a,brand_reply
17964527430083030,17902562330559770,batik_reel,,I missed it because the site was so slow,2026-09-04T09:58:53+0000,mega_bdg51,7,false,false,negative,checkout_issue
17975006424945514,17902562330559770,batik_reel,17967147867614148,@joko_official58 Thank you! 💚,2026-09-04T10:04:05+0000,loopcycle.nusantara,5,false,true,n/a,brand_reply
17944899031790944,17902562330559770,batik_reel,,Only 500? That's basically a tease,2026-09-04T10:15:32+0000,fajar.7949,0,false,false,negative,sold_out
17925213471622473,17902562330559770,batik_reel,,Payment failed three times at checkout,2026-09-04T11:27:35+0000,wulanmom17,0,false,false,unrelated,checkout_issue
17935437618150549,17902562330559770,batik_reel,17970151470056674,We'll share any restock news in Stories first 💚,2026-09-04T12:04:39+0000,loopcycle.nusantara,0,false,true,n/a,brand_reply
17996274448204079,17902562330559770,batik_reel,17943551089230079,So sorry about that! Please DM us your order number and we'll make it right 🙏,2026-09-04T12:45:07+0000,loopcycle.nusantara,2,false,true,n/a,brand_reply
17996227793100720,17902562330559770,batik_reel,17911695142011380,@ayu_coffee So sorry about that! Please DM us your order number and we'll make it right 🙏,2026-09-04T13:08:10+0000,loopcycle.nusantara,3,false,true,n/a,brand_reply
17945473723028438,17902562330559770,batik_reel,17948588076468753,@dewieats So sorry about that! Please DM us your order number and we'll make it right 🙏,2026-09-04T13:38:09+0000,loopcycle.nusantara,5,false,true,n/a,brand_reply
17943396100737615,17902562330559770,batik_reel,17980110413710559,@rizkymom So sorry about that! Please DM us your order number and we'll make it right 🙏,2026-09-04T15:07:58+0000,loopcycle.nusantara,3,false,true,n/a,brand_reply
17968745639071266,17902562330559770,batik_reel,17921830401685697,So sorry about that! Please DM us your order number and we'll make it right 🙏,2026-09-04T15:32:14+0000,loopcycle.nusantara,10,false,true,n/a,brand_reply
17909720448507789,17902562330559770,batik_reel,,"Sold out in minutes, so frustrating 😭",2026-09-04T15:40:45+0000,hendra_mom,0,false,false,negative,sold_out
17970858215229946,17902562330559770,batik_reel,17962061365997938,@ekothrift So sorry about that! Please DM us your order number and we'll make it right 🙏,2026-09-04T16:11:32+0000,loopcycle.nusantara,7,false,true,n/a,brand_reply
17969051728704992,17902562330559770,batik_reel,,"Sold out in minutes, so frustrating 😭",2026-09-04T16:19:56+0000,andijkt32,3,false,false,negative,sold_out
17950905780434562,17902562330559770,batik_reel,17957257224788759,@tari.thrift So sorry about that! Please DM us your order number and we'll make it right 🙏,2026-09-04T17:17:15+0000,loopcycle.nusantara,3,false,true,n/a,brand_reply
17986357006510420,17902562330559770,batik_reel,17905478422814464,@yoga_id13 So sorry about that! Please DM us your order number and we'll make it right 🙏,2026-09-04T17:42:37+0000,loopcycle.nusantara,3,false,true,n/a,brand_reply
17949951179299585,17902562330559770,batik_reel,,Payment failed three times at checkout,2026-09-04T19:50:10+0000,rina59,2,false,false,unrelated,checkout_issue
17992564455364233,17902562330559770,batik_reel,17964077084942198,We'll share any restock news in Stories first 💚,2026-09-04T21:39:42+0000,loopcycle.nusantara,5,false,true,n/a,brand_reply
17954107005315456,17902562330559770,batik_reel,17925213471622473,@wulanmom17 So sorry about that! Please DM us your order number and we'll make it right 🙏,2026-09-05T00:33:35+0000,loopcycle.nusantara,3,false,true,n/a,brand_reply
17949683031347111,17902562330559770,batik_reel,,"Sold out in minutes, so frustrating 😭",2026-09-05T02:51:27+0000,reza_sehat35,2,false,false,negative,sold_out
17917098795913652,17902562330559770,batik_reel,17949951179299585,So sorry about that! Please DM us your order number and we'll make it right 🙏,2026-09-05T04:44:10+0000,loopcycle.nusantara,3,false,true,n/a,brand_reply
17919849070009738,17902562330559770,batik_reel,17949683031347111,@reza_sehat35 We'll share any restock news in Stories first 💚,2026-09-05T08:20:27+0000,loopcycle.nusantara,10,false,true,n/a,brand_reply
17996965221564527,17902562330559770,batik_reel,,What time does the drop open on Friday?,2026-09-05T17:36:12+0000,irfan_id,0,false,false,neutral,drop_question
17960887930846868,17902562330559770,batik_reel,17996965221564527,@irfan_id The batik drop opens Friday 4 Sept at 10:00 WIB on our website. Set a reminder! 🔔,2026-09-05T20:12:12+0000,loopcycle.nusantara,6,false,true,n/a,brand_reply
17910730610829714,17902562330559770,batik_reel,,This is art you can carry,2026-09-07T12:40:32+0000,bayu.travel,0,false,false,positive,design
17946392547170833,17902562330559770,batik_reel,,Looks smaller than expected from the video,2026-09-07T16:06:21+0000,rina_green,1,false,false,negative,size_complaint
17941387034162014,17902562330559770,batik_reel,17910730610829714,So happy you love it! 💚,2026-09-07T19:04:32+0000,loopcycle.nusantara,3,false,true,n/a,brand_reply
17915083820564442,17902562330559770,batik_reel,17946392547170833,@rina_green So sorry about that! Please DM us your order number and we'll make it right 🙏,2026-09-07T20:00:21+0000,loopcycle.nusantara,1,false,true,n/a,brand_reply
17948150180882877,17902562330559770,batik_reel,,My batik tote arrived with the box torn,2026-09-09T04:37:02+0000,sitiid,2,false,false,unrelated,packaging_damage
17966377694494122,17902562330559770,batik_reel,,Love this! 💚,2026-09-09T09:29:03+0000,ayu.bookish,0,false,false,positive,excitement
17998396982248241,17902562330559770,batik_reel,17948150180882877,So sorry about that! Please DM us your order number and we'll make it right 🙏,2026-09-09T14:40:02+0000,loopcycle.nusantara,4,false,true,n/a,brand_reply
17909273757369604,17902562330559770,batik_reel,,Already set a reminder for Friday!,2026-09-10T04:49:45+0000,dewi.mom,0,false,false,positive,excitement
17997972591076494,17902562330559770,batik_reel,17909273757369604,The batik drop opens Friday 4 Sept at 10:00 WIB on our website. Set a reminder! 🔔,2026-09-10T11:24:45+0000,loopcycle.nusantara,10,false,true,n/a,brand_reply
17949918301680976,17902562330559770,batik_reel,,This is art you can carry,2026-09-12T19:56:17+0000,agusfit38,1,false,false,positive,design
17927083270411730,17902562330559770,batik_reel,,Nice pic! Visit our page for big discounts,2026-09-14T12:12:05+0000,cryptoking31,0,false,false,unrelated,spam
17985044867169882,17902562330559770,batik_reel,,Supporting local artisans AND recycling. Perfect.,2026-09-15T20:57:28+0000,wulanjkt,0,false,false,positive,support_local
17960789648724962,17902562330559770,batik_reel,,Kawung or Parang? Both are gorgeous,2026-09-20T21:49:21+0000,mayasehat25,0,false,false,positive,design
17912135284404515,17903562482994432,styling_carousel,,Seller on Tokopedia hasn't replied for days,2026-08-10T13:31:13+0000,joko_85,1,false,false,unrelated,seller_service
17945042231253530,17903562482994432,styling_carousel,,Do you ship to Malaysia?,2026-08-10T13:32:45+0000,rizky_bdg,0,false,false,neutral,shipping_question
17902297078898644,17903562482994432,styling_carousel,,Love the market run idea 💚,2026-08-10T13:53:46+0000,sitihijau,2,false,false,positive,usability
17979810865145845,17903562482994432,styling_carousel,,My package arrived with the box crushed,2026-08-10T14:16:20+0000,rezaeats35,1,false,false,unrelated,packaging_damage
17973831414099788,17903562482994432,styling_carousel,,Is it machine washable?,2026-08-10T14:31:30+0000,budi.mom,0,false,false,neutral,care_question
17900583040460965,17903562482994432,styling_carousel,,Need one in indigo!,2026-08-10T15:02:06+0000,rizky26,2,false,false,positive,excitement
17976005977738885,17903562482994432,styling_carousel,,@putrimom27 you need this! 😍,2026-08-10T15:16:39+0000,eko_85,1,false,false,positive,tag_friend
17950892289451685,17903562482994432,styling_carousel,,Pickers deserve this recognition 👏,2026-08-10T15:17:39+0000,lestari.hijau,1,false,false,positive,support_local
17942600112120981,17903562482994432,styling_carousel,17912135284404515,@joko_85 So sorry about that! Please DM us your order number and we'll make it right 🙏,2026-08-10T15:19:13+0000,loopcycle.nusantara,9,false,true,n/a,brand_reply
17930594234015739,17903562482994432,styling_carousel,,Beautiful colours 😍,2026-08-10T15:26:33+0000,budimom,0,false,false,positive,design
17904538725062473,17903562482994432,styling_carousel,,Delivery to Surabaya took two weeks,2026-08-10T15:33:48+0000,irfan_hijau89,0,false,false,unrelated,delivery_delay
17922849234944143,17903562482994432,styling_carousel,,"So cool, supporting local! 🙌",2026-08-10T15:52:25+0000,rezaid7,0,false,false,positive,support_local
17942930070601602,17903562482994432,styling_carousel,,Do you ship to Malaysia?,2026-08-10T16:57:22+0000,ekodaily,1,false,false,neutral,shipping_question
17918464432184580,17903562482994432,styling_carousel,,Pickers deserve this recognition 👏,2026-08-10T16:57:52+0000,citraofficial,1,false,false,positive,support_local
17967997553117362,17903562482994432,styling_carousel,,How tall are the handles?,2026-08-10T17:33:46+0000,bayu_eats66,0,false,false,neutral,size
17916337574991959,17903562482994432,styling_carousel,,Take my money!,2026-08-10T17:37:08+0000,rizky_id,1,false,false,positive,excitement
17938181667254112,17903562482994432,styling_carousel,,Great initiative @loopcycle.nusantara,2026-08-10T17:39:18+0000,joko_thrift,1,false,false,positive,support_local
17903245709931414,17903562482994432,styling_carousel,,Number 5 is genius!,2026-08-10T17:39:38+0000,irfan.hijau87,1,false,false,positive,design
17970102754188040,17903562482994432,styling_carousel,,Just ordered mine! 🙌,2026-08-10T17:39:57+0000,hendra.studio,0,false,false,positive,purchase
17912909021183798,17903562482994432,styling_carousel,,"Wrong colour sent, ordered indigo and got sand",2026-08-10T17:48:02+0000,eko.id,1,false,false,unrelated,wrong_item
17956268129930626,17903562482994432,styling_carousel,17945042231253530,"@rizky_bdg We ship across Indonesia, and internationally through Amazon Global 🌏",2026-08-10T18:43:45+0000,loopcycle.nusantara,7,false,true,n/a,brand_reply
17993989543584415,17903562482994432,styling_carousel,,Follow for follow? 🙏,2026-08-10T18:49:11+0000,cryptoking20,0,true,false,unrelated,spam
17992224348446481,17903562482994432,styling_carousel,,Great initiative @loopcycle.nusantara,2026-08-10T18:55:56+0000,dewi_eats,1,false,false,positive,support_local
17928383876210122,17903562482994432,styling_carousel,,Love the market run idea 💚,2026-08-10T19:16:39+0000,hendra_id,1,false,false,positive,usability
17997647229936014,17903562482994432,styling_carousel,,"14 bottles in one bag, that's amazing",2026-08-10T19:52:07+0000,putri_green,2,false,false,positive,sustainability
17955856692733391,17903562482994432,styling_carousel,17973831414099788,@budi.mom Wash cold with mild soap and dry in the shade. No bleach or tumble dryer 🧼,2026-08-10T20:00:30+0000,loopcycle.nusantara,4,false,true,n/a,brand_reply
17968596893092484,17903562482994432,styling_carousel,,Proud of you guys!,2026-08-10T20:19:36+0000,maya_eats78,1,false,false,positive,support_local
17947046482366953,17903562482994432,styling_carousel,,Pickers deserve this recognition 👏,2026-08-10T20:35:19+0000,rina.plants,2,false,false,positive,support_local
17949499389654733,17903562482994432,styling_carousel,,@agus_coffee you need this! 😍,2026-08-10T20:39:50+0000,lestari_life,4,false,false,positive,tag_friend
17988500770473028,17903562482994432,styling_carousel,,"So cool, supporting local! 🙌",2026-08-10T21:12:59+0000,putri_travel5,0,false,false,positive,support_local
17985337720971222,17903562482994432,styling_carousel,17912909021183798,@eko.id So sorry about that! Please DM us your order number and we'll make it right 🙏,2026-08-10T21:17:02+0000,loopcycle.nusantara,7,false,true,n/a,brand_reply
17972658308424429,17903562482994432,styling_carousel,,Proud of you guys!,2026-08-10T21:47:19+0000,budi.sehat87,0,false,false,positive,support_local
17925748131353924,17903562482994432,styling_carousel,,Just ordered mine! 😍,2026-08-10T21:47:23+0000,intan.mom71,2,false,false,positive,purchase
17928052512437841,17903562482994432,styling_carousel,,"14 bottles in one bag, that's amazing",2026-08-10T21:54:45+0000,budiid23,0,false,false,positive,sustainability
17908683665789112,17903562482994432,styling_carousel,,"14 bottles in one bag, that's amazing",2026-08-10T22:20:12+0000,sinta_fit63,0,false,false,positive,sustainability
17996108224279556,17903562482994432,styling_carousel,,Proud of you guys! 😍,2026-08-10T22:23:05+0000,agusdaily61,1,false,false,positive,support_local
17989489437523714,17903562482994432,styling_carousel,,I use mine for the gym every day!,2026-08-10T22:37:24+0000,yoga_fit,0,false,false,positive,usability
17985932437903878,17903562482994432,styling_carousel,17947046482366953,@rina.plants Thank you for supporting our pickers 🙌,2026-08-10T23:04:19+0000,loopcycle.nusantara,11,false,true,n/a,brand_reply
17914959033044667,17903562482994432,styling_carousel,17928052512437841,@budiid23 Thank you for supporting our pickers 🙌,2026-08-10T23:08:45+0000,loopcycle.nusantara,3,false,true,n/a,brand_reply
17934764691670008,17903562482994432,styling_carousel,,Is it machine washable?,2026-08-11T00:00:24+0000,agus.green,0,false,false,neutral,care_question
17921334836257046,17903562482994432,styling_carousel,,Where can I buy?,2026-08-11T01:26:50+0000,andi.mom,0,false,false,neutral,where_to_buy
17997182358344360,17903562482994432,styling_carousel,17979810865145845,@rezaeats35 So sorry about that! Please DM us your order number and we'll make it right 🙏,2026-08-11T02:00:20+0000,loopcycle.nusantara,6,false,true,n/a,brand_reply
17932690060288099,17903562482994432,styling_carousel,,Does it fit a 14-inch laptop?,2026-08-11T02:05:10+0000,andi_plants,0,false,false,neutral,size
17982266056681000,17903562482994432,styling_carousel,,"So cool, supporting local! 🙌",2026-08-11T02:06:00+0000,citra_jkt25,1,false,false,positive,support_local
17979175010897749,17903562482994432,styling_carousel,,Is it available on Tokopedia?,2026-08-11T02:34:28+0000,nadia_thrift,0,false,false,neutral,where_to_buy
17948721643317094,17903562482994432,styling_carousel,17904538725062473,So sorry about that! Please DM us your order number and we'll make it right 🙏,2026-08-11T02:41:48+0000,loopcycle.nusantara,0,false,true,n/a,brand_reply
17937418250523897,17903562482994432,styling_carousel,17967997553117362,"Roughly 40 × 38 × 12 cm: enough for a laptop, lunch and a bottle 💚",2026-08-11T03:19:46+0000,loopcycle.nusantara,3,false,true,n/a,brand_reply
17993671728514912,17903562482994432,styling_carousel,,Finally a tote that tells a real story,2026-08-11T03:22:52+0000,budi.official81,1,false,false,positive,sustainability
17956849199662002,17903562482994432,styling_carousel,,Do you ship to Malaysia?,2026-08-11T03:30:55+0000,siti.life26,2,false,false,neutral,shipping_question
17946852452024402,17903562482994432,styling_carousel,17932690060288099,"Roughly 40 × 38 × 12 cm: enough for a laptop, lunch and a bottle 💚",2026-08-11T03:33:10+0000,loopcycle.nusantara,4,false,true,n/a,brand_reply
17980053349833979,17903562482994432,styling_carousel,17928383876210122,Thank you for supporting our pickers 🙌,2026-08-11T04:07:39+0000,loopcycle.nusantara,6,false,true,n/a,brand_reply
17909582621259196,17903562482994432,styling_carousel,,Finally a tote that tells a real story,2026-08-11T05:06:16+0000,sinta_coffee,4,false,false,positive,sustainability
17931453682874751,17903562482994432,styling_carousel,,Do you ship to Singapore?,2026-08-11T05:10:16+0000,putri_plants32,0,false,false,neutral,shipping_question
17965018079790964,17903562482994432,styling_carousel,17942930070601602,"We ship across Indonesia, and internationally through Amazon Global 🌏",2026-08-11T05:29:22+0000,loopcycle.nusantara,5,false,true,n/a,brand_reply
17962099066191489,17903562482994432,styling_carousel,17938181667254112,Thank you for supporting our pickers 🙌,2026-08-11T05:39:18+0000,loopcycle.nusantara,8,false,true,n/a,brand_reply
17904916709656401,17903562482994432,styling_carousel,,🔥🔥🔥,2026-08-11T06:20:06+0000,aguslife64,0,false,false,positive,emoji_only
17946131297321242,17903562482994432,styling_carousel,,Great initiative @loopcycle.nusantara 🙌,2026-08-11T06:26:37+0000,ayu_5064,0,false,false,positive,support_local
17918516080143891,17903562482994432,styling_carousel,17982266056681000,So happy you love it! 💚,2026-08-11T06:50:00+0000,loopcycle.nusantara,4,false,true,n/a,brand_reply
17985132062291114,17903562482994432,styling_carousel,,Do you have a store in Bandung?,2026-08-11T07:12:33+0000,dewi.sehat,0,false,false,neutral,where_to_buy
17908726686599898,17903562482994432,styling_carousel,,Need one in indigo!,2026-08-11T07:13:48+0000,rina.studio,6,false,false,positive,excitement
17932985805474565,17903562482994432,styling_carousel,,This is the future 🌍,2026-08-11T07:14:24+0000,joko25,1,false,false,positive,sustainability
17967218307397881,17903562482994432,styling_carousel,,Nice pic! Visit our page for big discounts,2026-08-11T07:42:06+0000,cryptoking10,0,true,false,unrelated,spam
17982948127017544,17903562482994432,styling_carousel,17908726686599898,"@rina.studio You can get it via the link in bio, Shopee, Tokopedia, TikTok Shop or our Bandung store 💚",2026-08-11T09:17:48+0000,loopcycle.nusantara,7,false,true,n/a,brand_reply
17937699661861867,17903562482994432,styling_carousel,,Do you ship to Malaysia?,2026-08-11T09:38:42+0000,rina.fit,2,false,false,neutral,shipping_question
17953397980515366,17903562482994432,styling_carousel,,@rina.mom28 you need this! 😍,2026-08-11T10:20:43+0000,andi.bookish,1,false,false,positive,tag_friend
17958013249907351,17903562482994432,styling_carousel,,Do you have a store in Bandung?,2026-08-11T11:23:02+0000,maya.official,1,false,false,neutral,where_to_buy
17975232763796021,17903562482994432,styling_carousel,,Pickers deserve this recognition 👏 🔥,2026-08-11T13:34:21+0000,intan.plants87,1,false,false,positive,support_local
17968000949242084,17903562482994432,styling_carousel,,Is it machine washable?,2026-08-11T13:45:35+0000,andi.official,0,false,false,neutral,care_question
17919791251849576,17903562482994432,styling_carousel,17934764691670008,@agus.green Wash cold with mild soap and dry in the shade. No bleach or tumble dryer 🧼,2026-08-11T14:41:24+0000,loopcycle.nusantara,6,false,true,n/a,brand_reply
17995704951104604,17903562482994432,styling_carousel,,Do you ship to Singapore?,2026-08-11T14:59:54+0000,wulan_fit77,0,false,false,neutral,shipping_question
17966518246204483,17903562482994432,styling_carousel,17921334836257046,"You can get it via the link in bio, Shopee, Tokopedia, TikTok Shop or our Bandung store 💚",2026-08-11T15:01:50+0000,loopcycle.nusantara,4,false,true,n/a,brand_reply
17946698048136839,17903562482994432,styling_carousel,17985132062291114,"You can get it via the link in bio, Shopee, Tokopedia, TikTok Shop or our Bandung store 💚",2026-08-11T15:14:33+0000,loopcycle.nusantara,11,false,true,n/a,brand_reply
17925746294229819,17903562482994432,styling_carousel,,Do you ship to Singapore?,2026-08-11T15:22:17+0000,irfanid,6,false,false,neutral,shipping_question
17946383629651484,17903562482994432,styling_carousel,17995704951104604,"@wulan_fit77 We ship across Indonesia, and internationally through Amazon Global 🌏",2026-08-11T18:03:54+0000,loopcycle.nusantara,5,false,true,n/a,brand_reply
17926186130842564,17903562482994432,styling_carousel,,Finally a tote that tells a real story 😍,2026-08-11T18:42:47+0000,bayu.jkt16,0,false,false,positive,sustainability
17966604397177291,17903562482994432,styling_carousel,,Pickers deserve this recognition 👏 😍,2026-08-11T18:55:28+0000,yoga_jkt,1,false,false,positive,support_local
17961743100362670,17903562482994432,styling_carousel,,Just ordered mine!,2026-08-11T19:04:09+0000,siti_4217,1,false,false,positive,purchase
17957284774253113,17903562482994432,styling_carousel,17931453682874751,"We ship across Indonesia, and internationally through Amazon Global 🌏",2026-08-11T19:21:16+0000,loopcycle.nusantara,6,false,true,n/a,brand_reply
17962448130321205,17903562482994432,styling_carousel,,This is the future 🌍,2026-08-11T19:26:39+0000,yoga.hijau,4,false,false,positive,sustainability
17968471983768668,17903562482994432,styling_carousel,,Obsessed 😍😍,2026-08-11T20:19:11+0000,ekocoffee,0,false,false,positive,excitement
17918445096350796,17903562482994432,styling_carousel,,Take my money!,2026-08-11T21:07:46+0000,siti.fit99,1,false,false,positive,excitement
17905296166883336,17903562482994432,styling_carousel,,Obsessed 😍😍,2026-08-11T21:13:34+0000,mega_sehat,9,false,false,positive,excitement
17965175125906489,17903562482994432,styling_carousel,17968000949242084,Wash cold with mild soap and dry in the shade. No bleach or tumble dryer 🧼,2026-08-11T22:00:35+0000,loopcycle.nusantara,4,false,true,n/a,brand_reply
17951547752287351,17903562482994432,styling_carousel,,Beautiful colours 😍,2026-08-11T22:25:02+0000,wulan.thrift55,1,false,false,positive,design
17945426362802131,17903562482994432,styling_carousel,,Is the fabric waterproof?,2026-08-11T23:04:11+0000,putri.eats,0,false,false,neutral,product_question
17974878653573527,17903562482994432,styling_carousel,,Take my money!,2026-08-11T23:06:19+0000,budi_travel,0,false,false,positive,excitement
17931598088410649,17903562482994432,styling_carousel,17937699661861867,"We ship across Indonesia, and internationally through Amazon Global 🌏",2026-08-11T23:09:42+0000,loopcycle.nusantara,9,false,true,n/a,brand_reply
17941408108700858,17903562482994432,styling_carousel,17974878653573527,"You can get it via the link in bio, Shopee, Tokopedia, TikTok Shop or our Bandung store 💚",2026-08-12T01:09:19+0000,loopcycle.nusantara,1,false,true,n/a,brand_reply
17952778563247849,17903562482994432,styling_carousel,,Honestly feels like greenwashing,2026-08-12T02:20:15+0000,sitimom54,0,false,false,negative,skepticism
17988441517046045,17903562482994432,styling_carousel,,Where can I buy?,2026-08-12T03:43:47+0000,maya.sehat43,0,false,false,neutral,where_to_buy
17936963004463045,17903562482994432,styling_carousel,,Does it come in black?,2026-08-12T06:49:22+0000,maya_studio41,0,false,false,neutral,product_question
17987327894731278,17903562482994432,styling_carousel,17918445096350796,"@siti.fit99 You can get it via the link in bio, Shopee, Tokopedia, TikTok Shop or our Bandung store 💚",2026-08-12T06:54:46+0000,loopcycle.nusantara,5,false,true,n/a,brand_reply
17942888110327112,17903562482994432,styling_carousel,,Do you have a store in Bandung?,2026-08-12T06:59:24+0000,budi_daily,0,false,false,neutral,where_to_buy
17904469875438387,17903562482994432,styling_carousel,,Love the market run idea 💚,2026-08-12T07:05:31+0000,tari.hijau98,4,false,false,positive,usability
17987470429423902,17903562482994432,styling_carousel,,@putri.eats43 you need this! 😍,2026-08-12T07:20:04+0000,fajar.fit95,0,false,false,positive,tag_friend
17923274711097022,17903562482994432,styling_carousel,17988441517046045,"You can get it via the link in bio, Shopee, Tokopedia, TikTok Shop or our Bandung store 💚",2026-08-12T07:28:47+0000,loopcycle.nusantara,1,false,true,n/a,brand_reply
17936512264217037,17903562482994432,styling_carousel,,Do you have a store in Bandung?,2026-08-12T08:37:40+0000,budisehat,0,false,false,neutral,where_to_buy
17976061062554173,17903562482994432,styling_carousel,,Beautiful colours 😍,2026-08-12T10:30:07+0000,irfan_fit7,1,false,false,positive,design
17939238061839488,17903562482994432,styling_carousel,17987470429423902,"Same, I love mine too 💚",2026-08-12T11:07:04+0000,siti.plants64,2,false,false,positive,user_reply
17996742658264396,17903562482994432,styling_carousel,,Great initiative @loopcycle.nusantara,2026-08-12T11:37:16+0000,joko_32,2,false,false,positive,support_local
17931949723366795,17903562482994432,styling_carousel,,Nice pic! Visit our page for big discounts,2026-08-12T13:27:48+0000,cryptoking69,0,true,false,unrelated,spam
17906839694629508,17903562482994432,styling_carousel,,Is it available on Tokopedia?,2026-08-12T13:33:31+0000,budi_life,8,false,false,neutral,where_to_buy
17982366011611693,17903562482994432,styling_carousel,,🔥🔥🔥 🙌,2026-08-12T13:33:59+0000,citra_official,0,false,false,positive,emoji_only
17948810497960823,17903562482994432,styling_carousel,17906839694629508,"You can get it via the link in bio, Shopee, Tokopedia, TikTok Shop or our Bandung store 💚",2026-08-12T14:15:31+0000,loopcycle.nusantara,5,false,true,n/a,brand_reply
17928801383914600,17903562482994432,styling_carousel,,Number 5 is genius! 💚,2026-08-12T15:20:53+0000,rinadaily19,0,false,false,positive,design
17937655421855918,17903562482994432,styling_carousel,17945426362802131,Same question!,2026-08-12T15:39:11+0000,yoga.plants,0,false,false,neutral,user_reply
17930336072042812,17903562482994432,styling_carousel,17936512264217037,"You can get it via the link in bio, Shopee, Tokopedia, TikTok Shop or our Bandung store 💚",2026-08-12T15:54:40+0000,loopcycle.nusantara,9,false,true,n/a,brand_reply
17949847996155799,17903562482994432,styling_carousel,,"Earn money from home, check my bio",2026-08-12T15:58:58+0000,cryptoking96,0,true,false,unrelated,spam
17990197861629832,17903562482994432,styling_carousel,,"Earn money from home, check my bio",2026-08-12T22:21:25+0000,cryptoking97,0,true,false,unrelated,spam
17984877182560272,17903562482994432,styling_carousel,,Handles look short for shoulder carry,2026-08-13T06:25:44+0000,maya.40,1,false,false,negative,comfort_complaint
17927373917162868,17903562482994432,styling_carousel,,Looks smaller than expected from the video,2026-08-13T08:47:48+0000,putri.mom,0,false,false,negative,size_complaint
17900775916845883,17903562482994432,styling_carousel,,Number 5 is genius! 😍,2026-08-13T09:25:29+0000,wulan.2039,0,false,false,positive,design
17954722814562467,17903562482994432,styling_carousel,,Pickers deserve this recognition 👏,2026-08-13T15:53:30+0000,hendrathrift,7,false,false,positive,support_local
17927766165358186,17903562482994432,styling_carousel,17984877182560272,So sorry about that! Please DM us your order number and we'll make it right 🙏,2026-08-13T17:27:44+0000,loopcycle.nusantara,9,false,true,n/a,brand_reply
17964605279830677,17903562482994432,styling_carousel,,Looks smaller than I expected,2026-08-13T22:04:52+0000,intan_thrift,3,false,false,negative,size_complaint
17980216421985323,17903562482994432,styling_carousel,17927373917162868,@putri.mom So sorry about that! Please DM us your order number and we'll make it right 🙏,2026-08-13T22:10:48+0000,loopcycle.nusantara,3,false,true,n/a,brand_reply
17962777654800599,17903562482994432,styling_carousel,17964605279830677,So sorry about that! Please DM us your order number and we'll make it right 🙏,2026-08-14T07:06:52+0000,loopcycle.nusantara,11,false,true,n/a,brand_reply
17995472693596181,17903562482994432,styling_carousel,,Do you ship to Malaysia?,2026-08-14T15:49:21+0000,hendra110,0,false,false,neutral,shipping_question
17943654802529756,17903562482994432,styling_carousel,17995472693596181,"@hendra110 We ship across Indonesia, and internationally through Amazon Global 🌏",2026-08-15T01:59:21+0000,loopcycle.nusantara,0,false,true,n/a,brand_reply
17980847355031365,17903562482994432,styling_carousel,,Proud of you guys! 🔥,2026-08-15T10:41:12+0000,andi_bdg73,1,false,false,positive,support_local
17901471517642625,17903562482994432,styling_carousel,17980847355031365,@andi_bdg73 So happy you love it! 💚,2026-08-15T11:29:12+0000,loopcycle.nusantara,10,false,true,n/a,brand_reply
17991378750869891,17903562482994432,styling_carousel,,I use mine for the gym every day!,2026-08-16T01:50:17+0000,irfanjkt,2,false,false,positive,usability
17979084624465673,17903562482994432,styling_carousel,17991378750869891,Thank you for supporting our pickers 🙌,2026-08-16T04:10:17+0000,loopcycle.nusantara,10,false,true,n/a,brand_reply
17980368659387056,17903562482994432,styling_carousel,,Courier left it with the guard and never told me,2026-08-18T10:46:35+0000,ayu.studio,0,false,false,unrelated,courier_handling
17977741481841645,17903562482994432,styling_carousel,17980368659387056,@ayu.studio So sorry about that! Please DM us your order number and we'll make it right 🙏,2026-08-18T17:10:35+0000,loopcycle.nusantara,4,false,true,n/a,brand_reply
17985870846862230,17903562482994432,styling_carousel,,Great initiative @loopcycle.nusantara 🔥,2026-08-25T09:41:00+0000,dewi_life,0,false,false,positive,support_local
17954172075918772,17905854025471212,care_carousel,,Looks smaller than expected from the video,2026-09-07T13:06:08+0000,budi.id,0,false,false,negative,size_complaint
17978880026253378,17905854025471212,care_carousel,,Can I iron it?,2026-09-07T13:23:34+0000,reza_coffee,0,false,false,neutral,care_question
17987328935086017,17905854025471212,care_carousel,,"Super helpful, saving this!",2026-09-07T13:25:12+0000,hendra_official,0,false,false,positive,care_tips
17907470762467474,17905854025471212,care_carousel,,"So cool, supporting local! 🙌",2026-09-07T13:31:09+0000,rina_id,0,false,false,positive,support_local
17947173697959644,17905854025471212,care_carousel,,Proud of you guys!,2026-09-07T14:04:24+0000,citracoffee,0,false,false,positive,support_local
17931606066417385,17905854025471212,care_carousel,,@megahijau85 you need this! 😍,2026-09-07T14:12:27+0000,maya.id67,1,false,false,positive,tag_friend
17976701537657936,17905854025471212,care_carousel,,"Super helpful, saving this!",2026-09-07T14:28:37+0000,wulan.hijau7,0,false,false,positive,care_tips
17901935157299586,17905854025471212,care_carousel,,Mine faded after one wash 😞,2026-09-07T15:50:08+0000,wulaneats45,0,false,false,negative,quality_complaint
17995058336357414,17905854025471212,care_carousel,,Follow for follow? 🙏,2026-09-07T16:04:49+0000,promo_4482_id,0,true,false,unrelated,spam
17939719706284350,17905854025471212,care_carousel,,Finally an easy care guide,2026-09-07T16:42:12+0000,megaplants1,1,false,false,positive,care_tips
17915050269675455,17905854025471212,care_carousel,,@fajar.daily70 you need this! 😍,2026-09-07T17:17:07+0000,wulantravel,1,false,false,positive,tag_friend
17901133292556568,17905854025471212,care_carousel,,@agus.21 you need this! 😍,2026-09-07T17:29:39+0000,rina.id,0,false,false,positive,tag_friend
17992611891326484,17905854025471212,care_carousel,,This is the future 🌍 😍,2026-09-07T18:05:49+0000,rina.green60,1,false,false,positive,sustainability
17905042194108779,17905854025471212,care_carousel,,Followed your guide and the handle still frayed,2026-09-07T18:32:18+0000,wulansehat,1,false,false,negative,quality_complaint
17975795849747483,17905854025471212,care_carousel,,Love this! 💚,2026-09-07T18:46:23+0000,agus_plants,1,false,false,positive,excitement
17957843104503478,17905854025471212,care_carousel,,Proud of you guys!,2026-09-07T19:11:36+0000,sintafit,8,false,false,positive,support_local
17918383072268533,17905854025471212,care_carousel,17976701537657936,So happy you love it! 💚,2026-09-07T19:52:37+0000,loopcycle.nusantara,8,false,true,n/a,brand_reply
17956850454105430,17905854025471212,care_carousel,,Can I machine wash it?,2026-09-07T20:10:58+0000,siti_bdg,1,false,false,neutral,care_question
17979180151239590,17905854025471212,care_carousel,,Mine faded after one wash 😞,2026-09-07T20:16:52+0000,joko_sehat,0,false,false,negative,quality_complaint
17964285483316100,17905854025471212,care_carousel,17978880026253378,@reza_coffee Wash cold with mild soap and dry in the shade. No bleach or tumble dryer 🧼,2026-09-07T20:17:34+0000,loopcycle.nusantara,3,false,true,n/a,brand_reply
17946116376202908,17905854025471212,care_carousel,,A bit pricey for a tote,2026-09-07T20:52:27+0000,lestaricoffee,0,false,false,negative,price_complaint
17970217806281989,17905854025471212,care_carousel,17905042194108779,So sorry about that! Please DM us your order number and we'll make it right 🙏,2026-09-07T21:17:18+0000,loopcycle.nusantara,2,false,true,n/a,brand_reply
17971897146945779,17905854025471212,care_carousel,,Finally an easy care guide,2026-09-07T21:41:24+0000,sinta_sehat,0,false,false,positive,care_tips
17912325697273871,17905854025471212,care_carousel,,Is shade drying really needed?,2026-09-07T21:57:31+0000,rezacoffee,0,false,false,neutral,care_question
17965499329195454,17905854025471212,care_carousel,,Proud of you guys!,2026-09-07T22:43:54+0000,ayu_plants91,1,false,false,positive,support_local
17923158234547409,17905854025471212,care_carousel,17912325697273871,Wash cold with mild soap and dry in the shade. No bleach or tumble dryer 🧼,2026-09-07T22:48:31+0000,loopcycle.nusantara,9,false,true,n/a,brand_reply
17965472678158154,17905854025471212,care_carousel,,"Super helpful, saving this!",2026-09-07T23:32:44+0000,wulan.daily,1,false,false,positive,care_tips
17935072152034753,17905854025471212,care_carousel,,Mine still looks new after months 🙌,2026-09-07T23:44:12+0000,siti.mom,1,false,false,positive,quality
17963359312313185,17905854025471212,care_carousel,,Looks smaller than expected from the video,2026-09-08T00:11:21+0000,mega.eats,0,false,false,negative,size_complaint
17960978779134844,17905854025471212,care_carousel,,Finally an easy care guide,2026-09-08T00:24:38+0000,joko_fit,1,false,false,positive,care_tips
17975531355342074,17905854025471212,care_carousel,,Love this! 💚,2026-09-08T01:13:51+0000,eko.plants,1,false,false,positive,excitement
17907039211169618,17905854025471212,care_carousel,,Beautiful colours 😍,2026-09-08T02:22:09+0000,fajar_travel,1,false,false,positive,design
17974181127764719,17905854025471212,care_carousel,17901935157299586,@wulaneats45 So sorry about that! Please DM us your order number and we'll make it right 🙏,2026-09-08T02:35:08+0000,loopcycle.nusantara,9,false,true,n/a,brand_reply
17950742352454767,17905854025471212,care_carousel,,Can I iron it?,2026-09-08T03:15:39+0000,ayu.travel8,3,false,false,neutral,care_question
17935294016035566,17905854025471212,care_carousel,,Finally an easy care guide,2026-09-08T03:58:22+0000,galihplants,2,false,false,positive,care_tips
17954847216319276,17905854025471212,care_carousel,,How often should I wash it?,2026-09-08T04:03:18+0000,rizkycoffee53,4,false,false,neutral,care_question
17986108841154387,17905854025471212,care_carousel,,Proud of you guys!,2026-09-08T04:34:44+0000,andi.green95,0,false,false,positive,support_local
17999398968747305,17905854025471212,care_carousel,,"So cool, supporting local! 🙌",2026-09-08T04:59:43+0000,dewi_57,1,false,false,positive,support_local
17916829082366016,17905854025471212,care_carousel,,Love this! 💚,2026-09-08T05:33:06+0000,intan_official98,0,false,false,positive,excitement
17901161647142424,17905854025471212,care_carousel,,Is shade drying really needed?,2026-09-08T06:10:04+0000,rina.daily,0,false,false,neutral,care_question
17932040439045484,17905854025471212,care_carousel,,Mine faded after one wash 😞,2026-09-08T07:41:50+0000,mega_id,0,false,false,negative,quality_complaint
17932950424887285,17905854025471212,care_carousel,17979180151239590,@joko_sehat So sorry about that! Please DM us your order number and we'll make it right 🙏,2026-09-08T07:58:52+0000,loopcycle.nusantara,10,false,true,n/a,brand_reply
17929488075132406,17905854025471212,care_carousel,,Is shade drying really needed?,2026-09-08T08:34:00+0000,putri.life,0,false,false,neutral,care_question
17909128048338062,17905854025471212,care_carousel,,Need one in indigo!,2026-09-08T10:31:06+0000,lestari.life,1,false,false,positive,excitement
17962818045735506,17905854025471212,care_carousel,,Is shade drying really needed?,2026-09-08T10:32:33+0000,intan_eats18,1,false,false,neutral,care_question
17951487988214900,17905854025471212,care_carousel,,Is shade drying really needed?,2026-09-08T10:49:38+0000,wulan_mom,0,false,false,neutral,care_question
17921717104319277,17905854025471212,care_carousel,17929488075132406,Wash cold with mild soap and dry in the shade. No bleach or tumble dryer 🧼,2026-09-08T14:07:00+0000,loopcycle.nusantara,0,false,true,n/a,brand_reply
17963333867413585,17905854025471212,care_carousel,,Love this! 💚,2026-09-08T14:10:32+0000,sinta_fit,0,false,false,positive,excitement
17968721428323570,17905854025471212,care_carousel,17963359312313185,@mega.eats So sorry about that! Please DM us your order number and we'll make it right 🙏,2026-09-08T14:51:21+0000,loopcycle.nusantara,9,false,true,n/a,brand_reply
17992774488454476,17905854025471212,care_carousel,17962818045735506,Wash cold with mild soap and dry in the shade. No bleach or tumble dryer 🧼,2026-09-08T17:19:33+0000,loopcycle.nusantara,9,false,true,n/a,brand_reply
17925184925536374,17905854025471212,care_carousel,,How often should I wash it?,2026-09-08T17:38:59+0000,citrathrift,0,false,false,neutral,care_question
17956861786968041,17905854025471212,care_carousel,,"So cool, supporting local! 🙌",2026-09-08T18:52:54+0000,sinta_thrift,0,false,false,positive,support_local
17901344000261769,17905854025471212,care_carousel,17925184925536374,@citrathrift Wash cold with mild soap and dry in the shade. No bleach or tumble dryer 🧼,2026-09-08T19:37:59+0000,loopcycle.nusantara,1,false,true,n/a,brand_reply
17962824144120064,17905854025471212,care_carousel,17909128048338062,"@lestari.life You can get it via the link in bio, Shopee, Tokopedia, TikTok Shop or our Bandung store 💚",2026-09-08T19:51:06+0000,loopcycle.nusantara,11,false,true,n/a,brand_reply
17986741427279863,17905854025471212,care_carousel,,Need one in indigo! 💚,2026-09-08T23:01:59+0000,agus_life53,0,false,false,positive,excitement
17990641473570957,17905854025471212,care_carousel,,Can I machine wash it?,2026-09-09T04:55:38+0000,mega_eats,1,false,false,neutral,care_question
17950243584666660,17905854025471212,care_carousel,,Mine still looks new after months,2026-09-09T07:00:31+0000,hendra.thrift,1,false,false,positive,quality
17921753003545669,17905854025471212,care_carousel,,"So cool, supporting local! 🙌",2026-09-09T07:22:13+0000,putrigreen,2,false,false,positive,support_local
17906318492346261,17905854025471212,care_carousel,,Follow for follow? 🙏,2026-09-09T10:08:31+0000,cryptoking38,0,true,false,unrelated,spam
17930789290883494,17905854025471212,care_carousel,17990641473570957,Wash cold with mild soap and dry in the shade. No bleach or tumble dryer 🧼,2026-09-09T10:26:38+0000,loopcycle.nusantara,1,false,true,n/a,brand_reply
17948407621925304,17905854025471212,care_carousel,,Can I machine wash it?,2026-09-09T11:08:37+0000,reza_mom,2,false,false,neutral,care_question
17912802436714772,17905854025471212,care_carousel,,Proud of you guys! 🙌,2026-09-09T14:19:13+0000,wulan_plants33,1,false,false,positive,support_local
17996767236916687,17905854025471212,care_carousel,,This is the future 🌍,2026-09-09T22:11:17+0000,irfan.bookish,1,false,false,positive,sustainability
17904238914002173,17905854025471212,care_carousel,,Need one in indigo! 😍,2026-09-10T00:22:09+0000,dewigreen,1,false,false,positive,excitement
17977631573193980,17905854025471212,care_carousel,,Mine still looks new after months 🙌,2026-09-10T04:57:25+0000,rina.hijau54,1,false,false,positive,quality
17910078596096585,17905854025471212,care_carousel,17948407621925304,Following this thread,2026-09-10T05:18:37+0000,dewi.thrift,2,false,false,neutral,user_reply
17959369769444986,17905854025471212,care_carousel,17904238914002173,"@dewigreen You can get it via the link in bio, Shopee, Tokopedia, TikTok Shop or our Bandung store 💚",2026-09-10T07:17:09+0000,loopcycle.nusantara,4,false,true,n/a,brand_reply
17973765025198787,17905854025471212,care_carousel,,How often should I wash it?,2026-09-11T03:38:41+0000,taridaily,4,false,false,neutral,care_question
17982520639962102,17905854025471212,care_carousel,17973765025198787,Wash cold with mild soap and dry in the shade. No bleach or tumble dryer 🧼,2026-09-11T06:11:41+0000,loopcycle.nusantara,6,false,true,n/a,brand_reply
17918420819185877,17905854025471212,care_carousel,,Can I machine wash it?,2026-09-11T20:25:22+0000,fajar.green,0,false,false,neutral,care_question
17919232020378073,17905854025471212,care_carousel,,How often should I wash it?,2026-09-12T07:33:46+0000,andi.life54,10,false,false,neutral,care_question
17974742461585135,17905854025471212,care_carousel,17918420819185877,@fajar.green Wash cold with mild soap and dry in the shade. No bleach or tumble dryer 🧼,2026-09-12T09:15:22+0000,loopcycle.nusantara,10,false,true,n/a,brand_reply
17938654747945334,17905854025471212,care_carousel,,Honestly feels like greenwashing,2026-09-12T12:03:49+0000,reza19,1,false,false,negative,skepticism
17950989207187268,17905854025471212,care_carousel,,Mine still looks new after months,2026-09-12T12:15:18+0000,siti.id,1,false,false,positive,quality
17988767653551285,17905854025471212,care_carousel,17919232020378073,@andi.life54 Wash cold with mild soap and dry in the shade. No bleach or tumble dryer 🧼,2026-09-12T17:00:46+0000,loopcycle.nusantara,10,false,true,n/a,brand_reply
17901386376460299,17905854025471212,care_carousel,,My package arrived with the box crushed,2026-09-14T04:52:39+0000,lestarijkt,0,false,false,unrelated,packaging_damage
17904936748345229,17905854025471212,care_carousel,,Beautiful colours 😍,2026-09-14T05:41:18+0000,lestari.jkt65,1,false,false,positive,design
17956928622695373,17905854025471212,care_carousel,17901386376460299,@lestarijkt So sorry about that! Please DM us your order number and we'll make it right 🙏,2026-09-14T08:08:39+0000,loopcycle.nusantara,9,false,true,n/a,brand_reply
17973457079209181,17908775681335588,launch_reel,,14 bottles?! That's amazing 💚,2026-08-01T01:45:42+0000,sinta8926,1,false,false,positive,sustainability
17967897845681421,17908775681335588,launch_reel,,Obsessed 😍😍,2026-08-01T01:47:46+0000,andithrift,6,false,false,positive,excitement
17922328512018093,17908775681335588,launch_reel,,Is it available on Tokopedia?,2026-08-01T01:54:53+0000,intanid,4,false,false,neutral,where_to_buy
17914709707889607,17908775681335588,launch_reel,,Obsessed 😍😍,2026-08-01T01:56:01+0000,dewi.coffee62,3,false,false,positive,excitement
17913710828435469,17908775681335588,launch_reel,,"14 bottles in one bag, that's amazing 🙌",2026-08-01T01:56:46+0000,agus.green44,15,false,false,positive,sustainability
17931204843226628,17908775681335588,launch_reel,,@intan_sehat you need this! 😍,2026-08-01T02:02:26+0000,yoga_eats,2,false,false,positive,tag_friend
17975387892572147,17908775681335588,launch_reel,,Finally a tote that tells a real story,2026-08-01T02:36:10+0000,reza_eats,1,false,false,positive,sustainability
17928246480458931,17908775681335588,launch_reel,,Proud of you guys!,2026-08-01T02:44:25+0000,lestaritravel,1,false,false,positive,support_local
17929538397334874,17908775681335588,launch_reel,,Take my money! 🙌,2026-08-01T02:56:08+0000,citra.life22,2,false,false,positive,excitement
17984442967515872,17908775681335588,launch_reel,,Beautiful colours 😍,2026-08-01T03:03:26+0000,wulan_coffee,1,false,false,positive,design
17912493352129958,17908775681335588,launch_reel,,Is the fabric waterproof?,2026-08-01T03:08:59+0000,nadiahijau,1,false,false,neutral,product_question
17902311480304708,17908775681335588,launch_reel,,Ordered 9 days ago on Shopee and still no parcel 😤,2026-08-01T03:10:06+0000,mega_fit,0,false,false,unrelated,delivery_delay
17907770504720249,17908775681335588,launch_reel,,Beautiful colours 😍,2026-08-01T03:17:54+0000,wulan_daily,2,false,false,positive,design
17974245766677383,17908775681335588,launch_reel,,One bag won't fix the plastic problem tbh,2026-08-01T03:24:33+0000,reza.coffee,0,false,false,negative,skepticism
17999378257968443,17908775681335588,launch_reel,,Pickers deserve this recognition 👏 🔥,2026-08-01T03:27:36+0000,rizky_travel54,0,false,false,positive,support_local
17944039923942891,17908775681335588,launch_reel,,Finally a tote that tells a real story,2026-08-01T03:34:09+0000,nadiadaily,1,false,false,positive,sustainability
17943430276311155,17908775681335588,launch_reel,,Price?,2026-08-01T03:44:41+0000,bayutravel,1,false,false,neutral,price
17942883357439870,17908775681335588,launch_reel,,Do you ship to Singapore?,2026-08-01T03:52:40+0000,dewijkt,0,false,false,neutral,shipping_question
17968493261441532,17908775681335588,launch_reel,,Do you ship to Singapore?,2026-08-01T03:57:03+0000,sitigreen,0,false,false,neutral,shipping_question
17910597278606648,17908775681335588,launch_reel,,"Already got mine and it's perfect, thank you!",2026-08-01T04:08:39+0000,bayu.coffee,0,false,false,positive,purchase
17972685162599279,17908775681335588,launch_reel,,Do you ship to Singapore?,2026-08-01T04:11:39+0000,bayu_jkt70,1,false,false,neutral,shipping_question
17919152610718029,17908775681335588,launch_reel,,"Already got mine and it's perfect, thank you!",2026-08-01T04:24:45+0000,rina_hijau,1,false,false,positive,purchase
17997927877303415,17908775681335588,launch_reel,,"Earn money from home, check my bio",2026-08-01T05:00:36+0000,cryptoking85,0,true,false,unrelated,spam
17914572665515555,17908775681335588,launch_reel,,Love this! 💚,2026-08-01T05:19:11+0000,tari_daily,1,false,false,positive,excitement
17925337304184348,17908775681335588,launch_reel,,"Earn money from home, check my bio",2026-08-01T05:32:59+0000,promo_7077_id,0,false,false,unrelated,spam
17911619674807236,17908775681335588,launch_reel,,What are the dimensions?,2026-08-01T05:45:04+0000,rina_bdg,1,false,false,neutral,size
17922822402835613,17908775681335588,launch_reel,,Great initiative @loopcycle.nusantara 🔥,2026-08-01T05:47:21+0000,reza.mom86,1,false,false,positive,support_local
17963378372381654,17908775681335588,launch_reel,,@intan_5963 you need this! 😍,2026-08-01T05:51:38+0000,maya.31,0,false,false,positive,tag_friend
17976928618340855,17908775681335588,launch_reel,,Pickers deserve this recognition 👏,2026-08-01T05:53:41+0000,budi_coffee,0,false,false,positive,support_local
17930381349686525,17908775681335588,launch_reel,,Just ordered mine! 💚,2026-08-01T06:05:06+0000,reza_bdg,1,false,false,positive,purchase
17969727299417913,17908775681335588,launch_reel,,"14 bottles in one bag, that's amazing",2026-08-01T06:12:31+0000,sinta_eats,8,false,false,positive,sustainability
17957371432080886,17908775681335588,launch_reel,,Beautiful colours 😍,2026-08-01T07:07:39+0000,citra.mom,0,false,false,positive,design
17964415779160555,17908775681335588,launch_reel,,@irfan.green you need this! 😍,2026-08-01T07:10:57+0000,citra.7417,0,false,false,positive,tag_friend
17973611126289617,17908775681335588,launch_reel,,This is the future 🌍,2026-08-01T07:16:24+0000,andimom,1,false,false,positive,sustainability
17952246723916771,17908775681335588,launch_reel,,@agus_sehat you need this! 😍,2026-08-01T07:19:18+0000,nadia.studio,0,false,false,positive,tag_friend
17931153458467585,17908775681335588,launch_reel,,Need one in indigo! 😍,2026-08-01T07:28:19+0000,ekojkt,0,false,false,positive,excitement
17929325233006848,17908775681335588,launch_reel,,Is it machine washable?,2026-08-01T07:42:19+0000,maya_jkt,0,false,false,neutral,care_question
17984054931163344,17908775681335588,launch_reel,,Proud of you guys!,2026-08-01T07:51:27+0000,sinta.daily10,1,false,false,positive,support_local
17987006472751833,17908775681335588,launch_reel,17943430276311155,"@bayutravel Hi! The Loop Tote is Rp 189,000 on our website, marketplaces and in our Bandung store 💚",2026-08-01T08:23:41+0000,loopcycle.nusantara,4,false,true,n/a,brand_reply
17973011169657606,17908775681335588,launch_reel,,Is the fabric waterproof?,2026-08-01T08:30:51+0000,nadia_6541,14,false,false,neutral,product_question
17932061883367234,17908775681335588,launch_reel,17922328512018093,"You can get it via the link in bio, Shopee, Tokopedia, TikTok Shop or our Bandung store 💚",2026-08-01T08:35:53+0000,loopcycle.nusantara,10,false,true,n/a,brand_reply
17947077620467015,17908775681335588,launch_reel,,Price?,2026-08-01T09:00:00+0000,citra.bookish,0,false,false,neutral,price
17921809058392817,17908775681335588,launch_reel,17931153458467585,"You can get it via the link in bio, Shopee, Tokopedia, TikTok Shop or our Bandung store 💚",2026-08-01T09:01:19+0000,loopcycle.nusantara,2,false,true,n/a,brand_reply
17927397190575677,17908775681335588,launch_reel,,Price seems high for a plastic bag,2026-08-01T09:02:53+0000,bayu_sehat,1,false,false,negative,price_complaint
17919376934893530,17908775681335588,launch_reel,,This is the future 🌍,2026-08-01T09:39:04+0000,dewi_jkt60,1,false,false,positive,sustainability
17951076856546575,17908775681335588,launch_reel,,Is it available on Tokopedia?,2026-08-01T09:48:48+0000,eko_hijau,0,false,false,neutral,where_to_buy
17994854754391007,17908775681335588,launch_reel,,Need one in indigo!,2026-08-01T09:51:46+0000,megathrift11,3,false,false,positive,excitement
17941059544482874,17908775681335588,launch_reel,,14 bottles?! That's amazing,2026-08-01T09:59:39+0000,jokobookish5,2,false,false,positive,sustainability
17973587146683632,17908775681335588,launch_reel,,"Wrong colour sent, ordered indigo and got sand",2026-08-01T10:05:18+0000,bayu_life,1,false,false,unrelated,wrong_item
17973799841146728,17908775681335588,launch_reel,,14 bottles?! That's amazing,2026-08-01T10:13:01+0000,tarisehat,2,false,false,positive,sustainability
17973892171229536,17908775681335588,launch_reel,,One bag won't fix the plastic problem tbh,2026-08-01T10:15:34+0000,yogagreen,0,false,false,negative,skepticism
17968594878728824,17908775681335588,launch_reel,,Follow for follow? 🙏,2026-08-01T10:24:11+0000,promo_5244_id,0,false,false,unrelated,spam
17999107500848181,17908775681335588,launch_reel,,This is the future 🌍,2026-08-01T10:45:58+0000,intan_studio72,2,false,false,positive,sustainability
17995067909685962,17908775681335588,launch_reel,,"14 bottles in one bag, that's amazing",2026-08-01T10:46:24+0000,sintaeats,1,false,false,positive,sustainability
17966481971486137,17908775681335588,launch_reel,,Does it come in black?,2026-08-01T10:51:50+0000,andimom22,1,false,false,neutral,product_question
17960635311537608,17908775681335588,launch_reel,17972685162599279,"@bayu_jkt70 We ship across Indonesia, and internationally through Amazon Global 🌏",2026-08-01T11:00:39+0000,loopcycle.nusantara,0,false,true,n/a,brand_reply
17911791316275285,17908775681335588,launch_reel,17927397190575677,Thank you for supporting our pickers 🙌,2026-08-01T11:03:53+0000,loopcycle.nusantara,10,false,true,n/a,brand_reply
17973531423632473,17908775681335588,launch_reel,,Is it available on Tokopedia?,2026-08-01T11:04:37+0000,andi.jkt30,0,false,false,neutral,where_to_buy
17905785561371207,17908775681335588,launch_reel,,Love this! 💚,2026-08-01T11:12:18+0000,agus.plants59,4,false,false,positive,excitement
17940934831759727,17908775681335588,launch_reel,,🔥🔥🔥,2026-08-01T11:12:42+0000,agusfit,1,false,false,positive,emoji_only
17977598704148659,17908775681335588,launch_reel,,Is it machine washable?,2026-08-01T11:15:59+0000,agus_eats,0,false,false,neutral,care_question
17965153725152008,17908775681335588,launch_reel,,Is it machine washable?,2026-08-01T11:17:30+0000,nadia_green,1,false,false,neutral,care_question
17935603016143170,17908775681335588,launch_reel,,@taribookish23 you need this! 😍,2026-08-01T11:35:15+0000,sinta_id,1,false,false,positive,tag_friend
17961662278597180,17908775681335588,launch_reel,,Proud of you guys!,2026-08-01T11:41:10+0000,hendra.plants,1,false,false,positive,support_local
17993554520057263,17908775681335588,launch_reel,,"Parcel arrived wet, packaging was too thin",2026-08-01T11:52:08+0000,mega_travel12,0,false,false,unrelated,packaging_damage
17940613742931567,17908775681335588,launch_reel,,@joko22 you need this! 😍,2026-08-01T11:55:13+0000,ayutravel,1,false,false,positive,tag_friend
17940890780720957,17908775681335588,launch_reel,17929538397334874,"@citra.life22 You can get it via the link in bio, Shopee, Tokopedia, TikTok Shop or our Bandung store 💚",2026-08-01T12:00:08+0000,loopcycle.nusantara,0,false,true,n/a,brand_reply
17990996985206319,17908775681335588,launch_reel,,14 bottles?! That's amazing,2026-08-01T12:19:19+0000,tari_studio,1,false,false,positive,sustainability
17900847846243288,17908775681335588,launch_reel,17919152610718029,Thank you! 💚,2026-08-01T12:20:45+0000,loopcycle.nusantara,10,false,true,n/a,brand_reply
17981238702075170,17908775681335588,launch_reel,,Where can I buy?,2026-08-01T12:47:04+0000,budi_daily51,1,false,false,neutral,where_to_buy
17925946684128945,17908775681335588,launch_reel,,Just ordered mine!,2026-08-01T12:56:13+0000,galihcoffee,2,false,false,positive,purchase
17983073406361085,17908775681335588,launch_reel,17975387892572147,So happy you love it! 💚,2026-08-01T13:08:10+0000,loopcycle.nusantara,6,false,true,n/a,brand_reply
17967594455368763,17908775681335588,launch_reel,,Link?,2026-08-01T13:19:22+0000,budi.thrift92,1,false,false,neutral,where_to_buy
17969258717749456,17908775681335588,launch_reel,,"So cool, supporting local! 🙌 😍",2026-08-01T13:20:01+0000,reza_life,1,false,false,positive,support_local
17937469737259121,17908775681335588,launch_reel,,"Wrong colour sent, ordered indigo and got sand",2026-08-01T13:21:33+0000,yoga.bookish,0,false,false,unrelated,wrong_item
17917398036637898,17908775681335588,launch_reel,,Take my money! 😍,2026-08-01T13:29:07+0000,rinalife58,0,false,false,positive,excitement
17971418898379670,17908775681335588,launch_reel,,Beautiful colours 😍,2026-08-01T13:31:46+0000,rizky.jkt,0,false,false,positive,design
17908110476955443,17908775681335588,launch_reel,17994854754391007,"You can get it via the link in bio, Shopee, Tokopedia, TikTok Shop or our Bandung store 💚",2026-08-01T13:45:46+0000,loopcycle.nusantara,0,false,true,n/a,brand_reply
17984448190681213,17908775681335588,launch_reel,17973531423632473,"@andi.jkt30 You can get it via the link in bio, Shopee, Tokopedia, TikTok Shop or our Bandung store 💚",2026-08-01T13:49:37+0000,loopcycle.nusantara,10,false,true,n/a,brand_reply
17958692446037685,17908775681335588,launch_reel,,"Earn money from home, check my bio",2026-08-01T14:10:04+0000,promo_5648_id,0,false,false,unrelated,spam
17931600490117710,17908775681335588,launch_reel,,Ordered 9 days ago on Shopee and still no parcel 😤,2026-08-01T14:32:43+0000,tari_jkt,0,false,false,unrelated,delivery_delay
17946579815782741,17908775681335588,launch_reel,17967594455368763,"@budi.thrift92 You can get it via the link in bio, Shopee, Tokopedia, TikTok Shop or our Bandung store 💚",2026-08-01T14:59:22+0000,loopcycle.nusantara,4,false,true,n/a,brand_reply
17908313270830872,17908775681335588,launch_reel,,"14 bottles in one bag, that's amazing",2026-08-01T15:04:35+0000,wulanid18,1,false,false,positive,sustainability
17906920151770979,17908775681335588,launch_reel,,Ordered 9 days ago on Shopee and still no parcel 😤,2026-08-01T15:20:23+0000,yogafit2,0,false,false,unrelated,delivery_delay
17959915579179117,17908775681335588,launch_reel,,Proud of you guys!,2026-08-01T15:29:43+0000,sinta.fit97,5,false,false,positive,support_local
17961153137623971,17908775681335588,launch_reel,17902311480304708,So sorry about that! Please DM us your order number and we'll make it right 🙏,2026-08-01T15:31:06+0000,loopcycle.nusantara,9,false,true,n/a,brand_reply
17936020893413590,17908775681335588,launch_reel,,Great initiative @loopcycle.nusantara,2026-08-01T16:06:06+0000,mayamom44,2,false,false,positive,support_local
17982927162216945,17908775681335588,launch_reel,,Is the fabric waterproof?,2026-08-01T16:08:16+0000,agusdaily,0,false,false,neutral,product_question
17968579876572322,17908775681335588,launch_reel,,Is it available on Tokopedia?,2026-08-01T16:10:34+0000,yoga_official8,0,false,false,neutral,where_to_buy
17924334711003734,17908775681335588,launch_reel,,Do you ship to Singapore?,2026-08-01T16:12:09+0000,rezafit19,0,false,false,neutral,shipping_question
17978113834021337,17908775681335588,launch_reel,,Customer service not replying on WhatsApp,2026-08-01T16:45:49+0000,ayu.coffee75,0,false,false,unrelated,seller_service
17960295623313522,17908775681335588,launch_reel,17944039923942891,@nadiadaily Thank you for supporting our pickers 🙌,2026-08-01T17:20:09+0000,loopcycle.nusantara,10,false,true,n/a,brand_reply
17918345121363939,17908775681335588,launch_reel,17917398036637898,"@rinalife58 You can get it via the link in bio, Shopee, Tokopedia, TikTok Shop or our Bandung store 💚",2026-08-01T17:28:07+0000,loopcycle.nusantara,1,false,true,n/a,brand_reply
17987189069308206,17908775681335588,launch_reel,17966481971486137,Following this thread,2026-08-01T18:07:50+0000,rezamom,2,false,false,neutral,user_reply
17972035521743564,17908775681335588,launch_reel,,What are the dimensions?,2026-08-01T18:22:24+0000,siti_id44,0,false,false,neutral,size
17906082571952813,17908775681335588,launch_reel,,Price?,2026-08-01T18:32:48+0000,lestari_fit,0,false,false,neutral,price
17930827671754229,17908775681335588,launch_reel,17977598704148659,Wash cold with mild soap and dry in the shade. No bleach or tumble dryer 🧼,2026-08-01T18:52:59+0000,loopcycle.nusantara,5,false,true,n/a,brand_reply
17956160543427394,17908775681335588,launch_reel,17947077620467015,"Hi! The Loop Tote is Rp 189,000 on our website, marketplaces and in our Bandung store 💚",2026-08-01T19:52:00+0000,loopcycle.nusantara,5,false,true,n/a,brand_reply
17967266538488797,17908775681335588,launch_reel,,Where can I buy?,2026-08-01T19:58:29+0000,agus_green,0,false,false,neutral,where_to_buy
17923599036660815,17908775681335588,launch_reel,,Anyone know a good plumber in Bandung?,2026-08-01T19:59:50+0000,irfan_travel,0,false,false,unrelated,off_topic
17925829964935050,17908775681335588,launch_reel,,Anyone know a good plumber in Bandung?,2026-08-01T20:37:26+0000,andi_jkt52,0,false,false,unrelated,off_topic
17970353151755681,17908775681335588,launch_reel,17951076856546575,"You can get it via the link in bio, Shopee, Tokopedia, TikTok Shop or our Bandung store 💚",2026-08-01T21:11:48+0000,loopcycle.nusantara,8,false,true,n/a,brand_reply
17993177630461628,17908775681335588,launch_reel,,Price?,2026-08-01T21:31:13+0000,wulanid,1,false,false,neutral,price
17973336253940204,17908775681335588,launch_reel,17941059544482874,Thank you for supporting our pickers 🙌,2026-08-01T21:35:39+0000,loopcycle.nusantara,7,false,true,n/a,brand_reply
17987950193733189,17908775681335588,launch_reel,17978113834021337,So sorry about that! Please DM us your order number and we'll make it right 🙏,2026-08-01T21:42:49+0000,loopcycle.nusantara,10,false,true,n/a,brand_reply
17978348266755297,17908775681335588,launch_reel,17906920151770979,So sorry about that! Please DM us your order number and we'll make it right 🙏,2026-08-01T21:47:23+0000,loopcycle.nusantara,2,false,true,n/a,brand_reply
17986398603558452,17908775681335588,launch_reel,,Is the fabric waterproof?,2026-08-01T21:52:59+0000,mega_bdg,1,false,false,neutral,product_question
17938237962086320,17908775681335588,launch_reel,,Does it come in black?,2026-08-01T22:00:04+0000,reza.eats,0,false,false,neutral,product_question
17928532583630459,17908775681335588,launch_reel,,Love this! 💚,2026-08-01T22:11:26+0000,rizkybdg,0,false,false,positive,excitement
17982929151203475,17908775681335588,launch_reel,17999378257968443,Totally!,2026-08-01T22:14:36+0000,budidaily,0,false,false,positive,user_reply
17952448899517655,17908775681335588,launch_reel,17965153725152008,@nadia_green Wash cold with mild soap and dry in the shade. No bleach or tumble dryer 🧼,2026-08-01T22:16:30+0000,loopcycle.nusantara,7,false,true,n/a,brand_reply
17953764290937750,17908775681335588,launch_reel,,What's the song in the background?,2026-08-01T22:27:01+0000,wulan_life,6,false,false,unrelated,off_topic
17970476200582923,17908775681335588,launch_reel,17973587146683632,So sorry about that! Please DM us your order number and we'll make it right 🙏,2026-08-01T22:38:18+0000,loopcycle.nusantara,5,false,true,n/a,brand_reply
17918590484964370,17908775681335588,launch_reel,,Pickers deserve this recognition 👏 😍,2026-08-01T22:50:53+0000,reza.coffee15,0,false,false,positive,support_local
17902121479110403,17908775681335588,launch_reel,17968579876572322,"You can get it via the link in bio, Shopee, Tokopedia, TikTok Shop or our Bandung store 💚",2026-08-01T22:55:34+0000,loopcycle.nusantara,7,false,true,n/a,brand_reply
17935928408110005,17908775681335588,launch_reel,,"Already got mine and it's perfect, thank you!",2026-08-01T23:10:58+0000,fajar_coffee,2,false,false,positive,purchase
17985127920370844,17908775681335588,launch_reel,,🔥🔥🔥,2026-08-01T23:18:21+0000,siti.bdg35,1,false,false,positive,emoji_only
17908690744794112,17908775681335588,launch_reel,17906082571952813,"@lestari_fit Hi! The Loop Tote is Rp 189,000 on our website, marketplaces and in our Bandung store 💚",2026-08-02T00:26:48+0000,loopcycle.nusantara,1,false,true,n/a,brand_reply
17926121958848179,17908775681335588,launch_reel,,What are the dimensions?,2026-08-02T00:32:49+0000,galih.bookish,0,false,false,neutral,size
17990018243395685,17908775681335588,launch_reel,17993554520057263,@mega_travel12 So sorry about that! Please DM us your order number and we'll make it right 🙏,2026-08-02T00:42:08+0000,loopcycle.nusantara,7,false,true,n/a,brand_reply
17924388965277235,17908775681335588,launch_reel,,Finally a tote that tells a real story,2026-08-02T00:48:47+0000,joko.fit,0,false,false,positive,sustainability
17914759806265766,17908775681335588,launch_reel,,My package arrived with the box crushed,2026-08-02T01:02:42+0000,sitiplants,1,false,false,unrelated,packaging_damage
17921662984729377,17908775681335588,launch_reel,17931600490117710,@tari_jkt So sorry about that! Please DM us your order number and we'll make it right 🙏,2026-08-02T01:09:43+0000,loopcycle.nusantara,1,false,true,n/a,brand_reply
17927326371721661,17908775681335588,launch_reel,,Love this! 💚,2026-08-02T01:26:08+0000,intan_8145,0,false,false,positive,excitement
17946306349952518,17908775681335588,launch_reel,17961662278597180,@hendra.plants Thank you for supporting our pickers 🙌,2026-08-02T01:42:10+0000,loopcycle.nusantara,0,false,true,n/a,brand_reply
17923892233275794,17908775681335588,launch_reel,,"14 bottles in one bag, that's amazing",2026-08-02T01:46:27+0000,ayugreen85,2,false,false,positive,sustainability
17996049287238403,17908775681335588,launch_reel,,Delivery to Surabaya took two weeks,2026-08-02T03:05:48+0000,yoga.travel87,6,false,false,unrelated,delivery_delay
17909434719603062,17908775681335588,launch_reel,,14 bottles?! That's amazing,2026-08-02T03:12:02+0000,citrajkt,2,false,false,positive,sustainability
17951164822897250,17908775681335588,launch_reel,,Is it available on Tokopedia?,2026-08-02T03:17:02+0000,galihstudio,0,false,false,neutral,where_to_buy
17919814614162326,17908775681335588,launch_reel,,Proud of you guys!,2026-08-02T04:13:54+0000,yoga24,0,false,false,positive,support_local
17993750575061889,17908775681335588,launch_reel,17972035521743564,"@siti_id44 Roughly 40 × 38 × 12 cm: enough for a laptop, lunch and a bottle 💚",2026-08-02T05:21:24+0000,loopcycle.nusantara,8,false,true,n/a,brand_reply
17929747378300487,17908775681335588,launch_reel,,Great initiative @loopcycle.nusantara,2026-08-02T06:31:26+0000,tarimom,1,false,false,positive,support_local
17956632803047863,17908775681335588,launch_reel,17924334711003734,"@rezafit19 We ship across Indonesia, and internationally through Amazon Global 🌏",2026-08-02T06:44:09+0000,loopcycle.nusantara,6,false,true,n/a,brand_reply
17903208329585354,17908775681335588,launch_reel,,Obsessed 😍😍,2026-08-02T06:57:32+0000,irfan.sehat97,0,false,false,positive,excitement
17982107022663965,17908775681335588,launch_reel,,Obsessed 😍😍,2026-08-02T08:04:34+0000,ekoeats,0,false,false,positive,excitement
17917300819944029,17908775681335588,launch_reel,,🔥🔥🔥 🔥,2026-08-02T09:05:51+0000,citra_bookish,0,false,false,positive,emoji_only
17932234153648019,17908775681335588,launch_reel,17923892233275794,@ayugreen85 So happy you love it! 💚,2026-08-02T09:10:27+0000,loopcycle.nusantara,1,false,true,n/a,brand_reply
17905622846213898,17908775681335588,launch_reel,17914759806265766,So sorry about that! Please DM us your order number and we'll make it right 🙏,2026-08-02T09:10:42+0000,loopcycle.nusantara,9,false,true,n/a,brand_reply
17955064209480215,17908775681335588,launch_reel,,This is the future 🌍 🙌,2026-08-02T09:37:59+0000,irfanbdg,1,false,false,positive,sustainability
17978527339309926,17908775681335588,launch_reel,17996049287238403,So sorry about that! Please DM us your order number and we'll make it right 🙏,2026-08-02T10:16:48+0000,loopcycle.nusantara,4,false,true,n/a,brand_reply
17907759006078975,17908775681335588,launch_reel,,Do you ship to Malaysia?,2026-08-02T10:54:29+0000,megamom54,1,false,false,neutral,shipping_question
17922373782928002,17908775681335588,launch_reel,,Price?,2026-08-02T11:12:10+0000,eko.daily,0,false,false,neutral,price
17981377772341840,17908775681335588,launch_reel,,Price?,2026-08-02T11:49:54+0000,eko38,0,false,false,neutral,price
17977786387645175,17908775681335588,launch_reel,,"So cool, supporting local! 🙌",2026-08-02T13:36:33+0000,mega.96,2,false,false,positive,support_local
17942997182641370,17908775681335588,launch_reel,17951164822897250,"@galihstudio You can get it via the link in bio, Shopee, Tokopedia, TikTok Shop or our Bandung store 💚",2026-08-02T15:12:02+0000,loopcycle.nusantara,3,false,true,n/a,brand_reply
17936408553227575,17908775681335588,launch_reel,,This is the future 🌍 💚,2026-08-02T15:19:50+0000,mayafit,0,false,false,positive,sustainability
17988668522732711,17908775681335588,launch_reel,,@joko.fit3 you need this! 😍,2026-08-02T15:29:47+0000,maya13,0,false,false,positive,tag_friend
17985474890302857,17908775681335588,launch_reel,,Love this! 💚,2026-08-02T16:26:05+0000,nadia.jkt,1,false,false,positive,excitement
17902440587642381,17908775681335588,launch_reel,,Is the fabric waterproof?,2026-08-02T16:50:46+0000,megaofficial65,0,false,false,neutral,product_question
17920084437972814,17908775681335588,launch_reel,17907759006078975,"We ship across Indonesia, and internationally through Amazon Global 🌏",2026-08-02T17:28:29+0000,loopcycle.nusantara,6,false,true,n/a,brand_reply
17934815225533465,17908775681335588,launch_reel,,What are the dimensions?,2026-08-02T17:51:01+0000,rizky.life40,0,false,false,neutral,size
17900106959800905,17908775681335588,launch_reel,,Beautiful colours 😍,2026-08-02T17:55:04+0000,galih.studio,1,false,false,positive,design
17944353435173553,17908775681335588,launch_reel,,This is the future 🌍,2026-08-02T18:02:53+0000,galih.bdg,0,false,false,positive,sustainability
17993581051655451,17908775681335588,launch_reel,17981377772341840,"@eko38 Hi! The Loop Tote is Rp 189,000 on our website, marketplaces and in our Bandung store 💚",2026-08-02T18:12:54+0000,loopcycle.nusantara,3,false,true,n/a,brand_reply
17927349220397284,17908775681335588,launch_reel,,Do you ship to Singapore?,2026-08-02T18:38:11+0000,ekobdg,0,false,false,neutral,shipping_question
17997748912204190,17908775681335588,launch_reel,,First!,2026-08-02T18:47:27+0000,intan_id15,0,false,false,unrelated,off_topic
17950511602372123,17908775681335588,launch_reel,,Pickers deserve this recognition 👏 🔥,2026-08-02T19:01:28+0000,wulan.fit,1,false,false,positive,support_local
17919523158592607,17908775681335588,launch_reel,,Does it come in black?,2026-08-02T19:27:43+0000,bayu_id32,0,false,false,neutral,product_question
17982420541153944,17908775681335588,launch_reel,,Where can I buy?,2026-08-02T21:15:48+0000,fajar.studio,3,false,false,neutral,where_to_buy
17997641704065406,17908775681335588,launch_reel,,"So cool, supporting local! 🙌 💚",2026-08-02T21:21:08+0000,putri_green53,0,false,false,positive,support_local
17928697499540567,17908775681335588,launch_reel,,Is the fabric waterproof?,2026-08-02T21:27:27+0000,yoga_studio,0,false,false,neutral,product_question
17904568096899516,17908775681335588,launch_reel,17927349220397284,"We ship across Indonesia, and internationally through Amazon Global 🌏",2026-08-02T21:31:11+0000,loopcycle.nusantara,8,false,true,n/a,brand_reply
17969580290703499,17908775681335588,launch_reel,,Great initiative @loopcycle.nusantara 🔥,2026-08-02T21:40:40+0000,sintajkt,2,false,false,positive,support_local
17952500871092347,17908775681335588,launch_reel,,Pickers deserve this recognition 👏 😍,2026-08-02T21:51:04+0000,putri.travel,0,false,false,positive,support_local
17942708388108687,17908775681335588,launch_reel,17982420541153944,"You can get it via the link in bio, Shopee, Tokopedia, TikTok Shop or our Bandung store 💚",2026-08-02T22:41:48+0000,loopcycle.nusantara,10,false,true,n/a,brand_reply
17990359259551506,17908775681335588,launch_reel,,What are the dimensions?,2026-08-02T23:23:34+0000,galih_thrift,0,false,false,neutral,size
17937364484380251,17908775681335588,launch_reel,,What are the dimensions?,2026-08-03T01:02:09+0000,hendra_travel54,0,false,false,neutral,size
17971155222977485,17908775681335588,launch_reel,,Where can I buy?,2026-08-03T01:58:54+0000,budi.bdg,3,false,false,neutral,where_to_buy
17914062694981147,17908775681335588,launch_reel,,Price?,2026-08-03T01:59:20+0000,ekoplants,4,false,false,neutral,price
17978377126893646,17908775681335588,launch_reel,17934815225533465,"Roughly 40 × 38 × 12 cm: enough for a laptop, lunch and a bottle 💚",2026-08-03T02:21:01+0000,loopcycle.nusantara,1,false,true,n/a,brand_reply
17946410053760920,17908775681335588,launch_reel,,Is it available on Tokopedia?,2026-08-03T02:48:17+0000,citra.plants,0,false,false,neutral,where_to_buy
17911585750428573,17908775681335588,launch_reel,17937364484380251,"Roughly 40 × 38 × 12 cm: enough for a laptop, lunch and a bottle 💚",2026-08-03T03:23:09+0000,loopcycle.nusantara,1,false,true,n/a,brand_reply
17943017361999959,17908775681335588,launch_reel,,"Earn money from home, check my bio",2026-08-03T03:33:45+0000,cryptoking12,0,true,false,unrelated,spam
17905063345259667,17908775681335588,launch_reel,,What are the dimensions?,2026-08-03T04:23:11+0000,fajar_green,0,false,false,neutral,size
17915261815873058,17908775681335588,launch_reel,17971155222977485,"You can get it via the link in bio, Shopee, Tokopedia, TikTok Shop or our Bandung store 💚",2026-08-03T04:28:54+0000,loopcycle.nusantara,3,false,true,n/a,brand_reply
17980224617457317,17908775681335588,launch_reel,,Is it available on Tokopedia?,2026-08-03T04:45:36+0000,bayulife,4,false,false,neutral,where_to_buy
17903068150192618,17908775681335588,launch_reel,17919523158592607,Same question!,2026-08-03T04:45:43+0000,budi.id88,3,false,false,neutral,user_reply
17972317430846758,17908775681335588,launch_reel,17952500871092347,Thank you for supporting our pickers 🙌,2026-08-03T05:33:04+0000,loopcycle.nusantara,2,false,true,n/a,brand_reply
17903169916823259,17908775681335588,launch_reel,17914062694981147,"Hi! The Loop Tote is Rp 189,000 on our website, marketplaces and in our Bandung store 💚",2026-08-03T06:22:20+0000,loopcycle.nusantara,10,false,true,n/a,brand_reply
17948140667817597,17908775681335588,launch_reel,,Great initiative @loopcycle.nusantara 🙌,2026-08-03T06:54:47+0000,nadia_eats,0,false,false,positive,support_local
17908376126379935,17908775681335588,launch_reel,,🔥🔥🔥 🙌,2026-08-03T07:08:11+0000,siti_bdg44,2,false,false,positive,emoji_only
17938623614624471,17908775681335588,launch_reel,,Is it machine washable?,2026-08-03T07:46:18+0000,putri_life5,0,false,false,neutral,care_question
17974874218992821,17908775681335588,launch_reel,,Is it really recycled or just marketing?,2026-08-03T07:53:06+0000,hendra_daily,0,false,false,negative,skepticism
17992363338446455,17908775681335588,launch_reel,,This is the future 🌍 🔥,2026-08-03T08:09:42+0000,galihid,0,false,false,positive,sustainability
17902624082670741,17908775681335588,launch_reel,,Is the fabric waterproof?,2026-08-03T08:30:00+0000,andithrift61,5,false,false,neutral,product_question
17912892333558250,17908775681335588,launch_reel,,First!,2026-08-03T08:35:28+0000,rina.green,1,false,false,unrelated,off_topic
17967641979366124,17908775681335588,launch_reel,,Honestly feels like greenwashing,2026-08-03T09:10:36+0000,ayu.plants,0,false,false,negative,skepticism
17963911763407914,17908775681335588,launch_reel,,Do you have a store in Bandung?,2026-08-03T10:05:29+0000,yoga.official,0,false,false,neutral,where_to_buy
17970437050917486,17908775681335588,launch_reel,,Beautiful colours 😍,2026-08-03T10:09:06+0000,sinta_daily,4,false,false,positive,design
17938063518266425,17908775681335588,launch_reel,,Anyone know a good plumber in Bandung?,2026-08-03T10:16:29+0000,agusgreen69,1,false,false,unrelated,off_topic
17944430537791929,17908775681335588,launch_reel,17905063345259667,"@fajar_green Roughly 40 × 38 × 12 cm: enough for a laptop, lunch and a bottle 💚",2026-08-03T10:27:11+0000,loopcycle.nusantara,0,false,true,n/a,brand_reply
17981725524432073,17908775681335588,launch_reel,,Obsessed 😍😍,2026-08-03T10:47:52+0000,ekobdg66,7,false,false,positive,excitement
17973402092022191,17908775681335588,launch_reel,,Where can I buy?,2026-08-03T12:04:35+0000,wulanofficial,0,false,false,neutral,where_to_buy
17986302877243441,17908775681335588,launch_reel,17990359259551506,"Roughly 40 × 38 × 12 cm: enough for a laptop, lunch and a bottle 💚",2026-08-03T12:11:34+0000,loopcycle.nusantara,7,false,true,n/a,brand_reply
17918755398042382,17908775681335588,launch_reel,,Looks smaller than a regular tote,2026-08-03T12:13:15+0000,galihbdg,1,false,false,negative,size_complaint
17982640638483815,17908775681335588,launch_reel,,Link?,2026-08-03T13:00:54+0000,fajar.sehat,0,false,false,neutral,where_to_buy
17989165287729530,17908775681335588,launch_reel,,Pickers deserve this recognition 👏,2026-08-03T13:04:11+0000,budi.bookish,1,false,false,positive,support_local
17982179775656493,17908775681335588,launch_reel,17982640638483815,"You can get it via the link in bio, Shopee, Tokopedia, TikTok Shop or our Bandung store 💚",2026-08-03T14:56:54+0000,loopcycle.nusantara,10,false,true,n/a,brand_reply
17935340664981604,17908775681335588,launch_reel,17948140667817597,@nadia_eats So happy you love it! 💚,2026-08-03T18:53:47+0000,loopcycle.nusantara,4,false,true,n/a,brand_reply
17974532687167462,17908775681335588,launch_reel,,Obsessed 😍😍,2026-08-03T19:27:19+0000,galih.mom,0,false,false,positive,excitement
17941779803412476,17908775681335588,launch_reel,,Need one in indigo! 🙌,2026-08-03T19:41:51+0000,wulan_bookish,2,false,false,positive,excitement
17918218744463619,17908775681335588,launch_reel,,Beautiful colours 😍,2026-08-03T21:38:59+0000,irfan.hijau,1,false,false,positive,design
17931230890838549,17908775681335588,launch_reel,17973402092022191,"@wulanofficial You can get it via the link in bio, Shopee, Tokopedia, TikTok Shop or our Bandung store 💚",2026-08-03T22:09:35+0000,loopcycle.nusantara,2,false,true,n/a,brand_reply
17942205442344607,17908775681335588,launch_reel,17963911763407914,"You can get it via the link in bio, Shopee, Tokopedia, TikTok Shop or our Bandung store 💚",2026-08-03T22:26:29+0000,loopcycle.nusantara,8,false,true,n/a,brand_reply
17918187810372318,17908775681335588,launch_reel,,@rina_daily you need this! 😍,2026-08-04T00:00:47+0000,intanbdg,1,false,false,positive,tag_friend
17961682575567034,17908775681335588,launch_reel,,Price?,2026-08-04T03:48:23+0000,reza_hijau,0,false,false,neutral,price
17993659572794308,17908775681335588,launch_reel,,"14 bottles in one bag, that's amazing",2026-08-04T04:48:59+0000,galih_96,5,false,false,positive,sustainability
17920928975551261,17908775681335588,launch_reel,,Pickers deserve this recognition 👏,2026-08-04T07:11:24+0000,rina_jkt42,2,false,false,positive,support_local
17951639314115658,17908775681335588,launch_reel,,Where can I buy?,2026-08-04T07:19:05+0000,lestarihijau,0,false,false,neutral,where_to_buy
17990892737969944,17908775681335588,launch_reel,,Courier left it with the guard and never told me,2026-08-04T07:57:36+0000,rizkyfit,2,false,false,unrelated,courier_handling
17903463541269852,17908775681335588,launch_reel,,Honestly feels like greenwashing,2026-08-04T11:00:36+0000,budi_mom,1,false,false,negative,skepticism
17909178955936228,17908775681335588,launch_reel,,Is it machine washable?,2026-08-04T11:52:12+0000,rezafit,0,false,false,neutral,care_question
17944339554784244,17908775681335588,launch_reel,,Just ordered mine!,2026-08-04T12:17:30+0000,mega_thrift,1,false,false,positive,purchase
17941768661496303,17908775681335588,launch_reel,17990892737969944,So sorry about that! Please DM us your order number and we'll make it right 🙏,2026-08-04T12:18:36+0000,loopcycle.nusantara,5,false,true,n/a,brand_reply
17925896916704696,17908775681335588,launch_reel,,Take my money!,2026-08-04T12:28:21+0000,nadia.green65,1,false,false,positive,excitement
17954847291417173,17908775681335588,launch_reel,17951639314115658,"You can get it via the link in bio, Shopee, Tokopedia, TikTok Shop or our Bandung store 💚",2026-08-04T13:32:05+0000,loopcycle.nusantara,5,false,true,n/a,brand_reply
17984574233778362,17908775681335588,launch_reel,17925896916704696,"@nadia.green65 You can get it via the link in bio, Shopee, Tokopedia, TikTok Shop or our Bandung store 💚",2026-08-04T13:44:21+0000,loopcycle.nusantara,7,false,true,n/a,brand_reply
17967415590213885,17908775681335588,launch_reel,17944339554784244,So happy you love it! 💚,2026-08-04T13:54:30+0000,loopcycle.nusantara,4,false,true,n/a,brand_reply
17963892352635369,17908775681335588,launch_reel,,Does it come in black?,2026-08-04T14:11:33+0000,fajar.fit,2,false,false,neutral,product_question
17915331802589161,17908775681335588,launch_reel,,Proud of you guys! 💚,2026-08-04T14:46:09+0000,intan.coffee33,1,false,false,positive,support_local
17937225741796803,17908775681335588,launch_reel,,What are the dimensions?,2026-08-04T16:46:26+0000,yoga.jkt,0,false,false,neutral,size
17918470967653579,17908775681335588,launch_reel,17909178955936228,@rezafit Wash cold with mild soap and dry in the shade. No bleach or tumble dryer 🧼,2026-08-04T16:57:12+0000,loopcycle.nusantara,2,false,true,n/a,brand_reply
17910807324505659,17908775681335588,launch_reel,,Obsessed 😍😍,2026-08-04T19:13:26+0000,wulan_plants51,1,false,false,positive,excitement
17940585140918734,17908775681335588,launch_reel,17937225741796803,"Roughly 40 × 38 × 12 cm: enough for a laptop, lunch and a bottle 💚",2026-08-04T20:04:26+0000,loopcycle.nusantara,8,false,true,n/a,brand_reply
17974972805426620,17908775681335588,launch_reel,17910807324505659,@wulan_plants51 So happy you love it! 💚,2026-08-04T20:46:26+0000,loopcycle.nusantara,11,false,true,n/a,brand_reply
17927541553793389,17908775681335588,launch_reel,,Pickers deserve this recognition 👏,2026-08-04T21:07:04+0000,dewifit87,1,false,false,positive,support_local
17961650302860373,17908775681335588,launch_reel,,Obsessed 😍😍,2026-08-04T21:40:32+0000,agus.jkt,0,false,false,positive,excitement
17967121265312558,17908775681335588,launch_reel,,"So cool, supporting local! 🙌",2026-08-04T21:52:54+0000,putri_thrift,1,false,false,positive,support_local
17957558097834532,17908775681335588,launch_reel,17903463541269852,"Same here, mine too",2026-08-05T00:28:36+0000,sitiid62,0,false,false,negative,user_reply
17991559628078691,17908775681335588,launch_reel,,Link?,2026-08-05T04:44:18+0000,mega_id3,0,false,false,neutral,where_to_buy
17919552404619726,17908775681335588,launch_reel,,Does it come in black?,2026-08-05T08:03:48+0000,joko_daily30,0,false,false,neutral,product_question
17970741343555482,17908775681335588,launch_reel,17991559628078691,"You can get it via the link in bio, Shopee, Tokopedia, TikTok Shop or our Bandung store 💚",2026-08-05T09:58:18+0000,loopcycle.nusantara,4,false,true,n/a,brand_reply
17999133351251937,17908775681335588,launch_reel,,"14 bottles in one bag, that's amazing 😍",2026-08-05T10:59:32+0000,ekoplants78,0,false,false,positive,sustainability
17967726635864097,17908775681335588,launch_reel,,Price seems high for a plastic bag,2026-08-05T12:27:05+0000,ayu.eats,0,false,false,negative,price_complaint
17996894348968016,17908775681335588,launch_reel,,"Already got mine and it's perfect, thank you!",2026-08-05T21:03:03+0000,lestari.78,1,false,false,positive,purchase
17904210412357784,17908775681335588,launch_reel,,Link?,2026-08-06T04:47:33+0000,galih_green,0,false,false,neutral,where_to_buy
17954279077787742,17908775681335588,launch_reel,,Do you ship to Singapore?,2026-08-06T10:23:26+0000,irfan.mom,0,false,false,neutral,shipping_question
17990640903403115,17908775681335588,launch_reel,17954279077787742,Same question!,2026-08-06T20:15:26+0000,dewi_jkt47,0,false,false,neutral,user_reply
17947665758166460,17908775681335588,launch_reel,,Is the fabric waterproof?,2026-08-07T00:50:23+0000,fajar_studio,0,false,false,neutral,product_question
17918775672936006,17908775681335588,launch_reel,,What are the dimensions?,2026-08-07T04:48:31+0000,rezaofficial1,0,false,false,neutral,size
17922973703261993,17908775681335588,launch_reel,17918775672936006,"Roughly 40 × 38 × 12 cm: enough for a laptop, lunch and a bottle 💚",2026-08-07T18:27:31+0000,loopcycle.nusantara,9,false,true,n/a,brand_reply
17902031350176730,17908775681335588,launch_reel,,Is it machine washable?,2026-08-07T18:50:50+0000,dewi.68,0,false,false,neutral,care_question
17972788435012409,17908775681335588,launch_reel,,Beautiful colours 😍,2026-08-08T00:50:27+0000,bayubdg84,2,false,false,positive,design
17904273540091814,17908775681335588,launch_reel,17902031350176730,Following this thread,2026-08-08T08:56:50+0000,yoga_bdg56,0,false,false,neutral,user_reply
17936955169374721,17908775681335588,launch_reel,,14 bottles?! That's amazing,2026-08-08T11:14:18+0000,andi_mom86,1,false,false,positive,sustainability
17982626925888224,17908775681335588,launch_reel,,Pickers deserve this recognition 👏 🙌,2026-08-09T03:36:28+0000,irfan.54,1,false,false,positive,support_local
17915636167134164,17908775681335588,launch_reel,17982626925888224,@irfan.54 So happy you love it! 💚,2026-08-09T04:16:28+0000,loopcycle.nusantara,10,false,true,n/a,brand_reply
17955676856062729,17908775681335588,launch_reel,,Proud of you guys! 🔥,2026-08-09T06:36:26+0000,hendra_6995,0,false,false,positive,support_local
17984847333226127,17908775681335588,launch_reel,,Pickers deserve this recognition 👏 😍,2026-08-09T11:15:33+0000,mega.life,0,false,false,positive,support_local
17960782896992640,17908775681335588,launch_reel,,14 bottles?! That's amazing,2026-08-13T02:43:23+0000,siti.travel,1,false,false,positive,sustainability
17907337960428741,17908775681335588,launch_reel,,Do you ship to Malaysia?,2026-08-13T09:04:21+0000,sitiofficial94,0,false,false,neutral,shipping_question
17939120774583470,17908775681335588,launch_reel,17960782896992640,@siti.travel So happy you love it! 💚,2026-08-13T11:41:23+0000,loopcycle.nusantara,1,false,true,n/a,brand_reply
17989315874593848,17908775681335588,launch_reel,,"So cool, supporting local! 🙌",2026-08-13T20:12:15+0000,irfan.eats99,1,false,false,positive,support_local
17930851368823661,17908775681335588,launch_reel,17907337960428741,"We ship across Indonesia, and internationally through Amazon Global 🌏",2026-08-13T20:18:21+0000,loopcycle.nusantara,5,false,true,n/a,brand_reply
17938120461263723,17908775681335588,launch_reel,,Customer service not replying on WhatsApp,2026-08-17T12:42:40+0000,putrieats,2,false,false,unrelated,seller_service
17956243120657692,17908775681335588,launch_reel,17938120461263723,So sorry about that! Please DM us your order number and we'll make it right 🙏,2026-08-17T16:49:40+0000,loopcycle.nusantara,9,false,true,n/a,brand_reply
17986941147418468,17908775681335588,launch_reel,,Pickers deserve this recognition 👏,2026-09-12T02:45:55+0000,megahijau,2,false,false,positive,support_local
17932090521133182,17908880999865633,milestone_reel,,Beautiful colours 😍,2026-09-23T02:23:50+0000,andijkt,0,false,false,positive,design
17984518831428714,17908880999865633,milestone_reel,,Price?,2026-09-23T02:34:27+0000,nadiafit24,0,false,false,neutral,price
17900591249037975,17908880999865633,milestone_reel,,Delivery to Surabaya took two weeks,2026-09-23T02:51:26+0000,andi_green,0,false,false,unrelated,delivery_delay
17943321488473331,17908880999865633,milestone_reel,,Delivery to Surabaya took two weeks,2026-09-23T03:10:01+0000,rizky.thrift,2,false,false,unrelated,delivery_delay
17960265987935847,17908880999865633,milestone_reel,,@andi_61 you need this! 😍,2026-09-23T03:18:13+0000,yogajkt,3,false,false,positive,tag_friend
17965113585645021,17908880999865633,milestone_reel,,This is the future 🌍 😍,2026-09-23T03:22:20+0000,budi.plants69,1,false,false,positive,sustainability
17936451383055271,17908880999865633,milestone_reel,,Proud of the pickers who made this happen 👏,2026-09-23T03:24:28+0000,siti.green,5,false,false,positive,support_local
17936779125455893,17908880999865633,milestone_reel,,"10,000 bags, that's 140,000 bottles kept out of landfill!",2026-09-23T03:42:17+0000,nadialife,1,false,false,positive,sustainability
17924656141305504,17908880999865633,milestone_reel,,"I'm one of the 10,000 😊 love mine",2026-09-23T03:48:36+0000,andi.coffee,0,false,false,positive,purchase
17979873002513951,17908880999865633,milestone_reel,,Proud of the pickers who made this happen 👏,2026-09-23T04:09:25+0000,agus.id69,2,false,false,positive,support_local
17956440092027687,17908880999865633,milestone_reel,,@putri_green13 you need this! 😍,2026-09-23T04:12:49+0000,reza.green,0,false,false,positive,tag_friend
17941974275831045,17908880999865633,milestone_reel,,Need one in indigo!,2026-09-23T05:05:39+0000,joko.jkt86,1,false,false,positive,excitement
17932693531743833,17908880999865633,milestone_reel,,Beautiful colours 😍,2026-09-23T05:10:30+0000,sitilife,1,false,false,positive,design
17918164905143060,17908880999865633,milestone_reel,,Are the pickers getting a bonus?,2026-09-23T05:16:50+0000,sintalife,0,false,false,neutral,product_question
17915489991085223,17908880999865633,milestone_reel,,@rizky_eats you need this! 😍,2026-09-23T05:21:29+0000,agusstudio,1,false,false,positive,tag_friend
17979633713263450,17908880999865633,milestone_reel,,Proud of the pickers who made this happen 👏,2026-09-23T05:22:05+0000,irfan.studio,2,false,false,positive,support_local
17961608661535648,17908880999865633,milestone_reel,,This is the future 🌍,2026-09-23T05:22:26+0000,wulan.green,0,false,false,positive,sustainability
17942028118194361,17908880999865633,milestone_reel,,Where can I buy?,2026-09-23T05:22:27+0000,nadia.hijau,0,false,false,neutral,where_to_buy
17944185323154767,17908880999865633,milestone_reel,,Are the pickers getting a bonus?,2026-09-23T05:25:42+0000,nadiatravel,0,false,false,neutral,product_question
17999201543914113,17908880999865633,milestone_reel,,Love this! 💚,2026-09-23T05:43:55+0000,putriofficial,2,false,false,positive,excitement
17936520154291274,17908880999865633,milestone_reel,,"So cool, supporting local! 🙌 💚",2026-09-23T05:52:26+0000,lestarijkt86,0,false,false,positive,support_local
17972251252959590,17908880999865633,milestone_reel,,Delivery to Surabaya took two weeks,2026-09-23T06:30:46+0000,lestari.bdg,0,false,false,unrelated,delivery_delay
17908962092248992,17908880999865633,milestone_reel,,This is the future 🌍,2026-09-23T07:13:17+0000,fajarsehat,1,false,false,positive,sustainability
17905076620525711,17908880999865633,milestone_reel,,First!,2026-09-23T07:43:10+0000,tari_mom50,0,false,false,unrelated,off_topic
17969666343442923,17908880999865633,milestone_reel,,@tari.8836 you need this! 😍,2026-09-23T07:44:05+0000,joko.thrift,1,false,false,positive,tag_friend
17969413407787891,17908880999865633,milestone_reel,,Congrats!! 🎉 😍,2026-09-23T07:48:24+0000,siti.plants18,2,false,false,positive,congrats
17987797969486653,17908880999865633,milestone_reel,,Beautiful colours 😍,2026-09-23T07:58:05+0000,joko.id,7,false,false,positive,design
17925448456648988,17908880999865633,milestone_reel,17900591249037975,"Same, still waiting",2026-09-23T08:12:26+0000,irfan.fit,1,false,false,unrelated,user_reply
17917267357710056,17908880999865633,milestone_reel,,Love this! 💚,2026-09-23T08:14:30+0000,lestari.sehat79,1,false,false,positive,excitement
17931140828700914,17908880999865633,milestone_reel,,Need one in indigo!,2026-09-23T08:17:13+0000,nadia.fit35,7,false,false,positive,excitement
17925725965537834,17908880999865633,milestone_reel,,"Wrong colour sent, ordered indigo and got sand",2026-09-23T08:28:17+0000,dewihijau84,5,false,false,unrelated,wrong_item
17958327693598560,17908880999865633,milestone_reel,,Love this! 💚,2026-09-23T08:36:08+0000,putri.travel55,1,false,false,positive,excitement
17982166170469803,17908880999865633,milestone_reel,,"Congrats, but please fix your stock issues",2026-09-23T08:37:27+0000,ayu_thrift,2,false,false,negative,stock_complaint
17972812566075227,17908880999865633,milestone_reel,17972251252959590,@lestari.bdg So sorry about that! Please DM us your order number and we'll make it right 🙏,2026-09-23T08:40:46+0000,loopcycle.nusantara,9,false,true,n/a,brand_reply
17957025337683388,17908880999865633,milestone_reel,,Congrats!! 🎉,2026-09-23T08:46:05+0000,lestaribookish,5,false,false,positive,congrats
17918391763070268,17908880999865633,milestone_reel,,Congrats!! 🎉,2026-09-23T08:46:56+0000,nadiaeats,0,false,false,positive,congrats
17917112330960041,17908880999865633,milestone_reel,,"Earn money from home, check my bio",2026-09-23T08:55:23+0000,promo_9606_id,0,true,false,unrelated,spam
17904952544189039,17908880999865633,milestone_reel,,@sinta.plants68 you need this! 😍,2026-09-23T09:01:57+0000,lestari_studio32,1,false,false,positive,tag_friend
17982268102444997,17908880999865633,milestone_reel,,Honestly feels like greenwashing,2026-09-23T09:22:45+0000,fajar_mom19,5,false,false,negative,skepticism
17985864600823107,17908880999865633,milestone_reel,,First!,2026-09-23T09:27:50+0000,intan.sehat28,6,false,false,unrelated,off_topic
17950798791661210,17908880999865633,milestone_reel,,This is the future 🌍,2026-09-23T09:28:28+0000,intan_plants,0,false,false,positive,sustainability
17925268517646404,17908880999865633,milestone_reel,,Beautiful colours 😍,2026-09-23T09:40:58+0000,sintadaily,1,false,false,positive,design
17951491155439781,17908880999865633,milestone_reel,,Where can I buy?,2026-09-23T10:02:42+0000,irfan.6274,0,false,false,neutral,where_to_buy
17966486545131948,17908880999865633,milestone_reel,,Beautiful colours 😍,2026-09-23T10:12:55+0000,siti_mom61,0,false,false,positive,design
17990061277070728,17908880999865633,milestone_reel,,Congrats!! 🎉,2026-09-23T10:37:10+0000,lestari_plants,1,false,false,positive,congrats
17956835477813331,17908880999865633,milestone_reel,17942028118194361,"You can get it via the link in bio, Shopee, Tokopedia, TikTok Shop or our Bandung store 💚",2026-09-23T10:55:27+0000,loopcycle.nusantara,10,false,true,n/a,brand_reply
17954391907435867,17908880999865633,milestone_reel,,Price?,2026-09-23T11:04:02+0000,rinabdg,0,false,false,neutral,price
17967955158584482,17908880999865633,milestone_reel,,"Parcel arrived wet, packaging was too thin",2026-09-23T11:24:20+0000,megaeats1,0,false,false,unrelated,packaging_damage
17968610078602377,17908880999865633,milestone_reel,17925725965537834,So sorry about that! Please DM us your order number and we'll make it right 🙏,2026-09-23T11:36:17+0000,loopcycle.nusantara,4,false,true,n/a,brand_reply
17967576500041240,17908880999865633,milestone_reel,17931140828700914,"You can get it via the link in bio, Shopee, Tokopedia, TikTok Shop or our Bandung store 💚",2026-09-23T11:54:13+0000,loopcycle.nusantara,7,false,true,n/a,brand_reply
17944947605589942,17908880999865633,milestone_reel,,Nice pic! Visit our page for big discounts,2026-09-23T12:23:22+0000,promo_7500_id,0,true,false,unrelated,spam
17924297631031453,17908880999865633,milestone_reel,,Congrats!! 🎉,2026-09-23T13:19:38+0000,nadia.id,0,false,false,positive,congrats
17916265413944039,17908880999865633,milestone_reel,17932693531743833,Thank you! 💚,2026-09-23T13:28:30+0000,loopcycle.nusantara,10,false,true,n/a,brand_reply
17972933344567075,17908880999865633,milestone_reel,,Congrats!! 🎉 😍,2026-09-23T13:33:15+0000,ayu_plants,1,false,false,positive,congrats
17980368162108681,17908880999865633,milestone_reel,,Love this! 💚,2026-09-23T13:45:25+0000,agus.coffee49,0,false,false,positive,excitement
17939564729431124,17908880999865633,milestone_reel,,Beautiful colours 😍,2026-09-23T13:57:42+0000,putri.sehat40,0,false,false,positive,design
17901509789495631,17908880999865633,milestone_reel,,Need one in indigo! 🔥,2026-09-23T14:21:32+0000,lestari_life84,1,false,false,positive,excitement
17988326645503168,17908880999865633,milestone_reel,17967955158584482,So sorry about that! Please DM us your order number and we'll make it right 🙏,2026-09-23T14:28:20+0000,loopcycle.nusantara,1,false,true,n/a,brand_reply
17981174293602306,17908880999865633,milestone_reel,,Do you have a store in Bandung?,2026-09-23T14:45:27+0000,joko.life41,0,false,false,neutral,where_to_buy
17914980499198397,17908880999865633,milestone_reel,17943321488473331,@rizky.thrift So sorry about that! Please DM us your order number and we'll make it right 🙏,2026-09-23T15:52:01+0000,loopcycle.nusantara,9,false,true,n/a,brand_reply
17925870657666451,17908880999865633,milestone_reel,,Need one in indigo!,2026-09-23T15:56:15+0000,irfan.thrift,0,false,false,positive,excitement
17974500631958688,17908880999865633,milestone_reel,,Nice pic! Visit our page for big discounts,2026-09-23T16:04:51+0000,promo_2992_id,0,true,false,unrelated,spam
17992637325206997,17908880999865633,milestone_reel,,Where can I buy?,2026-09-23T16:27:08+0000,budi.hijau,0,false,false,neutral,where_to_buy
17921322284877926,17908880999865633,milestone_reel,,This is the future 🌍,2026-09-23T16:38:34+0000,rezalife19,0,false,false,positive,sustainability
17917494981338955,17908880999865633,milestone_reel,,"10,000 bags, that's 140,000 bottles kept out of landfill!",2026-09-23T16:46:33+0000,rezadaily,0,false,false,positive,sustainability
17950974788206229,17908880999865633,milestone_reel,,@ayu_life you need this! 😍,2026-09-23T17:13:51+0000,tarihijau,1,false,false,positive,tag_friend
17913897841898723,17908880999865633,milestone_reel,17921322284877926,Thank you for supporting our pickers 🙌,2026-09-23T17:18:34+0000,loopcycle.nusantara,11,false,true,n/a,brand_reply
17987523670304340,17908880999865633,milestone_reel,17951491155439781,"@irfan.6274 You can get it via the link in bio, Shopee, Tokopedia, TikTok Shop or our Bandung store 💚",2026-09-23T17:19:42+0000,loopcycle.nusantara,0,false,true,n/a,brand_reply
17901676092347012,17908880999865633,milestone_reel,,How many bottles is that in total?,2026-09-23T17:49:08+0000,irfan_fit12,1,false,false,neutral,product_question
17981623017521357,17908880999865633,milestone_reel,,"Hope you hit 100,000 next!",2026-09-23T18:00:53+0000,joko_green,0,false,false,positive,congrats
17983699373830638,17908880999865633,milestone_reel,17901509789495631,"@lestari_life84 You can get it via the link in bio, Shopee, Tokopedia, TikTok Shop or our Bandung store 💚",2026-09-23T18:51:32+0000,loopcycle.nusantara,3,false,true,n/a,brand_reply
17929043258792281,17908880999865633,milestone_reel,,"I'm one of the 10,000 😊 love mine",2026-09-23T18:54:20+0000,andidaily12,0,false,false,positive,purchase
17954759351855631,17908880999865633,milestone_reel,,Will there be a discount to celebrate?,2026-09-23T18:55:19+0000,galih_bookish83,0,false,false,neutral,promo
17988253573459504,17908880999865633,milestone_reel,,Love this! 💚,2026-09-23T19:18:16+0000,mega.hijau,0,false,false,positive,excitement
17953840172489332,17908880999865633,milestone_reel,17954391907435867,"Hi! The Loop Tote is Rp 189,000 on our website, marketplaces and in our Bandung store 💚",2026-09-23T19:32:02+0000,loopcycle.nusantara,8,false,true,n/a,brand_reply
17902373227784434,17908880999865633,milestone_reel,,"10,000 bags is cool but the price is still too high",2026-09-23T20:20:40+0000,bayu.eats,1,false,false,negative,price_complaint
17973921069699990,17908880999865633,milestone_reel,,@citra.bdg52 you need this! 😍,2026-09-23T20:27:26+0000,putriplants,1,false,false,positive,tag_friend
17965408996992928,17908880999865633,milestone_reel,,@irfanhijau74 you need this! 😍,2026-09-23T21:09:29+0000,intaneats,0,false,false,positive,tag_friend
17904203671831762,17908880999865633,milestone_reel,,"Hope you hit 100,000 next! 💚",2026-09-23T21:16:16+0000,wulan_coffee46,0,false,false,positive,congrats
17924406371795084,17908880999865633,milestone_reel,17925870657666451,"You can get it via the link in bio, Shopee, Tokopedia, TikTok Shop or our Bandung store 💚",2026-09-23T21:22:15+0000,loopcycle.nusantara,10,false,true,n/a,brand_reply
17951294309442478,17908880999865633,milestone_reel,,Is there a new colour coming?,2026-09-23T21:40:56+0000,citrabdg,2,false,false,neutral,product_question
17906402333348666,17908880999865633,milestone_reel,17918391763070268,@nadiaeats Thank you! 💚,2026-09-23T21:56:56+0000,loopcycle.nusantara,2,false,true,n/a,brand_reply
17965674335293655,17908880999865633,milestone_reel,,"10,000 bags, that's 140,000 bottles kept out of landfill!",2026-09-23T22:01:20+0000,intan_bdg,9,false,false,positive,sustainability
17943227171073121,17908880999865633,milestone_reel,,Anyone know a good plumber in Bandung?,2026-09-23T22:08:09+0000,hendra.65,1,false,false,unrelated,off_topic
17973256569649839,17908880999865633,milestone_reel,,Anyone know a good plumber in Bandung?,2026-09-23T22:26:45+0000,agussehat40,0,false,false,unrelated,off_topic
17931974547940074,17908880999865633,milestone_reel,,"Hope you hit 100,000 next!",2026-09-23T22:31:08+0000,fajar_studio38,1,false,false,positive,congrats
17935420757910210,17908880999865633,milestone_reel,,"I'm one of the 10,000 😊 love mine",2026-09-23T23:55:37+0000,intan.fit,0,false,false,positive,purchase
17920977899845625,17908880999865633,milestone_reel,17965674335293655,Thank you! 💚,2026-09-24T00:16:20+0000,loopcycle.nusantara,6,false,true,n/a,brand_reply
17953268626679636,17908880999865633,milestone_reel,17904952544189039,"Same, I love mine too 💚",2026-09-24T00:34:57+0000,eko_id,0,false,false,positive,user_reply
17912702727492109,17908880999865633,milestone_reel,,Customer service not replying on WhatsApp,2026-09-24T01:19:03+0000,rinabookish,1,false,false,unrelated,seller_service
17965761429449070,17908880999865633,milestone_reel,,Delivery to Surabaya took two weeks,2026-09-24T01:38:27+0000,dewi_daily,0,false,false,unrelated,delivery_delay
17997583597184958,17908880999865633,milestone_reel,,"Hope you hit 100,000 next! 😍",2026-09-24T01:39:30+0000,bayu.bdg,10,false,false,positive,congrats
17981592229299959,17908880999865633,milestone_reel,,@bayu_studio you need this! 😍,2026-09-24T01:48:49+0000,andi_bookish,2,false,false,positive,tag_friend
17930459118363322,17908880999865633,milestone_reel,,Do you have a store in Bandung?,2026-09-24T01:51:40+0000,wulan.travel19,0,false,false,neutral,where_to_buy
17913063938186315,17908880999865633,milestone_reel,,Need one in indigo!,2026-09-24T02:18:18+0000,wulan.36,8,false,false,positive,excitement
17954459941065533,17908880999865633,milestone_reel,,Are the pickers getting a bonus?,2026-09-24T02:21:48+0000,rina_id38,1,false,false,neutral,product_question
17989390391790074,17908880999865633,milestone_reel,,Love this! 💚,2026-09-24T02:27:50+0000,budi_bookish,1,false,false,positive,excitement
17976503800322058,17908880999865633,milestone_reel,17954759351855631,Thank you! Use code THANKS10K for 10% off on our website this week 🎉,2026-09-24T02:33:19+0000,loopcycle.nusantara,5,false,true,n/a,brand_reply
17952801990267054,17908880999865633,milestone_reel,,Love this! 💚,2026-09-24T02:51:35+0000,sintajkt5,0,false,false,positive,excitement
17920993156738340,17908880999865633,milestone_reel,17992637325206997,"@budi.hijau You can get it via the link in bio, Shopee, Tokopedia, TikTok Shop or our Bandung store 💚",2026-09-24T02:59:08+0000,loopcycle.nusantara,8,false,true,n/a,brand_reply
17933230654229393,17908880999865633,milestone_reel,,Anyone know a good plumber in Bandung?,2026-09-24T03:03:13+0000,putricoffee,0,false,false,unrelated,off_topic
17906825285972199,17908880999865633,milestone_reel,,Price?,2026-09-24T03:37:07+0000,reza_sehat98,1,false,false,neutral,price
17954981214423262,17908880999865633,milestone_reel,,Beautiful colours 😍,2026-09-24T03:44:46+0000,intan_travel,2,false,false,positive,design
17995050731417992,17908880999865633,milestone_reel,,Love this! 💚,2026-09-24T03:46:20+0000,siti_travel,1,false,false,positive,excitement
17996159746433075,17908880999865633,milestone_reel,17913063938186315,"You can get it via the link in bio, Shopee, Tokopedia, TikTok Shop or our Bandung store 💚",2026-09-24T05:02:18+0000,loopcycle.nusantara,3,false,true,n/a,brand_reply
17991352997225958,17908880999865633,milestone_reel,,Need one in indigo! 😍,2026-09-24T05:23:53+0000,budi_1,2,false,false,positive,excitement
17978605040477722,17908880999865633,milestone_reel,,"10,000 bags, that's 140,000 bottles kept out of landfill!",2026-09-24T05:35:22+0000,wulanstudio46,0,false,false,positive,sustainability
17979447076328542,17908880999865633,milestone_reel,,First!,2026-09-24T05:36:05+0000,maya.mom,2,false,false,unrelated,off_topic
17909073186699591,17908880999865633,milestone_reel,,@tari.travel you need this! 😍,2026-09-24T05:53:48+0000,yoga.thrift,1,false,false,positive,tag_friend
17950665420220957,17908880999865633,milestone_reel,,Congrats!! 🎉 🙌,2026-09-24T05:54:46+0000,dewi.coffee,1,false,false,positive,congrats
17963713918327155,17908880999865633,milestone_reel,17965761429449070,So sorry about that! Please DM us your order number and we'll make it right 🙏,2026-09-24T05:57:27+0000,loopcycle.nusantara,0,false,true,n/a,brand_reply
17933949996360262,17908880999865633,milestone_reel,,Price?,2026-09-24T06:35:26+0000,andi_official,14,false,false,neutral,price
17987440002329040,17908880999865633,milestone_reel,,Need one in indigo!,2026-09-24T07:04:53+0000,fajar_life,2,false,false,positive,excitement
17953092315204878,17908880999865633,milestone_reel,,Beautiful colours 😍,2026-09-24T08:12:25+0000,irfanstudio,2,false,false,positive,design
17955519927708721,17908880999865633,milestone_reel,17987440002329040,"@fajar_life You can get it via the link in bio, Shopee, Tokopedia, TikTok Shop or our Bandung store 💚",2026-09-24T08:13:53+0000,loopcycle.nusantara,8,false,true,n/a,brand_reply
17990089614492724,17908880999865633,milestone_reel,,"Earn money from home, check my bio",2026-09-24T08:26:40+0000,cryptoking56,0,true,false,unrelated,spam
17976864107832714,17908880999865633,milestone_reel,,This is the future 🌍 🙌,2026-09-24T09:14:47+0000,bayu.studio21,0,false,false,positive,sustainability
17912190907598423,17908880999865633,milestone_reel,,"I'm one of the 10,000 😊 love mine",2026-09-24T10:05:26+0000,joko_bookish,1,false,false,positive,purchase
17931550234974053,17908880999865633,milestone_reel,,"10,000 bags is cool but the price is still too high",2026-09-24T10:54:04+0000,eko_91,1,false,false,negative,price_complaint
17984773498913285,17908880999865633,milestone_reel,17933949996360262,"@andi_official Hi! The Loop Tote is Rp 189,000 on our website, marketplaces and in our Bandung store 💚",2026-09-24T11:15:26+0000,loopcycle.nusantara,0,false,true,n/a,brand_reply
17992907869864141,17908880999865633,milestone_reel,17950665420220957,@dewi.coffee So happy you love it! 💚,2026-09-24T11:51:46+0000,loopcycle.nusantara,0,false,true,n/a,brand_reply
17920700352029680,17908880999865633,milestone_reel,,Beautiful colours 😍,2026-09-24T11:52:41+0000,wulan_3842,1,false,false,positive,design
17900798919587775,17908880999865633,milestone_reel,,Congrats!! 🎉 🙌,2026-09-24T12:18:56+0000,mega.thrift,0,false,false,positive,congrats
17920684276523517,17908880999865633,milestone_reel,,Love this! 💚,2026-09-24T12:22:21+0000,galih.hijau8,1,false,false,positive,excitement
17976991332035215,17908880999865633,milestone_reel,,Love this! 💚,2026-09-24T12:36:18+0000,jokofit,2,false,false,positive,excitement
17986738931308424,17908880999865633,milestone_reel,,Where can I buy?,2026-09-24T12:43:58+0000,budifit,0,false,false,neutral,where_to_buy
17919280348590148,17908880999865633,milestone_reel,17931550234974053,I had the same issue,2026-09-24T12:53:04+0000,siti_daily26,1,false,false,negative,user_reply
17903006949697642,17908880999865633,milestone_reel,17930459118363322,"@wulan.travel19 You can get it via the link in bio, Shopee, Tokopedia, TikTok Shop or our Bandung store 💚",2026-09-24T12:53:40+0000,loopcycle.nusantara,9,false,true,n/a,brand_reply
17931664566689284,17908880999865633,milestone_reel,,Proud of the pickers who made this happen 👏 🙌,2026-09-24T13:19:34+0000,andi_bdg47,1,false,false,positive,support_local
17967352829033781,17908880999865633,milestone_reel,,"I'm one of the 10,000 😊 love mine",2026-09-24T13:59:33+0000,mega_94,1,false,false,positive,purchase
17906067430743161,17908880999865633,milestone_reel,17953092315204878,@irfanstudio So happy you love it! 💚,2026-09-24T14:13:25+0000,loopcycle.nusantara,3,false,true,n/a,brand_reply
17937548142043078,17908880999865633,milestone_reel,,Where can I buy?,2026-09-24T14:20:32+0000,mega_thrift96,1,false,false,neutral,where_to_buy
17935870179351976,17908880999865633,milestone_reel,,"10,000 bags, that's 140,000 bottles kept out of landfill!",2026-09-24T15:20:32+0000,budi_eats,1,false,false,positive,sustainability
17986018383679241,17908880999865633,milestone_reel,,Congrats!! 🎉,2026-09-24T16:05:32+0000,putri.daily,1,false,false,positive,congrats
17972779616320404,17908880999865633,milestone_reel,17906825285972199,"Hi! The Loop Tote is Rp 189,000 on our website, marketplaces and in our Bandung store 💚",2026-09-24T16:54:07+0000,loopcycle.nusantara,6,false,true,n/a,brand_reply
17930730271416677,17908880999865633,milestone_reel,17986738931308424,"You can get it via the link in bio, Shopee, Tokopedia, TikTok Shop or our Bandung store 💚",2026-09-24T17:11:58+0000,loopcycle.nusantara,11,false,true,n/a,brand_reply
17994215901231360,17908880999865633,milestone_reel,,"Quality has gone down since the first batch, mine frayed",2026-09-24T18:51:35+0000,andiid34,0,false,false,negative,quality_complaint
17956382747666456,17908880999865633,milestone_reel,,@agus_jkt78 you need this! 😍,2026-09-24T19:01:07+0000,citra_fit,1,false,false,positive,tag_friend
17933305874231714,17908880999865633,milestone_reel,,"I'm one of the 10,000 😊 love mine",2026-09-24T19:27:20+0000,joko_official,6,false,false,positive,purchase
17976015373345519,17908880999865633,milestone_reel,,First!,2026-09-24T19:42:24+0000,dewifit53,0,false,false,unrelated,off_topic
17910889926032126,17908880999865633,milestone_reel,,Love this! 💚,2026-09-24T20:11:26+0000,fajar57,0,false,false,positive,excitement
17951930635954545,17908880999865633,milestone_reel,17920700352029680,@wulan_3842 So happy you love it! 💚,2026-09-24T20:13:41+0000,loopcycle.nusantara,3,false,true,n/a,brand_reply
17981381119153692,17908880999865633,milestone_reel,17937548142043078,"You can get it via the link in bio, Shopee, Tokopedia, TikTok Shop or our Bandung store 💚",2026-09-24T20:14:32+0000,loopcycle.nusantara,5,false,true,n/a,brand_reply
17950202866574435,17908880999865633,milestone_reel,,Looks smaller than expected from the video,2026-09-24T21:02:07+0000,anditravel,0,false,false,negative,size_complaint
17980556331318936,17908880999865633,milestone_reel,,Where can I buy?,2026-09-24T21:58:48+0000,putri.bdg,0,false,false,neutral,where_to_buy
17991994208438142,17908880999865633,milestone_reel,,Honestly feels like greenwashing,2026-09-24T23:17:10+0000,megaofficial39,0,false,false,negative,skepticism
17905716714674943,17908880999865633,milestone_reel,17900798919587775,@mega.thrift Thank you! 💚,2026-09-24T23:44:56+0000,loopcycle.nusantara,6,false,true,n/a,brand_reply
17918756149046060,17908880999865633,milestone_reel,,Congrats!! 🎉,2026-09-25T00:19:31+0000,lestari.coffee9,1,false,false,positive,congrats
17909363392491577,17908880999865633,milestone_reel,,Is there a new colour coming?,2026-09-25T00:41:34+0000,ekothrift39,0,false,false,neutral,product_question
17997534182436234,17908880999865633,milestone_reel,,"10,000 bags, that's 140,000 bottles kept out of landfill!",2026-09-25T00:42:38+0000,andi.fit,0,false,false,positive,sustainability
17911256084026786,17908880999865633,milestone_reel,,Beautiful colours 😍,2026-09-25T02:22:33+0000,fajarmom,0,false,false,positive,design
17923329541009960,17908880999865633,milestone_reel,,Congrats!! 🎉,2026-09-25T02:39:44+0000,mega_green,1,false,false,positive,congrats
17955927544255782,17908880999865633,milestone_reel,17956382747666456,So happy you love it! 💚,2026-09-25T03:15:07+0000,loopcycle.nusantara,8,false,true,n/a,brand_reply
17921656765119068,17908880999865633,milestone_reel,17911256084026786,Thank you for supporting our pickers 🙌,2026-09-25T03:34:33+0000,loopcycle.nusantara,8,false,true,n/a,brand_reply
17926183040450578,17908880999865633,milestone_reel,,Congrats!! 🎉,2026-09-25T04:21:04+0000,hendraid,18,false,false,positive,congrats
17983848991527240,17908880999865633,milestone_reel,17967352829033781,So happy you love it! 💚,2026-09-25T04:49:33+0000,loopcycle.nusantara,1,false,true,n/a,brand_reply
17934158009779750,17908880999865633,milestone_reel,,Is there a new colour coming?,2026-09-25T05:38:49+0000,nadia_hijau,0,false,false,neutral,product_question
17903290100681260,17908880999865633,milestone_reel,,Price?,2026-09-25T06:14:12+0000,tarifit,1,false,false,neutral,price
17932962116234606,17908880999865633,milestone_reel,,Where can I buy?,2026-09-25T09:34:34+0000,agus.studio,0,false,false,neutral,where_to_buy
17923965541749258,17908880999865633,milestone_reel,17980556331318936,"@putri.bdg You can get it via the link in bio, Shopee, Tokopedia, TikTok Shop or our Bandung store 💚",2026-09-25T09:34:48+0000,loopcycle.nusantara,7,false,true,n/a,brand_reply
17962925193451123,17908880999865633,milestone_reel,,Courier left it with the guard and never told me,2026-09-25T09:43:08+0000,ayu.bookish38,0,false,false,unrelated,courier_handling
17962186870042137,17908880999865633,milestone_reel,17950202866574435,@anditravel So sorry about that! Please DM us your order number and we'll make it right 🙏,2026-09-25T10:20:07+0000,loopcycle.nusantara,11,false,true,n/a,brand_reply
17933560764270317,17908880999865633,milestone_reel,,Love this! 💚,2026-09-25T10:40:54+0000,siti.fit,0,false,false,positive,excitement
17933745550447885,17908880999865633,milestone_reel,,Love this! 💚,2026-09-25T10:41:54+0000,lestari.daily,1,false,false,positive,excitement
17969437821390210,17908880999865633,milestone_reel,17932962116234606,"You can get it via the link in bio, Shopee, Tokopedia, TikTok Shop or our Bandung store 💚",2026-09-25T12:14:34+0000,loopcycle.nusantara,0,false,true,n/a,brand_reply
17991088773874033,17908880999865633,milestone_reel,17918756149046060,Thank you for supporting our pickers 🙌,2026-09-25T12:52:31+0000,loopcycle.nusantara,5,false,true,n/a,brand_reply
17962260558117456,17908880999865633,milestone_reel,17903290100681260,"Hi! The Loop Tote is Rp 189,000 on our website, marketplaces and in our Bandung store 💚",2026-09-25T12:57:12+0000,loopcycle.nusantara,1,false,true,n/a,brand_reply
17940561432237043,17908880999865633,milestone_reel,,This is the future 🌍,2026-09-25T14:55:52+0000,sinta_green52,1,false,false,positive,sustainability
17906373060728885,17908880999865633,milestone_reel,,Nice pic! Visit our page for big discounts,2026-09-25T15:13:55+0000,cryptoking15,0,false,false,unrelated,spam
17963185271224521,17908880999865633,milestone_reel,,Seller on Tokopedia hasn't replied for days,2026-09-25T16:31:03+0000,lestariofficial,0,false,false,unrelated,seller_service
17953009555962736,17908880999865633,milestone_reel,17963185271224521,So sorry about that! Please DM us your order number and we'll make it right 🙏,2026-09-25T17:25:03+0000,loopcycle.nusantara,2,false,true,n/a,brand_reply
17979900809158242,17908880999865633,milestone_reel,,First!,2026-09-25T17:59:57+0000,jokobookish12,0,false,false,unrelated,off_topic
17901577449060502,17908880999865633,milestone_reel,,@siti.bdg you need this! 😍,2026-09-25T19:34:12+0000,tari67,9,false,false,positive,tag_friend
17923002595720293,17908880999865633,milestone_reel,,Will there be a discount to celebrate?,2026-09-25T20:33:14+0000,budi.id46,0,false,false,neutral,promo
17910606769302538,17908880999865633,milestone_reel,,Beautiful colours 😍,2026-09-25T22:09:18+0000,fajar_eats,0,false,false,positive,design
17974590432678170,17908880999865633,milestone_reel,,@sintahijau79 you need this! 😍,2026-09-25T22:47:14+0000,jokoid,1,false,false,positive,tag_friend
17925529788132379,17908880999865633,milestone_reel,17923002595720293,Same question!,2026-09-26T01:04:14+0000,nadia.thrift,2,false,false,neutral,user_reply
17999934985087851,17908880999865633,milestone_reel,,"10,000 bags, that's 140,000 bottles kept out of landfill!",2026-09-26T06:04:48+0000,wulansehat63,1,false,false,positive,sustainability
17903495254909993,17908880999865633,milestone_reel,,Proud of the pickers who made this happen 👏,2026-09-26T06:53:59+0000,budiid51,0,false,false,positive,support_local
17955068258652561,17908880999865633,milestone_reel,,Is there a new colour coming?,2026-09-26T07:25:45+0000,reza_bookish36,0,false,false,neutral,product_question
17963429539794422,17908880999865633,milestone_reel,,Ordered 9 days ago on Shopee and still no parcel 😤,2026-09-26T09:08:45+0000,sinta_jkt40,0,false,false,unrelated,delivery_delay
17932120990995598,17908880999865633,milestone_reel,,@citra.bookish90 you need this! 😍,2026-09-26T10:03:03+0000,bayu.plants94,0,false,false,positive,tag_friend
17925175688539954,17908880999865633,milestone_reel,,"Congrats, but please fix your stock issues",2026-09-26T13:29:18+0000,siti_green,0,false,false,negative,stock_complaint
17970938973430237,17908880999865633,milestone_reel,,"Hope you hit 100,000 next!",2026-09-26T17:03:37+0000,joko.coffee,0,false,false,positive,congrats
17961383702332547,17908880999865633,milestone_reel,,@wulan.thrift you need this! 😍,2026-09-26T22:12:22+0000,ayu.life,1,false,false,positive,tag_friend
17934493114319830,17908880999865633,milestone_reel,,Proud of the pickers who made this happen 👏,2026-09-26T22:30:03+0000,tari_5980,1,false,false,positive,support_local
17998059106726579,17908880999865633,milestone_reel,17963429539794422,So sorry about that! Please DM us your order number and we'll make it right 🙏,2026-09-27T00:02:45+0000,loopcycle.nusantara,7,false,true,n/a,brand_reply
17916684584442440,17908880999865633,milestone_reel,,"So cool, supporting local! 🙌 💚",2026-09-27T04:33:42+0000,citra_sehat,1,false,false,positive,support_local
17980092258866449,17908880999865633,milestone_reel,,"I'm one of the 10,000 😊 love mine",2026-09-27T17:49:17+0000,hendra.eats,0,false,false,positive,purchase
17987202558126954,17908880999865633,milestone_reel,,How many bottles is that in total?,2026-09-27T18:48:50+0000,eko.hijau39,0,false,false,neutral,product_question
17905623261106969,17908880999865633,milestone_reel,,Seller on Tokopedia hasn't replied for days,2026-09-27T19:02:19+0000,sinta_id75,1,false,false,unrelated,seller_service
17910442165541404,17908880999865633,milestone_reel,,"So cool, supporting local! 🙌",2026-09-28T00:17:51+0000,eko.green26,3,false,false,positive,support_local
17968390188411383,17908880999865633,milestone_reel,17905623261106969,So sorry about that! Please DM us your order number and we'll make it right 🙏,2026-09-28T04:24:19+0000,loopcycle.nusantara,5,false,true,n/a,brand_reply
17991572800968849,17909171324675683,quiz_image,,Beautiful colours 😍,2026-08-22T13:56:20+0000,irfan_daily,0,false,false,positive,design
17925541074105547,17909171324675683,quiz_image,,"So cool, supporting local! 🙌",2026-08-22T14:08:06+0000,sinta.eats97,1,false,false,positive,support_local
17998942845888309,17909171324675683,quiz_image,,Looks smaller than expected from the video,2026-08-22T14:09:09+0000,andi_eats,0,false,false,negative,size_complaint
17952855298202049,17909171324675683,quiz_image,,I'll go with C,2026-08-22T14:12:33+0000,ayu_4238,0,false,false,neutral,quiz_guess
17979846193455424,17909171324675683,quiz_image,,"D, 20 bottles!",2026-08-22T14:16:09+0000,joko.studio,0,false,false,neutral,quiz_guess
17985418717894274,17909171324675683,quiz_image,,Where can I buy?,2026-08-22T14:17:55+0000,putri.green70,0,false,false,neutral,where_to_buy
17982878792860920,17909171324675683,quiz_image,,14!,2026-08-22T14:24:52+0000,tariplants,0,false,false,neutral,quiz_guess
17954419963946066,17909171324675683,quiz_image,,I'll go with C,2026-08-22T14:39:45+0000,sinta.coffee,0,false,false,neutral,quiz_guess
17913848378764848,17909171324675683,quiz_image,,14!,2026-08-22T14:45:27+0000,fajar.green25,0,false,false,neutral,quiz_guess
17991673873599624,17909171324675683,quiz_image,,"D, 20 bottles!",2026-08-22T14:45:30+0000,rina.travel,1,false,false,neutral,quiz_guess
17934796254027134,17909171324675683,quiz_image,,C 14,2026-08-22T14:48:08+0000,sintamom,2,false,false,neutral,quiz_guess
17970565445756567,17909171324675683,quiz_image,,14!,2026-08-22T14:51:21+0000,agus.mom,1,false,false,neutral,quiz_guess
17964839040743420,17909171324675683,quiz_image,,First!,2026-08-22T14:54:14+0000,siti.coffee,0,false,false,unrelated,off_topic
17951136143827017,17909171324675683,quiz_image,,C 14,2026-08-22T15:04:13+0000,galihhijau,3,false,false,neutral,quiz_guess
17953978929464240,17909171324675683,quiz_image,,Nice pic! Visit our page for big discounts,2026-08-22T15:08:38+0000,cryptoking95,0,true,false,unrelated,spam
17967903360051472,17909171324675683,quiz_image,,I'll go with C,2026-08-22T15:08:53+0000,maya_bookish62,0,false,false,neutral,quiz_guess
17909775588369746,17909171324675683,quiz_image,,C 14,2026-08-22T15:09:02+0000,tari_daily77,1,false,false,neutral,quiz_guess
17939328024135488,17909171324675683,quiz_image,,14!,2026-08-22T15:09:33+0000,fajar.fit56,1,false,false,neutral,quiz_guess
17994175491772717,17909171324675683,quiz_image,,"D, 20 bottles!",2026-08-22T15:12:43+0000,citra.thrift,0,false,false,neutral,quiz_guess
17934309662904739,17909171324675683,quiz_image,,Love these quizzes!,2026-08-22T15:19:31+0000,galihmom,1,false,false,positive,engagement
17900844571201016,17909171324675683,quiz_image,,C 14,2026-08-22T15:20:40+0000,hendrastudio,0,false,false,neutral,quiz_guess
17923881936010695,17909171324675683,quiz_image,,"So cool, supporting local! 🙌",2026-08-22T15:20:49+0000,lestari_coffee,3,false,false,positive,support_local
17987462873644151,17909171324675683,quiz_image,,Hint please!,2026-08-22T15:25:01+0000,maya_travel,0,false,false,neutral,quiz_question
17933014053274630,17909171324675683,quiz_image,,Love this! 💚,2026-08-22T15:30:20+0000,eko.jkt,1,false,false,positive,excitement
17929577954601690,17909171324675683,quiz_image,,This brand is so creative 💚,2026-08-22T15:35:10+0000,andilife,1,false,false,positive,engagement
17917385876533981,17909171324675683,quiz_image,,20?,2026-08-22T15:49:33+0000,siti.studio,45,false,false,neutral,quiz_guess
17956801411104013,17909171324675683,quiz_image,,Hint please!,2026-08-22T15:59:28+0000,irfan_green,0,false,false,neutral,quiz_question
17976851454142263,17909171324675683,quiz_image,,Do you have a store in Bandung?,2026-08-22T16:03:07+0000,andi_daily,0,false,false,neutral,where_to_buy
17998869023309886,17909171324675683,quiz_image,,Beautiful colours 😍,2026-08-22T16:11:26+0000,jokojkt,1,false,false,positive,design
17916263660580132,17909171324675683,quiz_image,,Is the answer in Stories?,2026-08-22T16:13:09+0000,fajar.travel,9,false,false,neutral,quiz_question
17999676325747604,17909171324675683,quiz_image,,This brand is so creative 💚,2026-08-22T16:13:46+0000,jokohijau,1,false,false,positive,engagement
17985730490864855,17909171324675683,quiz_image,,Hint please!,2026-08-22T16:20:31+0000,hendra_bookish,0,false,false,neutral,quiz_question
17955700511227595,17909171324675683,quiz_image,,C 14,2026-08-22T16:30:56+0000,lestari_travel,0,false,false,neutral,quiz_guess
17936104848580284,17909171324675683,quiz_image,,C 14,2026-08-22T16:31:29+0000,eko.78,0,false,false,neutral,quiz_guess
17914206560546004,17909171324675683,quiz_image,,@irfanstudio25 you need this! 😍,2026-08-22T16:36:33+0000,budithrift79,1,false,false,positive,tag_friend
17972450292494350,17909171324675683,quiz_image,,Follow for follow? 🙏,2026-08-22T16:49:37+0000,cryptoking72,0,true,false,unrelated,spam
17987820830922716,17909171324675683,quiz_image,,Customer service not replying on WhatsApp,2026-08-22T16:54:13+0000,ayumom,4,false,false,unrelated,seller_service
17980924063814495,17909171324675683,quiz_image,,B (10)?,2026-08-22T17:04:49+0000,rezabdg,6,false,false,neutral,quiz_guess
17929388437051061,17909171324675683,quiz_image,,14!,2026-08-22T17:18:26+0000,intan.thrift,0,false,false,neutral,quiz_guess
17974211090789390,17909171324675683,quiz_image,,14 hehe saw it on your reel,2026-08-22T17:25:21+0000,maya.7684,0,false,false,neutral,quiz_guess
17977151280548275,17909171324675683,quiz_image,,"So cool, supporting local! 🙌",2026-08-22T17:29:14+0000,galihgreen80,1,false,false,positive,support_local
17946818667776450,17909171324675683,quiz_image,,C 14,2026-08-22T17:31:19+0000,andi.id65,0,false,false,neutral,quiz_guess
17985212458819476,17909171324675683,quiz_image,,First!,2026-08-22T17:34:05+0000,galihthrift44,0,false,false,unrelated,off_topic
17977422676076348,17909171324675683,quiz_image,,B (10)?,2026-08-22T17:36:00+0000,yogabdg97,0,false,false,neutral,quiz_guess
17973786869089808,17909171324675683,quiz_image,,This brand is so creative 💚,2026-08-22T17:38:52+0000,agus.85,1,false,false,positive,engagement
17993562643824278,17909171324675683,quiz_image,,14!,2026-08-22T17:41:46+0000,budi_thrift14,0,false,false,neutral,quiz_guess
17922494247189955,17909171324675683,quiz_image,,14!,2026-08-22T17:49:23+0000,intanthrift,0,false,false,neutral,quiz_guess
17900854073625730,17909171324675683,quiz_image,,"So cool, supporting local! 🙌",2026-08-22T17:57:18+0000,andi.plants,0,false,false,positive,support_local
17978867032335444,17909171324675683,quiz_image,,"So cool, supporting local! 🙌",2026-08-22T17:58:29+0000,putriid69,1,false,false,positive,support_local
17975113238809463,17909171324675683,quiz_image,,20?,2026-08-22T17:58:52+0000,sinta_studio,2,false,false,neutral,quiz_guess
17969300563470113,17909171324675683,quiz_image,,Love this! 💚,2026-08-22T18:04:51+0000,intan_fit,1,false,false,positive,excitement
17941201689778394,17909171324675683,quiz_image,,Ordered 9 days ago on Shopee and still no parcel 😤,2026-08-22T18:10:32+0000,fajar_37,1,false,false,unrelated,delivery_delay
17939208069578111,17909171324675683,quiz_image,,My package arrived with the box crushed,2026-08-22T18:12:57+0000,galih.coffee,2,false,false,unrelated,packaging_damage
17957760380885393,17909171324675683,quiz_image,,14!,2026-08-22T18:19:39+0000,eko_eats51,3,false,false,neutral,quiz_guess
17926296577428105,17909171324675683,quiz_image,,I think 14 🤔,2026-08-22T18:21:56+0000,andi_hijau,0,false,false,neutral,quiz_guess
17999126509796448,17909171324675683,quiz_image,,Beautiful colours 😍,2026-08-22T18:35:06+0000,irfan_plants,0,false,false,positive,design
17953661318267493,17909171324675683,quiz_image,,B (10)?,2026-08-22T18:39:30+0000,rizkyplants,1,false,false,neutral,quiz_guess
17962483486696776,17909171324675683,quiz_image,,Do you have a store in Bandung?,2026-08-22T18:42:10+0000,rizkyid,0,false,false,neutral,where_to_buy
17945659975047646,17909171324675683,quiz_image,17946818667776450,@andi.id65 Ding ding! 14 it is 🎉,2026-08-22T18:52:19+0000,loopcycle.nusantara,3,false,true,n/a,brand_reply
17963855990706213,17909171324675683,quiz_image,,I'll go with C,2026-08-22T18:56:03+0000,reza.travel19,1,false,false,neutral,quiz_guess
17901601356179933,17909171324675683,quiz_image,,Love this! 💚,2026-08-22T19:05:30+0000,citra.green73,1,false,false,positive,excitement
17913931632644062,17909171324675683,quiz_image,,Is the answer in Stories?,2026-08-22T19:20:29+0000,mayahijau,6,false,false,neutral,quiz_question
17987014729886306,17909171324675683,quiz_image,,10 bottles maybe,2026-08-22T19:28:04+0000,fajar_mom,1,false,false,neutral,quiz_guess
17941453308908196,17909171324675683,quiz_image,,Love these quizzes!,2026-08-22T19:31:53+0000,budi_mom65,5,false,false,positive,engagement
17925167635821128,17909171324675683,quiz_image,,"So cool, supporting local! 🙌",2026-08-22T19:35:12+0000,irfaneats20,0,false,false,positive,support_local
17908253269170313,17909171324675683,quiz_image,,I think 14 🤔,2026-08-22T19:48:12+0000,andi.mom18,1,false,false,neutral,quiz_guess
17934529914858544,17909171324675683,quiz_image,,Is the answer in Stories?,2026-08-22T20:01:58+0000,rizkydaily62,2,false,false,neutral,quiz_question
17981983184929559,17909171324675683,quiz_image,,14!,2026-08-22T20:13:08+0000,ayu.bdg77,0,false,false,neutral,quiz_guess
17949705386040916,17909171324675683,quiz_image,,I think 14 🤔,2026-08-22T20:14:57+0000,tarieats,1,false,false,neutral,quiz_guess
17929372364600338,17909171324675683,quiz_image,,Delivery to Surabaya took two weeks,2026-08-22T20:15:19+0000,tari.thrift72,0,false,false,unrelated,delivery_delay
17949497352408190,17909171324675683,quiz_image,17939208069578111,So sorry about that! Please DM us your order number and we'll make it right 🙏,2026-08-22T20:33:57+0000,loopcycle.nusantara,4,false,true,n/a,brand_reply
17958897735292930,17909171324675683,quiz_image,,I think 14 🤔,2026-08-22T20:33:58+0000,wulan_sehat,0,false,false,neutral,quiz_guess
17909641127551501,17909171324675683,quiz_image,,"Parcel arrived wet, packaging was too thin",2026-08-22T20:37:29+0000,maya81,0,false,false,unrelated,packaging_damage
17987744795154732,17909171324675683,quiz_image,,10?,2026-08-22T20:41:11+0000,megastudio43,1,false,false,neutral,quiz_guess
17903211408495456,17909171324675683,quiz_image,,C 14,2026-08-22T20:42:12+0000,intan.sehat,10,false,false,neutral,quiz_guess
17911675276911408,17909171324675683,quiz_image,,10?,2026-08-22T20:42:29+0000,yoga_id,1,false,false,neutral,quiz_guess
17985431773474866,17909171324675683,quiz_image,,First!,2026-08-22T20:46:46+0000,wulan_bdg,1,false,false,unrelated,off_topic
17986884201915390,17909171324675683,quiz_image,,10?,2026-08-22T20:51:00+0000,rinastudio,2,false,false,neutral,quiz_guess
17924770529098679,17909171324675683,quiz_image,,20?,2026-08-22T20:51:13+0000,rizky_daily,1,false,false,neutral,quiz_guess
17956326669615446,17909171324675683,quiz_image,,A 6 maybe,2026-08-22T20:52:24+0000,fajartravel,0,false,false,neutral,quiz_guess
17979780625273749,17909171324675683,quiz_image,,B (10)?,2026-08-22T20:53:10+0000,galih_fit,3,false,false,neutral,quiz_guess
17959024389468451,17909171324675683,quiz_image,,10?,2026-08-22T20:59:58+0000,irfanbdg93,0,false,false,neutral,quiz_guess
17953216483661214,17909171324675683,quiz_image,17962483486696776,"@rizkyid You can get it via the link in bio, Shopee, Tokopedia, TikTok Shop or our Bandung store 💚",2026-08-22T21:11:10+0000,loopcycle.nusantara,0,false,true,n/a,brand_reply
17940475629394951,17909171324675683,quiz_image,,Seller on Tokopedia hasn't replied for days,2026-08-22T21:12:45+0000,hendra_eats,0,false,false,unrelated,seller_service
17959246361408632,17909171324675683,quiz_image,,C 14,2026-08-22T21:14:52+0000,taribdg95,0,false,false,neutral,quiz_guess
17963498776616319,17909171324675683,quiz_image,,My package arrived with the box crushed,2026-08-22T21:18:20+0000,irfan_hijau,0,false,false,unrelated,packaging_damage
17900061084728726,17909171324675683,quiz_image,,14 hehe saw it on your reel,2026-08-22T21:19:20+0000,galih.81,0,false,false,neutral,quiz_guess
17957537126215990,17909171324675683,quiz_image,17925541074105547,So happy you love it! 💚,2026-08-22T21:33:06+0000,loopcycle.nusantara,4,false,true,n/a,brand_reply
17935876936864768,17909171324675683,quiz_image,,I think 14 🤔,2026-08-22T21:39:30+0000,nadia.green,0,false,false,neutral,quiz_guess
17971781974567158,17909171324675683,quiz_image,,B (10)?,2026-08-22T21:40:45+0000,lestari_studio,0,false,false,neutral,quiz_guess
17907826355856211,17909171324675683,quiz_image,,14!,2026-08-22T21:43:16+0000,dewi_fit,4,false,false,neutral,quiz_guess
17965694735325959,17909171324675683,quiz_image,,I'll go with C,2026-08-22T21:46:25+0000,intan_daily,0,false,false,neutral,quiz_guess
17990225892212955,17909171324675683,quiz_image,,First!,2026-08-22T21:56:46+0000,wulan_green,0,false,false,unrelated,off_topic
17921183597450313,17909171324675683,quiz_image,,14!,2026-08-22T22:00:57+0000,eko_daily,0,false,false,neutral,quiz_guess
17944135008551311,17909171324675683,quiz_image,,Is the answer in Stories?,2026-08-22T22:05:37+0000,maya.fit54,5,false,false,neutral,quiz_question
17970079848816815,17909171324675683,quiz_image,,I'll go with C,2026-08-22T22:18:21+0000,reza_hijau1,0,false,false,neutral,quiz_guess
17945928931018016,17909171324675683,quiz_image,,14 hehe saw it on your reel,2026-08-22T22:19:22+0000,tari.green74,1,false,false,neutral,quiz_guess
17920454432204908,17909171324675683,quiz_image,,Love these quizzes!,2026-08-22T22:22:51+0000,bayustudio,1,false,false,positive,engagement
17990399362803085,17909171324675683,quiz_image,,Need one in indigo! 😍,2026-08-22T22:27:07+0000,putribdg,1,false,false,positive,excitement
17979167037590711,17909171324675683,quiz_image,17953661318267493,@rizkyplants Close! Check the answer in Stories 😉,2026-08-22T22:35:30+0000,loopcycle.nusantara,8,false,true,n/a,brand_reply
17944142400453925,17909171324675683,quiz_image,,14 hehe saw it on your reel,2026-08-22T22:39:24+0000,tari_coffee,4,false,false,neutral,quiz_guess
17927238909011004,17909171324675683,quiz_image,,I think 14 🤔,2026-08-22T22:40:09+0000,citra_thrift,0,false,false,neutral,quiz_guess
17929883502535676,17909171324675683,quiz_image,,C 14,2026-08-22T22:40:53+0000,irfanfit38,0,false,false,neutral,quiz_guess
17999347078617661,17909171324675683,quiz_image,,14!,2026-08-22T22:46:52+0000,eko_travel34,0,false,false,neutral,quiz_guess
17949014908500647,17909171324675683,quiz_image,,"So cool, supporting local! 🙌",2026-08-22T22:50:20+0000,andiid1,1,false,false,positive,support_local
17948296350075922,17909171324675683,quiz_image,,"D, 20 bottles!",2026-08-22T22:52:01+0000,reza.bookish,2,false,false,neutral,quiz_guess
17912126672614716,17909171324675683,quiz_image,17985730490864855,Same question!,2026-08-22T23:03:31+0000,mega.bdg,0,false,false,neutral,user_reply
17963129616336882,17909171324675683,quiz_image,,6?? no way it's that few,2026-08-22T23:13:15+0000,ayu.sehat,1,false,false,neutral,quiz_guess
17978722934307305,17909171324675683,quiz_image,,C 14,2026-08-22T23:14:11+0000,siti.jkt,2,false,false,neutral,quiz_guess
17979517030010451,17909171324675683,quiz_image,,"D, 20 bottles!",2026-08-22T23:16:59+0000,jokoeats,0,false,false,neutral,quiz_guess
17959945766902912,17909171324675683,quiz_image,17967903360051472,Same question!,2026-08-22T23:23:53+0000,irfan.eats,1,false,false,neutral,user_reply
17950424522975399,17909171324675683,quiz_image,17978867032335444,@putriid69 Thank you for supporting our pickers 🙌,2026-08-22T23:24:29+0000,loopcycle.nusantara,10,false,true,n/a,brand_reply
17906403918369607,17909171324675683,quiz_image,,"D, 20 bottles!",2026-08-22T23:24:52+0000,dewi.eats81,4,false,false,neutral,quiz_guess
17997515909995233,17909171324675683,quiz_image,,I'll go with C,2026-08-22T23:28:46+0000,citra.coffee,2,false,false,neutral,quiz_guess
17920789499246430,17909171324675683,quiz_image,,A 6 maybe,2026-08-22T23:40:19+0000,sinta.studio76,0,false,false,neutral,quiz_guess
17977095263180153,17909171324675683,quiz_image,,"So cool, supporting local! 🙌",2026-08-22T23:43:22+0000,dewi_plants,0,false,false,positive,support_local
17941146524338122,17909171324675683,quiz_image,,Where can I buy?,2026-08-22T23:52:17+0000,tari_official,0,false,false,neutral,where_to_buy
17981406389979663,17909171324675683,quiz_image,,6?? no way it's that few,2026-08-22T23:58:16+0000,rizkyplants26,2,false,false,neutral,quiz_guess
17990387223949403,17909171324675683,quiz_image,,20?,2026-08-23T00:04:50+0000,rezajkt96,0,false,false,neutral,quiz_guess
17902534598916608,17909171324675683,quiz_image,17940475629394951,@hendra_eats So sorry about that! Please DM us your order number and we'll make it right 🙏,2026-08-23T00:12:45+0000,loopcycle.nusantara,7,false,true,n/a,brand_reply
17913769900954042,17909171324675683,quiz_image,,I'll go with C,2026-08-23T00:14:30+0000,agus_travel,0,false,false,neutral,quiz_guess
17967790434451073,17909171324675683,quiz_image,,I'll go with C,2026-08-23T00:16:28+0000,galih_green73,0,false,false,neutral,quiz_guess
17908246098087491,17909171324675683,quiz_image,17998942845888309,@andi_eats So sorry about that! Please DM us your order number and we'll make it right 🙏,2026-08-23T00:19:09+0000,loopcycle.nusantara,5,false,true,n/a,brand_reply
17943326047886671,17909171324675683,quiz_image,,10 bottles maybe,2026-08-23T00:21:47+0000,rina_green40,0,false,false,neutral,quiz_guess
17905371269073592,17909171324675683,quiz_image,17926296577428105,@andi_hijau Ding ding! 14 it is 🎉,2026-08-23T00:22:56+0000,loopcycle.nusantara,0,false,true,n/a,brand_reply
17918758563441933,17909171324675683,quiz_image,,"D, 20 bottles!",2026-08-23T00:26:15+0000,bayugreen,1,false,false,neutral,quiz_guess
17978594576581232,17909171324675683,quiz_image,,I think 14 🤔,2026-08-23T00:29:14+0000,budiofficial,2,false,false,neutral,quiz_guess
17974719795444279,17909171324675683,quiz_image,,Beautiful colours 😍,2026-08-23T00:37:19+0000,budibdg33,0,false,false,positive,design
17972437827307565,17909171324675683,quiz_image,17903211408495456,Same question!,2026-08-23T00:39:12+0000,intanmom,1,false,false,neutral,user_reply
17938651505487416,17909171324675683,quiz_image,,10 bottles maybe,2026-08-23T00:49:36+0000,putri_coffee52,3,false,false,neutral,quiz_guess
17966788964702341,17909171324675683,quiz_image,,Do you have a store in Bandung?,2026-08-23T00:55:20+0000,jokocoffee,0,false,false,neutral,where_to_buy
17956380148900680,17909171324675683,quiz_image,,Do you have a store in Bandung?,2026-08-23T01:01:23+0000,wulan.3253,0,false,false,neutral,where_to_buy
17929622215295232,17909171324675683,quiz_image,,I'll go with C,2026-08-23T01:07:43+0000,lestari44,0,false,false,neutral,quiz_guess
17987571881853611,17909171324675683,quiz_image,17920789499246430,Close! Check the answer in Stories 😉,2026-08-23T01:08:19+0000,loopcycle.nusantara,6,false,true,n/a,brand_reply
17929861938692600,17909171324675683,quiz_image,,I'll go with C,2026-08-23T01:09:45+0000,galih_official,1,false,false,neutral,quiz_guess
17942634075529726,17909171324675683,quiz_image,,I think 14 🤔,2026-08-23T01:36:33+0000,wulan.daily54,0,false,false,neutral,quiz_guess
17935599480127810,17909171324675683,quiz_image,,Proud of you guys!,2026-08-23T01:41:28+0000,tarigreen,1,false,false,positive,support_local
17979804160350641,17909171324675683,quiz_image,,10 bottles maybe,2026-08-23T01:51:26+0000,nadia.eats,4,false,false,neutral,quiz_guess
17998547293400179,17909171324675683,quiz_image,,This is the future 🌍 😍,2026-08-23T01:52:50+0000,putriid,4,false,false,positive,sustainability
17900767817369441,17909171324675683,quiz_image,,14 hehe saw it on your reel,2026-08-23T01:53:38+0000,fajarplants,2,false,false,neutral,quiz_guess
17971634595446860,17909171324675683,quiz_image,,10 bottles maybe,2026-08-23T01:55:49+0000,anditravel39,0,false,false,neutral,quiz_guess
17971799469511332,17909171324675683,quiz_image,17999347078617661,@eko_travel34 Ding ding! 14 it is 🎉,2026-08-23T01:58:52+0000,loopcycle.nusantara,8,false,true,n/a,brand_reply
17970229063443059,17909171324675683,quiz_image,,"D, 20 bottles!",2026-08-23T02:00:13+0000,hendraeats,0,false,false,neutral,quiz_guess
17954166333055408,17909171324675683,quiz_image,,6?? no way it's that few,2026-08-23T02:02:20+0000,rizkydaily25,0,false,false,neutral,quiz_guess
17968697030210846,17909171324675683,quiz_image,17974211090789390,@maya.7684 Ding ding! 14 it is 🎉,2026-08-23T02:10:21+0000,loopcycle.nusantara,10,false,true,n/a,brand_reply
17989272510481268,17909171324675683,quiz_image,,This is the future 🌍,2026-08-23T02:11:56+0000,ekobookish,0,false,false,positive,sustainability
17951690749528056,17909171324675683,quiz_image,,I'll go with C,2026-08-23T02:24:29+0000,putri.bookish26,0,false,false,neutral,quiz_guess
17939848269818126,17909171324675683,quiz_image,,Love these quizzes!,2026-08-23T02:24:55+0000,mega.fit,0,false,false,positive,engagement
17969637720490784,17909171324675683,quiz_image,,I think 14 🤔,2026-08-23T02:26:03+0000,siti.official98,2,false,false,neutral,quiz_guess
17980918158146111,17909171324675683,quiz_image,,20?,2026-08-23T02:35:16+0000,tari.daily16,0,false,false,neutral,quiz_guess
17958799348951501,17909171324675683,quiz_image,17963498776616319,So sorry about that! Please DM us your order number and we'll make it right 🙏,2026-08-23T02:37:20+0000,loopcycle.nusantara,10,false,true,n/a,brand_reply
17913278841765090,17909171324675683,quiz_image,,14!,2026-08-23T03:00:37+0000,siti_thrift,0,false,false,neutral,quiz_guess
17930892431912877,17909171324675683,quiz_image,,Seller on Tokopedia hasn't replied for days,2026-08-23T03:00:52+0000,dewieats22,0,false,false,unrelated,seller_service
17958980204464533,17909171324675683,quiz_image,,Love these quizzes!,2026-08-23T03:02:51+0000,yoga.daily,1,false,false,positive,engagement
17949277076232892,17909171324675683,quiz_image,,B (10)?,2026-08-23T03:09:35+0000,maya_official59,2,false,false,neutral,quiz_guess
17997018883968593,17909171324675683,quiz_image,,I'll go with C,2026-08-23T03:12:47+0000,mega.sehat,0,false,false,neutral,quiz_guess
17999281198422648,17909171324675683,quiz_image,17941201689778394,So sorry about that! Please DM us your order number and we'll make it right 🙏,2026-08-23T03:58:32+0000,loopcycle.nusantara,7,false,true,n/a,brand_reply
17902420011525241,17909171324675683,quiz_image,,C 14,2026-08-23T04:03:34+0000,nadia_plants,2,false,false,neutral,quiz_guess
17912054428913581,17909171324675683,quiz_image,,Do you have a store in Bandung?,2026-08-23T04:05:51+0000,fajar_eats62,0,false,false,neutral,where_to_buy
17988956165015266,17909171324675683,quiz_image,,I'll go with C,2026-08-23T04:13:28+0000,joko_hijau,0,false,false,neutral,quiz_guess
17936807652851052,17909171324675683,quiz_image,,Honestly feels like greenwashing,2026-08-23T04:20:03+0000,hendra_fit,1,false,false,negative,skepticism
17904430427936957,17909171324675683,quiz_image,,Is the answer in Stories?,2026-08-23T04:20:12+0000,intan.coffee,0,false,false,neutral,quiz_question
17923750515155425,17909171324675683,quiz_image,,10?,2026-08-23T04:27:28+0000,andigreen86,0,false,false,neutral,quiz_guess
17987481279146489,17909171324675683,quiz_image,,Need one in indigo!,2026-08-23T04:30:15+0000,megaid37,1,false,false,positive,excitement
17918691799355675,17909171324675683,quiz_image,,@siti59 you need this! 😍,2026-08-23T04:35:58+0000,rina.sehat,0,false,false,positive,tag_friend
17970817557614779,17909171324675683,quiz_image,,14!,2026-08-23T04:51:55+0000,putri_green2,0,false,false,neutral,quiz_guess
17937656110634976,17909171324675683,quiz_image,,I think 14 🤔,2026-08-23T05:02:18+0000,putri_sehat,0,false,false,neutral,quiz_guess
17920194296193258,17909171324675683,quiz_image,,14!,2026-08-23T05:06:28+0000,bayu.sehat,0,false,false,neutral,quiz_guess
17928251985987763,17909171324675683,quiz_image,17987820830922716,@ayumom So sorry about that! Please DM us your order number and we'll make it right 🙏,2026-08-23T05:12:13+0000,loopcycle.nusantara,10,false,true,n/a,brand_reply
17986637445110589,17909171324675683,quiz_image,,This brand is so creative 💚,2026-08-23T05:22:21+0000,budimom31,1,false,false,positive,engagement
17997027838229242,17909171324675683,quiz_image,17967790434451073,@galih_green73 Ding ding! 14 it is 🎉,2026-08-23T05:31:28+0000,loopcycle.nusantara,0,false,true,n/a,brand_reply
17973045416977255,17909171324675683,quiz_image,17941146524338122,"@tari_official You can get it via the link in bio, Shopee, Tokopedia, TikTok Shop or our Bandung store 💚",2026-08-23T05:33:17+0000,loopcycle.nusantara,3,false,true,n/a,brand_reply
17975930220622405,17909171324675683,quiz_image,,Honestly feels like greenwashing,2026-08-23T05:38:21+0000,ayu.thrift86,4,false,false,negative,skepticism
17933312690917337,17909171324675683,quiz_image,17976851454142263,"@andi_daily You can get it via the link in bio, Shopee, Tokopedia, TikTok Shop or our Bandung store 💚",2026-08-23T06:06:07+0000,loopcycle.nusantara,4,false,true,n/a,brand_reply
17945739375447235,17909171324675683,quiz_image,,Need one in indigo!,2026-08-23T06:14:32+0000,rizky.sehat,1,false,false,positive,excitement
17965590315257941,17909171324675683,quiz_image,,Where can I buy?,2026-08-23T06:18:00+0000,fajarjkt,1,false,false,neutral,where_to_buy
17990170322857860,17909171324675683,quiz_image,17977095263180153,Thank you for supporting our pickers 🙌,2026-08-23T06:26:22+0000,loopcycle.nusantara,10,false,true,n/a,brand_reply
17985956734781880,17909171324675683,quiz_image,,"D, 20 bottles!",2026-08-23T06:31:45+0000,andibookish,2,false,false,neutral,quiz_guess
17924533234151374,17909171324675683,quiz_image,,14!,2026-08-23T06:41:26+0000,citra.travel,1,false,false,neutral,quiz_guess
17975528633769951,17909171324675683,quiz_image,,This brand is so creative 💚,2026-08-23T06:57:35+0000,irfan_bookish,6,false,false,positive,engagement
17976557165358777,17909171324675683,quiz_image,,I think 14 🤔,2026-08-23T07:01:38+0000,intan.daily,0,false,false,neutral,quiz_guess
17963622379215989,17909171324675683,quiz_image,,Love this! 💚,2026-08-23T07:05:44+0000,bayu.thrift,4,false,false,positive,excitement
17959438266552565,17909171324675683,quiz_image,17987481279146489,"@megaid37 You can get it via the link in bio, Shopee, Tokopedia, TikTok Shop or our Bandung store 💚",2026-08-23T07:15:15+0000,loopcycle.nusantara,3,false,true,n/a,brand_reply
17969039050949378,17909171324675683,quiz_image,,Where can I buy?,2026-08-23T07:21:22+0000,irfandaily,0,false,false,neutral,where_to_buy
17947390825714152,17909171324675683,quiz_image,,14!,2026-08-23T07:29:27+0000,ayu.id,0,false,false,neutral,quiz_guess
17941803523877698,17909171324675683,quiz_image,,Do you have a store in Bandung?,2026-08-23T07:29:53+0000,budi_official,0,false,false,neutral,where_to_buy
17949699063281347,17909171324675683,quiz_image,17909641127551501,So sorry about that! Please DM us your order number and we'll make it right 🙏,2026-08-23T07:33:29+0000,loopcycle.nusantara,9,false,true,n/a,brand_reply
17923434214142657,17909171324675683,quiz_image,,14!,2026-08-23T07:36:24+0000,dewi_6,0,false,false,neutral,quiz_guess
17935817867620940,17909171324675683,quiz_image,,Need one in indigo!,2026-08-23T07:39:12+0000,ayu_jkt,1,false,false,positive,excitement
17925144922096659,17909171324675683,quiz_image,,I think 14 🤔,2026-08-23T07:43:15+0000,joko.daily38,0,false,false,neutral,quiz_guess
17992662937258520,17909171324675683,quiz_image,17949277076232892,Same question!,2026-08-23T07:52:35+0000,maya_official,0,false,false,neutral,user_reply
17980699377951376,17909171324675683,quiz_image,,I think 14 🤔,2026-08-23T07:53:02+0000,jokolife,0,false,false,neutral,quiz_guess
17945013433732146,17909171324675683,quiz_image,,I think 14 🤔,2026-08-23T08:06:28+0000,budi.daily2,0,false,false,neutral,quiz_guess
17968356148271461,17909171324675683,quiz_image,17900844571201016,Same question!,2026-08-23T08:07:40+0000,rina.jkt45,0,false,false,neutral,user_reply
17910858491633899,17909171324675683,quiz_image,,Ordered 9 days ago on Shopee and still no parcel 😤,2026-08-23T08:07:51+0000,reza.bdg,0,false,false,unrelated,delivery_delay
17935633957039235,17909171324675683,quiz_image,17945739375447235,"@rizky.sehat You can get it via the link in bio, Shopee, Tokopedia, TikTok Shop or our Bandung store 💚",2026-08-23T08:09:32+0000,loopcycle.nusantara,5,false,true,n/a,brand_reply
17954402140848183,17909171324675683,quiz_image,,Is the answer in Stories?,2026-08-23T08:16:55+0000,ayu_sehat66,1,false,false,neutral,quiz_question
17922853139528311,17909171324675683,quiz_image,,Is the answer in Stories?,2026-08-23T08:31:59+0000,nadia_fit23,0,false,false,neutral,quiz_question
17928530748470449,17909171324675683,quiz_image,17929372364600338,@tari.thrift72 So sorry about that! Please DM us your order number and we'll make it right 🙏,2026-08-23T08:32:19+0000,loopcycle.nusantara,3,false,true,n/a,brand_reply
17916773816688768,17909171324675683,quiz_image,,C 14,2026-08-23T08:34:16+0000,citra.studio,0,false,false,neutral,quiz_guess
17949799539828732,17909171324675683,quiz_image,,Proud of you guys!,2026-08-23T08:47:38+0000,ayu.jkt,0,false,false,positive,support_local
17915964937226105,17909171324675683,quiz_image,,I think 14 🤔,2026-08-23T09:00:40+0000,irfanfit,0,false,false,neutral,quiz_guess
17956204698471374,17909171324675683,quiz_image,,10?,2026-08-23T09:14:10+0000,dewi_mom,0,false,false,neutral,quiz_guess
17901348537135762,17909171324675683,quiz_image,17956326669615446,Same question!,2026-08-23T09:29:24+0000,ayubookish59,3,false,false,neutral,user_reply
17931193187882747,17909171324675683,quiz_image,,14!,2026-08-23T09:38:34+0000,hendra_life,0,false,false,neutral,quiz_guess
17999617667276905,17909171324675683,quiz_image,,Need one in indigo!,2026-08-23T10:01:31+0000,rina_coffee47,2,false,false,positive,excitement
17923029527234717,17909171324675683,quiz_image,,This brand is so creative 💚,2026-08-23T10:01:37+0000,lestarimom24,1,false,false,positive,engagement
17978699733439306,17909171324675683,quiz_image,17966788964702341,"You can get it via the link in bio, Shopee, Tokopedia, TikTok Shop or our Bandung store 💚",2026-08-23T10:03:20+0000,loopcycle.nusantara,10,false,true,n/a,brand_reply
17910926611686191,17909171324675683,quiz_image,17999617667276905,"@rina_coffee47 You can get it via the link in bio, Shopee, Tokopedia, TikTok Shop or our Bandung store 💚",2026-08-23T10:22:31+0000,loopcycle.nusantara,0,false,true,n/a,brand_reply
17991752719434042,17909171324675683,quiz_image,17948296350075922,Close! Check the answer in Stories 😉,2026-08-23T10:31:01+0000,loopcycle.nusantara,0,false,true,n/a,brand_reply
17949023311065049,17909171324675683,quiz_image,,14 hehe saw it on your reel,2026-08-23T11:19:35+0000,andijkt86,0,false,false,neutral,quiz_guess
17975995714885473,17909171324675683,quiz_image,,20?,2026-08-23T11:20:16+0000,mega_plants,0,false,false,neutral,quiz_guess
17915048057243705,17909171324675683,quiz_image,17949014908500647,Thank you for supporting our pickers 🙌,2026-08-23T11:22:20+0000,loopcycle.nusantara,0,false,true,n/a,brand_reply
17981564840884635,17909171324675683,quiz_image,17910858491633899,@reza.bdg So sorry about that! Please DM us your order number and we'll make it right 🙏,2026-08-23T11:25:51+0000,loopcycle.nusantara,2,false,true,n/a,brand_reply
17972162165052023,17909171324675683,quiz_image,17925144922096659,Following this thread,2026-08-23T11:26:15+0000,rizky_37,3,false,false,neutral,user_reply
17959874607204824,17909171324675683,quiz_image,,This is the future 🌍,2026-08-23T11:27:04+0000,irfantravel,1,false,false,positive,sustainability
17928184809547959,17909171324675683,quiz_image,17939848269818126,@mega.fit So happy you love it! 💚,2026-08-23T11:34:55+0000,loopcycle.nusantara,2,false,true,n/a,brand_reply
17967745985132864,17909171324675683,quiz_image,,14!,2026-08-23T11:55:19+0000,citra.coffee42,0,false,false,neutral,quiz_guess
17936090012518971,17909171324675683,quiz_image,17929861938692600,Ding ding! 14 it is 🎉,2026-08-23T12:06:45+0000,loopcycle.nusantara,0,false,true,n/a,brand_reply
17929797334928592,17909171324675683,quiz_image,17997018883968593,Following this thread,2026-08-23T12:07:47+0000,sintaofficial,1,false,false,neutral,user_reply
17959113445750369,17909171324675683,quiz_image,17956380148900680,"You can get it via the link in bio, Shopee, Tokopedia, TikTok Shop or our Bandung store 💚",2026-08-23T12:20:23+0000,loopcycle.nusantara,1,false,true,n/a,brand_reply
17925400107288672,17909171324675683,quiz_image,,C 14,2026-08-23T12:24:17+0000,agusthrift,4,false,false,neutral,quiz_guess
17964757878750183,17909171324675683,quiz_image,,14 hehe saw it on your reel,2026-08-23T12:35:06+0000,bayu54,2,false,false,neutral,quiz_guess
17970762538063832,17909171324675683,quiz_image,,14!,2026-08-23T12:51:49+0000,mega.plants,2,false,false,neutral,quiz_guess
17954159944147593,17909171324675683,quiz_image,17930892431912877,So sorry about that! Please DM us your order number and we'll make it right 🙏,2026-08-23T12:53:52+0000,loopcycle.nusantara,4,false,true,n/a,brand_reply
17986045310532821,17909171324675683,quiz_image,,10?,2026-08-23T13:00:48+0000,ayu.daily33,0,false,false,neutral,quiz_guess
17951592912464264,17909171324675683,quiz_image,,14!,2026-08-23T13:06:23+0000,wulan.studio,0,false,false,neutral,quiz_guess
17966283544890668,17909171324675683,quiz_image,17935599480127810,Thank you for supporting our pickers 🙌,2026-08-23T13:31:28+0000,loopcycle.nusantara,10,false,true,n/a,brand_reply
17902320959416720,17909171324675683,quiz_image,,"So cool, supporting local! 🙌",2026-08-23T13:55:02+0000,budi.green,2,false,false,positive,support_local
17963218331106115,17909171324675683,quiz_image,,Courier left it with the guard and never told me,2026-08-23T14:11:17+0000,reza.coffee9,1,false,false,unrelated,courier_handling
17948911932443470,17909171324675683,quiz_image,,"Parcel arrived wet, packaging was too thin",2026-08-23T14:18:39+0000,dewihijau31,0,false,false,unrelated,packaging_damage
17971809023410974,17909171324675683,quiz_image,,This brand is so creative 💚,2026-08-23T14:24:51+0000,yogagreen27,1,false,false,positive,engagement
17932616905445768,17909171324675683,quiz_image,17949023311065049,Ding ding! 14 it is 🎉,2026-08-23T14:27:35+0000,loopcycle.nusantara,4,false,true,n/a,brand_reply
17978983594106979,17909171324675683,quiz_image,17963218331106115,So sorry about that! Please DM us your order number and we'll make it right 🙏,2026-08-23T14:39:17+0000,loopcycle.nusantara,0,false,true,n/a,brand_reply
17947520102821951,17909171324675683,quiz_image,17978594576581232,Same question!,2026-08-23T14:57:14+0000,ayu_eats,1,false,false,neutral,user_reply
17901252628683726,17909171324675683,quiz_image,,Courier left it with the guard and never told me,2026-08-23T15:06:52+0000,yogamom38,0,false,false,unrelated,courier_handling
17981984477771949,17909171324675683,quiz_image,,This brand is so creative 💚,2026-08-23T15:08:23+0000,galihgreen3,1,false,false,positive,engagement
17911215134870965,17909171324675683,quiz_image,17948911932443470,@dewihijau31 So sorry about that! Please DM us your order number and we'll make it right 🙏,2026-08-23T15:10:39+0000,loopcycle.nusantara,8,false,true,n/a,brand_reply
17984391350232160,17909171324675683,quiz_image,,Beautiful colours 😍,2026-08-23T15:19:39+0000,rizkymom90,1,false,false,positive,design
17900034326394328,17909171324675683,quiz_image,,I think 14 🤔,2026-08-23T15:19:58+0000,rizky.5679,0,false,false,neutral,quiz_guess
17942602902490251,17909171324675683,quiz_image,17976557165358777,@intan.daily Ding ding! 14 it is 🎉,2026-08-23T15:24:38+0000,loopcycle.nusantara,5,false,true,n/a,brand_reply
17921181375091194,17909171324675683,quiz_image,,Hint please!,2026-08-23T15:29:10+0000,sintalife52,2,false,false,neutral,quiz_question
17948977804837157,17909171324675683,quiz_image,17997515909995233,Following this thread,2026-08-23T15:50:46+0000,putri_fit,3,false,false,neutral,user_reply
17990072208383749,17909171324675683,quiz_image,,This is the future 🌍,2026-08-23T15:56:23+0000,yoga.58,0,false,false,positive,sustainability
17937564827818765,17909171324675683,quiz_image,17925400107288672,Same question!,2026-08-23T16:12:17+0000,fajarid,3,false,false,neutral,user_reply
17922089248318109,17909171324675683,quiz_image,,Need one in indigo!,2026-08-23T16:33:07+0000,siti_fit,0,false,false,positive,excitement
17955140023214192,17909171324675683,quiz_image,17941803523877698,"@budi_official You can get it via the link in bio, Shopee, Tokopedia, TikTok Shop or our Bandung store 💚",2026-08-23T16:36:53+0000,loopcycle.nusantara,6,false,true,n/a,brand_reply
17937425528705395,17909171324675683,quiz_image,,14!,2026-08-23T16:42:32+0000,lestarieats88,0,false,false,neutral,quiz_guess
17989239330373192,17909171324675683,quiz_image,,B (10)?,2026-08-23T17:29:10+0000,budistudio67,0,false,false,neutral,quiz_guess
17932385006905150,17909171324675683,quiz_image,,"D, 20 bottles!",2026-08-23T17:33:41+0000,rizky.bookish4,0,false,false,neutral,quiz_guess
17902976999322965,17909171324675683,quiz_image,,Ordered 9 days ago on Shopee and still no parcel 😤,2026-08-23T17:56:08+0000,maya_green,0,false,false,unrelated,delivery_delay
17967339243521963,17909171324675683,quiz_image,,10 bottles maybe,2026-08-23T18:47:08+0000,budilife,0,false,false,neutral,quiz_guess
17995805874506440,17909171324675683,quiz_image,,I'll go with C,2026-08-23T19:03:18+0000,bayu_sehat92,0,false,false,neutral,quiz_guess
17970599173336545,17909171324675683,quiz_image,17945013433732146,Ding ding! 14 it is 🎉,2026-08-23T19:31:28+0000,loopcycle.nusantara,11,false,true,n/a,brand_reply
17985893543202557,17909171324675683,quiz_image,,I think 14 🤔,2026-08-23T19:38:04+0000,fajar_bdg,19,false,false,neutral,quiz_guess
17942183908205892,17909171324675683,quiz_image,,Is the answer in Stories?,2026-08-23T19:45:20+0000,rizky.mom,0,false,false,neutral,quiz_question
17917663608120645,17909171324675683,quiz_image,,14!,2026-08-23T20:03:55+0000,rezastudio,0,false,false,neutral,quiz_guess
17999811874784043,17909171324675683,quiz_image,,@agus.sehat1 you need this! 😍,2026-08-23T20:06:35+0000,reza.bdg95,4,false,false,positive,tag_friend
17962096150242904,17909171324675683,quiz_image,17969039050949378,"@irfandaily You can get it via the link in bio, Shopee, Tokopedia, TikTok Shop or our Bandung store 💚",2026-08-23T20:14:22+0000,loopcycle.nusantara,4,false,true,n/a,brand_reply
17918790999904536,17909171324675683,quiz_image,,@lestarithrift you need this! 😍,2026-08-23T20:46:17+0000,lestari.coffee,0,false,false,positive,tag_friend
17965069506462385,17909171324675683,quiz_image,,A 6 maybe,2026-08-23T20:47:48+0000,agus_life33,0,false,false,neutral,quiz_guess
17998571919833070,17909171324675683,quiz_image,17901252628683726,@yogamom38 So sorry about that! Please DM us your order number and we'll make it right 🙏,2026-08-23T21:04:52+0000,loopcycle.nusantara,8,false,true,n/a,brand_reply
17902451877672358,17909171324675683,quiz_image,,This brand is so creative 💚,2026-08-23T21:09:04+0000,joko_bdg,1,false,false,positive,engagement
17946830826346080,17909171324675683,quiz_image,,Is the answer in Stories?,2026-08-23T21:23:32+0000,tari.green,0,false,false,neutral,quiz_question
17936327264553060,17909171324675683,quiz_image,17967339243521963,Following this thread,2026-08-23T22:10:08+0000,andi.thrift9,2,false,false,neutral,user_reply
17956862001338194,17909171324675683,quiz_image,,Do you have a store in Bandung?,2026-08-23T22:51:52+0000,siti_hijau1,1,false,false,neutral,where_to_buy
17917839554921558,17909171324675683,quiz_image,,Need one in indigo!,2026-08-23T22:51:55+0000,wulan.official,0,false,false,positive,excitement
17979531339630472,17909171324675683,quiz_image,,"D, 20 bottles!",2026-08-23T23:21:55+0000,tari_bdg,0,false,false,neutral,quiz_guess
17958466581167326,17909171324675683,quiz_image,,A 6 maybe,2026-08-23T23:22:42+0000,rina.coffee,0,false,false,neutral,quiz_guess
17940417201313805,17909171324675683,quiz_image,,Is the answer in Stories?,2026-08-23T23:36:37+0000,rinalife,0,false,false,neutral,quiz_question
17944481154496329,17909171324675683,quiz_image,,20?,2026-08-24T00:27:04+0000,sitisehat,0,false,false,neutral,quiz_guess
17908178362372499,17909171324675683,quiz_image,,I think 14 🤔,2026-08-24T01:31:55+0000,fajar_id74,1,false,false,neutral,quiz_guess
17977980182587169,17909171324675683,quiz_image,,10 bottles maybe,2026-08-24T01:40:22+0000,tari.jkt21,0,false,false,neutral,quiz_guess
17994499050960336,17909171324675683,quiz_image,17986045310532821,Following this thread,2026-08-24T01:54:48+0000,bayu.life,1,false,false,neutral,user_reply
17953781392075663,17909171324675683,quiz_image,17995805874506440,Ding ding! 14 it is 🎉,2026-08-24T02:24:18+0000,loopcycle.nusantara,0,false,true,n/a,brand_reply
17907767294126809,17909171324675683,quiz_image,,I'll go with C,2026-08-24T02:31:44+0000,rizky.coffee,0,false,false,neutral,quiz_guess
17999089922850751,17909171324675683,quiz_image,,Need one in indigo!,2026-08-24T02:35:15+0000,bayu.jkt,0,false,false,positive,excitement
17920428835592562,17909171324675683,quiz_image,,I think 14 🤔,2026-08-24T03:12:19+0000,dewibookish52,0,false,false,neutral,quiz_guess
17954026149482155,17909171324675683,quiz_image,,Love these quizzes!,2026-08-24T03:12:40+0000,intan_mom,3,false,false,positive,engagement
17986727268754824,17909171324675683,quiz_image,,10 bottles maybe,2026-08-24T03:23:04+0000,lestari.bookish90,1,false,false,neutral,quiz_guess
17900524830859676,17909171324675683,quiz_image,17922089248318109,"You can get it via the link in bio, Shopee, Tokopedia, TikTok Shop or our Bandung store 💚",2026-08-24T03:52:07+0000,loopcycle.nusantara,11,false,true,n/a,brand_reply
17991966583894551,17909171324675683,quiz_image,17902451877672358,Thank you! 💚,2026-08-24T04:02:04+0000,loopcycle.nusantara,2,false,true,n/a,brand_reply
17964991971721056,17909171324675683,quiz_image,,Proud of you guys!,2026-08-24T04:17:11+0000,galih.jkt,0,false,false,positive,support_local
17948563262208027,17909171324675683,quiz_image,17902976999322965,@maya_green So sorry about that! Please DM us your order number and we'll make it right 🙏,2026-08-24T05:17:08+0000,loopcycle.nusantara,9,false,true,n/a,brand_reply
17951306765425455,17909171324675683,quiz_image,,10?,2026-08-24T05:24:25+0000,maya.life,4,false,false,neutral,quiz_guess
17929828157047726,17909171324675683,quiz_image,17965069506462385,Close! Check the answer in Stories 😉,2026-08-24T07:37:48+0000,loopcycle.nusantara,8,false,true,n/a,brand_reply
17934240684783397,17909171324675683,quiz_image,,B (10)?,2026-08-24T07:48:18+0000,budi.travel,2,false,false,neutral,quiz_guess
17922301728366638,17909171324675683,quiz_image,,10?,2026-08-24T09:24:15+0000,nadia.bdg,2,false,false,neutral,quiz_guess
17919534671046914,17909171324675683,quiz_image,,This is the future 🌍,2026-08-24T09:36:25+0000,tari.bookish68,1,false,false,positive,sustainability
17962011012116862,17909171324675683,quiz_image,,Do you have a store in Bandung?,2026-08-24T09:53:43+0000,andi.daily,0,false,false,neutral,where_to_buy
17981275203743753,17909171324675683,quiz_image,17999089922850751,"@bayu.jkt You can get it via the link in bio, Shopee, Tokopedia, TikTok Shop or our Bandung store 💚",2026-08-24T12:53:15+0000,loopcycle.nusantara,6,false,true,n/a,brand_reply
17977707680451754,17909171324675683,quiz_image,,14!,2026-08-24T13:21:44+0000,citra_eats,0,false,false,neutral,quiz_guess
17932530290919224,17909171324675683,quiz_image,,14!,2026-08-24T13:32:47+0000,galihofficial,0,false,false,neutral,quiz_guess
17905986470571784,17909171324675683,quiz_image,,Need one in indigo!,2026-08-24T14:09:16+0000,citra.green,1,false,false,positive,excitement
17976033592875193,17909171324675683,quiz_image,17922301728366638,@nadia.bdg Close! Check the answer in Stories 😉,2026-08-24T14:24:15+0000,loopcycle.nusantara,1,false,true,n/a,brand_reply
17985903910259253,17909171324675683,quiz_image,17962011012116862,"You can get it via the link in bio, Shopee, Tokopedia, TikTok Shop or our Bandung store 💚",2026-08-24T17:33:43+0000,loopcycle.nusantara,8,false,true,n/a,brand_reply
17937379699940787,17909171324675683,quiz_image,,Beautiful colours 😍,2026-08-24T17:47:22+0000,lestari.mom,2,false,false,positive,design
17982197245955840,17909171324675683,quiz_image,17937379699940787,So happy you love it! 💚,2026-08-24T19:37:22+0000,loopcycle.nusantara,1,false,true,n/a,brand_reply
17954538659955648,17909171324675683,quiz_image,,Do you have a store in Bandung?,2026-08-24T21:17:13+0000,agusgreen,0,false,false,neutral,where_to_buy
17970343470013798,17909171324675683,quiz_image,17954538659955648,"@agusgreen You can get it via the link in bio, Shopee, Tokopedia, TikTok Shop or our Bandung store 💚",2026-08-24T23:00:13+0000,loopcycle.nusantara,6,false,true,n/a,brand_reply
17949246572387519,17909171324675683,quiz_image,,Need one in indigo!,2026-08-25T06:10:48+0000,galih.official,1,false,false,positive,excitement
17963078058199895,17909171324675683,quiz_image,,A 6 maybe,2026-08-25T07:08:28+0000,mayadaily,0,false,false,neutral,quiz_guess
17986553906693157,17909171324675683,quiz_image,,"D, 20 bottles!",2026-08-25T09:34:39+0000,galih.thrift63,0,false,false,neutral,quiz_guess
17980241925930937,17909171324675683,quiz_image,,Beautiful colours 😍,2026-08-25T13:01:14+0000,rina.plants78,1,false,false,positive,design
17902636207769560,17909171324675683,quiz_image,,14!,2026-08-25T16:41:32+0000,agus.coffee,2,false,false,neutral,quiz_guess
17945172100910019,17909171324675683,quiz_image,17949246572387519,"@galih.official You can get it via the link in bio, Shopee, Tokopedia, TikTok Shop or our Bandung store 💚",2026-08-25T20:05:48+0000,loopcycle.nusantara,8,false,true,n/a,brand_reply
17992279689222895,17909171324675683,quiz_image,,Where can I buy?,2026-08-25T21:26:56+0000,andiofficial,2,false,false,neutral,where_to_buy
17940540539519106,17909171324675683,quiz_image,,14!,2026-08-25T22:52:26+0000,bayu.bdg10,0,false,false,neutral,quiz_guess
17965708523380900,17909171324675683,quiz_image,,C 14,2026-08-26T01:11:01+0000,ayu_green,3,false,false,neutral,quiz_guess
17956727883626704,17909171324675683,quiz_image,17992279689222895,"@andiofficial You can get it via the link in bio, Shopee, Tokopedia, TikTok Shop or our Bandung store 💚",2026-08-26T02:46:56+0000,loopcycle.nusantara,7,false,true,n/a,brand_reply
17928254929075159,17909171324675683,quiz_image,,C 14,2026-08-26T11:49:57+0000,budicoffee,0,false,false,neutral,quiz_guess
17986217396313397,17909171324675683,quiz_image,,6?? no way it's that few,2026-08-26T12:01:16+0000,irfan_mom,1,false,false,neutral,quiz_guess
17992339113407451,17909171324675683,quiz_image,,Hint please!,2026-08-26T19:06:25+0000,maya_daily82,0,false,false,neutral,quiz_question
17945322699840480,17909171324675683,quiz_image,,B (10)?,2026-08-26T19:36:31+0000,nadia.fit9,1,false,false,neutral,quiz_guess
17975161609829688,17909171324675683,quiz_image,,"So cool, supporting local! 🙌",2026-08-27T01:56:17+0000,maya.green54,0,false,false,positive,support_local
17900456725991950,17909171324675683,quiz_image,,I'll go with C,2026-08-27T04:34:54+0000,budi.travel76,0,false,false,neutral,quiz_guess
17902560407091905,17909171324675683,quiz_image,,Proud of you guys! 🙌,2026-08-27T06:03:58+0000,galih_jkt79,1,false,false,positive,support_local
17997508861858172,17909171324675683,quiz_image,17900456725991950,Ding ding! 14 it is 🎉,2026-08-27T09:59:54+0000,loopcycle.nusantara,8,false,true,n/a,brand_reply
17941427991026284,17909171324675683,quiz_image,,Love these quizzes! 😍,2026-08-27T15:56:15+0000,putri.90,1,false,false,positive,engagement
17920226634944598,17909171324675683,quiz_image,,10 bottles maybe,2026-08-28T03:30:58+0000,citra.hijau,0,false,false,neutral,quiz_guess
17953796327014764,17909171324675683,quiz_image,,"Earn money from home, check my bio",2026-08-28T14:38:21+0000,promo_8110_id,0,true,false,unrelated,spam
17988392321031784,17909171324675683,quiz_image,,Ordered 9 days ago on Shopee and still no parcel 😤,2026-08-28T22:53:35+0000,rizkytravel,0,false,false,unrelated,delivery_delay
17933224935869958,17909171324675683,quiz_image,17988392321031784,@rizkytravel So sorry about that! Please DM us your order number and we'll make it right 🙏,2026-08-29T08:27:35+0000,loopcycle.nusantara,8,false,true,n/a,brand_reply
17963544920656844,17909171324675683,quiz_image,,Is the answer in Stories?,2026-08-29T18:51:19+0000,yogathrift22,0,false,false,neutral,quiz_question
17951931490735288,17909171324675683,quiz_image,,I'll go with C,2026-08-30T05:46:28+0000,maya.coffee,0,false,false,neutral,quiz_guess
17929539255973611,17909171324675683,quiz_image,,C 14,2026-08-30T14:45:13+0000,wulandaily,2,false,false,neutral,quiz_guess
17983342599936276,17909171324675683,quiz_image,,I think 14 🤔,2026-08-30T17:40:41+0000,bayu_id,0,false,false,neutral,quiz_guess
17910625504764774,17909171324675683,quiz_image,,"D, 20 bottles!",2026-09-01T22:21:37+0000,ayumom28,0,false,false,neutral,quiz_guess
17916839823029408,17909503295997091,giftset_image,,Can I customise the card message?,2026-09-15T12:54:47+0000,dewihijau,0,false,false,neutral,product_question
17998386286441949,17909503295997091,giftset_image,,Ordering for my team,2026-09-15T13:18:34+0000,citra_plants,1,false,false,positive,purchase
17922053507357262,17909503295997091,giftset_image,,Is there corporate bulk pricing?,2026-09-15T13:18:42+0000,fajarhijau16,0,false,false,neutral,bulk_question
17946710663938990,17909503295997091,giftset_image,,"Lovely idea, plastic-free wrapping!",2026-09-15T13:47:26+0000,fajar.studio26,1,false,false,positive,sustainability
17900569575480490,17909503295997091,giftset_image,,"Lovely idea, plastic-free wrapping!",2026-09-15T13:51:02+0000,ayu_official40,1,false,false,positive,sustainability
17928209655440743,17909503295997091,giftset_image,,Price?,2026-09-15T13:52:18+0000,andi.eats,0,false,false,neutral,price
17944795237993583,17909503295997091,giftset_image,,Ordering for my team,2026-09-15T13:54:20+0000,galih_id97,1,false,false,positive,purchase
17984864844639888,17909503295997091,giftset_image,,"So cool, supporting local! 🙌",2026-09-15T14:06:15+0000,intan_id,0,false,false,positive,support_local
17963636331996035,17909503295997091,giftset_image,,Beautiful colours 😍,2026-09-15T14:18:53+0000,siti_fit42,1,false,false,positive,design
17949541801643284,17909503295997091,giftset_image,,Proud of you guys!,2026-09-15T14:40:57+0000,sintastudio73,0,false,false,positive,support_local
17976185670854474,17909503295997091,giftset_image,,Perfect for gifting season,2026-09-15T14:49:27+0000,joko.jkt,0,false,false,positive,gifting
17929073028179967,17909503295997091,giftset_image,,Looks smaller than expected from the video,2026-09-15T15:00:55+0000,andieats,0,false,false,negative,size_complaint
17976095509392440,17909503295997091,giftset_image,,Looks smaller than expected from the video,2026-09-15T15:20:34+0000,bayu.plants,3,false,false,negative,size_complaint
17945506155765678,17909503295997091,giftset_image,,"Lovely idea, plastic-free wrapping!",2026-09-15T15:22:33+0000,irfan.official,1,false,false,positive,sustainability
17936785317279552,17909503295997091,giftset_image,,Do you have a store in Bandung?,2026-09-15T15:24:30+0000,megadaily,8,false,false,neutral,where_to_buy
17928402187441995,17909503295997091,giftset_image,,Perfect for gifting season,2026-09-15T15:51:23+0000,mega_bookish55,1,false,false,positive,gifting
17902995673227904,17909503295997091,giftset_image,,"So cool, supporting local! 🙌",2026-09-15T16:04:43+0000,rinafit,1,false,false,positive,support_local
17917464997876428,17909503295997091,giftset_image,,Is there corporate bulk pricing?,2026-09-15T16:35:36+0000,irfan_fit,0,false,false,neutral,bulk_question
17931033918675959,17909503295997091,giftset_image,,Price?,2026-09-15T16:44:47+0000,irfan_bdg34,0,false,false,neutral,price
17937479279704032,17909503295997091,giftset_image,17976095509392440,So sorry about that! Please DM us your order number and we'll make it right 🙏,2026-09-15T16:46:34+0000,loopcycle.nusantara,6,false,true,n/a,brand_reply
17982469760371527,17909503295997091,giftset_image,,"Lovely idea, plastic-free wrapping!",2026-09-15T17:37:28+0000,rezasehat,0,false,false,positive,sustainability
17964647462869947,17909503295997091,giftset_image,,Beautiful colours 😍,2026-09-15T17:46:56+0000,rizky_87,0,false,false,positive,design
17918076166618075,17909503295997091,giftset_image,,Delivery to Surabaya took two weeks,2026-09-15T17:55:00+0000,tari.mom58,0,false,false,unrelated,delivery_delay
17929491986322127,17909503295997091,giftset_image,,Beautiful colours 😍,2026-09-15T17:57:13+0000,ayustudio40,7,false,false,positive,design
17934952469669690,17909503295997091,giftset_image,17931033918675959,"Hi! The Loop Tote is Rp 189,000 on our website, marketplaces and in our Bandung store 💚",2026-09-15T18:13:47+0000,loopcycle.nusantara,5,false,true,n/a,brand_reply
17980639812927776,17909503295997091,giftset_image,,@fajar_sehat you need this! 😍,2026-09-15T18:16:22+0000,yogahijau72,1,false,false,positive,tag_friend
17937320590146222,17909503295997091,giftset_image,,@citra_hijau you need this! 😍,2026-09-15T18:20:10+0000,yogadaily48,1,false,false,positive,tag_friend
17965914967432727,17909503295997091,giftset_image,17928402187441995,@mega_bookish55 So happy you love it! 💚,2026-09-15T18:27:23+0000,loopcycle.nusantara,6,false,true,n/a,brand_reply
17986785059610241,17909503295997091,giftset_image,,Nice pic! Visit our page for big discounts,2026-09-15T20:21:12+0000,cryptoking57,0,false,false,unrelated,spam
17995339354225262,17909503295997091,giftset_image,,This is the future 🌍,2026-09-15T20:25:26+0000,maya_daily,0,false,false,positive,sustainability
17916760550980271,17909503295997091,giftset_image,,"So cool, supporting local! 🙌 😍",2026-09-15T20:29:20+0000,dewiplants40,1,false,false,positive,support_local
17977196994772146,17909503295997091,giftset_image,17929073028179967,So sorry about that! Please DM us your order number and we'll make it right 🙏,2026-09-15T20:53:55+0000,loopcycle.nusantara,6,false,true,n/a,brand_reply
17924172807479521,17909503295997091,giftset_image,,Proud of you guys!,2026-09-15T21:21:26+0000,jokobookish,0,false,false,positive,support_local
17944160326887934,17909503295997091,giftset_image,,Delivery to Surabaya took two weeks,2026-09-15T22:14:53+0000,dewimom,2,false,false,unrelated,delivery_delay
17964015743769577,17909503295997091,giftset_image,,Need one in indigo! 💚,2026-09-15T22:25:27+0000,sintasehat,1,false,false,positive,excitement
17902555448631034,17909503295997091,giftset_image,,Perfect for gifting season,2026-09-15T22:36:30+0000,irfan.daily47,0,false,false,positive,gifting
17915628601297450,17909503295997091,giftset_image,,That packaging is gorgeous 😍,2026-09-15T22:40:32+0000,hendra.life12,0,false,false,positive,packaging
17946528334324912,17909503295997091,giftset_image,,Anyone know a good plumber in Bandung?,2026-09-15T22:46:51+0000,andi_mom,11,false,false,unrelated,off_topic
17908922021247489,17909503295997091,giftset_image,17917464997876428,So happy you love it! 💚,2026-09-15T22:53:36+0000,loopcycle.nusantara,3,false,true,n/a,brand_reply
17963100625797930,17909503295997091,giftset_image,,"Lovely idea, plastic-free wrapping!",2026-09-15T23:24:39+0000,mega.daily82,2,false,false,positive,sustainability
17987236205645458,17909503295997091,giftset_image,,That packaging is gorgeous 😍,2026-09-15T23:37:10+0000,wulanthrift,1,false,false,positive,packaging
17998771187113764,17909503295997091,giftset_image,,What's the song in the background?,2026-09-15T23:45:38+0000,agus_travel27,1,false,false,unrelated,off_topic
17914698226716417,17909503295997091,giftset_image,,Price?,2026-09-15T23:54:17+0000,hendragreen,0,false,false,neutral,price
17942298441071945,17909503295997091,giftset_image,17944795237993583,Thank you! 💚,2026-09-16T01:25:20+0000,loopcycle.nusantara,5,false,true,n/a,brand_reply
17962176553875146,17909503295997091,giftset_image,,@budi.fit5 you need this! 😍,2026-09-16T01:28:19+0000,rezaplants,2,false,false,positive,tag_friend
17926489323930523,17909503295997091,giftset_image,,Price?,2026-09-16T01:37:08+0000,bayu_official,5,false,false,neutral,price
17962784043957663,17909503295997091,giftset_image,,"Lovely idea, plastic-free wrapping!",2026-09-16T02:01:27+0000,intan.life87,1,false,false,positive,sustainability
17949295748872508,17909503295997091,giftset_image,,"Wrong colour sent, ordered indigo and got sand",2026-09-16T02:23:39+0000,nadia_mom9,5,false,false,unrelated,wrong_item
17938431869753312,17909503295997091,giftset_image,,Do you have a store in Bandung?,2026-09-16T02:28:48+0000,intan.plants,0,false,false,neutral,where_to_buy
17941687464848950,17909503295997091,giftset_image,,Customer service not replying on WhatsApp,2026-09-16T03:38:30+0000,hendra.fit80,4,false,false,unrelated,seller_service
17978068313524358,17909503295997091,giftset_image,,Price?,2026-09-16T04:10:11+0000,putri_jkt,0,false,false,neutral,price
17947964126283188,17909503295997091,giftset_image,,Anyone know a good plumber in Bandung?,2026-09-16T04:37:35+0000,sinta.studio,0,false,false,unrelated,off_topic
17914421431925327,17909503295997091,giftset_image,,@andi_life you need this! 😍,2026-09-16T05:15:12+0000,tari.plants,1,false,false,positive,tag_friend
17962242035740204,17909503295997091,giftset_image,,Do you have a store in Bandung?,2026-09-16T05:38:12+0000,budi_hijau,0,false,false,neutral,where_to_buy
17978794756756377,17909503295997091,giftset_image,17944160326887934,@dewimom So sorry about that! Please DM us your order number and we'll make it right 🙏,2026-09-16T06:09:53+0000,loopcycle.nusantara,5,false,true,n/a,brand_reply
17903197513796203,17909503295997091,giftset_image,,Beautiful colours 😍,2026-09-16T06:17:33+0000,agusid,0,false,false,positive,design
17962400526951882,17909503295997091,giftset_image,,"Wrong colour sent, ordered indigo and got sand",2026-09-16T06:55:59+0000,yogafit,0,false,false,unrelated,wrong_item
17917168458704644,17909503295997091,giftset_image,17938431869753312,"You can get it via the link in bio, Shopee, Tokopedia, TikTok Shop or our Bandung store 💚",2026-09-16T07:15:48+0000,loopcycle.nusantara,6,false,true,n/a,brand_reply
17960133382180515,17909503295997091,giftset_image,,That packaging is gorgeous 😍,2026-09-16T08:28:07+0000,dewi.bookish,1,false,false,positive,packaging
17912707981103915,17909503295997091,giftset_image,,Can I customise the card message?,2026-09-16T08:38:28+0000,intantravel,0,false,false,neutral,product_question
17909943773926988,17909503295997091,giftset_image,17941687464848950,@hendra.fit80 So sorry about that! Please DM us your order number and we'll make it right 🙏,2026-09-16T08:58:30+0000,loopcycle.nusantara,5,false,true,n/a,brand_reply
17913581107331510,17909503295997091,giftset_image,,@irfangreen you need this! 😍,2026-09-16T09:10:03+0000,ayu.green,0,false,false,positive,tag_friend
17952458904780644,17909503295997091,giftset_image,,"So cool, supporting local! 🙌",2026-09-16T09:25:15+0000,siticoffee58,5,false,false,positive,support_local
17908970612228621,17909503295997091,giftset_image,,This is the future 🌍,2026-09-16T11:05:53+0000,irfan_bdg,1,false,false,positive,sustainability
17976969354173844,17909503295997091,giftset_image,,Is there corporate bulk pricing?,2026-09-16T11:56:31+0000,bayu.sehat89,0,false,false,neutral,bulk_question
17922160751237416,17909503295997091,giftset_image,,Need one in indigo! 🔥,2026-09-16T12:00:54+0000,reza.life,0,false,false,positive,excitement
17901766032646872,17909503295997091,giftset_image,17926489323930523,"Hi! The Loop Tote is Rp 189,000 on our website, marketplaces and in our Bandung store 💚",2026-09-16T12:10:08+0000,loopcycle.nusantara,9,false,true,n/a,brand_reply
17919970134749431,17909503295997091,giftset_image,,Where can I buy?,2026-09-16T12:39:48+0000,citrathrift61,0,false,false,neutral,where_to_buy
17994295579492298,17909503295997091,giftset_image,,"Parcel arrived wet, packaging was too thin",2026-09-16T13:17:17+0000,bayucoffee,1,false,false,unrelated,packaging_damage
17944025085297386,17909503295997091,giftset_image,,Proud of you guys! 🔥,2026-09-16T13:28:17+0000,intanofficial31,1,false,false,positive,support_local
17999742833052116,17909503295997091,giftset_image,,Proud of you guys! 🙌,2026-09-16T13:33:13+0000,budi_life95,2,false,false,positive,support_local
17966371034996423,17909503295997091,giftset_image,,That packaging is gorgeous 😍,2026-09-16T13:51:59+0000,fajarbdg,1,false,false,positive,packaging
17991982240885385,17909503295997091,giftset_image,17914698226716417,"Hi! The Loop Tote is Rp 189,000 on our website, marketplaces and in our Bandung store 💚",2026-09-16T14:12:17+0000,loopcycle.nusantara,0,false,true,n/a,brand_reply
17907855808231237,17909503295997091,giftset_image,17908970612228621,@irfan_bdg Thank you! 💚,2026-09-16T14:53:53+0000,loopcycle.nusantara,11,false,true,n/a,brand_reply
17930984991662045,17909503295997091,giftset_image,,This is the future 🌍,2026-09-16T16:46:38+0000,hendraofficial,1,false,false,positive,sustainability
17947372894000660,17909503295997091,giftset_image,17962400526951882,So sorry about that! Please DM us your order number and we'll make it right 🙏,2026-09-16T16:51:59+0000,loopcycle.nusantara,1,false,true,n/a,brand_reply
17940279650894116,17909503295997091,giftset_image,17949295748872508,@nadia_mom9 So sorry about that! Please DM us your order number and we'll make it right 🙏,2026-09-16T17:02:39+0000,loopcycle.nusantara,7,false,true,n/a,brand_reply
17926031026117727,17909503295997091,giftset_image,,Price?,2026-09-16T17:34:39+0000,putri.id,0,false,false,neutral,price
17917933717883328,17909503295997091,giftset_image,17926031026117727,"Hi! The Loop Tote is Rp 189,000 on our website, marketplaces and in our Bandung store 💚",2026-09-16T18:05:39+0000,loopcycle.nusantara,9,false,true,n/a,brand_reply
17951187607472667,17909503295997091,giftset_image,,Perfect for gifting season,2026-09-16T18:09:43+0000,fajar_fit,0,false,false,positive,gifting
17964111262023705,17909503295997091,giftset_image,,"Lovely idea, plastic-free wrapping!",2026-09-16T18:42:00+0000,putri_eats,2,false,false,positive,sustainability
17997822796034905,17909503295997091,giftset_image,,Does it come in all three colours?,2026-09-16T19:40:09+0000,budi_coffee78,0,false,false,neutral,product_question
17999289002195069,17909503295997091,giftset_image,,Need one in indigo!,2026-09-16T19:47:55+0000,ayu6642,0,false,false,positive,excitement
17900374514132724,17909503295997091,giftset_image,17962242035740204,"@budi_hijau You can get it via the link in bio, Shopee, Tokopedia, TikTok Shop or our Bandung store 💚",2026-09-16T20:18:12+0000,loopcycle.nusantara,11,false,true,n/a,brand_reply
17990859094600366,17909503295997091,giftset_image,17964111262023705,@putri_eats So happy you love it! 💚,2026-09-16T21:26:00+0000,loopcycle.nusantara,0,false,true,n/a,brand_reply
17942965771626006,17909503295997091,giftset_image,,Is there corporate bulk pricing?,2026-09-16T21:30:08+0000,lestari.life39,0,false,false,neutral,bulk_question
17944450150695140,17909503295997091,giftset_image,17994295579492298,So sorry about that! Please DM us your order number and we'll make it right 🙏,2026-09-16T22:23:17+0000,loopcycle.nusantara,8,false,true,n/a,brand_reply
17914282069821144,17909503295997091,giftset_image,17919970134749431,"You can get it via the link in bio, Shopee, Tokopedia, TikTok Shop or our Bandung store 💚",2026-09-17T01:03:48+0000,loopcycle.nusantara,9,false,true,n/a,brand_reply
17950308615576101,17909503295997091,giftset_image,,Love this! 💚,2026-09-17T02:00:52+0000,megadaily53,0,false,false,positive,excitement
17998290610155870,17909503295997091,giftset_image,,Price?,2026-09-17T02:04:51+0000,nadia_fit,0,false,false,neutral,price
17955742412220314,17909503295997091,giftset_image,,Beautiful colours 😍,2026-09-17T02:28:55+0000,maya_coffee9,2,false,false,positive,design
17950560200032155,17909503295997091,giftset_image,,Can I customise the card message?,2026-09-17T03:54:01+0000,nadia_4937,0,false,false,neutral,product_question
17999942273794364,17909503295997091,giftset_image,17999289002195069,"@ayu6642 You can get it via the link in bio, Shopee, Tokopedia, TikTok Shop or our Bandung store 💚",2026-09-17T05:08:55+0000,loopcycle.nusantara,2,false,true,n/a,brand_reply
17915354567058390,17909503295997091,giftset_image,,Ordering for my team,2026-09-17T07:06:51+0000,nadia_bdg55,0,false,false,positive,purchase
17982688065322682,17909503295997091,giftset_image,,Perfect for gifting season 💚,2026-09-17T07:23:33+0000,ekotravel,0,false,false,positive,gifting
17958058553030491,17909503295997091,giftset_image,,Beautiful colours 😍,2026-09-17T08:41:26+0000,yogabookish,0,false,false,positive,design
17918108554961884,17909503295997091,giftset_image,17998290610155870,"Hi! The Loop Tote is Rp 189,000 on our website, marketplaces and in our Bandung store 💚",2026-09-17T11:30:51+0000,loopcycle.nusantara,11,false,true,n/a,brand_reply
17934508401920852,17909503295997091,giftset_image,,Price?,2026-09-17T13:59:41+0000,intan_coffee,0,false,false,neutral,price
17996043497468399,17909503295997091,giftset_image,17915354567058390,Thank you for supporting our pickers 🙌,2026-09-17T14:12:51+0000,loopcycle.nusantara,7,false,true,n/a,brand_reply
17913680371701817,17909503295997091,giftset_image,17982688065322682,@ekotravel So happy you love it! 💚,2026-09-17T16:22:33+0000,loopcycle.nusantara,6,false,true,n/a,brand_reply
17921562186453562,17909503295997091,giftset_image,,"So cool, supporting local! 🙌",2026-09-19T21:03:34+0000,andibdg,1,false,false,positive,support_local
17986376338917017,17909503295997091,giftset_image,,Does it come in all three colours?,2026-09-24T09:15:54+0000,citrafit,2,false,false,neutral,product_question
17904244816157693,17909503295997091,giftset_image,,Love this! 💚,2026-09-24T15:42:27+0000,mega_mom16,1,false,false,positive,excitement
