conversation_id,first_message_at_wib,last_message_at_wib,entry_point,attributed_ig_post_id,inquiry_type,sku_interest,colour_interest,quantity_interest,quoted_total_idr,stage_reached,agent_first_reply_minutes,agent,messages_in_thread,followup_sent,followup_count,status,recovered_order_id,recovered_at_wib,modeled_abandonment_reason,data_source,attribution_basis
IGC-20260601-0025,2026-06-01 05:17:06,2026-06-03 12:20:01,story_reply,,availability,LT-SND,Sand,2,393000,address_collected,72,Bagas,3,true,2,recovered,IG-20260603-0001,2026-06-03 12:20:01,,synthetic_dm_inbox_export,
IGC-20260601-0073,2026-06-01 06:03:00,2026-06-01 09:13:00,direct_dm,,colour_options,LT-GRN,Sea-green,1,207000,address_collected,128,Melati,6,false,0,abandoned,,,price_concern,synthetic_dm_inbox_export,
IGC-20260602-0074,2026-06-02 11:13:18,2026-06-03 19:05:18,story_reply,,availability,LT-IND,Indigo,1,204000,payment_details_sent,14,Melati,15,true,1,abandoned,,,wanted_different_colour_or_sold_out,synthetic_dm_inbox_export,
IGC-20260603-0075,2026-06-03 12:48:13,2026-06-03 16:44:13,story_reply,,price,LT-GRN,Sea-green,1,189000,quote_sent,20,Melati,14,false,0,abandoned,,,just_asking_no_intent,synthetic_dm_inbox_export,
IGC-20260603-0078,2026-06-03 14:51:53,2026-06-04 05:44:53,direct_dm,,bulk_order,LT-GRN,Sea-green,1,204000,quote_sent,19,Rani,12,false,0,abandoned,,,price_concern,synthetic_dm_inbox_export,
IGC-20260603-0076,2026-06-03 18:20:01,2026-06-04 23:56:01,direct_dm,,colour_options,LT-GRN,Sea-green,2,396000,address_collected,10,Teguh,14,true,2,abandoned,,,shipping_cost,synthetic_dm_inbox_export,
IGC-20260603-0077,2026-06-03 21:23:04,2026-06-04 07:17:04,direct_dm,,availability,LT-IND,Indigo,3,567000,payment_details_sent,440,Melati,20,true,2,abandoned,,,shipping_cost,synthetic_dm_inbox_export,
IGC-20260606-0081,2026-06-06 10:36:09,2026-06-06 18:53:09,direct_dm,,colour_options,LT-GRN,Sea-green,1,,inquiry_only,31,Melati,9,false,0,abandoned,,,shipping_cost,synthetic_dm_inbox_export,
IGC-20260606-0080,2026-06-06 15:50:59,2026-06-07 07:58:59,comment_to_dm,,availability,LT-SND,Sand,1,,inquiry_only,24,Melati,8,true,1,abandoned,,,slow_agent_reply,synthetic_dm_inbox_export,
IGC-20260606-0079,2026-06-06 16:49:53,2026-06-07 14:05:53,direct_dm,,availability,LT-IND,Indigo,1,207000,payment_proof_pending,13,Melati,17,false,0,abandoned,,,shipping_cost,synthetic_dm_inbox_export,
IGC-20260607-0070,2026-06-07 22:51:16,2026-06-09 23:27:12,direct_dm,,shipping,LT-SND,Sand,1,214000,payment_details_sent,87,Rani,21,true,1,recovered,IG-20260609-0003,2026-06-09 23:27:12,,synthetic_dm_inbox_export,
IGC-20260609-0082,2026-06-09 20:30:21,2026-06-10 16:04:21,direct_dm,,shipping,LT-GRN,Sea-green,1,214000,payment_proof_pending,4,Sari,20,true,1,abandoned,,,wanted_different_colour_or_sold_out,synthetic_dm_inbox_export,
IGC-20260610-0083,2026-06-10 17:27:12,2026-06-11 08:02:12,comment_to_dm,,availability,LT-GRN,Sea-green,1,214000,payment_details_sent,13,Sari,20,true,2,abandoned,,,shipping_cost,synthetic_dm_inbox_export,
IGC-20260611-0086,2026-06-11 12:43:32,2026-06-12 20:35:32,direct_dm,,price,LT-GRN,Sea-green,1,,inquiry_only,5,Teguh,7,false,0,abandoned,,,price_concern,synthetic_dm_inbox_export,
IGC-20260611-0084,2026-06-11 20:50:18,2026-06-11 23:53:18,whatsapp_click,,price,LT-SND,Sand,1,189000,payment_proof_pending,20,Melati,14,false,0,abandoned,,,price_concern,synthetic_dm_inbox_export,
IGC-20260611-0085,2026-06-11 21:58:05,2026-06-12 13:00:05,direct_dm,,price,LT-IND,Indigo,3,599000,quote_sent,267,Bagas,4,true,1,abandoned,,,manual_bank_transfer_friction,synthetic_dm_inbox_export,
IGC-20260612-0088,2026-06-12 15:06:04,2026-06-12 19:34:04,story_reply,,price,LT-GRN,Sea-green,2,393000,payment_details_sent,13,Melati,13,true,2,abandoned,,,wanted_different_colour_or_sold_out,synthetic_dm_inbox_export,
IGC-20260612-0087,2026-06-12 18:28:03,2026-06-13 22:28:03,story_reply,,shipping,LT-GRN,Sea-green,1,214000,quote_sent,106,Rani,15,true,1,abandoned,,,slow_agent_reply,synthetic_dm_inbox_export,
IGC-20260612-0089,2026-06-12 20:57:24,2026-06-13 23:56:24,whatsapp_click,,colour_options,LT-SND,Sand,2,378000,quote_sent,9,Rani,8,false,0,abandoned,,,price_concern,synthetic_dm_inbox_export,
IGC-20260612-0090,2026-06-12 21:57:06,2026-06-13 02:46:06,whatsapp_click,,price,LT-IND,Indigo,1,221000,address_collected,323,Rani,17,false,0,abandoned,,,just_asking_no_intent,synthetic_dm_inbox_export,
IGC-20260613-0091,2026-06-13 21:32:13,2026-06-15 12:51:13,whatsapp_click,,shipping,LT-GRN,Sea-green,2,,inquiry_only,250,Melati,14,false,0,abandoned,,,slow_agent_reply,synthetic_dm_inbox_export,
IGC-20260614-0094,2026-06-14 09:56:23,2026-06-15 02:27:23,direct_dm,,price,LT-IND,Indigo,1,,inquiry_only,38,Rani,15,false,0,abandoned,,,slow_agent_reply,synthetic_dm_inbox_export,
IGC-20260614-0093,2026-06-14 19:45:48,2026-06-16 03:36:48,comment_to_dm,,price,LT-GRN,Sea-green,1,214000,payment_details_sent,18,Bagas,3,true,2,abandoned,,,price_concern,synthetic_dm_inbox_export,
IGC-20260614-0092,2026-06-14 20:51:44,2026-06-16 02:14:44,story_reply,,colour_options,LT-IND,Indigo,1,189000,quote_sent,56,Sari,17,false,0,abandoned,,,slow_agent_reply,synthetic_dm_inbox_export,
IGC-20260615-0096,2026-06-15 10:24:59,2026-06-16 20:41:59,direct_dm,,colour_options,LT-IND,Indigo,1,207000,quote_sent,48,Rani,7,true,1,abandoned,,,price_concern,synthetic_dm_inbox_export,
IGC-20260615-0097,2026-06-15 11:33:58,2026-06-16 08:43:58,story_reply,,bulk_order,LT-GRN,Sea-green,1,204000,payment_proof_pending,25,Melati,11,false,0,abandoned,,,price_concern,synthetic_dm_inbox_export,
IGC-20260615-0095,2026-06-15 19:56:24,2026-06-15 20:21:24,story_reply,,availability,LT-GRN,Sea-green,1,,inquiry_only,60,Melati,9,false,0,abandoned,,,just_asking_no_intent,synthetic_dm_inbox_export,
IGC-20260615-0098,2026-06-15 20:49:03,2026-06-17 10:05:03,story_reply,,price,LT-IND,Indigo,1,221000,address_collected,21,Sari,9,true,1,abandoned,,,shipping_cost,synthetic_dm_inbox_export,
IGC-20260616-0099,2026-06-16 11:04:01,2026-06-17 19:46:01,story_reply,,price,LT-SND,Sand,2,378000,address_collected,5,Bagas,9,false,0,abandoned,,,wanted_different_colour_or_sold_out,synthetic_dm_inbox_export,
IGC-20260616-0100,2026-06-16 18:13:54,2026-06-17 13:22:54,story_reply,,colour_options,LT-GRN,Sea-green,1,,inquiry_only,21,Bagas,21,false,0,abandoned,,,price_concern,synthetic_dm_inbox_export,
IGC-20260616-0101,2026-06-16 19:26:37,2026-06-17 01:56:37,direct_dm,,colour_options,LT-IND,Indigo,3,567000,payment_details_sent,44,Teguh,7,true,2,abandoned,,,wanted_different_colour_or_sold_out,synthetic_dm_inbox_export,
IGC-20260617-0104,2026-06-17 12:20:45,2026-06-18 17:08:45,story_reply,,shipping,LT-GRN,Sea-green,2,,inquiry_only,39,Melati,6,false,0,abandoned,,,shipping_cost,synthetic_dm_inbox_export,
IGC-20260617-0102,2026-06-17 15:30:30,2026-06-18 17:50:30,direct_dm,,shipping,LT-GRN,Sea-green,1,214000,payment_proof_pending,89,Teguh,3,false,0,abandoned,,,price_concern,synthetic_dm_inbox_export,
IGC-20260617-0103,2026-06-17 17:20:18,2026-06-18 00:54:18,story_reply,,availability,LT-IND,Indigo,1,,inquiry_only,32,Sari,10,false,0,abandoned,,,shipping_cost,synthetic_dm_inbox_export,
IGC-20260617-0105,2026-06-17 20:35:39,2026-06-18 23:02:39,story_reply,,shipping,LT-GRN,Sea-green,1,214000,payment_proof_pending,13,Teguh,15,false,0,abandoned,,,slow_agent_reply,synthetic_dm_inbox_export,
IGC-20260617-0107,2026-06-17 20:48:49,2026-06-18 15:51:49,direct_dm,,price,LT-GRN,Sea-green,1,207000,quote_sent,26,Bagas,4,false,0,abandoned,,,price_concern,synthetic_dm_inbox_export,
IGC-20260617-0106,2026-06-17 21:41:18,2026-06-18 14:06:18,direct_dm,,price,LT-IND,Indigo,2,393000,quote_sent,347,Melati,12,false,0,abandoned,,,slow_agent_reply,synthetic_dm_inbox_export,
IGC-20260621-0108,2026-06-21 12:27:54,2026-06-23 03:17:54,direct_dm,,shipping,LT-IND,Indigo,2,,inquiry_only,35,Sari,9,true,2,abandoned,,,price_concern,synthetic_dm_inbox_export,
IGC-20260621-0110,2026-06-21 17:17:43,2026-06-21 23:32:43,direct_dm,,shipping,LT-GRN,Sea-green,1,,inquiry_only,8,Rani,19,false,0,abandoned,,,slow_agent_reply,synthetic_dm_inbox_export,
IGC-20260621-0111,2026-06-21 17:39:44,2026-06-22 18:41:44,direct_dm,,price,LT-IND,Indigo,1,204000,quote_sent,9,Bagas,12,false,0,abandoned,,,manual_bank_transfer_friction,synthetic_dm_inbox_export,
IGC-20260621-0109,2026-06-21 18:48:46,2026-06-23 10:40:46,direct_dm,,shipping,LT-IND,Indigo,1,207000,quote_sent,37,Rani,17,true,1,abandoned,,,wanted_different_colour_or_sold_out,synthetic_dm_inbox_export,
IGC-20260622-0113,2026-06-22 20:02:07,2026-06-24 04:50:07,direct_dm,,price,LT-GRN,Sea-green,1,204000,address_collected,47,Rani,16,false,0,abandoned,,,slow_agent_reply,synthetic_dm_inbox_export,
IGC-20260622-0112,2026-06-22 20:12:15,2026-06-23 23:32:15,whatsapp_click,,price,LT-GRN,Sea-green,2,,inquiry_only,14,Bagas,20,true,1,abandoned,,,manual_bank_transfer_friction,synthetic_dm_inbox_export,
IGC-20260623-0114,2026-06-23 07:28:28,2026-06-24 21:21:28,story_reply,,availability,LT-IND,Indigo,1,221000,address_collected,26,Rani,13,false,0,abandoned,,,price_concern,synthetic_dm_inbox_export,
IGC-20260623-0115,2026-06-23 14:12:43,2026-06-24 14:01:43,whatsapp_click,,price,LT-SND,Sand,1,207000,quote_sent,14,Rani,6,false,0,abandoned,,,wanted_different_colour_or_sold_out,synthetic_dm_inbox_export,
IGC-20260624-0118,2026-06-24 09:33:17,2026-06-24 14:13:17,direct_dm,,shipping,LT-GRN,Sea-green,1,,inquiry_only,9,Bagas,20,false,0,abandoned,,,shipping_cost,synthetic_dm_inbox_export,
IGC-20260624-0117,2026-06-24 10:55:45,2026-06-24 20:16:45,story_reply,,price,LT-GRN,Sea-green,3,567000,payment_details_sent,17,Teguh,9,false,0,abandoned,,,manual_bank_transfer_friction,synthetic_dm_inbox_export,
IGC-20260624-0050,2026-06-24 13:03:28,2026-06-25 20:09:32,direct_dm,,shipping,LT-SND,Sand,1,207000,payment_details_sent,13,Sari,17,false,0,recovered,IG-20260625-0002,2026-06-25 20:09:32,,synthetic_dm_inbox_export,
IGC-20260624-0120,2026-06-24 15:40:13,2026-06-25 04:28:13,direct_dm,,availability,LT-SND,Sand,1,,inquiry_only,46,Sari,4,false,0,abandoned,,,wanted_different_colour_or_sold_out,synthetic_dm_inbox_export,
IGC-20260624-0119,2026-06-24 16:47:10,2026-06-24 17:02:10,story_reply,,shipping,LT-GRN,Sea-green,1,,inquiry_only,7,Bagas,15,true,1,abandoned,,,found_cheaper_on_marketplace,synthetic_dm_inbox_export,
IGC-20260624-0116,2026-06-24 20:29:48,2026-06-25 11:40:48,whatsapp_click,,colour_options,LT-GRN,Sea-green,1,189000,quote_sent,29,Bagas,17,false,0,abandoned,,,slow_agent_reply,synthetic_dm_inbox_export,
IGC-20260625-0123,2026-06-25 07:35:18,2026-06-26 18:30:18,story_reply,,availability,LT-GRN,Sea-green,1,204000,payment_proof_pending,43,Rani,10,false,0,abandoned,,,price_concern,synthetic_dm_inbox_export,
IGC-20260625-0124,2026-06-25 12:44:50,2026-06-27 00:36:50,direct_dm,,colour_options,LT-IND,Indigo,1,,inquiry_only,16,Teguh,5,true,1,abandoned,,,slow_agent_reply,synthetic_dm_inbox_export,
IGC-20260625-0121,2026-06-25 18:24:26,2026-06-26 00:37:26,whatsapp_click,,shipping,LT-GRN,Sea-green,1,207000,quote_sent,21,Sari,17,false,0,abandoned,,,wanted_different_colour_or_sold_out,synthetic_dm_inbox_export,
IGC-20260625-0122,2026-06-25 18:57:15,2026-06-25 19:48:15,whatsapp_click,,colour_options,LT-IND,Indigo,1,207000,quote_sent,47,Rani,12,false,0,abandoned,,,shipping_cost,synthetic_dm_inbox_export,
IGC-20260627-0130,2026-06-27 08:10:00,2026-06-27 09:29:00,direct_dm,,shipping,LT-GRN,Sea-green,1,204000,quote_sent,28,Teguh,20,true,1,abandoned,,,shipping_cost,synthetic_dm_inbox_export,
IGC-20260627-0127,2026-06-27 15:35:37,2026-06-28 01:33:37,story_reply,,colour_options,LT-GRN,Sea-green,1,,inquiry_only,52,Melati,20,true,2,abandoned,,,wanted_different_colour_or_sold_out,synthetic_dm_inbox_export,
IGC-20260627-0128,2026-06-27 15:46:55,2026-06-29 04:47:55,whatsapp_click,,colour_options,LT-SND,Sand,1,214000,payment_proof_pending,47,Teguh,13,true,2,abandoned,,,wanted_different_colour_or_sold_out,synthetic_dm_inbox_export,
IGC-20260627-0126,2026-06-27 19:03:51,2026-06-27 20:14:51,direct_dm,,availability,LT-GRN,Sea-green,1,189000,quote_sent,20,Sari,6,true,1,abandoned,,,just_asking_no_intent,synthetic_dm_inbox_export,
IGC-20260627-0055,2026-06-27 19:21:10,2026-06-28 12:04:39,direct_dm,,price,LT-IND,Indigo,1,204000,address_collected,76,Rani,4,false,0,recovered,IG-20260628-0002,2026-06-28 12:04:39,,synthetic_dm_inbox_export,
IGC-20260627-0125,2026-06-27 22:04:40,2026-06-28 19:40:40,story_reply,,colour_options,LT-GRN,Sea-green,1,207000,payment_proof_pending,261,Sari,20,false,0,abandoned,,,just_asking_no_intent,synthetic_dm_inbox_export,
IGC-20260627-0129,2026-06-27 22:21:09,2026-06-28 07:34:09,direct_dm,,price,LT-SND,Sand,3,,inquiry_only,176,Sari,21,false,0,abandoned,,,slow_agent_reply,synthetic_dm_inbox_export,
IGC-20260628-0144,2026-06-28 08:41:00,2026-06-29 21:35:00,story_reply,,availability,LT-GRN,Sea-green,3,,inquiry_only,33,Teguh,6,false,0,abandoned,,,shipping_cost,synthetic_dm_inbox_export,
IGC-20260628-0141,2026-06-28 09:43:15,2026-06-29 16:16:15,direct_dm,,availability,LT-SND,Sand,2,403000,payment_details_sent,5,Rani,11,false,0,abandoned,,,slow_agent_reply,synthetic_dm_inbox_export,
IGC-20260628-0131,2026-06-28 10:35:01,2026-06-29 08:10:01,direct_dm,,colour_options,LT-IND,Indigo,2,378000,quote_sent,40,Melati,18,true,1,abandoned,,,price_concern,synthetic_dm_inbox_export,
IGC-20260628-0139,2026-06-28 11:35:10,2026-06-29 22:46:10,direct_dm,,availability,LT-SND,Sand,1,189000,payment_details_sent,12,Melati,3,true,2,abandoned,,,just_asking_no_intent,synthetic_dm_inbox_export,
IGC-20260628-0138,2026-06-28 12:33:21,2026-06-29 09:59:21,direct_dm,,shipping,LT-GRN,Sea-green,1,204000,quote_sent,15,Teguh,16,false,0,abandoned,,,shipping_cost,synthetic_dm_inbox_export,
IGC-20260628-0020,2026-06-28 12:50:29,2026-06-28 21:25:10,direct_dm,,price,LT-IND,Indigo,1,207000,address_collected,25,Melati,5,false,0,recovered,IG-20260628-0005,2026-06-28 21:25:10,,synthetic_dm_inbox_export,
IGC-20260628-0133,2026-06-28 13:42:18,2026-06-30 03:59:18,direct_dm,,availability,LT-SND,Sand,1,204000,address_collected,23,Rani,8,false,0,abandoned,,,just_asking_no_intent,synthetic_dm_inbox_export,
IGC-20260628-0137,2026-06-28 14:40:00,2026-06-30 03:19:00,direct_dm,,shipping,LT-IND,Indigo,1,207000,address_collected,31,Rani,9,true,2,abandoned,,,price_concern,synthetic_dm_inbox_export,
IGC-20260628-0136,2026-06-28 17:39:38,2026-06-29 00:00:38,direct_dm,,availability,LT-GRN,Sea-green,1,221000,payment_details_sent,12,Sari,7,true,1,abandoned,,,shipping_cost,synthetic_dm_inbox_export,
IGC-20260628-0143,2026-06-28 17:59:31,2026-06-29 20:20:31,whatsapp_click,,shipping,LT-GRN,Sea-green,1,204000,quote_sent,66,Bagas,9,false,0,abandoned,,,just_asking_no_intent,synthetic_dm_inbox_export,
IGC-20260628-0135,2026-06-28 19:39:34,2026-06-30 04:09:34,direct_dm,,colour_options,LT-GRN,Sea-green,1,204000,payment_details_sent,11,Sari,10,true,1,abandoned,,,slow_agent_reply,synthetic_dm_inbox_export,
IGC-20260628-0134,2026-06-28 20:02:37,2026-06-29 19:01:37,direct_dm,,colour_options,LT-IND,Indigo,1,221000,address_collected,19,Rani,11,false,0,abandoned,,,slow_agent_reply,synthetic_dm_inbox_export,
IGC-20260628-0140,2026-06-28 21:03:00,2026-06-29 17:48:00,story_reply,,shipping,LT-SND,Sand,1,189000,payment_proof_pending,565,Bagas,11,false,0,abandoned,,,shipping_cost,synthetic_dm_inbox_export,
IGC-20260628-0142,2026-06-28 21:42:15,2026-06-30 00:18:15,story_reply,,colour_options,LT-SND,Sand,1,207000,quote_sent,155,Melati,3,false,0,abandoned,,,price_concern,synthetic_dm_inbox_export,
IGC-20260628-0132,2026-06-28 22:42:51,2026-06-29 11:01:51,direct_dm,,shipping,LT-SND,Sand,1,214000,quote_sent,87,Teguh,10,true,1,abandoned,,,slow_agent_reply,synthetic_dm_inbox_export,
IGC-20260629-0145,2026-06-29 13:40:52,2026-07-01 03:44:52,direct_dm,,colour_options,LT-SND,Sand,3,582000,quote_sent,20,Teguh,14,false,0,abandoned,,,slow_agent_reply,synthetic_dm_inbox_export,
IGC-20260629-0043,2026-06-29 14:10:24,2026-06-30 16:35:03,comment_to_dm,,bulk_order,LT-SND,Sand,1,214000,payment_proof_pending,67,Rani,10,false,0,recovered,IG-20260630-0003,2026-06-30 16:35:03,,synthetic_dm_inbox_export,
IGC-20260629-0148,2026-06-29 19:42:32,2026-06-30 20:58:32,direct_dm,,availability,LT-GRN,Sea-green,1,214000,quote_sent,12,Bagas,9,true,1,abandoned,,,wanted_different_colour_or_sold_out,synthetic_dm_inbox_export,
IGC-20260629-0146,2026-06-29 20:53:22,2026-06-30 06:11:22,story_reply,,availability,LT-GRN,Sea-green,2,393000,address_collected,40,Rani,4,false,0,abandoned,,,wanted_different_colour_or_sold_out,synthetic_dm_inbox_export,
IGC-20260629-0147,2026-06-29 21:14:36,2026-07-01 00:32:36,comment_to_dm,,availability,LT-GRN,Sea-green,1,,inquiry_only,214,Bagas,19,true,1,abandoned,,,wanted_different_colour_or_sold_out,synthetic_dm_inbox_export,
IGC-20260630-0149,2026-06-30 16:40:08,2026-07-01 00:37:08,comment_to_dm,,colour_options,LT-GRN,Sea-green,1,,inquiry_only,21,Melati,9,true,2,abandoned,,,shipping_cost,synthetic_dm_inbox_export,
IGC-20260630-0151,2026-06-30 17:23:42,2026-07-01 00:19:42,comment_to_dm,,colour_options,LT-IND,Indigo,1,,inquiry_only,23,Melati,6,false,0,abandoned,,,shipping_cost,synthetic_dm_inbox_export,
IGC-20260630-0153,2026-06-30 18:13:16,2026-07-01 10:14:16,direct_dm,,bulk_order,LT-IND,Indigo,1,,inquiry_only,1,Teguh,16,false,0,abandoned,,,slow_agent_reply,synthetic_dm_inbox_export,
IGC-20260630-0152,2026-06-30 21:44:04,2026-07-02 02:37:04,comment_to_dm,,price,LT-GRN,Sea-green,1,189000,quote_sent,150,Rani,6,false,0,abandoned,,,shipping_cost,synthetic_dm_inbox_export,
IGC-20260630-0150,2026-06-30 23:48:24,2026-07-01 07:58:24,whatsapp_click,,shipping,LT-SND,Sand,1,204000,quote_sent,625,Teguh,16,false,0,abandoned,,,slow_agent_reply,synthetic_dm_inbox_export,
IGC-20260702-0154,2026-07-02 09:30:04,2026-07-02 13:12:04,story_reply,,price,LT-IND,Indigo,1,214000,quote_sent,11,Bagas,3,false,0,abandoned,,,slow_agent_reply,synthetic_dm_inbox_export,
IGC-20260703-0157,2026-07-03 15:39:49,2026-07-03 22:27:49,direct_dm,,shipping,LT-GRN,Sea-green,1,221000,quote_sent,18,Melati,11,false,0,abandoned,,,price_concern,synthetic_dm_inbox_export,
IGC-20260703-0156,2026-07-03 18:47:54,2026-07-04 00:27:54,comment_to_dm,,price,LT-IND,Indigo,1,,inquiry_only,10,Sari,16,false,0,abandoned,,,price_concern,synthetic_dm_inbox_export,
IGC-20260703-0155,2026-07-03 20:46:00,2026-07-04 13:30:00,direct_dm,,price,LT-GRN,Sea-green,1,204000,payment_details_sent,16,Bagas,19,true,2,abandoned,,,wanted_different_colour_or_sold_out,synthetic_dm_inbox_export,
IGC-20260705-0003,2026-07-05 00:29:44,2026-07-06 15:40:59,direct_dm,,availability,LT-GRN,Sea-green,1,214000,payment_details_sent,209,Teguh,7,false,0,recovered,IG-20260706-0002,2026-07-06 15:40:59,,synthetic_dm_inbox_export,
IGC-20260706-0158,2026-07-06 07:43:47,2026-07-06 13:16:47,comment_to_dm,,price,LT-SND,Sand,1,221000,payment_details_sent,50,Teguh,9,true,2,abandoned,,,price_concern,synthetic_dm_inbox_export,
IGC-20260706-0159,2026-07-06 19:54:18,2026-07-07 07:48:18,comment_to_dm,,availability,LT-IND,Indigo,1,221000,address_collected,26,Bagas,9,true,1,abandoned,,,just_asking_no_intent,synthetic_dm_inbox_export,
IGC-20260708-0164,2026-07-08 10:50:47,2026-07-08 17:19:47,story_reply,,shipping,LT-IND,Indigo,1,207000,quote_sent,26,Teguh,19,false,0,abandoned,,,manual_bank_transfer_friction,synthetic_dm_inbox_export,
IGC-20260708-0162,2026-07-08 13:10:25,2026-07-09 03:06:25,direct_dm,,shipping,LT-GRN,Sea-green,1,214000,quote_sent,15,Teguh,15,false,0,abandoned,,,wanted_different_colour_or_sold_out,synthetic_dm_inbox_export,
IGC-20260708-0163,2026-07-08 16:04:42,2026-07-09 05:56:42,story_reply,,colour_options,LT-SND,Sand,1,204000,quote_sent,2,Melati,4,true,2,abandoned,,,manual_bank_transfer_friction,synthetic_dm_inbox_export,
IGC-20260708-0165,2026-07-08 20:20:48,2026-07-08 21:50:48,story_reply,,shipping,LT-SND,Sand,1,,inquiry_only,14,Rani,9,false,0,abandoned,,,slow_agent_reply,synthetic_dm_inbox_export,
IGC-20260708-0160,2026-07-08 22:59:13,2026-07-10 02:34:13,direct_dm,,availability,LT-IND,Indigo,1,207000,quote_sent,269,Rani,17,true,1,abandoned,,,slow_agent_reply,synthetic_dm_inbox_export,
IGC-20260708-0161,2026-07-08 23:02:19,2026-07-09 19:08:19,story_reply,,colour_options,LT-SND,Sand,1,214000,payment_proof_pending,124,Sari,8,true,2,abandoned,,,slow_agent_reply,synthetic_dm_inbox_export,
IGC-20260711-0012,2026-07-11 05:52:46,2026-07-12 21:08:34,direct_dm,,shipping,LT-GRN,Sea-green,1,221000,payment_details_sent,65,Teguh,10,false,0,recovered,IG-20260712-0001,2026-07-12 21:08:34,,synthetic_dm_inbox_export,
IGC-20260713-0166,2026-07-13 10:05:30,2026-07-14 02:40:30,direct_dm,,availability,LT-GRN,Sea-green,1,,inquiry_only,34,Sari,16,true,2,abandoned,,,slow_agent_reply,synthetic_dm_inbox_export,
IGC-20260714-0167,2026-07-14 13:22:15,2026-07-15 15:55:15,whatsapp_click,,shipping,LT-SND,Sand,1,214000,address_collected,33,Rani,7,false,0,abandoned,,,shipping_cost,synthetic_dm_inbox_export,
IGC-20260714-0168,2026-07-14 17:34:23,2026-07-15 00:57:23,whatsapp_click,,availability,LT-SND,Sand,1,207000,quote_sent,36,Rani,6,true,2,abandoned,,,price_concern,synthetic_dm_inbox_export,
IGC-20260715-0170,2026-07-15 13:03:12,2026-07-16 15:00:12,direct_dm,,availability,LT-SND,Sand,2,403000,quote_sent,7,Melati,11,true,1,abandoned,,,slow_agent_reply,synthetic_dm_inbox_export,
IGC-20260715-0171,2026-07-15 19:03:22,2026-07-16 14:04:22,story_reply,,shipping,LT-GRN,Sea-green,1,189000,quote_sent,37,Sari,17,true,1,abandoned,,,price_concern,synthetic_dm_inbox_export,
IGC-20260715-0169,2026-07-15 19:29:01,2026-07-16 00:23:01,direct_dm,,shipping,LT-GRN,Sea-green,1,189000,payment_details_sent,8,Teguh,11,false,0,abandoned,,,found_cheaper_on_marketplace,synthetic_dm_inbox_export,
IGC-20260716-0172,2026-07-16 22:56:21,2026-07-18 07:48:21,direct_dm,,colour_options,LT-SND,Sand,3,585000,payment_details_sent,401,Melati,21,false,0,abandoned,,,price_concern,synthetic_dm_inbox_export,
IGC-20260717-0173,2026-07-17 09:36:22,2026-07-18 03:51:22,direct_dm,,availability,LT-IND,Indigo,1,221000,payment_details_sent,20,Sari,18,true,2,abandoned,,,found_cheaper_on_marketplace,synthetic_dm_inbox_export,
IGC-20260717-0174,2026-07-17 13:48:42,2026-07-17 14:14:42,direct_dm,,shipping,LT-SND,Sand,1,189000,payment_details_sent,15,Melati,6,true,2,abandoned,,,wanted_different_colour_or_sold_out,synthetic_dm_inbox_export,
IGC-20260717-0175,2026-07-17 20:34:15,2026-07-17 20:46:15,direct_dm,,availability,LT-SND,Sand,1,189000,quote_sent,52,Melati,19,true,1,abandoned,,,found_cheaper_on_marketplace,synthetic_dm_inbox_export,
IGC-20260717-0176,2026-07-17 21:12:33,2026-07-19 10:50:33,direct_dm,,price,LT-IND,Indigo,1,189000,payment_details_sent,186,Melati,14,false,0,abandoned,,,found_cheaper_on_marketplace,synthetic_dm_inbox_export,
IGC-20260718-0178,2026-07-18 06:12:34,2026-07-19 19:03:34,direct_dm,,shipping,LT-GRN,Sea-green,1,189000,payment_proof_pending,161,Melati,17,false,0,abandoned,,,price_concern,synthetic_dm_inbox_export,
IGC-20260718-0177,2026-07-18 13:17:55,2026-07-19 16:47:55,direct_dm,,colour_options,LT-GRN,Sea-green,1,,inquiry_only,26,Teguh,5,true,2,abandoned,,,price_concern,synthetic_dm_inbox_export,
IGC-20260718-0181,2026-07-18 14:10:33,2026-07-18 19:11:33,direct_dm,,price,LT-GRN,Sea-green,2,396000,quote_sent,20,Melati,6,false,0,abandoned,,,price_concern,synthetic_dm_inbox_export,
IGC-20260718-0180,2026-07-18 16:48:56,2026-07-19 00:00:56,direct_dm,,shipping,LT-IND,Indigo,1,,inquiry_only,41,Teguh,3,false,0,abandoned,,,price_concern,synthetic_dm_inbox_export,
IGC-20260718-0183,2026-07-18 18:18:16,2026-07-20 05:09:16,direct_dm,,shipping,LT-IND,Indigo,1,204000,address_collected,13,Teguh,20,true,1,abandoned,,,slow_agent_reply,synthetic_dm_inbox_export,
IGC-20260718-0182,2026-07-18 19:00:37,2026-07-18 20:17:37,direct_dm,,availability,LT-GRN,Sea-green,3,582000,address_collected,9,Teguh,21,false,0,abandoned,,,shipping_cost,synthetic_dm_inbox_export,
IGC-20260718-0179,2026-07-18 21:05:04,2026-07-20 03:03:04,direct_dm,,availability,LT-GRN,Sea-green,1,214000,quote_sent,125,Teguh,4,true,2,abandoned,,,slow_agent_reply,synthetic_dm_inbox_export,
IGC-20260719-0186,2026-07-19 07:32:05,2026-07-20 02:25:05,direct_dm,,availability,LT-SND,Sand,1,204000,payment_details_sent,104,Melati,14,false,0,abandoned,,,slow_agent_reply,synthetic_dm_inbox_export,
IGC-20260719-0184,2026-07-19 09:27:48,2026-07-19 23:43:48,comment_to_dm,,availability,LT-IND,Indigo,1,207000,address_collected,11,Teguh,4,true,1,abandoned,,,shipping_cost,synthetic_dm_inbox_export,
IGC-20260719-0187,2026-07-19 12:10:20,2026-07-20 09:43:20,direct_dm,,shipping,LT-SND,Sand,1,,inquiry_only,18,Melati,16,false,0,abandoned,,,wanted_different_colour_or_sold_out,synthetic_dm_inbox_export,
IGC-20260719-0185,2026-07-19 19:05:48,2026-07-21 10:55:48,direct_dm,,price,LT-IND,Indigo,1,,inquiry_only,23,Melati,8,true,1,abandoned,,,just_asking_no_intent,synthetic_dm_inbox_export,
IGC-20260720-0190,2026-07-20 06:37:40,2026-07-20 10:03:40,direct_dm,,shipping,LT-SND,Sand,1,,inquiry_only,402,Rani,4,false,0,abandoned,,,slow_agent_reply,synthetic_dm_inbox_export,
IGC-20260720-0189,2026-07-20 11:04:57,2026-07-21 17:23:57,direct_dm,,price,LT-SND,Sand,2,,inquiry_only,7,Melati,4,false,0,abandoned,,,slow_agent_reply,synthetic_dm_inbox_export,
IGC-20260720-0188,2026-07-20 19:30:14,2026-07-21 19:39:14,direct_dm,,price,LT-GRN,Sea-green,2,410000,address_collected,25,Sari,11,true,1,abandoned,,,just_asking_no_intent,synthetic_dm_inbox_export,
IGC-20260720-0191,2026-07-20 19:36:43,2026-07-20 20:29:43,story_reply,,colour_options,LT-GRN,Sea-green,1,214000,payment_details_sent,4,Melati,5,true,2,abandoned,,,manual_bank_transfer_friction,synthetic_dm_inbox_export,
IGC-20260721-0195,2026-07-21 07:55:37,2026-07-22 09:00:37,direct_dm,,price,LT-IND,Indigo,2,,inquiry_only,30,Melati,17,false,0,abandoned,,,price_concern,synthetic_dm_inbox_export,
IGC-20260721-0196,2026-07-21 09:19:25,2026-07-22 09:40:25,story_reply,,price,LT-IND,Indigo,1,214000,quote_sent,12,Melati,10,false,0,abandoned,,,found_cheaper_on_marketplace,synthetic_dm_inbox_export,
IGC-20260721-0193,2026-07-21 14:49:56,2026-07-23 06:45:56,direct_dm,,availability,LT-SND,Sand,2,396000,address_collected,14,Teguh,12,true,1,abandoned,,,wanted_different_colour_or_sold_out,synthetic_dm_inbox_export,
IGC-20260721-0192,2026-07-21 20:07:16,2026-07-22 23:10:16,direct_dm,,colour_options,LT-SND,Sand,1,204000,address_collected,18,Teguh,12,true,1,abandoned,,,found_cheaper_on_marketplace,synthetic_dm_inbox_export,
IGC-20260721-0197,2026-07-21 20:21:08,2026-07-22 18:45:08,direct_dm,,price,LT-SND,Sand,1,,inquiry_only,45,Teguh,18,false,0,abandoned,,,shipping_cost,synthetic_dm_inbox_export,
IGC-20260721-0194,2026-07-21 23:44:53,2026-07-23 06:42:53,direct_dm,,availability,LT-SND,Sand,1,189000,payment_details_sent,123,Sari,16,false,0,abandoned,,,manual_bank_transfer_friction,synthetic_dm_inbox_export,
IGC-20260723-0198,2026-07-23 13:55:03,2026-07-25 01:53:03,direct_dm,,colour_options,LT-GRN,Sea-green,1,189000,payment_details_sent,60,Rani,15,true,1,abandoned,,,manual_bank_transfer_friction,synthetic_dm_inbox_export,
IGC-20260723-0199,2026-07-23 15:14:12,2026-07-24 21:37:12,direct_dm,,price,LT-GRN,Sea-green,1,214000,payment_details_sent,17,Bagas,20,false,0,abandoned,,,slow_agent_reply,synthetic_dm_inbox_export,
IGC-20260723-0072,2026-07-23 17:42:00,2026-07-25 21:35:47,direct_dm,,colour_options,LT-GRN,Sea-green,1,214000,payment_proof_pending,47,Rani,3,true,1,recovered,IG-20260725-0002,2026-07-25 21:35:47,,synthetic_dm_inbox_export,
IGC-20260723-0200,2026-07-23 22:34:38,2026-07-24 05:32:38,direct_dm,,availability,LT-SND,Sand,1,214000,payment_details_sent,90,Bagas,14,false,0,abandoned,,,found_cheaper_on_marketplace,synthetic_dm_inbox_export,
IGC-20260724-0201,2026-07-24 09:59:57,2026-07-24 16:59:57,direct_dm,,availability,LT-GRN,Sea-green,1,204000,payment_details_sent,39,Melati,21,true,2,abandoned,,,slow_agent_reply,synthetic_dm_inbox_export,
IGC-20260725-0203,2026-07-25 21:13:25,2026-07-27 09:51:25,comment_to_dm,,price,LT-IND,Indigo,2,410000,quote_sent,170,Teguh,5,false,0,abandoned,,,wanted_different_colour_or_sold_out,synthetic_dm_inbox_export,
IGC-20260725-0202,2026-07-25 21:55:21,2026-07-27 06:58:21,comment_to_dm,,colour_options,LT-GRN,Sea-green,1,189000,payment_details_sent,437,Teguh,19,false,0,abandoned,,,found_cheaper_on_marketplace,synthetic_dm_inbox_export,
IGC-20260727-0205,2026-07-27 08:25:41,2026-07-28 08:34:41,direct_dm,,colour_options,LT-SND,Sand,1,214000,address_collected,8,Melati,14,true,1,abandoned,,,slow_agent_reply,synthetic_dm_inbox_export,
IGC-20260727-0206,2026-07-27 14:48:53,2026-07-27 16:42:53,direct_dm,,shipping,LT-GRN,Sea-green,1,207000,payment_details_sent,26,Teguh,7,false,0,abandoned,,,just_asking_no_intent,synthetic_dm_inbox_export,
IGC-20260727-0204,2026-07-27 21:28:45,2026-07-28 17:48:45,direct_dm,,availability,LT-GRN,Sea-green,1,,inquiry_only,61,Sari,18,true,2,abandoned,,,slow_agent_reply,synthetic_dm_inbox_export,
IGC-20260728-0208,2026-07-28 17:17:50,2026-07-30 05:36:50,direct_dm,,bulk_order,LT-SND,Sand,1,,inquiry_only,39,Teguh,5,false,0,abandoned,,,just_asking_no_intent,synthetic_dm_inbox_export,
IGC-20260728-0209,2026-07-28 19:42:12,2026-07-29 20:45:12,direct_dm,,price,LT-IND,Indigo,1,221000,quote_sent,10,Bagas,11,false,0,abandoned,,,slow_agent_reply,synthetic_dm_inbox_export,
IGC-20260728-0207,2026-07-28 20:13:46,2026-07-30 04:07:46,direct_dm,,price,LT-SND,Sand,1,,inquiry_only,13,Teguh,8,true,1,abandoned,,,slow_agent_reply,synthetic_dm_inbox_export,
IGC-20260730-0001,2026-07-30 13:32:08,2026-08-01 19:09:40,direct_dm,,price,LT-SND,Sand,1,221000,payment_details_sent,22,Sari,17,true,1,recovered,IG-20260801-0011,2026-08-01 19:09:40,,synthetic_dm_inbox_export,
IGC-20260730-0044,2026-07-30 14:59:43,2026-07-31 16:30:42,story_reply,,bulk_order,LT-GRN,Sea-green,1,207000,address_collected,45,Sari,19,true,1,recovered,IG-20260731-0001,2026-07-31 16:30:42,,synthetic_dm_inbox_export,
IGC-20260730-0016,2026-07-30 19:44:43,2026-07-31 16:43:44,story_reply,,price,LT-SND,Sand,1,221000,payment_proof_pending,28,Melati,18,true,2,recovered,IG-20260731-0002,2026-07-31 16:43:44,,synthetic_dm_inbox_export,
IGC-20260731-0210,2026-07-31 08:09:01,2026-07-31 16:39:01,comment_to_dm,,availability,LT-IND,Indigo,1,214000,quote_sent,7,Sari,4,false,0,abandoned,,,manual_bank_transfer_friction,synthetic_dm_inbox_export,
IGC-20260731-0026,2026-07-31 11:48:17,2026-08-01 10:06:43,whatsapp_click,17908775681335588,price,LT-GRN,Sea-green,1,207000,payment_details_sent,16,Sari,4,true,1,recovered,IG-20260801-0002,2026-08-01 10:06:43,,synthetic_dm_inbox_export,promo_code_match
IGC-20260731-0211,2026-07-31 19:23:41,2026-08-02 04:00:41,story_reply,,colour_options,LT-IND,Indigo,1,214000,address_collected,36,Melati,11,true,2,abandoned,,,price_concern,synthetic_dm_inbox_export,
IGC-20260731-0212,2026-07-31 20:14:05,2026-08-01 06:56:05,direct_dm,,availability,LT-IND,Indigo,1,189000,payment_proof_pending,20,Sari,12,true,2,abandoned,,,price_concern,synthetic_dm_inbox_export,
IGC-20260801-0216,2026-08-01 00:58:52,2026-08-02 08:42:52,direct_dm,,availability,LT-GRN,Sea-green,1,,inquiry_only,194,Melati,6,false,0,abandoned,,,wanted_different_colour_or_sold_out,synthetic_dm_inbox_export,
IGC-20260801-0046,2026-08-01 08:00:10,2026-08-01 16:51:00,direct_dm,17908775681335588,colour_options,LT-GRN,Sea-green,1,221000,address_collected,8,Rani,12,false,0,recovered,IG-20260801-0007,2026-08-01 16:51:00,,synthetic_dm_inbox_export,dm_time_proximity
IGC-20260801-0223,2026-08-01 08:51:23,2026-08-02 11:01:23,direct_dm,17908775681335588,colour_options,LT-SND,Sand,2,396000,quote_sent,8,Teguh,16,true,2,abandoned,,,just_asking_no_intent,synthetic_dm_inbox_export,dm_time_proximity
IGC-20260801-0219,2026-08-01 10:13:50,2026-08-02 07:15:50,direct_dm,17908775681335588,availability,LT-GRN,Sea-green,1,,inquiry_only,11,Bagas,9,false,0,abandoned,,,slow_agent_reply,synthetic_dm_inbox_export,dm_time_proximity
IGC-20260801-0220,2026-08-01 11:59:08,2026-08-01 21:03:08,whatsapp_click,17908775681335588,price,LT-GRN,Sea-green,1,221000,address_collected,33,Bagas,10,false,0,abandoned,,,slow_agent_reply,synthetic_dm_inbox_export,dm_time_proximity
IGC-20260801-0226,2026-08-01 12:12:45,2026-08-02 19:37:45,story_reply,17908775681335588,availability,LT-IND,Indigo,1,,inquiry_only,13,Melati,5,true,1,abandoned,,,manual_bank_transfer_friction,synthetic_dm_inbox_export,dm_time_proximity
IGC-20260801-0221,2026-08-01 13:35:17,2026-08-02 08:54:17,direct_dm,17908775681335588,availability,LT-IND,Indigo,1,204000,quote_sent,17,Teguh,19,true,2,abandoned,,,wanted_different_colour_or_sold_out,synthetic_dm_inbox_export,dm_time_proximity
IGC-20260801-0227,2026-08-01 13:49:04,2026-08-03 00:04:04,story_reply,,shipping,LT-IND,Indigo,1,221000,quote_sent,9,Teguh,4,false,0,abandoned,,,just_asking_no_intent,synthetic_dm_inbox_export,
IGC-20260801-0214,2026-08-01 14:02:25,2026-08-01 16:33:25,direct_dm,17908775681335588,price,LT-SND,Sand,3,567000,quote_sent,25,Bagas,9,true,2,abandoned,,,price_concern,synthetic_dm_inbox_export,dm_time_proximity
IGC-20260801-0231,2026-08-01 16:57:37,2026-08-02 21:56:37,direct_dm,,availability,LT-GRN,Sea-green,1,,inquiry_only,16,Sari,5,false,0,abandoned,,,price_concern,synthetic_dm_inbox_export,
IGC-20260801-0228,2026-08-01 17:46:05,2026-08-02 14:25:05,direct_dm,17908775681335588,price,LT-GRN,Sea-green,1,189000,quote_sent,18,Rani,20,true,2,abandoned,,,wanted_different_colour_or_sold_out,synthetic_dm_inbox_export,dm_time_proximity
IGC-20260801-0222,2026-08-01 18:11:47,2026-08-02 10:55:47,direct_dm,,price,LT-GRN,Sea-green,2,378000,address_collected,17,Teguh,17,false,0,abandoned,,,slow_agent_reply,synthetic_dm_inbox_export,
IGC-20260801-0225,2026-08-01 19:21:54,2026-08-02 13:30:54,direct_dm,,colour_options,LT-IND,Indigo,1,204000,payment_details_sent,9,Sari,13,true,2,abandoned,,,wanted_different_colour_or_sold_out,synthetic_dm_inbox_export,
IGC-20260801-0217,2026-08-01 20:02:38,2026-08-02 16:24:38,story_reply,17908775681335588,availability,LT-SND,Sand,1,214000,payment_details_sent,34,Teguh,4,false,0,abandoned,,,found_cheaper_on_marketplace,synthetic_dm_inbox_export,dm_time_proximity
IGC-20260801-0224,2026-08-01 20:27:15,2026-08-02 18:36:15,story_reply,,price,LT-GRN,Sea-green,1,,inquiry_only,13,Rani,16,true,2,abandoned,,,price_concern,synthetic_dm_inbox_export,
IGC-20260801-0213,2026-08-01 22:10:52,2026-08-02 08:57:52,whatsapp_click,17908775681335588,colour_options,LT-IND,Indigo,1,204000,quote_sent,159,Sari,12,true,2,abandoned,,,slow_agent_reply,synthetic_dm_inbox_export,dm_time_proximity
IGC-20260801-0229,2026-08-01 22:19:19,2026-08-02 12:42:19,direct_dm,,price,LT-IND,Indigo,1,207000,quote_sent,119,Sari,5,false,0,abandoned,,,wanted_different_colour_or_sold_out,synthetic_dm_inbox_export,
IGC-20260801-0215,2026-08-01 22:28:41,2026-08-02 15:09:41,direct_dm,17908775681335588,colour_options,LT-SND,Sand,1,,inquiry_only,80,Rani,8,false,0,abandoned,,,slow_agent_reply,synthetic_dm_inbox_export,dm_time_proximity
IGC-20260801-0218,2026-08-01 22:36:19,2026-08-02 04:38:19,comment_to_dm,17908775681335588,shipping,LT-IND,Indigo,1,221000,address_collected,1460,Teguh,21,false,0,abandoned,,,price_concern,synthetic_dm_inbox_export,dm_entry_comment
IGC-20260801-0230,2026-08-01 23:58:34,2026-08-02 09:33:34,comment_to_dm,17908775681335588,availability,LT-IND,Indigo,1,221000,payment_details_sent,714,Rani,4,true,1,abandoned,,,shipping_cost,synthetic_dm_inbox_export,dm_entry_comment
IGC-20260802-0250,2026-08-02 07:13:02,2026-08-02 15:22:02,direct_dm,17908775681335588,bulk_order,LT-SND,Sand,1,,inquiry_only,27,Teguh,4,false,0,abandoned,,,slow_agent_reply,synthetic_dm_inbox_export,dm_time_proximity
IGC-20260802-0246,2026-08-02 07:54:17,2026-08-03 08:57:17,direct_dm,17908775681335588,price,LT-SND,Sand,1,,inquiry_only,66,Teguh,11,false,0,abandoned,,,just_asking_no_intent,synthetic_dm_inbox_export,dm_time_proximity
IGC-20260802-0240,2026-08-02 08:38:42,2026-08-03 03:22:42,direct_dm,,shipping,LT-SND,Sand,1,204000,quote_sent,31,Teguh,17,false,0,abandoned,,,slow_agent_reply,synthetic_dm_inbox_export,
IGC-20260802-0232,2026-08-02 08:55:30,2026-08-02 14:35:30,direct_dm,,colour_options,LT-SND,Sand,1,189000,quote_sent,25,Melati,21,true,2,abandoned,,,manual_bank_transfer_friction,synthetic_dm_inbox_export,
IGC-20260802-0242,2026-08-02 10:10:22,2026-08-03 10:29:22,direct_dm,17908775681335588,price,LT-GRN,Sea-green,1,207000,quote_sent,14,Rani,20,true,2,abandoned,,,manual_bank_transfer_friction,synthetic_dm_inbox_export,dm_time_proximity
IGC-20260802-0252,2026-08-02 10:23:07,2026-08-03 17:14:07,direct_dm,17908775681335588,colour_options,LT-SND,Sand,2,403000,payment_proof_pending,18,Teguh,14,true,1,abandoned,,,found_cheaper_on_marketplace,synthetic_dm_inbox_export,dm_time_proximity
IGC-20260802-0235,2026-08-02 10:26:43,2026-08-03 16:52:43,direct_dm,,price,LT-GRN,Sea-green,1,207000,address_collected,3,Teguh,13,true,1,abandoned,,,just_asking_no_intent,synthetic_dm_inbox_export,
IGC-20260802-0239,2026-08-02 10:35:56,2026-08-03 03:43:56,whatsapp_click,,shipping,LT-SND,Sand,1,207000,payment_proof_pending,4,Teguh,15,false,0,abandoned,,,shipping_cost,synthetic_dm_inbox_export,
IGC-20260802-0233,2026-08-02 11:52:28,2026-08-04 00:06:28,comment_to_dm,17908775681335588,price,LT-IND,Indigo,2,396000,quote_sent,3,Rani,19,false,0,abandoned,,,price_concern,synthetic_dm_inbox_export,dm_entry_comment
IGC-20260802-0254,2026-08-02 12:29:34,2026-08-03 11:48:34,direct_dm,17908775681335588,price,LT-GRN,Sea-green,1,221000,address_collected,46,Sari,5,false,0,abandoned,,,just_asking_no_intent,synthetic_dm_inbox_export,dm_time_proximity
IGC-20260802-0251,2026-08-02 12:49:49,2026-08-02 23:01:49,whatsapp_click,,price,LT-IND,Indigo,1,207000,payment_details_sent,15,Teguh,13,false,0,abandoned,,,manual_bank_transfer_friction,synthetic_dm_inbox_export,
IGC-20260802-0247,2026-08-02 13:08:28,2026-08-04 02:12:28,direct_dm,17908775681335588,bulk_order,LT-IND,Indigo,1,221000,address_collected,15,Rani,11,true,2,abandoned,,,wanted_different_colour_or_sold_out,synthetic_dm_inbox_export,dm_time_proximity
IGC-20260802-0248,2026-08-02 13:33:37,2026-08-02 18:54:37,direct_dm,17908775681335588,colour_options,LT-SND,Sand,1,,inquiry_only,38,Sari,7,true,1,abandoned,,,shipping_cost,synthetic_dm_inbox_export,dm_time_proximity
IGC-20260802-0237,2026-08-02 15:24:08,2026-08-03 12:37:08,direct_dm,17908775681335588,colour_options,LT-IND,Indigo,1,221000,quote_sent,13,Bagas,7,false,0,abandoned,,,wanted_different_colour_or_sold_out,synthetic_dm_inbox_export,dm_time_proximity
IGC-20260802-0243,2026-08-02 18:21:12,2026-08-03 11:30:12,story_reply,17908775681335588,colour_options,LT-IND,Indigo,1,204000,quote_sent,56,Rani,3,false,0,abandoned,,,just_asking_no_intent,synthetic_dm_inbox_export,dm_time_proximity
IGC-20260802-0255,2026-08-02 18:49:01,2026-08-03 01:44:01,whatsapp_click,,shipping,LT-GRN,Sea-green,1,189000,payment_details_sent,7,Sari,4,true,2,abandoned,,,just_asking_no_intent,synthetic_dm_inbox_export,
IGC-20260802-0256,2026-08-02 18:50:28,2026-08-03 13:46:28,whatsapp_click,17908775681335588,availability,LT-GRN,Sea-green,1,207000,quote_sent,24,Sari,11,false,0,abandoned,,,just_asking_no_intent,synthetic_dm_inbox_export,dm_time_proximity
IGC-20260802-0245,2026-08-02 19:25:44,2026-08-04 10:25:44,direct_dm,,price,LT-SND,Sand,1,,inquiry_only,4,Melati,20,false,0,abandoned,,,wanted_different_colour_or_sold_out,synthetic_dm_inbox_export,
IGC-20260802-0253,2026-08-02 19:49:03,2026-08-04 10:23:03,direct_dm,,availability,LT-GRN,Sea-green,3,,inquiry_only,5,Teguh,16,true,1,abandoned,,,price_concern,synthetic_dm_inbox_export,
IGC-20260802-0249,2026-08-02 20:16:45,2026-08-02 21:50:45,direct_dm,17908775681335588,availability,LT-GRN,Sea-green,1,204000,quote_sent,10,Bagas,6,false,0,abandoned,,,wanted_different_colour_or_sold_out,synthetic_dm_inbox_export,dm_time_proximity
IGC-20260802-0241,2026-08-02 20:25:44,2026-08-03 22:11:44,direct_dm,17908775681335588,price,LT-SND,Sand,2,,inquiry_only,22,Melati,11,false,0,abandoned,,,manual_bank_transfer_friction,synthetic_dm_inbox_export,dm_time_proximity
IGC-20260802-0234,2026-08-02 20:41:40,2026-08-04 01:25:40,direct_dm,17908775681335588,colour_options,LT-GRN,Sea-green,1,,inquiry_only,5,Melati,6,true,2,abandoned,,,price_concern,synthetic_dm_inbox_export,dm_time_proximity
IGC-20260802-0244,2026-08-02 21:03:35,2026-08-02 21:42:35,direct_dm,,price,LT-GRN,Sea-green,1,207000,quote_sent,312,Sari,19,true,1,abandoned,,,slow_agent_reply,synthetic_dm_inbox_export,
IGC-20260802-0236,2026-08-02 21:10:54,2026-08-04 09:46:54,direct_dm,17908775681335588,bulk_order,LT-IND,Indigo,2,396000,quote_sent,22,Teguh,11,false,0,abandoned,,,price_concern,synthetic_dm_inbox_export,dm_time_proximity
IGC-20260802-0238,2026-08-02 21:18:08,2026-08-03 07:25:08,direct_dm,,price,LT-GRN,Sea-green,3,599000,payment_proof_pending,343,Sari,18,true,1,abandoned,,,price_concern,synthetic_dm_inbox_export,
IGC-20260803-0264,2026-08-03 00:06:05,2026-08-03 17:30:05,direct_dm,,price,LT-SND,Sand,2,393000,quote_sent,66,Rani,9,false,0,abandoned,,,found_cheaper_on_marketplace,synthetic_dm_inbox_export,
IGC-20260803-0271,2026-08-03 07:02:11,2026-08-04 20:28:11,direct_dm,,price,LT-GRN,Sea-green,1,204000,payment_details_sent,5,Teguh,7,false,0,abandoned,,,just_asking_no_intent,synthetic_dm_inbox_export,
IGC-20260803-0266,2026-08-03 07:51:55,2026-08-03 10:20:55,comment_to_dm,17908775681335588,availability,LT-SND,Sand,1,,inquiry_only,53,Sari,3,true,1,abandoned,,,price_concern,synthetic_dm_inbox_export,dm_entry_comment
IGC-20260803-0263,2026-08-03 09:29:04,2026-08-04 11:51:04,direct_dm,17908775681335588,colour_options,LT-IND,Indigo,2,378000,payment_details_sent,11,Bagas,16,false,0,abandoned,,,price_concern,synthetic_dm_inbox_export,dm_time_proximity
IGC-20260803-0260,2026-08-03 09:42:25,2026-08-04 18:28:25,direct_dm,17908775681335588,price,LT-GRN,Sea-green,1,207000,quote_sent,6,Rani,15,true,1,abandoned,,,just_asking_no_intent,synthetic_dm_inbox_export,dm_time_proximity
IGC-20260803-0261,2026-08-03 11:06:09,2026-08-04 13:48:09,direct_dm,,shipping,LT-GRN,Sea-green,1,,inquiry_only,5,Melati,4,true,1,abandoned,,,just_asking_no_intent,synthetic_dm_inbox_export,
IGC-20260803-0272,2026-08-03 12:14:52,2026-08-03 14:07:52,direct_dm,,shipping,LT-GRN,Sea-green,1,189000,quote_sent,13,Bagas,18,false,0,abandoned,,,shipping_cost,synthetic_dm_inbox_export,
IGC-20260803-0259,2026-08-03 13:23:38,2026-08-04 03:37:38,direct_dm,,shipping,LT-GRN,Sea-green,2,393000,quote_sent,16,Rani,21,false,0,abandoned,,,wanted_different_colour_or_sold_out,synthetic_dm_inbox_export,
IGC-20260803-0021,2026-08-03 16:06:34,2026-08-04 23:32:11,story_reply,,colour_options,LT-GRN,Sea-green,1,207000,payment_details_sent,15,Bagas,15,true,1,recovered,IG-20260804-0003,2026-08-04 23:32:11,,synthetic_dm_inbox_export,
IGC-20260803-0267,2026-08-03 16:24:31,2026-08-05 04:50:31,direct_dm,,availability,LT-IND,Indigo,2,393000,address_collected,17,Rani,10,false,0,abandoned,,,just_asking_no_intent,synthetic_dm_inbox_export,
IGC-20260803-0257,2026-08-03 16:42:34,2026-08-04 09:47:34,comment_to_dm,17901551251058872,price,LT-SND,Sand,3,,inquiry_only,11,Melati,9,false,0,abandoned,,,wanted_different_colour_or_sold_out,synthetic_dm_inbox_export,dm_entry_comment
IGC-20260803-0269,2026-08-03 17:52:22,2026-08-04 08:18:22,direct_dm,,shipping,LT-IND,Indigo,2,410000,address_collected,35,Teguh,15,false,0,abandoned,,,price_concern,synthetic_dm_inbox_export,
IGC-20260803-0265,2026-08-03 20:24:27,2026-08-03 22:44:27,direct_dm,,shipping,LT-IND,Indigo,1,189000,quote_sent,4,Bagas,17,false,0,abandoned,,,found_cheaper_on_marketplace,synthetic_dm_inbox_export,
IGC-20260803-0268,2026-08-03 20:30:29,2026-08-04 14:35:29,comment_to_dm,17908775681335588,availability,LT-IND,Indigo,3,,inquiry_only,25,Bagas,3,true,2,abandoned,,,price_concern,synthetic_dm_inbox_export,dm_entry_comment
IGC-20260803-0258,2026-08-03 20:50:03,2026-08-04 12:04:03,direct_dm,,price,LT-GRN,Sea-green,1,221000,payment_details_sent,26,Melati,11,true,1,abandoned,,,found_cheaper_on_marketplace,synthetic_dm_inbox_export,
IGC-20260803-0262,2026-08-03 21:24:26,2026-08-05 03:45:26,direct_dm,17908775681335588,colour_options,LT-SND,Sand,1,214000,address_collected,133,Bagas,9,true,2,abandoned,,,slow_agent_reply,synthetic_dm_inbox_export,dm_time_proximity
IGC-20260803-0056,2026-08-03 21:56:31,2026-08-04 19:09:11,direct_dm,17908775681335588,shipping,LT-GRN,Sea-green,1,189000,address_collected,237,Melati,6,true,1,recovered,IG-20260804-0002,2026-08-04 19:09:11,,synthetic_dm_inbox_export,promo_code_match
IGC-20260803-0270,2026-08-03 22:17:17,2026-08-04 01:54:17,direct_dm,,price,LT-SND,Sand,1,214000,quote_sent,357,Rani,14,false,0,abandoned,,,price_concern,synthetic_dm_inbox_export,
IGC-20260804-0279,2026-08-04 08:08:29,2026-08-05 01:07:29,direct_dm,,price,LT-SND,Sand,1,,inquiry_only,16,Rani,18,true,1,abandoned,,,slow_agent_reply,synthetic_dm_inbox_export,
IGC-20260804-0278,2026-08-04 08:17:08,2026-08-04 10:35:08,direct_dm,17908775681335588,availability,LT-SND,Sand,1,221000,address_collected,22,Bagas,7,false,0,abandoned,,,shipping_cost,synthetic_dm_inbox_export,dm_time_proximity
IGC-20260804-0280,2026-08-04 09:16:48,2026-08-04 19:46:48,direct_dm,17908775681335588,shipping,LT-IND,Indigo,2,410000,address_collected,22,Teguh,4,true,2,abandoned,,,slow_agent_reply,synthetic_dm_inbox_export,dm_time_proximity
IGC-20260804-0273,2026-08-04 12:33:04,2026-08-04 17:32:04,whatsapp_click,17908775681335588,bulk_order,LT-SND,Sand,1,,inquiry_only,11,Bagas,7,true,1,abandoned,,,just_asking_no_intent,synthetic_dm_inbox_export,dm_time_proximity
IGC-20260804-0281,2026-08-04 14:56:32,2026-08-05 01:56:32,direct_dm,17908775681335588,availability,LT-IND,Indigo,1,221000,quote_sent,23,Teguh,7,false,0,abandoned,,,price_concern,synthetic_dm_inbox_export,dm_time_proximity
IGC-20260804-0274,2026-08-04 15:34:28,2026-08-05 08:21:28,direct_dm,17908775681335588,bulk_order,LT-GRN,Sea-green,1,207000,quote_sent,15,Melati,15,false,0,abandoned,,,found_cheaper_on_marketplace,synthetic_dm_inbox_export,dm_time_proximity
IGC-20260804-0277,2026-08-04 18:09:27,2026-08-05 00:40:27,direct_dm,17908775681335588,colour_options,LT-IND,Indigo,1,,inquiry_only,8,Melati,15,true,2,abandoned,,,price_concern,synthetic_dm_inbox_export,dm_time_proximity
IGC-20260804-0276,2026-08-04 18:45:42,2026-08-06 03:58:42,whatsapp_click,17908775681335588,availability,LT-SND,Sand,1,214000,address_collected,32,Melati,20,true,2,abandoned,,,slow_agent_reply,synthetic_dm_inbox_export,dm_time_proximity
IGC-20260804-0275,2026-08-04 21:54:22,2026-08-06 06:36:22,whatsapp_click,,price,LT-GRN,Sea-green,1,221000,address_collected,450,Sari,3,true,2,abandoned,,,slow_agent_reply,synthetic_dm_inbox_export,
IGC-20260805-0282,2026-08-05 14:38:34,2026-08-06 05:51:34,direct_dm,17908775681335588,availability,LT-GRN,Sea-green,1,207000,quote_sent,9,Bagas,12,false,0,abandoned,,,price_concern,synthetic_dm_inbox_export,dm_time_proximity
IGC-20260805-0287,2026-08-05 15:24:52,2026-08-06 13:48:52,direct_dm,17908775681335588,availability,LT-IND,Indigo,1,221000,address_collected,9,Bagas,3,false,0,abandoned,,,price_concern,synthetic_dm_inbox_export,dm_time_proximity
IGC-20260805-0286,2026-08-05 17:55:06,2026-08-06 02:17:06,direct_dm,17901551251058872,price,LT-GRN,Sea-green,1,,inquiry_only,4,Melati,5,true,2,abandoned,,,slow_agent_reply,synthetic_dm_inbox_export,dm_time_proximity
IGC-20260805-0283,2026-08-05 19:00:49,2026-08-06 00:31:49,story_reply,,colour_options,LT-GRN,Sea-green,1,204000,quote_sent,6,Sari,21,false,0,abandoned,,,just_asking_no_intent,synthetic_dm_inbox_export,
IGC-20260805-0285,2026-08-05 21:07:28,2026-08-05 22:09:28,direct_dm,,price,LT-IND,Indigo,1,,inquiry_only,205,Melati,3,false,0,abandoned,,,slow_agent_reply,synthetic_dm_inbox_export,
IGC-20260805-0284,2026-08-05 23:52:44,2026-08-06 00:25:44,direct_dm,,shipping,LT-IND,Indigo,1,,inquiry_only,65,Teguh,5,true,2,abandoned,,,found_cheaper_on_marketplace,synthetic_dm_inbox_export,
IGC-20260807-0289,2026-08-07 19:19:32,2026-08-08 23:17:32,direct_dm,17902209188844506,bulk_order,LT-IND,Indigo,1,189000,quote_sent,12,Rani,14,true,1,abandoned,,,manual_bank_transfer_friction,synthetic_dm_inbox_export,dm_time_proximity
IGC-20260807-0288,2026-08-07 20:09:35,2026-08-09 11:21:35,direct_dm,,colour_options,LT-GRN,Sea-green,1,214000,quote_sent,34,Teguh,3,false,0,abandoned,,,just_asking_no_intent,synthetic_dm_inbox_export,
IGC-20260808-0291,2026-08-08 15:43:01,2026-08-10 06:00:01,direct_dm,17902209188844506,bulk_order,LT-GRN,Sea-green,1,204000,quote_sent,13,Bagas,9,false,0,abandoned,,,just_asking_no_intent,synthetic_dm_inbox_export,dm_time_proximity
IGC-20260808-0290,2026-08-08 17:05:49,2026-08-10 02:53:49,direct_dm,,price,LT-GRN,Sea-green,2,393000,quote_sent,18,Teguh,3,false,0,abandoned,,,just_asking_no_intent,synthetic_dm_inbox_export,
IGC-20260808-0292,2026-08-08 20:10:19,2026-08-10 09:21:19,story_reply,17902209188844506,colour_options,LT-GRN,Sea-green,1,,inquiry_only,45,Sari,12,false,0,abandoned,,,just_asking_no_intent,synthetic_dm_inbox_export,dm_time_proximity
IGC-20260809-0040,2026-08-09 05:48:52,2026-08-11 16:52:09,whatsapp_click,17903562482994432,availability,LT-IND,Indigo,1,204000,payment_proof_pending,50,Sari,12,true,2,recovered,IG-20260811-0011,2026-08-11 16:52:09,,synthetic_dm_inbox_export,dm_time_proximity
IGC-20260809-0295,2026-08-09 12:22:19,2026-08-10 10:47:19,direct_dm,17901372461039642,colour_options,LT-SND,Sand,1,214000,address_collected,33,Rani,16,false,0,abandoned,,,found_cheaper_on_marketplace,synthetic_dm_inbox_export,dm_time_proximity
IGC-20260809-0294,2026-08-09 14:19:25,2026-08-10 10:12:25,whatsapp_click,17902209188844506,price,LT-GRN,Sea-green,1,221000,payment_proof_pending,84,Bagas,4,false,0,abandoned,,,found_cheaper_on_marketplace,synthetic_dm_inbox_export,dm_time_proximity
IGC-20260809-0293,2026-08-09 17:49:12,2026-08-10 12:51:12,direct_dm,,price,LT-SND,Sand,3,599000,payment_details_sent,13,Bagas,3,false,0,abandoned,,,manual_bank_transfer_friction,synthetic_dm_inbox_export,
IGC-20260810-0297,2026-08-10 00:19:11,2026-08-10 02:08:11,story_reply,,colour_options,LT-IND,Indigo,1,221000,quote_sent,191,Melati,21,true,2,abandoned,,,price_concern,synthetic_dm_inbox_export,
IGC-20260810-0023,2026-08-10 01:36:45,2026-08-12 11:57:11,direct_dm,,bulk_order,LT-GRN,Sea-green,1,221000,address_collected,77,Melati,15,true,2,recovered,IG-20260812-0005,2026-08-12 11:57:11,,synthetic_dm_inbox_export,
IGC-20260810-0298,2026-08-10 09:34:49,2026-08-10 14:12:49,story_reply,,price,LT-SND,Sand,1,221000,quote_sent,26,Teguh,4,false,0,abandoned,,,just_asking_no_intent,synthetic_dm_inbox_export,
IGC-20260810-0302,2026-08-10 09:48:38,2026-08-11 12:41:38,direct_dm,,shipping,LT-SND,Sand,1,214000,quote_sent,9,Melati,11,true,1,abandoned,,,slow_agent_reply,synthetic_dm_inbox_export,
IGC-20260810-0305,2026-08-10 11:17:24,2026-08-11 02:33:24,direct_dm,17902209188844506,price,LT-SND,Sand,1,,inquiry_only,28,Melati,18,false,0,abandoned,,,just_asking_no_intent,synthetic_dm_inbox_export,dm_time_proximity
IGC-20260810-0304,2026-08-10 14:46:13,2026-08-10 16:04:13,whatsapp_click,,availability,LT-GRN,Sea-green,1,,inquiry_only,15,Bagas,3,false,0,abandoned,,,price_concern,synthetic_dm_inbox_export,
IGC-20260810-0299,2026-08-10 14:49:24,2026-08-11 04:13:24,direct_dm,,bulk_order,LT-IND,Indigo,1,214000,quote_sent,12,Rani,8,false,0,abandoned,,,just_asking_no_intent,synthetic_dm_inbox_export,
IGC-20260810-0300,2026-08-10 15:50:17,2026-08-12 01:44:17,whatsapp_click,,bulk_order,LT-GRN,Sea-green,1,189000,quote_sent,26,Teguh,4,true,1,abandoned,,,just_asking_no_intent,synthetic_dm_inbox_export,
IGC-20260810-0306,2026-08-10 17:31:18,2026-08-10 23:48:18,direct_dm,,colour_options,LT-SND,Sand,1,204000,payment_details_sent,33,Melati,6,false,0,abandoned,,,price_concern,synthetic_dm_inbox_export,
IGC-20260810-0303,2026-08-10 19:00:11,2026-08-10 23:40:11,direct_dm,,price,LT-IND,Indigo,1,207000,address_collected,20,Melati,17,false,0,abandoned,,,manual_bank_transfer_friction,synthetic_dm_inbox_export,
IGC-20260810-0301,2026-08-10 19:29:24,2026-08-11 01:36:24,story_reply,,shipping,LT-SND,Sand,1,204000,quote_sent,7,Melati,21,true,1,abandoned,,,manual_bank_transfer_friction,synthetic_dm_inbox_export,
IGC-20260810-0296,2026-08-10 20:36:37,2026-08-12 05:02:37,direct_dm,17903562482994432,colour_options,LT-IND,Indigo,2,403000,payment_proof_pending,18,Rani,21,false,0,abandoned,,,manual_bank_transfer_friction,synthetic_dm_inbox_export,dm_time_proximity
IGC-20260811-0307,2026-08-11 07:08:39,2026-08-12 02:33:39,direct_dm,,price,LT-GRN,Sea-green,2,378000,address_collected,44,Melati,10,true,1,abandoned,,,slow_agent_reply,synthetic_dm_inbox_export,
IGC-20260811-0320,2026-08-11 08:29:40,2026-08-13 00:15:40,story_reply,,price,LT-IND,Indigo,1,221000,quote_sent,13,Melati,4,true,1,abandoned,,,slow_agent_reply,synthetic_dm_inbox_export,
IGC-20260811-0309,2026-08-11 09:57:30,2026-08-11 12:03:30,story_reply,,availability,LT-GRN,Sea-green,1,,inquiry_only,36,Melati,16,false,0,abandoned,,,just_asking_no_intent,synthetic_dm_inbox_export,
IGC-20260811-0312,2026-08-11 10:37:18,2026-08-12 09:51:18,direct_dm,17903562482994432,price,LT-IND,Indigo,1,204000,quote_sent,11,Teguh,14,false,0,abandoned,,,price_concern,synthetic_dm_inbox_export,dm_time_proximity
IGC-20260811-0318,2026-08-11 11:48:26,2026-08-13 00:46:26,whatsapp_click,,bulk_order,LT-GRN,Sea-green,1,214000,address_collected,45,Sari,9,true,1,abandoned,,,shipping_cost,synthetic_dm_inbox_export,
IGC-20260811-0319,2026-08-11 12:16:11,2026-08-12 22:13:11,direct_dm,17903562482994432,price,LT-SND,Sand,1,,inquiry_only,20,Rani,6,true,2,abandoned,,,wanted_different_colour_or_sold_out,synthetic_dm_inbox_export,dm_time_proximity
IGC-20260811-0315,2026-08-11 13:32:06,2026-08-11 16:37:06,direct_dm,17903562482994432,colour_options,LT-GRN,Sea-green,1,204000,quote_sent,10,Sari,17,false,0,abandoned,,,wanted_different_colour_or_sold_out,synthetic_dm_inbox_export,dm_time_proximity
IGC-20260811-0308,2026-08-11 14:32:58,2026-08-11 15:44:58,direct_dm,17903562482994432,price,LT-SND,Sand,1,,inquiry_only,32,Sari,6,false,0,abandoned,,,wanted_different_colour_or_sold_out,synthetic_dm_inbox_export,dm_time_proximity
IGC-20260811-0321,2026-08-11 16:22:48,2026-08-12 14:21:48,direct_dm,,availability,LT-SND,Sand,3,,inquiry_only,27,Teguh,9,false,0,abandoned,,,price_concern,synthetic_dm_inbox_export,
IGC-20260811-0311,2026-08-11 16:36:19,2026-08-13 00:58:19,direct_dm,17903562482994432,colour_options,LT-IND,Indigo,1,189000,payment_details_sent,11,Melati,6,false,0,abandoned,,,just_asking_no_intent,synthetic_dm_inbox_export,dm_time_proximity
IGC-20260811-0313,2026-08-11 17:01:45,2026-08-12 14:56:45,direct_dm,17903562482994432,price,LT-SND,Sand,1,207000,payment_details_sent,8,Teguh,5,false,0,abandoned,,,price_concern,synthetic_dm_inbox_export,dm_time_proximity
IGC-20260811-0310,2026-08-11 17:25:55,2026-08-12 05:24:55,direct_dm,17903562482994432,price,LT-IND,Indigo,3,592000,quote_sent,34,Melati,4,true,1,abandoned,,,manual_bank_transfer_friction,synthetic_dm_inbox_export,dm_time_proximity
IGC-20260811-0316,2026-08-11 19:54:08,2026-08-13 10:14:08,whatsapp_click,,colour_options,LT-IND,Indigo,1,,inquiry_only,12,Teguh,16,true,2,abandoned,,,found_cheaper_on_marketplace,synthetic_dm_inbox_export,
IGC-20260811-0314,2026-08-11 22:08:53,2026-08-13 02:19:53,direct_dm,,shipping,LT-GRN,Sea-green,1,207000,address_collected,1123,Teguh,6,false,0,abandoned,,,shipping_cost,synthetic_dm_inbox_export,
IGC-20260811-0317,2026-08-11 22:36:19,2026-08-12 04:21:19,whatsapp_click,,shipping,LT-SND,Sand,1,214000,payment_details_sent,275,Bagas,13,true,1,abandoned,,,price_concern,synthetic_dm_inbox_export,
IGC-20260812-0329,2026-08-12 09:51:13,2026-08-13 19:33:13,direct_dm,17903562482994432,availability,LT-GRN,Sea-green,1,221000,quote_sent,9,Melati,13,true,1,abandoned,,,found_cheaper_on_marketplace,synthetic_dm_inbox_export,dm_time_proximity
IGC-20260812-0059,2026-08-12 11:09:23,2026-08-13 21:29:37,direct_dm,17902209188844506,availability,LT-GRN,Sea-green,1,204000,payment_details_sent,14,Sari,6,false,0,recovered,IG-20260813-0006,2026-08-13 21:29:37,,synthetic_dm_inbox_export,dm_time_proximity
IGC-20260812-0325,2026-08-12 16:45:53,2026-08-14 04:12:53,whatsapp_click,,colour_options,LT-IND,Indigo,1,,inquiry_only,37,Bagas,8,true,1,abandoned,,,manual_bank_transfer_friction,synthetic_dm_inbox_export,
IGC-20260812-0327,2026-08-12 17:14:01,2026-08-13 14:52:01,direct_dm,,price,LT-GRN,Sea-green,3,567000,address_collected,8,Sari,10,true,1,abandoned,,,shipping_cost,synthetic_dm_inbox_export,
IGC-20260812-0322,2026-08-12 18:36:44,2026-08-12 22:52:44,direct_dm,,price,LT-GRN,Sea-green,2,378000,payment_details_sent,28,Teguh,9,false,0,abandoned,,,shipping_cost,synthetic_dm_inbox_export,
IGC-20260812-0326,2026-08-12 19:30:49,2026-08-12 23:14:49,direct_dm,17902209188844506,colour_options,LT-IND,Indigo,2,,inquiry_only,39,Sari,10,false,0,abandoned,,,slow_agent_reply,synthetic_dm_inbox_export,dm_time_proximity
IGC-20260812-0323,2026-08-12 19:34:09,2026-08-13 20:14:09,whatsapp_click,17903562482994432,colour_options,LT-GRN,Sea-green,1,189000,quote_sent,53,Teguh,11,false,0,abandoned,,,just_asking_no_intent,synthetic_dm_inbox_export,dm_time_proximity
IGC-20260812-0032,2026-08-12 21:12:34,2026-08-13 17:48:30,direct_dm,,availability,LT-GRN,Sea-green,1,189000,payment_proof_pending,451,Rani,6,true,2,recovered,IG-20260813-0004,2026-08-13 17:48:30,,synthetic_dm_inbox_export,
IGC-20260812-0328,2026-08-12 21:23:48,2026-08-13 11:17:48,direct_dm,17903562482994432,bulk_order,LT-SND,Sand,1,207000,address_collected,245,Sari,14,false,0,abandoned,,,price_concern,synthetic_dm_inbox_export,dm_time_proximity
IGC-20260812-0324,2026-08-12 21:54:56,2026-08-13 10:58:56,whatsapp_click,,colour_options,LT-IND,Indigo,1,,inquiry_only,201,Sari,16,false,0,abandoned,,,slow_agent_reply,synthetic_dm_inbox_export,
IGC-20260813-0338,2026-08-13 08:05:34,2026-08-13 20:00:34,story_reply,,availability,LT-GRN,Sea-green,2,403000,quote_sent,21,Rani,11,false,0,abandoned,,,just_asking_no_intent,synthetic_dm_inbox_export,
IGC-20260813-0342,2026-08-13 08:07:09,2026-08-14 03:59:09,story_reply,,colour_options,LT-SND,Sand,1,,inquiry_only,41,Melati,8,false,0,abandoned,,,slow_agent_reply,synthetic_dm_inbox_export,
IGC-20260813-0341,2026-08-13 12:16:00,2026-08-14 19:38:00,whatsapp_click,17902209188844506,colour_options,LT-IND,Indigo,3,582000,quote_sent,23,Bagas,21,true,2,abandoned,,,price_concern,synthetic_dm_inbox_export,dm_time_proximity
IGC-20260813-0331,2026-08-13 12:43:47,2026-08-13 20:27:47,direct_dm,17903562482994432,availability,LT-GRN,Sea-green,2,378000,quote_sent,34,Sari,3,false,0,abandoned,,,found_cheaper_on_marketplace,synthetic_dm_inbox_export,dm_time_proximity
IGC-20260813-0334,2026-08-13 12:51:12,2026-08-14 02:01:12,story_reply,,shipping,LT-GRN,Sea-green,1,,inquiry_only,22,Rani,17,true,2,abandoned,,,just_asking_no_intent,synthetic_dm_inbox_export,
IGC-20260813-0339,2026-08-13 14:37:48,2026-08-14 21:39:48,direct_dm,,colour_options,LT-SND,Sand,1,189000,quote_sent,37,Bagas,11,false,0,abandoned,,,found_cheaper_on_marketplace,synthetic_dm_inbox_export,
IGC-20260813-0332,2026-08-13 15:31:10,2026-08-14 13:52:10,whatsapp_click,17903562482994432,price,LT-IND,Indigo,1,207000,quote_sent,31,Bagas,18,false,0,abandoned,,,just_asking_no_intent,synthetic_dm_inbox_export,dm_time_proximity
IGC-20260813-0337,2026-08-13 18:23:36,2026-08-14 15:48:36,story_reply,17903562482994432,bulk_order,LT-SND,Sand,1,214000,quote_sent,15,Rani,3,true,1,abandoned,,,price_concern,synthetic_dm_inbox_export,dm_time_proximity
IGC-20260813-0336,2026-08-13 19:04:50,2026-08-14 13:14:50,direct_dm,17903562482994432,shipping,LT-IND,Indigo,1,204000,address_collected,6,Rani,17,true,2,abandoned,,,wanted_different_colour_or_sold_out,synthetic_dm_inbox_export,dm_time_proximity
IGC-20260813-0330,2026-08-13 19:52:14,2026-08-15 08:39:14,story_reply,,availability,LT-SND,Sand,2,,inquiry_only,7,Rani,5,false,0,abandoned,,,found_cheaper_on_marketplace,synthetic_dm_inbox_export,
IGC-20260813-0343,2026-08-13 20:29:59,2026-08-14 10:01:59,story_reply,,availability,LT-IND,Indigo,1,221000,quote_sent,13,Bagas,14,true,1,abandoned,,,price_concern,synthetic_dm_inbox_export,
IGC-20260813-0333,2026-08-13 20:36:49,2026-08-14 20:39:49,direct_dm,17902701623909724,shipping,LT-IND,Indigo,1,204000,payment_details_sent,9,Melati,18,false,0,abandoned,,,price_concern,synthetic_dm_inbox_export,dm_time_proximity
IGC-20260813-0340,2026-08-13 21:28:45,2026-08-14 03:55:45,direct_dm,17903562482994432,colour_options,LT-GRN,Sea-green,1,204000,quote_sent,240,Melati,10,true,1,abandoned,,,slow_agent_reply,synthetic_dm_inbox_export,dm_time_proximity
IGC-20260813-0335,2026-08-13 21:49:26,2026-08-14 05:58:26,whatsapp_click,,availability,LT-GRN,Sea-green,1,204000,payment_proof_pending,144,Melati,19,false,0,abandoned,,,wanted_different_colour_or_sold_out,synthetic_dm_inbox_export,
IGC-20260814-0344,2026-08-14 07:59:27,2026-08-14 23:13:27,story_reply,17902209188844506,price,LT-SND,Sand,2,378000,payment_proof_pending,9,Teguh,16,true,2,abandoned,,,price_concern,synthetic_dm_inbox_export,dm_time_proximity
IGC-20260814-0346,2026-08-14 08:55:05,2026-08-14 16:32:05,story_reply,17903562482994432,price,LT-IND,Indigo,1,221000,payment_details_sent,10,Melati,4,false,0,abandoned,,,wanted_different_colour_or_sold_out,synthetic_dm_inbox_export,dm_time_proximity
IGC-20260814-0347,2026-08-14 18:57:40,2026-08-14 22:30:40,direct_dm,,price,LT-IND,Indigo,1,204000,address_collected,29,Rani,15,false,0,abandoned,,,manual_bank_transfer_friction,synthetic_dm_inbox_export,
IGC-20260814-0345,2026-08-14 20:25:23,2026-08-15 08:46:23,direct_dm,,availability,LT-SND,Sand,1,207000,quote_sent,39,Sari,16,false,0,abandoned,,,shipping_cost,synthetic_dm_inbox_export,
IGC-20260815-0348,2026-08-15 17:42:43,2026-08-16 13:06:43,story_reply,,shipping,LT-GRN,Sea-green,3,,inquiry_only,3,Bagas,17,false,0,abandoned,,,manual_bank_transfer_friction,synthetic_dm_inbox_export,
IGC-20260815-0349,2026-08-15 20:36:05,2026-08-17 03:05:05,direct_dm,,colour_options,LT-GRN,Sea-green,1,221000,quote_sent,8,Melati,16,true,2,abandoned,,,manual_bank_transfer_friction,synthetic_dm_inbox_export,
IGC-20260815-0350,2026-08-15 21:34:37,2026-08-17 10:15:37,story_reply,,price,LT-GRN,Sea-green,2,378000,quote_sent,643,Rani,6,true,2,abandoned,,,price_concern,synthetic_dm_inbox_export,
IGC-20260816-0355,2026-08-16 00:26:50,2026-08-16 17:06:50,story_reply,,bulk_order,LT-IND,Indigo,1,221000,quote_sent,71,Teguh,18,true,2,abandoned,,,shipping_cost,synthetic_dm_inbox_export,
IGC-20260816-0353,2026-08-16 09:26:54,2026-08-16 17:28:54,story_reply,,price,LT-IND,Indigo,1,221000,address_collected,20,Rani,16,true,1,abandoned,,,just_asking_no_intent,synthetic_dm_inbox_export,
IGC-20260816-0351,2026-08-16 13:32:59,2026-08-17 09:54:59,story_reply,,price,LT-IND,Indigo,1,189000,payment_details_sent,12,Teguh,19,false,0,abandoned,,,wanted_different_colour_or_sold_out,synthetic_dm_inbox_export,
IGC-20260816-0352,2026-08-16 17:24:27,2026-08-17 03:41:27,direct_dm,,colour_options,LT-IND,Indigo,1,,inquiry_only,17,Rani,6,true,2,abandoned,,,slow_agent_reply,synthetic_dm_inbox_export,
IGC-20260816-0354,2026-08-16 20:11:06,2026-08-17 00:27:06,story_reply,,price,LT-GRN,Sea-green,3,582000,payment_proof_pending,45,Rani,20,false,0,abandoned,,,slow_agent_reply,synthetic_dm_inbox_export,
IGC-20260816-0356,2026-08-16 21:15:49,2026-08-17 15:31:49,direct_dm,17907442398233179,availability,LT-GRN,Sea-green,2,,inquiry_only,426,Melati,15,false,0,abandoned,,,slow_agent_reply,synthetic_dm_inbox_export,dm_time_proximity
IGC-20260817-0357,2026-08-17 05:54:45,2026-08-17 22:04:45,story_reply,,price,LT-GRN,Sea-green,1,,inquiry_only,553,Melati,12,true,2,abandoned,,,price_concern,synthetic_dm_inbox_export,
IGC-20260817-0361,2026-08-17 08:43:20,2026-08-17 17:31:20,story_reply,,price,LT-SND,Sand,1,,inquiry_only,59,Rani,19,true,2,abandoned,,,slow_agent_reply,synthetic_dm_inbox_export,
IGC-20260817-0358,2026-08-17 09:09:37,2026-08-18 23:58:37,direct_dm,,availability,LT-SND,Sand,1,189000,payment_details_sent,5,Sari,3,true,1,abandoned,,,just_asking_no_intent,synthetic_dm_inbox_export,
IGC-20260817-0359,2026-08-17 18:53:38,2026-08-18 19:17:38,direct_dm,,price,LT-GRN,Sea-green,1,189000,payment_details_sent,6,Rani,20,false,0,abandoned,,,price_concern,synthetic_dm_inbox_export,
IGC-20260817-0362,2026-08-17 20:29:17,2026-08-19 11:09:17,direct_dm,,availability,LT-GRN,Sea-green,1,204000,payment_proof_pending,4,Melati,13,false,0,abandoned,,,just_asking_no_intent,synthetic_dm_inbox_export,
IGC-20260817-0360,2026-08-17 21:08:30,2026-08-18 13:15:30,whatsapp_click,,colour_options,LT-GRN,Sea-green,1,,inquiry_only,469,Sari,18,false,0,abandoned,,,slow_agent_reply,synthetic_dm_inbox_export,
IGC-20260818-0069,2026-08-18 04:21:12,2026-08-19 14:02:51,direct_dm,17902418134265098,price,LT-GRN,Sea-green,1,207000,payment_details_sent,131,Melati,6,true,1,recovered,IG-20260819-0004,2026-08-19 14:02:51,,synthetic_dm_inbox_export,dm_time_proximity
IGC-20260819-0369,2026-08-19 05:04:32,2026-08-19 09:13:32,direct_dm,17902418134265098,shipping,LT-GRN,Sea-green,1,189000,payment_proof_pending,415,Bagas,8,false,0,abandoned,,,price_concern,synthetic_dm_inbox_export,dm_time_proximity
IGC-20260819-0364,2026-08-19 07:39:53,2026-08-19 13:52:53,direct_dm,17902418134265098,price,LT-GRN,Sea-green,1,204000,payment_proof_pending,11,Teguh,14,true,1,abandoned,,,price_concern,synthetic_dm_inbox_export,dm_time_proximity
IGC-20260819-0367,2026-08-19 10:25:32,2026-08-20 22:06:32,whatsapp_click,17902418134265098,price,LT-GRN,Sea-green,1,221000,payment_proof_pending,6,Sari,18,false,0,abandoned,,,slow_agent_reply,synthetic_dm_inbox_export,dm_time_proximity
IGC-20260819-0363,2026-08-19 12:24:17,2026-08-19 12:45:17,direct_dm,,shipping,LT-SND,Sand,2,,inquiry_only,28,Bagas,9,false,0,abandoned,,,price_concern,synthetic_dm_inbox_export,
IGC-20260819-0366,2026-08-19 15:27:01,2026-08-20 14:16:01,direct_dm,17902418134265098,availability,LT-SND,Sand,1,,inquiry_only,212,Sari,21,true,2,abandoned,,,shipping_cost,synthetic_dm_inbox_export,dm_time_proximity
IGC-20260819-0368,2026-08-19 18:12:22,2026-08-20 12:50:22,whatsapp_click,17902418134265098,shipping,LT-GRN,Sea-green,1,189000,address_collected,18,Teguh,16,false,0,abandoned,,,just_asking_no_intent,synthetic_dm_inbox_export,dm_time_proximity
IGC-20260819-0365,2026-08-19 18:51:26,2026-08-20 17:07:26,direct_dm,17902418134265098,bulk_order,LT-SND,Sand,1,221000,payment_details_sent,67,Sari,8,false,0,abandoned,,,price_concern,synthetic_dm_inbox_export,dm_time_proximity
IGC-20260820-0037,2026-08-20 15:41:48,2026-08-21 20:05:34,direct_dm,,price,LT-IND,Indigo,1,189000,address_collected,1,Bagas,19,true,2,recovered,IG-20260821-0002,2026-08-21 20:05:34,,synthetic_dm_inbox_export,
IGC-20260821-0371,2026-08-21 15:19:33,2026-08-22 20:09:33,direct_dm,,price,LT-SND,Sand,1,204000,payment_details_sent,9,Bagas,5,true,1,abandoned,,,slow_agent_reply,synthetic_dm_inbox_export,
IGC-20260821-0372,2026-08-21 18:16:35,2026-08-22 17:07:35,direct_dm,,availability,LT-GRN,Sea-green,2,393000,quote_sent,30,Melati,12,false,0,abandoned,,,just_asking_no_intent,synthetic_dm_inbox_export,
IGC-20260821-0373,2026-08-21 20:46:45,2026-08-22 10:01:45,direct_dm,17902418134265098,availability,LT-SND,Sand,1,207000,payment_proof_pending,19,Rani,9,false,0,abandoned,,,price_concern,synthetic_dm_inbox_export,dm_time_proximity
IGC-20260821-0370,2026-08-21 22:34:48,2026-08-21 23:41:48,direct_dm,17904060326335275,availability,LT-SND,Sand,1,214000,quote_sent,41,Sari,15,false,0,abandoned,,,just_asking_no_intent,synthetic_dm_inbox_export,dm_time_proximity
IGC-20260822-0375,2026-08-22 06:45:46,2026-08-22 17:57:46,story_reply,,shipping,LT-GRN,Sea-green,1,,inquiry_only,505,Rani,11,false,0,abandoned,,,slow_agent_reply,synthetic_dm_inbox_export,
IGC-20260822-0376,2026-08-22 07:54:11,2026-08-22 16:35:11,comment_to_dm,,price,LT-SND,Sand,1,221000,address_collected,11,Teguh,12,true,2,abandoned,,,shipping_cost,synthetic_dm_inbox_export,
IGC-20260822-0377,2026-08-22 08:34:21,2026-08-22 20:10:21,direct_dm,,price,LT-GRN,Sea-green,1,189000,address_collected,7,Melati,4,true,2,abandoned,,,manual_bank_transfer_friction,synthetic_dm_inbox_export,
IGC-20260822-0374,2026-08-22 08:36:47,2026-08-22 16:25:47,story_reply,,availability,LT-SND,Sand,1,207000,address_collected,5,Rani,18,true,2,abandoned,,,slow_agent_reply,synthetic_dm_inbox_export,
IGC-20260822-0035,2026-08-22 10:35:15,2026-08-23 22:19:40,direct_dm,17908305184474765,price,LT-GRN,Sea-green,1,221000,address_collected,23,Bagas,20,true,1,recovered,IG-20260823-0004,2026-08-23 22:19:40,,synthetic_dm_inbox_export,dm_time_proximity
IGC-20260822-0381,2026-08-22 10:46:36,2026-08-23 17:51:36,story_reply,,price,LT-GRN,Sea-green,1,,inquiry_only,11,Sari,12,true,2,abandoned,,,just_asking_no_intent,synthetic_dm_inbox_export,
IGC-20260822-0380,2026-08-22 12:29:09,2026-08-23 08:36:09,story_reply,,bulk_order,LT-GRN,Sea-green,1,221000,address_collected,15,Bagas,10,true,2,abandoned,,,slow_agent_reply,synthetic_dm_inbox_export,
IGC-20260822-0378,2026-08-22 14:54:05,2026-08-22 19:22:05,direct_dm,,colour_options,LT-GRN,Sea-green,3,567000,quote_sent,27,Rani,4,true,1,abandoned,,,found_cheaper_on_marketplace,synthetic_dm_inbox_export,
IGC-20260822-0379,2026-08-22 19:34:23,2026-08-24 01:01:23,story_reply,,bulk_order,LT-IND,Indigo,1,221000,quote_sent,24,Teguh,9,true,2,abandoned,,,shipping_cost,synthetic_dm_inbox_export,
IGC-20260823-0383,2026-08-23 03:31:42,2026-08-24 01:38:42,comment_to_dm,17909171324675683,colour_options,LT-IND,Indigo,1,,inquiry_only,203,Rani,4,false,0,abandoned,,,price_concern,synthetic_dm_inbox_export,dm_entry_comment
IGC-20260823-0384,2026-08-23 09:28:20,2026-08-24 08:02:20,direct_dm,,colour_options,LT-GRN,Sea-green,1,,inquiry_only,29,Melati,4,true,2,abandoned,,,shipping_cost,synthetic_dm_inbox_export,
IGC-20260823-0387,2026-08-23 11:40:34,2026-08-23 17:33:34,direct_dm,,availability,LT-GRN,Sea-green,1,204000,payment_details_sent,11,Sari,8,true,2,abandoned,,,just_asking_no_intent,synthetic_dm_inbox_export,
IGC-20260823-0390,2026-08-23 12:03:15,2026-08-24 19:53:15,direct_dm,,colour_options,LT-IND,Indigo,1,204000,payment_details_sent,37,Teguh,6,false,0,abandoned,,,slow_agent_reply,synthetic_dm_inbox_export,
IGC-20260823-0386,2026-08-23 13:34:52,2026-08-24 13:51:52,whatsapp_click,,price,LT-IND,Indigo,1,214000,quote_sent,29,Sari,14,true,1,abandoned,,,manual_bank_transfer_friction,synthetic_dm_inbox_export,
IGC-20260823-0391,2026-08-23 17:49:20,2026-08-24 05:37:20,story_reply,,shipping,LT-SND,Sand,2,410000,payment_proof_pending,45,Bagas,11,true,1,abandoned,,,manual_bank_transfer_friction,synthetic_dm_inbox_export,
IGC-20260823-0389,2026-08-23 18:33:28,2026-08-25 00:19:28,whatsapp_click,17909171324675683,colour_options,LT-GRN,Sea-green,1,221000,quote_sent,178,Teguh,8,false,0,abandoned,,,shipping_cost,synthetic_dm_inbox_export,dm_time_proximity
IGC-20260823-0388,2026-08-23 18:53:52,2026-08-24 23:08:52,direct_dm,,colour_options,LT-SND,Sand,2,393000,payment_details_sent,15,Melati,17,true,2,abandoned,,,slow_agent_reply,synthetic_dm_inbox_export,
IGC-20260823-0385,2026-08-23 20:34:50,2026-08-25 09:54:50,direct_dm,17909171324675683,price,LT-IND,Indigo,1,204000,quote_sent,10,Melati,7,true,2,abandoned,,,price_concern,synthetic_dm_inbox_export,dm_time_proximity
IGC-20260823-0382,2026-08-23 21:29:09,2026-08-24 11:47:09,whatsapp_click,,shipping,LT-GRN,Sea-green,2,393000,quote_sent,675,Melati,12,false,0,abandoned,,,just_asking_no_intent,synthetic_dm_inbox_export,
IGC-20260824-0396,2026-08-24 12:17:02,2026-08-25 12:12:02,story_reply,,availability,LT-SND,Sand,2,,inquiry_only,7,Teguh,14,true,1,abandoned,,,price_concern,synthetic_dm_inbox_export,
IGC-20260824-0394,2026-08-24 13:47:10,2026-08-25 09:00:10,direct_dm,,price,LT-GRN,Sea-green,1,,inquiry_only,11,Melati,12,false,0,abandoned,,,price_concern,synthetic_dm_inbox_export,
IGC-20260824-0392,2026-08-24 17:22:48,2026-08-25 15:51:48,whatsapp_click,,availability,LT-GRN,Sea-green,3,582000,payment_proof_pending,10,Bagas,6,false,0,abandoned,,,just_asking_no_intent,synthetic_dm_inbox_export,
IGC-20260824-0395,2026-08-24 20:30:59,2026-08-25 15:20:59,comment_to_dm,17909171324675683,availability,LT-GRN,Sea-green,1,204000,address_collected,28,Bagas,12,true,2,abandoned,,,slow_agent_reply,synthetic_dm_inbox_export,dm_entry_comment
IGC-20260824-0393,2026-08-24 21:27:54,2026-08-25 10:01:54,direct_dm,,price,LT-GRN,Sea-green,1,204000,payment_details_sent,321,Melati,16,false,0,abandoned,,,wanted_different_colour_or_sold_out,synthetic_dm_inbox_export,
IGC-20260825-0397,2026-08-25 06:12:20,2026-08-26 09:55:20,direct_dm,,shipping,LT-SND,Sand,1,189000,quote_sent,161,Melati,21,false,0,abandoned,,,price_concern,synthetic_dm_inbox_export,
IGC-20260825-0401,2026-08-25 09:15:31,2026-08-26 22:18:31,direct_dm,,availability,LT-GRN,Sea-green,1,214000,quote_sent,12,Bagas,10,false,0,abandoned,,,price_concern,synthetic_dm_inbox_export,
IGC-20260825-0398,2026-08-25 13:15:10,2026-08-25 21:08:10,whatsapp_click,,colour_options,LT-GRN,Sea-green,1,214000,payment_proof_pending,27,Melati,11,false,0,abandoned,,,slow_agent_reply,synthetic_dm_inbox_export,
IGC-20260825-0399,2026-08-25 15:52:51,2026-08-26 04:58:51,direct_dm,,availability,LT-GRN,Sea-green,1,214000,quote_sent,7,Rani,16,false,0,abandoned,,,wanted_different_colour_or_sold_out,synthetic_dm_inbox_export,
IGC-20260825-0400,2026-08-25 17:12:40,2026-08-26 09:46:40,whatsapp_click,,colour_options,LT-IND,Indigo,1,189000,quote_sent,18,Sari,17,true,2,abandoned,,,price_concern,synthetic_dm_inbox_export,
IGC-20260826-0041,2026-08-26 09:54:02,2026-08-28 11:18:31,story_reply,,price,LT-SND,Sand,2,393000,address_collected,22,Bagas,14,true,2,recovered,IG-20260828-0003,2026-08-28 11:18:31,,synthetic_dm_inbox_export,
IGC-20260826-0017,2026-08-26 13:58:23,2026-08-28 12:07:50,direct_dm,17902562330559770,shipping,LT-IND,Indigo,1,189000,address_collected,25,Teguh,6,false,0,recovered,IG-20260828-0004,2026-08-28 12:07:50,,synthetic_dm_inbox_export,dm_time_proximity
IGC-20260827-0065,2026-08-27 01:57:42,2026-08-28 17:16:56,direct_dm,,availability,LT-GRN,Sea-green,1,214000,payment_details_sent,445,Sari,9,true,1,recovered,IG-20260828-0013,2026-08-28 17:16:56,,synthetic_dm_inbox_export,
IGC-20260827-0067,2026-08-27 11:21:15,2026-08-28 22:42:31,direct_dm,,colour_options,LT-GRN,Sea-green,1,221000,address_collected,14,Bagas,14,false,0,recovered,IG-20260828-0020,2026-08-28 22:42:31,,synthetic_dm_inbox_export,
IGC-20260827-0403,2026-08-27 20:17:42,2026-08-28 20:46:42,direct_dm,,shipping,LT-SND,Sand,1,214000,payment_details_sent,14,Teguh,4,false,0,abandoned,,,shipping_cost,synthetic_dm_inbox_export,
IGC-20260827-0402,2026-08-27 22:12:31,2026-08-28 16:42:31,direct_dm,,colour_options,LT-GRN,Sea-green,1,189000,payment_details_sent,119,Bagas,6,false,0,abandoned,,,just_asking_no_intent,synthetic_dm_inbox_export,
IGC-20260828-0405,2026-08-28 00:41:18,2026-08-28 13:29:18,story_reply,,price,LT-SND,Sand,1,204000,address_collected,241,Sari,20,false,0,abandoned,,,wanted_different_colour_or_sold_out,synthetic_dm_inbox_export,
IGC-20260828-0423,2026-08-28 05:44:04,2026-08-28 16:26:04,direct_dm,,colour_options,LT-GRN,Sea-green,1,207000,quote_sent,283,Teguh,10,false,0,abandoned,,,price_concern,synthetic_dm_inbox_export,
IGC-20260828-0419,2026-08-28 07:17:39,2026-08-29 16:07:39,direct_dm,,colour_options,LT-IND,Indigo,1,207000,address_collected,24,Bagas,5,true,2,abandoned,,,price_concern,synthetic_dm_inbox_export,
IGC-20260828-0411,2026-08-28 07:43:35,2026-08-29 13:34:35,direct_dm,,colour_options,LT-IND,Indigo,1,221000,quote_sent,7,Bagas,21,true,1,abandoned,,,shipping_cost,synthetic_dm_inbox_export,
IGC-20260828-0412,2026-08-28 10:26:47,2026-08-29 07:33:47,direct_dm,17902562330559770,shipping,LT-GRN,Sea-green,3,582000,address_collected,37,Bagas,12,true,1,abandoned,,,found_cheaper_on_marketplace,synthetic_dm_inbox_export,dm_time_proximity
IGC-20260828-0415,2026-08-28 10:45:03,2026-08-28 19:35:03,direct_dm,,availability,LT-GRN,Sea-green,2,,inquiry_only,8,Melati,21,false,0,abandoned,,,slow_agent_reply,synthetic_dm_inbox_export,
IGC-20260828-0410,2026-08-28 10:54:41,2026-08-29 08:50:41,direct_dm,,price,LT-GRN,Sea-green,2,410000,quote_sent,16,Rani,15,false,0,abandoned,,,manual_bank_transfer_friction,synthetic_dm_inbox_export,
IGC-20260828-0417,2026-08-28 11:07:37,2026-08-29 05:02:37,direct_dm,,price,LT-SND,Sand,1,221000,payment_details_sent,16,Sari,16,false,0,abandoned,,,slow_agent_reply,synthetic_dm_inbox_export,
IGC-20260828-0413,2026-08-28 14:09:03,2026-08-30 03:00:03,direct_dm,,colour_options,LT-IND,Indigo,1,214000,quote_sent,10,Rani,4,true,1,abandoned,,,price_concern,synthetic_dm_inbox_export,
IGC-20260828-0407,2026-08-28 16:04:55,2026-08-30 02:55:55,story_reply,,price,LT-GRN,Sea-green,1,221000,payment_details_sent,10,Rani,18,false,0,abandoned,,,wanted_different_colour_or_sold_out,synthetic_dm_inbox_export,
IGC-20260828-0421,2026-08-28 17:12:40,2026-08-28 22:46:40,direct_dm,17902562330559770,colour_options,LT-GRN,Sea-green,1,214000,quote_sent,65,Melati,4,false,0,abandoned,,,slow_agent_reply,synthetic_dm_inbox_export,dm_time_proximity
IGC-20260828-0408,2026-08-28 17:22:44,2026-08-30 08:34:44,whatsapp_click,17902562330559770,shipping,LT-IND,Indigo,1,214000,quote_sent,12,Melati,13,true,2,abandoned,,,found_cheaper_on_marketplace,synthetic_dm_inbox_export,dm_time_proximity
IGC-20260828-0422,2026-08-28 17:34:37,2026-08-29 02:28:37,direct_dm,17902562330559770,shipping,LT-GRN,Sea-green,1,214000,payment_details_sent,18,Melati,14,true,1,abandoned,,,price_concern,synthetic_dm_inbox_export,dm_time_proximity
IGC-20260828-0414,2026-08-28 19:16:27,2026-08-29 05:11:27,story_reply,,availability,LT-GRN,Sea-green,1,,inquiry_only,9,Rani,5,false,0,abandoned,,,wanted_different_colour_or_sold_out,synthetic_dm_inbox_export,
IGC-20260828-0420,2026-08-28 19:25:39,2026-08-29 20:46:39,direct_dm,,colour_options,LT-SND,Sand,1,189000,address_collected,35,Rani,8,true,2,abandoned,,,slow_agent_reply,synthetic_dm_inbox_export,
IGC-20260828-0404,2026-08-28 20:34:02,2026-08-29 19:04:02,whatsapp_click,17902562330559770,availability,LT-GRN,Sea-green,1,221000,payment_details_sent,56,Melati,7,false,0,abandoned,,,just_asking_no_intent,synthetic_dm_inbox_export,dm_time_proximity
IGC-20260828-0409,2026-08-28 21:44:58,2026-08-29 00:44:58,direct_dm,17902562330559770,shipping,LT-IND,Indigo,1,207000,payment_details_sent,164,Sari,8,true,2,abandoned,,,price_concern,synthetic_dm_inbox_export,dm_time_proximity
IGC-20260828-0416,2026-08-28 21:48:09,2026-08-29 10:40:09,whatsapp_click,17902562330559770,shipping,LT-SND,Sand,2,396000,payment_details_sent,218,Bagas,11,false,0,abandoned,,,manual_bank_transfer_friction,synthetic_dm_inbox_export,dm_time_proximity
IGC-20260828-0418,2026-08-28 22:12:20,2026-08-29 23:56:20,story_reply,,shipping,LT-IND,Indigo,2,403000,payment_details_sent,149,Bagas,20,true,1,abandoned,,,shipping_cost,synthetic_dm_inbox_export,
IGC-20260828-0406,2026-08-28 22:30:52,2026-08-29 05:28:52,direct_dm,,price,LT-SND,Sand,3,567000,quote_sent,380,Melati,14,false,0,abandoned,,,wanted_different_colour_or_sold_out,synthetic_dm_inbox_export,
IGC-20260829-0425,2026-08-29 00:40:42,2026-08-30 03:21:42,story_reply,,availability,LT-SND,Sand,1,207000,payment_details_sent,910,Bagas,10,false,0,abandoned,,,price_concern,synthetic_dm_inbox_export,
IGC-20260829-0445,2026-08-29 07:45:15,2026-08-30 06:07:15,direct_dm,17902562330559770,availability,LT-GRN,Sea-green,2,410000,payment_details_sent,14,Sari,9,true,1,abandoned,,,slow_agent_reply,synthetic_dm_inbox_export,dm_time_proximity
IGC-20260829-0450,2026-08-29 08:07:31,2026-08-30 08:51:31,direct_dm,,price,LT-GRN,Sea-green,1,221000,payment_proof_pending,37,Teguh,21,false,0,abandoned,,,price_concern,synthetic_dm_inbox_export,
IGC-20260829-0039,2026-08-29 08:46:07,2026-08-29 20:16:51,comment_to_dm,17902562330559770,price,LT-GRN,Sea-green,1,214000,payment_proof_pending,22,Teguh,7,true,2,recovered,IG-20260829-0021,2026-08-29 20:16:51,,synthetic_dm_inbox_export,dm_entry_comment
IGC-20260829-0446,2026-08-29 09:20:43,2026-08-30 14:40:43,whatsapp_click,,availability,LT-GRN,Sea-green,1,,inquiry_only,18,Teguh,6,true,2,abandoned,,,price_concern,synthetic_dm_inbox_export,
IGC-20260829-0455,2026-08-29 09:26:13,2026-08-29 19:05:13,story_reply,17902562330559770,colour_options,LT-SND,Sand,1,214000,payment_details_sent,31,Rani,11,false,0,abandoned,,,slow_agent_reply,synthetic_dm_inbox_export,dm_time_proximity
IGC-20260829-0427,2026-08-29 11:31:35,2026-08-30 11:12:35,whatsapp_click,,availability,LT-SND,Sand,1,207000,address_collected,5,Melati,12,true,2,abandoned,,,just_asking_no_intent,synthetic_dm_inbox_export,
IGC-20260829-0430,2026-08-29 11:32:47,2026-08-29 12:05:47,direct_dm,,price,LT-SND,Sand,2,396000,quote_sent,15,Rani,3,true,1,abandoned,,,price_concern,synthetic_dm_inbox_export,
IGC-20260829-0436,2026-08-29 11:58:05,2026-08-30 16:22:05,direct_dm,17902562330559770,availability,LT-SND,Sand,1,189000,address_collected,5,Teguh,3,true,1,abandoned,,,just_asking_no_intent,synthetic_dm_inbox_export,dm_time_proximity
IGC-20260829-0433,2026-08-29 12:24:17,2026-08-29 23:28:17,direct_dm,,availability,LT-GRN,Sea-green,2,,inquiry_only,25,Melati,16,false,0,abandoned,,,wanted_different_colour_or_sold_out,synthetic_dm_inbox_export,
IGC-20260829-0424,2026-08-29 12:43:48,2026-08-30 17:26:48,direct_dm,,price,LT-GRN,Sea-green,1,214000,address_collected,38,Sari,8,true,2,abandoned,,,just_asking_no_intent,synthetic_dm_inbox_export,
IGC-20260829-0454,2026-08-29 12:58:00,2026-08-29 17:09:00,story_reply,,price,LT-SND,Sand,1,189000,address_collected,13,Rani,20,false,0,abandoned,,,just_asking_no_intent,synthetic_dm_inbox_export,
IGC-20260829-0444,2026-08-29 13:19:38,2026-08-30 15:55:38,story_reply,,colour_options,LT-GRN,Sea-green,1,221000,address_collected,25,Sari,3,true,1,abandoned,,,found_cheaper_on_marketplace,synthetic_dm_inbox_export,
IGC-20260829-0428,2026-08-29 14:56:42,2026-08-30 00:54:42,direct_dm,17902562330559770,shipping,LT-IND,Indigo,1,,inquiry_only,20,Sari,4,false,0,abandoned,,,found_cheaper_on_marketplace,synthetic_dm_inbox_export,dm_time_proximity
IGC-20260829-0452,2026-08-29 15:03:58,2026-08-31 06:09:58,direct_dm,17902562330559770,colour_options,LT-SND,Sand,1,,inquiry_only,9,Bagas,12,false,0,abandoned,,,shipping_cost,synthetic_dm_inbox_export,dm_time_proximity
IGC-20260829-0451,2026-08-29 15:36:40,2026-08-30 22:11:40,direct_dm,17902562330559770,price,LT-GRN,Sea-green,3,567000,quote_sent,17,Rani,9,true,1,abandoned,,,just_asking_no_intent,synthetic_dm_inbox_export,dm_time_proximity
IGC-20260829-0432,2026-08-29 15:50:09,2026-08-31 01:36:09,whatsapp_click,17902562330559770,availability,LT-GRN,Sea-green,1,221000,payment_details_sent,27,Rani,11,false,0,abandoned,,,just_asking_no_intent,synthetic_dm_inbox_export,dm_time_proximity
IGC-20260829-0440,2026-08-29 16:55:24,2026-08-29 21:20:24,whatsapp_click,,price,LT-GRN,Sea-green,1,204000,address_collected,18,Bagas,16,true,2,abandoned,,,price_concern,synthetic_dm_inbox_export,
IGC-20260829-0435,2026-08-29 17:04:24,2026-08-29 18:36:24,direct_dm,,availability,LT-GRN,Sea-green,1,221000,quote_sent,7,Teguh,4,false,0,abandoned,,,slow_agent_reply,synthetic_dm_inbox_export,
IGC-20260829-0429,2026-08-29 17:59:34,2026-08-31 01:39:34,story_reply,,price,LT-SND,Sand,2,378000,payment_details_sent,9,Rani,9,true,2,abandoned,,,price_concern,synthetic_dm_inbox_export,
IGC-20260829-0438,2026-08-29 18:40:52,2026-08-30 21:09:52,direct_dm,17902562330559770,availability,LT-SND,Sand,1,221000,quote_sent,10,Teguh,4,true,1,abandoned,,,wanted_different_colour_or_sold_out,synthetic_dm_inbox_export,dm_time_proximity
IGC-20260829-0447,2026-08-29 19:23:28,2026-08-30 08:06:28,story_reply,,bulk_order,LT-SND,Sand,1,214000,quote_sent,5,Sari,16,true,2,abandoned,,,shipping_cost,synthetic_dm_inbox_export,
IGC-20260829-0431,2026-08-29 19:34:45,2026-08-30 10:24:45,direct_dm,17902562330559770,availability,LT-GRN,Sea-green,1,,inquiry_only,10,Sari,19,false,0,abandoned,,,price_concern,synthetic_dm_inbox_export,dm_time_proximity
IGC-20260829-0437,2026-08-29 20:11:10,2026-08-31 04:35:10,comment_to_dm,17902562330559770,availability,LT-GRN,Sea-green,1,,inquiry_only,3,Sari,4,true,1,abandoned,,,price_concern,synthetic_dm_inbox_export,dm_entry_comment
IGC-20260829-0456,2026-08-29 20:37:28,2026-08-30 06:45:28,direct_dm,17902562330559770,shipping,LT-GRN,Sea-green,1,,inquiry_only,28,Melati,10,true,1,abandoned,,,price_concern,synthetic_dm_inbox_export,dm_time_proximity
IGC-20260829-0439,2026-08-29 20:39:38,2026-08-30 06:58:38,direct_dm,,price,LT-IND,Indigo,1,207000,payment_details_sent,74,Bagas,18,true,1,abandoned,,,manual_bank_transfer_friction,synthetic_dm_inbox_export,
IGC-20260829-0448,2026-08-29 20:49:11,2026-08-30 20:36:11,direct_dm,,colour_options,LT-GRN,Sea-green,2,378000,payment_proof_pending,12,Bagas,3,false,0,abandoned,,,found_cheaper_on_marketplace,synthetic_dm_inbox_export,
IGC-20260829-0426,2026-08-29 20:50:20,2026-08-30 13:08:20,story_reply,,availability,LT-SND,Sand,1,,inquiry_only,5,Rani,7,false,0,abandoned,,,slow_agent_reply,synthetic_dm_inbox_export,
IGC-20260829-0453,2026-08-29 20:52:54,2026-08-31 03:39:54,story_reply,17902562330559770,price,LT-SND,Sand,1,214000,payment_details_sent,9,Melati,11,true,1,abandoned,,,manual_bank_transfer_friction,synthetic_dm_inbox_export,dm_time_proximity
IGC-20260829-0434,2026-08-29 21:00:57,2026-08-30 06:19:57,story_reply,,price,LT-IND,Indigo,1,,inquiry_only,749,Melati,13,false,0,abandoned,,,slow_agent_reply,synthetic_dm_inbox_export,
IGC-20260829-0441,2026-08-29 21:24:46,2026-08-30 09:15:46,direct_dm,17902562330559770,price,LT-SND,Sand,1,,inquiry_only,861,Teguh,4,true,1,abandoned,,,shipping_cost,synthetic_dm_inbox_export,dm_time_proximity
IGC-20260829-0449,2026-08-29 21:37:24,2026-08-30 12:04:24,story_reply,,colour_options,LT-IND,Indigo,2,,inquiry_only,592,Rani,10,false,0,abandoned,,,wanted_different_colour_or_sold_out,synthetic_dm_inbox_export,
IGC-20260829-0442,2026-08-29 21:52:58,2026-08-30 14:21:58,direct_dm,17902562330559770,price,LT-GRN,Sea-green,1,,inquiry_only,151,Bagas,21,true,2,abandoned,,,just_asking_no_intent,synthetic_dm_inbox_export,dm_time_proximity
IGC-20260829-0064,2026-08-29 22:50:03,2026-08-31 22:22:45,story_reply,,colour_options,LT-GRN,Sea-green,2,410000,payment_proof_pending,186,Teguh,8,true,2,recovered,IG-20260831-0012,2026-08-31 22:22:45,,synthetic_dm_inbox_export,
IGC-20260829-0443,2026-08-29 23:41:20,2026-08-30 16:50:20,whatsapp_click,,price,LT-IND,Indigo,1,214000,quote_sent,98,Rani,6,false,0,abandoned,,,slow_agent_reply,synthetic_dm_inbox_export,
IGC-20260830-0038,2026-08-30 04:49:25,2026-09-01 10:07:53,direct_dm,17902562330559770,price,LT-GRN,Sea-green,1,189000,address_collected,143,Melati,10,true,2,recovered,IG-20260901-0003,2026-09-01 10:07:53,,synthetic_dm_inbox_export,dm_time_proximity
IGC-20260830-0460,2026-08-30 06:50:14,2026-08-31 19:45:14,direct_dm,,colour_options,LT-SND,Sand,1,,inquiry_only,448,Rani,11,true,2,abandoned,,,manual_bank_transfer_friction,synthetic_dm_inbox_export,
IGC-20260830-0459,2026-08-30 17:01:23,2026-08-31 14:31:23,direct_dm,17902562330559770,shipping,LT-SND,Sand,1,,inquiry_only,27,Teguh,16,false,0,abandoned,,,manual_bank_transfer_friction,synthetic_dm_inbox_export,dm_time_proximity
IGC-20260830-0461,2026-08-30 19:12:05,2026-08-31 21:40:05,direct_dm,17902562330559770,price,LT-IND,Indigo,1,214000,address_collected,17,Teguh,15,true,1,abandoned,,,just_asking_no_intent,synthetic_dm_inbox_export,dm_time_proximity
IGC-20260830-0458,2026-08-30 20:02:48,2026-08-31 04:26:48,whatsapp_click,17902562330559770,availability,LT-IND,Indigo,1,189000,payment_details_sent,8,Rani,19,false,0,abandoned,,,price_concern,synthetic_dm_inbox_export,dm_time_proximity
IGC-20260830-0457,2026-08-30 22:15:33,2026-08-31 14:50:33,story_reply,,shipping,LT-IND,Indigo,1,204000,address_collected,714,Bagas,11,false,0,abandoned,,,shipping_cost,synthetic_dm_inbox_export,
IGC-20260831-0060,2026-08-31 02:05:46,2026-08-31 20:59:58,direct_dm,17902562330559770,price,LT-GRN,Sea-green,1,207000,payment_details_sent,167,Teguh,19,true,1,recovered,IG-20260831-0009,2026-08-31 20:59:58,,synthetic_dm_inbox_export,dm_time_proximity
IGC-20260831-0477,2026-08-31 07:30:54,2026-09-01 00:40:54,direct_dm,17902562330559770,price,LT-GRN,Sea-green,1,204000,payment_details_sent,8,Rani,13,true,1,abandoned,,,shipping_cost,synthetic_dm_inbox_export,dm_time_proximity
IGC-20260831-0480,2026-08-31 07:35:19,2026-09-01 00:14:19,whatsapp_click,17902562330559770,availability,LT-GRN,Sea-green,1,207000,address_collected,14,Sari,11,false,0,abandoned,,,just_asking_no_intent,synthetic_dm_inbox_export,dm_time_proximity
IGC-20260831-0478,2026-08-31 07:54:23,2026-09-01 06:04:23,story_reply,17902562330559770,bulk_order,LT-IND,Indigo,1,207000,address_collected,56,Melati,18,true,2,abandoned,,,slow_agent_reply,synthetic_dm_inbox_export,dm_time_proximity
IGC-20260831-0482,2026-08-31 10:07:07,2026-08-31 14:05:07,direct_dm,,availability,LT-SND,Sand,1,,inquiry_only,1,Rani,13,false,0,abandoned,,,wanted_different_colour_or_sold_out,synthetic_dm_inbox_export,
IGC-20260831-0479,2026-08-31 10:30:50,2026-09-01 18:08:50,direct_dm,17902562330559770,price,LT-IND,Indigo,1,214000,quote_sent,13,Sari,16,true,2,abandoned,,,just_asking_no_intent,synthetic_dm_inbox_export,dm_time_proximity
IGC-20260831-0484,2026-08-31 10:56:01,2026-09-01 04:13:01,story_reply,,availability,LT-SND,Sand,1,189000,quote_sent,20,Bagas,5,true,2,abandoned,,,shipping_cost,synthetic_dm_inbox_export,
IGC-20260831-0475,2026-08-31 11:06:23,2026-08-31 16:56:23,direct_dm,,colour_options,LT-GRN,Sea-green,1,189000,payment_details_sent,65,Rani,8,false,0,abandoned,,,wanted_different_colour_or_sold_out,synthetic_dm_inbox_export,
IGC-20260831-0462,2026-08-31 11:08:12,2026-09-01 02:08:12,direct_dm,,price,LT-GRN,Sea-green,1,,inquiry_only,35,Sari,7,false,0,abandoned,,,price_concern,synthetic_dm_inbox_export,
IGC-20260831-0463,2026-08-31 11:56:11,2026-08-31 17:39:11,direct_dm,,colour_options,LT-GRN,Sea-green,1,207000,payment_details_sent,10,Sari,17,true,1,abandoned,,,slow_agent_reply,synthetic_dm_inbox_export,
IGC-20260831-0472,2026-08-31 13:10:56,2026-09-01 08:27:56,story_reply,17902562330559770,colour_options,LT-GRN,Sea-green,1,204000,quote_sent,10,Bagas,16,true,1,abandoned,,,price_concern,synthetic_dm_inbox_export,dm_time_proximity
IGC-20260831-0474,2026-08-31 13:48:41,2026-09-01 15:20:41,direct_dm,,colour_options,LT-GRN,Sea-green,1,,inquiry_only,8,Teguh,18,true,1,abandoned,,,manual_bank_transfer_friction,synthetic_dm_inbox_export,
IGC-20260831-0481,2026-08-31 14:13:57,2026-09-01 08:30:57,story_reply,,shipping,LT-GRN,Sea-green,1,214000,payment_details_sent,5,Rani,20,true,1,abandoned,,,price_concern,synthetic_dm_inbox_export,
IGC-20260831-0467,2026-08-31 15:08:57,2026-08-31 16:25:57,story_reply,,availability,LT-SND,Sand,1,204000,payment_details_sent,7,Sari,17,false,0,abandoned,,,just_asking_no_intent,synthetic_dm_inbox_export,
IGC-20260831-0469,2026-08-31 15:14:11,2026-09-01 18:20:11,direct_dm,,bulk_order,LT-SND,Sand,1,221000,quote_sent,11,Melati,19,true,2,abandoned,,,slow_agent_reply,synthetic_dm_inbox_export,
IGC-20260831-0465,2026-08-31 15:33:49,2026-08-31 16:06:49,direct_dm,,availability,LT-SND,Sand,1,214000,quote_sent,32,Sari,6,true,1,abandoned,,,shipping_cost,synthetic_dm_inbox_export,
IGC-20260831-0471,2026-08-31 16:14:58,2026-08-31 18:07:58,story_reply,,colour_options,LT-IND,Indigo,1,214000,quote_sent,8,Teguh,3,true,2,abandoned,,,price_concern,synthetic_dm_inbox_export,
IGC-20260831-0476,2026-08-31 20:11:10,2026-09-01 12:56:10,whatsapp_click,17902562330559770,colour_options,LT-IND,Indigo,1,189000,payment_details_sent,11,Teguh,15,true,2,abandoned,,,found_cheaper_on_marketplace,synthetic_dm_inbox_export,dm_time_proximity
IGC-20260831-0483,2026-08-31 20:22:03,2026-08-31 22:24:03,story_reply,17902562330559770,shipping,LT-GRN,Sea-green,2,,inquiry_only,21,Bagas,15,true,1,abandoned,,,slow_agent_reply,synthetic_dm_inbox_export,dm_time_proximity
IGC-20260831-0466,2026-08-31 20:33:00,2026-08-31 23:51:00,whatsapp_click,,availability,LT-GRN,Sea-green,1,221000,quote_sent,15,Rani,16,true,2,abandoned,,,manual_bank_transfer_friction,synthetic_dm_inbox_export,
IGC-20260831-0464,2026-08-31 20:34:45,2026-09-01 04:34:45,direct_dm,,price,LT-GRN,Sea-green,1,,inquiry_only,36,Sari,3,true,2,abandoned,,,just_asking_no_intent,synthetic_dm_inbox_export,
IGC-20260831-0468,2026-08-31 20:47:05,2026-08-31 21:43:05,direct_dm,17902562330559770,colour_options,LT-GRN,Sea-green,1,204000,payment_proof_pending,15,Melati,6,true,2,abandoned,,,just_asking_no_intent,synthetic_dm_inbox_export,dm_time_proximity
IGC-20260831-0473,2026-08-31 21:48:40,2026-09-02 13:08:40,direct_dm,,price,LT-IND,Indigo,1,204000,quote_sent,208,Melati,5,true,1,abandoned,,,manual_bank_transfer_friction,synthetic_dm_inbox_export,
IGC-20260831-0470,2026-08-31 23:18:55,2026-09-01 05:07:55,story_reply,,shipping,LT-GRN,Sea-green,2,,inquiry_only,596,Teguh,6,false,0,abandoned,,,wanted_different_colour_or_sold_out,synthetic_dm_inbox_export,
IGC-20260901-0493,2026-09-01 08:53:28,2026-09-01 11:44:28,whatsapp_click,,price,LT-GRN,Sea-green,1,189000,quote_sent,14,Bagas,14,false,0,abandoned,,,wanted_different_colour_or_sold_out,synthetic_dm_inbox_export,
IGC-20260901-0496,2026-09-01 09:38:44,2026-09-01 14:01:44,direct_dm,17902562330559770,availability,LT-IND,Indigo,1,204000,payment_proof_pending,57,Sari,9,true,1,abandoned,,,manual_bank_transfer_friction,synthetic_dm_inbox_export,dm_time_proximity
IGC-20260901-0497,2026-09-01 10:14:21,2026-09-01 23:34:21,story_reply,,colour_options,LT-IND,Indigo,1,,inquiry_only,2,Sari,3,false,0,abandoned,,,price_concern,synthetic_dm_inbox_export,
IGC-20260901-0487,2026-09-01 11:49:56,2026-09-02 03:58:56,direct_dm,17901296159799218,shipping,LT-GRN,Sea-green,1,189000,payment_proof_pending,6,Teguh,16,false,0,abandoned,,,price_concern,synthetic_dm_inbox_export,dm_time_proximity
IGC-20260901-0495,2026-09-01 12:12:28,2026-09-02 22:18:28,comment_to_dm,17902562330559770,colour_options,LT-IND,Indigo,1,189000,payment_details_sent,95,Melati,15,false,0,abandoned,,,wanted_different_colour_or_sold_out,synthetic_dm_inbox_export,dm_entry_comment
IGC-20260901-0498,2026-09-01 12:51:07,2026-09-02 21:16:07,story_reply,,price,LT-SND,Sand,1,221000,quote_sent,17,Teguh,18,true,1,abandoned,,,slow_agent_reply,synthetic_dm_inbox_export,
IGC-20260901-0488,2026-09-01 12:57:36,2026-09-02 20:37:36,whatsapp_click,17902562330559770,price,LT-IND,Indigo,3,599000,quote_sent,18,Melati,4,true,1,abandoned,,,manual_bank_transfer_friction,synthetic_dm_inbox_export,dm_time_proximity
IGC-20260901-0494,2026-09-01 19:36:20,2026-09-03 09:05:20,comment_to_dm,17902562330559770,price,LT-GRN,Sea-green,1,189000,address_collected,16,Rani,12,false,0,abandoned,,,shipping_cost,synthetic_dm_inbox_export,dm_entry_comment
IGC-20260901-0499,2026-09-01 19:45:00,2026-09-02 05:49:00,whatsapp_click,,shipping,LT-IND,Indigo,3,,inquiry_only,2,Sari,13,true,2,abandoned,,,price_concern,synthetic_dm_inbox_export,
IGC-20260901-0485,2026-09-01 20:25:37,2026-09-02 15:09:37,comment_to_dm,17902562330559770,shipping,LT-SND,Sand,1,207000,payment_details_sent,8,Teguh,21,false,0,abandoned,,,wanted_different_colour_or_sold_out,synthetic_dm_inbox_export,dm_entry_comment
IGC-20260901-0486,2026-09-01 21:12:10,2026-09-03 05:44:10,story_reply,,colour_options,LT-GRN,Sea-green,1,,inquiry_only,144,Bagas,19,true,2,abandoned,,,slow_agent_reply,synthetic_dm_inbox_export,
IGC-20260901-0492,2026-09-01 21:51:26,2026-09-02 14:46:26,whatsapp_click,17909597409818323,price,LT-GRN,Sea-green,1,,inquiry_only,1101,Sari,15,true,1,abandoned,,,shipping_cost,synthetic_dm_inbox_export,dm_time_proximity
IGC-20260901-0489,2026-09-01 22:01:09,2026-09-03 01:44:09,direct_dm,17902562330559770,price,LT-GRN,Sea-green,1,207000,payment_details_sent,169,Teguh,11,true,2,abandoned,,,shipping_cost,synthetic_dm_inbox_export,dm_time_proximity
IGC-20260901-0491,2026-09-01 22:08:17,2026-09-02 11:55:17,whatsapp_click,,availability,LT-SND,Sand,1,204000,quote_sent,87,Teguh,9,true,1,abandoned,,,price_concern,synthetic_dm_inbox_export,
IGC-20260901-0490,2026-09-01 23:16:01,2026-09-02 19:42:01,story_reply,17909597409818323,price,LT-GRN,Sea-green,1,189000,quote_sent,171,Sari,7,true,2,abandoned,,,slow_agent_reply,synthetic_dm_inbox_export,dm_time_proximity
IGC-20260902-0019,2026-09-02 01:49:08,2026-09-04 11:38:27,whatsapp_click,,price,LT-BTK,Batik,2,498000,payment_proof_pending,37,Bagas,14,true,1,recovered,IG-20260904-0028,2026-09-04 11:38:27,,synthetic_dm_inbox_export,
IGC-20260902-0004,2026-09-02 07:56:34,2026-09-04 11:42:19,whatsapp_click,17902562330559770,price,LT-BTK,Batik,1,267000,payment_proof_pending,4,Bagas,3,true,1,recovered,IG-20260904-0030,2026-09-04 11:42:19,,synthetic_dm_inbox_export,sku_match
IGC-20260902-0500,2026-09-02 10:12:43,2026-09-03 15:29:43,whatsapp_click,17909597409818323,availability,LT-GRN,Sea-green,3,582000,quote_sent,16,Teguh,10,true,2,abandoned,,,wanted_different_colour_or_sold_out,synthetic_dm_inbox_export,dm_time_proximity
IGC-20260902-0048,2026-09-02 12:09:03,2026-09-04 14:46:49,story_reply,17902562330559770,shipping,LT-BTK,Batik,2,523000,payment_details_sent,14,Bagas,13,true,1,recovered,IG-20260904-0064,2026-09-04 14:46:49,,synthetic_dm_inbox_export,sku_match
IGC-20260902-0501,2026-09-02 13:30:07,2026-09-03 02:35:07,comment_to_dm,17902562330559770,shipping,LT-GRN,Sea-green,3,582000,payment_details_sent,9,Rani,5,false,0,abandoned,,,manual_bank_transfer_friction,synthetic_dm_inbox_export,dm_entry_comment
IGC-20260902-0028,2026-09-02 14:18:18,2026-09-04 12:15:36,whatsapp_click,17902562330559770,availability,LT-BTK,Batik,1,281000,payment_details_sent,8,Melati,5,true,1,recovered,IG-20260904-0038,2026-09-04 12:15:36,,synthetic_dm_inbox_export,sku_match
IGC-20260902-0057,2026-09-02 15:52:24,2026-09-04 16:53:16,direct_dm,17902562330559770,shipping,LT-BTK,Batik,1,281000,payment_details_sent,73,Rani,19,false,0,recovered,IG-20260904-0086,2026-09-04 16:53:16,,synthetic_dm_inbox_export,sku_match
IGC-20260902-0014,2026-09-02 16:18:12,2026-09-04 11:25:13,direct_dm,17902562330559770,shipping,LT-BTK,Batik,1,274000,address_collected,19,Rani,16,true,2,recovered,IG-20260904-0025,2026-09-04 11:25:13,,synthetic_dm_inbox_export,sku_match
IGC-20260902-0002,2026-09-02 17:47:10,2026-09-05 01:50:04,comment_to_dm,17901296159799218,availability,LT-BTK,Batik,1,281000,payment_details_sent,9,Rani,15,true,2,recovered,IG-20260905-0004,2026-09-05 01:50:04,,synthetic_dm_inbox_export,dm_entry_comment
IGC-20260902-0502,2026-09-02 20:51:13,2026-09-02 23:21:13,direct_dm,,shipping,LT-GRN,Sea-green,1,,inquiry_only,13,Teguh,19,true,2,abandoned,,,found_cheaper_on_marketplace,synthetic_dm_inbox_export,
IGC-20260902-0058,2026-09-02 22:57:50,2026-09-04 15:53:01,direct_dm,17902562330559770,price,LT-BTK,Batik,2,516000,address_collected,2887,Melati,14,true,1,recovered,IG-20260904-0076,2026-09-04 15:53:01,,synthetic_dm_inbox_export,sku_match
IGC-20260903-0009,2026-09-03 00:38:43,2026-09-04 18:34:25,direct_dm,,price,LT-GRN,Sea-green,1,189000,address_collected,81,Melati,12,false,0,recovered,IG-20260904-0101,2026-09-04 18:34:25,,synthetic_dm_inbox_export,
IGC-20260903-0005,2026-09-03 02:30:56,2026-09-04 18:36:02,direct_dm,17902562330559770,availability,LT-BTK,Batik,1,274000,payment_details_sent,1228,Bagas,6,true,2,recovered,IG-20260904-0102,2026-09-04 18:36:02,,synthetic_dm_inbox_export,sku_match
IGC-20260903-0010,2026-09-03 08:24:00,2026-09-04 10:17:20,direct_dm,17902562330559770,colour_options,LT-BTK,Batik,2,498000,payment_proof_pending,50,Sari,14,false,0,recovered,IG-20260904-0008,2026-09-04 10:17:20,,synthetic_dm_inbox_export,sku_match
IGC-20260903-0054,2026-09-03 09:09:50,2026-09-04 19:37:05,story_reply,17902562330559770,colour_options,LT-BTK,Batik,1,264000,payment_details_sent,15,Bagas,12,true,2,recovered,IG-20260904-0105,2026-09-04 19:37:05,,synthetic_dm_inbox_export,sku_match
IGC-20260903-0030,2026-09-03 09:43:26,2026-09-04 20:46:23,story_reply,,price,LT-BTK,Batik,1,281000,address_collected,31,Melati,7,true,2,recovered,IG-20260904-0112,2026-09-04 20:46:23,,synthetic_dm_inbox_export,
IGC-20260903-0008,2026-09-03 10:10:25,2026-09-04 18:16:36,whatsapp_click,17902562330559770,availability,LT-BTK,Batik,1,281000,payment_details_sent,75,Melati,15,true,2,recovered,IG-20260904-0099,2026-09-04 18:16:36,,synthetic_dm_inbox_export,sku_match
IGC-20260903-0051,2026-09-03 11:36:28,2026-09-04 12:52:28,direct_dm,17902562330559770,price,LT-BTK,Batik,1,249000,payment_proof_pending,6,Melati,15,false,0,recovered,IG-20260904-0045,2026-09-04 12:52:28,,synthetic_dm_inbox_export,sku_match
IGC-20260903-0071,2026-09-03 13:39:40,2026-09-04 18:12:37,direct_dm,17902562330559770,shipping,LT-BTK,Batik,1,264000,payment_proof_pending,33,Sari,18,true,1,recovered,IG-20260904-0096,2026-09-04 18:12:37,,synthetic_dm_inbox_export,sku_match
IGC-20260903-0011,2026-09-03 15:02:18,2026-09-04 14:06:48,direct_dm,17902562330559770,price,LT-BTK,Batik,1,267000,payment_details_sent,28,Rani,17,true,1,recovered,IG-20260904-0059,2026-09-04 14:06:48,,synthetic_dm_inbox_export,sku_match
IGC-20260903-0052,2026-09-03 17:12:45,2026-09-04 20:00:52,whatsapp_click,17902562330559770,price,LT-BTK,Batik,1,281000,payment_proof_pending,7,Teguh,21,false,0,recovered,IG-20260904-0109,2026-09-04 20:00:52,,synthetic_dm_inbox_export,sku_match
IGC-20260903-0503,2026-09-03 20:16:05,2026-09-04 09:49:05,story_reply,,availability,LT-SND,Sand,1,207000,payment_details_sent,19,Rani,19,false,0,abandoned,,,just_asking_no_intent,synthetic_dm_inbox_export,
IGC-20260904-0584,2026-09-04 00:12:10,2026-09-05 02:33:10,whatsapp_click,17906745675922616,colour_options,LT-GRN,Sea-green,1,207000,payment_details_sent,168,Melati,11,false,0,abandoned,,,slow_agent_reply,synthetic_dm_inbox_export,dm_time_proximity
IGC-20260904-0047,2026-09-04 00:34:34,2026-09-04 16:36:44,whatsapp_click,17902562330559770,price,LT-BTK,Batik,1,281000,payment_proof_pending,833,Sari,20,false,0,recovered,IG-20260904-0084,2026-09-04 16:36:44,,synthetic_dm_inbox_export,sku_match
IGC-20260904-0506,2026-09-04 00:58:01,2026-09-05 02:44:01,story_reply,17902562330559770,shipping,LT-BTK,Batik,1,,inquiry_only,274,Bagas,11,true,1,abandoned,,,slow_agent_reply,synthetic_dm_inbox_export,sku_match
IGC-20260904-0616,2026-09-04 02:48:57,2026-09-04 21:43:57,direct_dm,,availability,LT-GRN,Sea-green,1,207000,payment_proof_pending,293,Melati,16,true,1,abandoned,,,just_asking_no_intent,synthetic_dm_inbox_export,
IGC-20260904-0581,2026-09-04 03:47:46,2026-09-04 20:44:46,direct_dm,17902562330559770,colour_options,LT-BTK,Batik,2,523000,payment_details_sent,480,Teguh,15,false,0,abandoned,,,found_cheaper_on_marketplace,synthetic_dm_inbox_export,sku_match
IGC-20260904-0068,2026-09-04 04:01:22,2026-09-04 11:39:09,whatsapp_click,17902562330559770,colour_options,LT-BTK,Batik,1,249000,payment_proof_pending,217,Bagas,3,false,0,recovered,IG-20260904-0029,2026-09-04 11:39:09,,synthetic_dm_inbox_export,sku_match
IGC-20260904-0709,2026-09-04 04:20:27,2026-09-05 18:02:27,story_reply,17902562330559770,shipping,LT-BTK,Batik,2,498000,quote_sent,329,Melati,4,false,0,abandoned,,,wanted_different_colour_or_sold_out,synthetic_dm_inbox_export,sku_match
IGC-20260904-0685,2026-09-04 04:29:53,2026-09-04 16:18:53,direct_dm,,price,LT-IND,Indigo,1,,inquiry_only,346,Bagas,13,false,0,abandoned,,,wanted_different_colour_or_sold_out,synthetic_dm_inbox_export,
IGC-20260904-0597,2026-09-04 04:41:19,2026-09-04 19:19:19,direct_dm,,availability,LT-GRN,Sea-green,1,,inquiry_only,119,Sari,15,true,2,abandoned,,,manual_bank_transfer_friction,synthetic_dm_inbox_export,
IGC-20260904-0599,2026-09-04 05:15:55,2026-09-05 10:23:55,story_reply,,price,LT-IND,Indigo,1,,inquiry_only,398,Bagas,21,false,0,abandoned,,,slow_agent_reply,synthetic_dm_inbox_export,
IGC-20260904-0563,2026-09-04 05:16:39,2026-09-04 16:09:39,story_reply,,price,LT-SND,Sand,1,204000,payment_details_sent,701,Teguh,17,true,2,abandoned,,,price_concern,synthetic_dm_inbox_export,
IGC-20260904-0656,2026-09-04 05:54:34,2026-09-04 15:14:34,direct_dm,17902562330559770,colour_options,LT-BTK,Batik,1,264000,payment_details_sent,51,Sari,15,false,0,abandoned,,,price_concern,synthetic_dm_inbox_export,sku_match
IGC-20260904-0691,2026-09-04 06:16:09,2026-09-05 00:18:09,whatsapp_click,,availability,LT-SND,Sand,1,,inquiry_only,201,Bagas,10,false,0,abandoned,,,slow_agent_reply,synthetic_dm_inbox_export,
IGC-20260904-0728,2026-09-04 06:37:07,2026-09-05 15:45:07,direct_dm,17902562330559770,availability,LT-BTK,Batik,2,513000,payment_details_sent,74,Bagas,4,false,0,abandoned,,,price_concern,synthetic_dm_inbox_export,sku_match
IGC-20260904-0629,2026-09-04 06:40:45,2026-09-04 16:40:45,comment_to_dm,17902562330559770,colour_options,LT-GRN,Sea-green,1,207000,address_collected,120,Teguh,17,true,1,abandoned,,,wanted_different_colour_or_sold_out,synthetic_dm_inbox_export,dm_entry_comment
IGC-20260904-0630,2026-09-04 06:41:34,2026-09-04 08:31:34,direct_dm,17902562330559770,price,LT-BTK,Batik,1,249000,payment_details_sent,165,Melati,17,true,2,abandoned,,,slow_agent_reply,synthetic_dm_inbox_export,sku_match
IGC-20260904-0632,2026-09-04 06:50:29,2026-09-05 20:29:29,direct_dm,17902562330559770,colour_options,LT-GRN,Sea-green,1,214000,quote_sent,443,Bagas,3,false,0,abandoned,,,found_cheaper_on_marketplace,synthetic_dm_inbox_export,dm_time_proximity
IGC-20260904-0521,2026-09-04 07:08:37,2026-09-05 06:44:37,direct_dm,,price,LT-GRN,Sea-green,1,204000,payment_details_sent,17,Sari,14,false,0,abandoned,,,price_concern,synthetic_dm_inbox_export,
IGC-20260904-0548,2026-09-04 07:12:24,2026-09-05 00:55:24,direct_dm,17902562330559770,price,LT-BTK,Batik,1,,inquiry_only,6,Teguh,14,false,0,abandoned,,,price_concern,synthetic_dm_inbox_export,sku_match
IGC-20260904-0661,2026-09-04 07:31:15,2026-09-04 20:49:15,comment_to_dm,17902562330559770,availability,LT-BTK,Batik,1,264000,payment_details_sent,33,Rani,8,false,0,abandoned,,,wanted_different_colour_or_sold_out,synthetic_dm_inbox_export,sku_match
IGC-20260904-0517,2026-09-04 07:47:40,2026-09-05 13:29:40,direct_dm,17902562330559770,availability,LT-GRN,Sea-green,3,585000,quote_sent,18,Teguh,21,false,0,abandoned,,,shipping_cost,synthetic_dm_inbox_export,dm_time_proximity
IGC-20260904-0719,2026-09-04 07:50:17,2026-09-04 17:01:17,direct_dm,17902562330559770,price,LT-BTK,Batik,2,523000,payment_proof_pending,29,Rani,19,true,2,abandoned,,,price_concern,synthetic_dm_inbox_export,sku_match
IGC-20260904-0764,2026-09-04 07:56:53,2026-09-05 00:02:53,direct_dm,17902562330559770,shipping,LT-BTK,Batik,1,,inquiry_only,19,Rani,11,true,1,abandoned,,,manual_bank_transfer_friction,synthetic_dm_inbox_export,sku_match
IGC-20260904-0673,2026-09-04 08:03:26,2026-09-05 23:42:26,direct_dm,17902562330559770,colour_options,LT-BTK,Batik,1,281000,address_collected,5,Rani,4,true,2,abandoned,,,just_asking_no_intent,synthetic_dm_inbox_export,sku_match
IGC-20260904-0551,2026-09-04 08:03:32,2026-09-05 04:33:32,whatsapp_click,17902562330559770,availability,LT-BTK,Batik,1,,inquiry_only,15,Sari,18,false,0,abandoned,,,price_concern,synthetic_dm_inbox_export,sku_match
IGC-20260904-0646,2026-09-04 08:10:39,2026-09-05 21:43:39,direct_dm,17902562330559770,price,LT-GRN,Sea-green,1,221000,address_collected,4,Sari,20,true,1,abandoned,,,manual_bank_transfer_friction,synthetic_dm_inbox_export,dm_time_proximity
IGC-20260904-0512,2026-09-04 08:14:26,2026-09-04 23:19:26,story_reply,,price,LT-GRN,Sea-green,1,204000,quote_sent,18,Bagas,4,true,1,abandoned,,,found_cheaper_on_marketplace,synthetic_dm_inbox_export,
IGC-20260904-0641,2026-09-04 08:16:21,2026-09-05 03:35:21,direct_dm,,colour_options,LT-IND,Indigo,1,221000,quote_sent,7,Sari,16,false,0,abandoned,,,manual_bank_transfer_friction,synthetic_dm_inbox_export,
IGC-20260904-0525,2026-09-04 08:16:23,2026-09-04 12:58:23,direct_dm,17902562330559770,availability,LT-BTK,Batik,1,,inquiry_only,16,Teguh,15,true,1,abandoned,,,manual_bank_transfer_friction,synthetic_dm_inbox_export,sku_match
IGC-20260904-0598,2026-09-04 08:19:09,2026-09-05 14:43:09,direct_dm,,shipping,LT-IND,Indigo,1,214000,address_collected,30,Bagas,7,false,0,abandoned,,,price_concern,synthetic_dm_inbox_export,
IGC-20260904-0575,2026-09-04 08:38:37,2026-09-05 23:23:37,whatsapp_click,17902562330559770,availability,LT-BTK,Batik,1,274000,quote_sent,63,Teguh,5,true,2,abandoned,,,just_asking_no_intent,synthetic_dm_inbox_export,sku_match
IGC-20260904-0635,2026-09-04 08:43:49,2026-09-04 10:00:49,direct_dm,,price,LT-IND,Indigo,1,221000,payment_details_sent,28,Rani,13,true,2,abandoned,,,found_cheaper_on_marketplace,synthetic_dm_inbox_export,
IGC-20260904-0763,2026-09-04 09:00:44,2026-09-05 10:50:44,direct_dm,17902562330559770,price,LT-BTK,Batik,1,,inquiry_only,44,Melati,20,true,1,abandoned,,,price_concern,synthetic_dm_inbox_export,sku_match
IGC-20260904-0558,2026-09-04 09:07:25,2026-09-05 08:59:25,direct_dm,,availability,LT-SND,Sand,1,204000,payment_proof_pending,14,Rani,16,false,0,abandoned,,,manual_bank_transfer_friction,synthetic_dm_inbox_export,
IGC-20260904-0745,2026-09-04 09:11:02,2026-09-04 22:33:02,direct_dm,17902562330559770,price,LT-BTK,Batik,1,,inquiry_only,7,Bagas,12,false,0,abandoned,,,slow_agent_reply,synthetic_dm_inbox_export,sku_match
IGC-20260904-0006,2026-09-04 09:13:54,2026-09-04 16:59:33,direct_dm,17902562330559770,colour_options,LT-BTK,Batik,1,264000,address_collected,31,Sari,14,true,1,recovered,IG-20260904-0087,2026-09-04 16:59:33,,synthetic_dm_inbox_export,sku_match
IGC-20260904-0700,2026-09-04 09:26:01,2026-09-06 00:49:01,whatsapp_click,17902562330559770,availability,LT-BTK,Batik,1,281000,quote_sent,36,Rani,17,true,2,abandoned,,,manual_bank_transfer_friction,synthetic_dm_inbox_export,sku_match
IGC-20260904-0527,2026-09-04 09:27:09,2026-09-04 10:20:09,whatsapp_click,,availability,LT-IND,Indigo,3,,inquiry_only,27,Rani,14,false,0,abandoned,,,wanted_different_colour_or_sold_out,synthetic_dm_inbox_export,
IGC-20260904-0634,2026-09-04 09:29:35,2026-09-06 00:03:35,direct_dm,,colour_options,LT-GRN,Sea-green,1,189000,address_collected,4,Rani,8,false,0,abandoned,,,price_concern,synthetic_dm_inbox_export,
IGC-20260904-0699,2026-09-04 09:41:28,2026-09-04 16:43:28,story_reply,17902562330559770,shipping,LT-BTK,Batik,2,498000,quote_sent,7,Rani,5,true,2,abandoned,,,slow_agent_reply,synthetic_dm_inbox_export,sku_match
IGC-20260904-0587,2026-09-04 09:48:44,2026-09-04 15:51:44,story_reply,,price,LT-IND,Indigo,1,,inquiry_only,49,Sari,19,false,0,abandoned,,,wanted_different_colour_or_sold_out,synthetic_dm_inbox_export,
IGC-20260904-0639,2026-09-04 09:49:41,2026-09-05 14:16:41,direct_dm,,price,LT-IND,Indigo,2,,inquiry_only,26,Rani,18,true,1,abandoned,,,shipping_cost,synthetic_dm_inbox_export,
IGC-20260904-0693,2026-09-04 09:50:55,2026-09-05 22:44:55,whatsapp_click,,price,LT-IND,Indigo,1,221000,address_collected,24,Bagas,19,true,2,abandoned,,,wanted_different_colour_or_sold_out,synthetic_dm_inbox_export,
IGC-20260904-0556,2026-09-04 09:53:20,2026-09-05 05:40:20,story_reply,,price,LT-GRN,Sea-green,1,214000,address_collected,79,Teguh,15,true,2,abandoned,,,shipping_cost,synthetic_dm_inbox_export,
IGC-20260904-0596,2026-09-04 10:07:24,2026-09-05 05:59:24,direct_dm,,price,LT-IND,Indigo,1,207000,address_collected,30,Bagas,19,true,2,abandoned,,,wanted_different_colour_or_sold_out,synthetic_dm_inbox_export,
IGC-20260904-0733,2026-09-04 10:09:41,2026-09-05 15:23:41,direct_dm,,shipping,LT-GRN,Sea-green,1,204000,quote_sent,25,Sari,6,true,2,abandoned,,,found_cheaper_on_marketplace,synthetic_dm_inbox_export,
IGC-20260904-0588,2026-09-04 10:10:18,2026-09-05 23:34:18,direct_dm,17906745675922616,availability,LT-SND,Sand,1,,inquiry_only,33,Sari,9,false,0,abandoned,,,price_concern,synthetic_dm_inbox_export,dm_time_proximity
IGC-20260904-0621,2026-09-04 10:22:12,2026-09-05 21:05:12,direct_dm,17902562330559770,price,LT-BTK,Batik,1,267000,payment_details_sent,5,Bagas,8,true,1,abandoned,,,manual_bank_transfer_friction,synthetic_dm_inbox_export,sku_match
IGC-20260904-0536,2026-09-04 10:23:46,2026-09-05 12:59:46,whatsapp_click,17902562330559770,bulk_order,LT-BTK,Batik,1,,inquiry_only,18,Rani,4,false,0,abandoned,,,slow_agent_reply,synthetic_dm_inbox_export,sku_match
IGC-20260904-0762,2026-09-04 10:26:22,2026-09-06 00:08:22,story_reply,17902562330559770,price,LT-BTK,Batik,1,264000,quote_sent,7,Sari,3,false,0,abandoned,,,wanted_different_colour_or_sold_out,synthetic_dm_inbox_export,sku_match
IGC-20260904-0568,2026-09-04 10:30:02,2026-09-05 13:32:02,direct_dm,,colour_options,LT-SND,Sand,1,,inquiry_only,21,Bagas,10,true,2,abandoned,,,manual_bank_transfer_friction,synthetic_dm_inbox_export,
IGC-20260904-0715,2026-09-04 10:35:29,2026-09-05 19:53:29,direct_dm,,colour_options,LT-IND,Indigo,1,189000,quote_sent,5,Sari,9,false,0,abandoned,,,price_concern,synthetic_dm_inbox_export,
IGC-20260904-0573,2026-09-04 10:35:30,2026-09-05 08:38:30,direct_dm,,price,LT-GRN,Sea-green,1,214000,quote_sent,83,Teguh,15,true,2,abandoned,,,found_cheaper_on_marketplace,synthetic_dm_inbox_export,
IGC-20260904-0628,2026-09-04 10:37:38,2026-09-05 06:06:38,direct_dm,17902562330559770,price,LT-BTK,Batik,1,264000,payment_details_sent,31,Bagas,15,false,0,abandoned,,,slow_agent_reply,synthetic_dm_inbox_export,sku_match
IGC-20260904-0756,2026-09-04 10:47:08,2026-09-04 20:02:08,direct_dm,17902562330559770,price,LT-BTK,Batik,2,516000,quote_sent,168,Rani,9,true,1,abandoned,,,shipping_cost,synthetic_dm_inbox_export,sku_match
IGC-20260904-0607,2026-09-04 10:56:13,2026-09-04 22:29:13,whatsapp_click,17902562330559770,colour_options,LT-BTK,Batik,3,762000,payment_details_sent,13,Teguh,16,true,1,abandoned,,,wanted_different_colour_or_sold_out,synthetic_dm_inbox_export,sku_match
IGC-20260904-0586,2026-09-04 10:57:58,2026-09-05 18:54:58,story_reply,17902562330559770,colour_options,LT-BTK,Batik,1,249000,quote_sent,41,Bagas,6,true,1,abandoned,,,found_cheaper_on_marketplace,synthetic_dm_inbox_export,sku_match
IGC-20260904-0540,2026-09-04 11:03:27,2026-09-05 16:45:27,direct_dm,,shipping,LT-GRN,Sea-green,2,,inquiry_only,16,Sari,14,false,0,abandoned,,,just_asking_no_intent,synthetic_dm_inbox_export,
IGC-20260904-0721,2026-09-04 11:07:40,2026-09-05 16:10:40,story_reply,,price,LT-IND,Indigo,2,,inquiry_only,65,Sari,21,true,1,abandoned,,,manual_bank_transfer_friction,synthetic_dm_inbox_export,
IGC-20260904-0713,2026-09-04 11:09:11,2026-09-05 11:59:11,direct_dm,,availability,LT-IND,Indigo,1,189000,quote_sent,21,Rani,19,false,0,abandoned,,,shipping_cost,synthetic_dm_inbox_export,
IGC-20260904-0652,2026-09-04 11:15:14,2026-09-05 00:48:14,comment_to_dm,17909597409818323,shipping,LT-SND,Sand,1,207000,quote_sent,16,Sari,12,false,0,abandoned,,,price_concern,synthetic_dm_inbox_export,dm_entry_comment
IGC-20260904-0627,2026-09-04 11:17:38,2026-09-05 09:30:38,direct_dm,,bulk_order,LT-GRN,Sea-green,1,189000,quote_sent,66,Bagas,20,true,2,abandoned,,,shipping_cost,synthetic_dm_inbox_export,
IGC-20260904-0683,2026-09-04 11:17:58,2026-09-05 21:33:58,direct_dm,17902562330559770,availability,LT-BTK,Batik,2,,inquiry_only,24,Melati,4,false,0,abandoned,,,price_concern,synthetic_dm_inbox_export,sku_match
IGC-20260904-0674,2026-09-04 11:25:00,2026-09-04 20:52:00,story_reply,,availability,LT-GRN,Sea-green,1,189000,quote_sent,30,Sari,21,true,2,abandoned,,,slow_agent_reply,synthetic_dm_inbox_export,
IGC-20260904-0572,2026-09-04 11:28:09,2026-09-04 22:07:09,comment_to_dm,17902562330559770,availability,LT-BTK,Batik,1,274000,payment_details_sent,12,Melati,6,true,2,abandoned,,,slow_agent_reply,synthetic_dm_inbox_export,sku_match
IGC-20260904-0672,2026-09-04 11:28:21,2026-09-05 16:29:21,story_reply,,colour_options,LT-BTK,Batik,1,267000,payment_details_sent,10,Rani,13,false,0,abandoned,,,shipping_cost,synthetic_dm_inbox_export,
IGC-20260904-0561,2026-09-04 11:29:33,2026-09-05 07:11:33,direct_dm,17902562330559770,price,LT-BTK,Batik,1,,inquiry_only,20,Rani,4,true,2,abandoned,,,just_asking_no_intent,synthetic_dm_inbox_export,sku_match
IGC-20260904-0620,2026-09-04 11:29:41,2026-09-04 23:49:41,direct_dm,,price,LT-GRN,Sea-green,1,,inquiry_only,12,Teguh,4,false,0,abandoned,,,slow_agent_reply,synthetic_dm_inbox_export,
IGC-20260904-0751,2026-09-04 11:37:55,2026-09-06 02:08:55,whatsapp_click,,availability,LT-GRN,Sea-green,1,189000,quote_sent,38,Sari,7,false,0,abandoned,,,price_concern,synthetic_dm_inbox_export,
IGC-20260904-0695,2026-09-04 11:48:46,2026-09-05 16:31:46,direct_dm,,shipping,LT-SND,Sand,1,,inquiry_only,50,Sari,8,false,0,abandoned,,,wanted_different_colour_or_sold_out,synthetic_dm_inbox_export,
IGC-20260904-0532,2026-09-04 11:49:06,2026-09-04 20:05:06,direct_dm,,price,LT-SND,Sand,1,189000,quote_sent,61,Melati,8,true,1,abandoned,,,slow_agent_reply,synthetic_dm_inbox_export,
IGC-20260904-0625,2026-09-04 12:00:37,2026-09-06 03:14:37,direct_dm,17906745675922616,price,LT-BTK,Batik,1,249000,payment_details_sent,3,Sari,17,false,0,abandoned,,,slow_agent_reply,synthetic_dm_inbox_export,dm_time_proximity
IGC-20260904-0748,2026-09-04 12:06:33,2026-09-04 14:03:33,direct_dm,,colour_options,LT-GRN,Sea-green,1,,inquiry_only,9,Rani,8,true,2,abandoned,,,shipping_cost,synthetic_dm_inbox_export,
IGC-20260904-0612,2026-09-04 12:09:45,2026-09-04 12:55:45,whatsapp_click,,shipping,LT-BTK,Batik,1,,inquiry_only,46,Teguh,21,true,2,abandoned,,,manual_bank_transfer_friction,synthetic_dm_inbox_export,
IGC-20260904-0546,2026-09-04 12:12:44,2026-09-04 14:09:44,story_reply,,price,LT-IND,Indigo,1,,inquiry_only,23,Teguh,12,true,1,abandoned,,,manual_bank_transfer_friction,synthetic_dm_inbox_export,
IGC-20260904-0589,2026-09-04 12:18:36,2026-09-05 11:39:36,direct_dm,,shipping,LT-SND,Sand,1,,inquiry_only,4,Teguh,9,true,2,abandoned,,,manual_bank_transfer_friction,synthetic_dm_inbox_export,
IGC-20260904-0742,2026-09-04 12:23:17,2026-09-04 18:06:17,direct_dm,,availability,LT-GRN,Sea-green,1,207000,address_collected,7,Rani,6,false,0,abandoned,,,just_asking_no_intent,synthetic_dm_inbox_export,
IGC-20260904-0559,2026-09-04 12:29:11,2026-09-04 22:19:11,direct_dm,17902562330559770,price,LT-BTK,Batik,2,,inquiry_only,9,Melati,19,false,0,abandoned,,,just_asking_no_intent,synthetic_dm_inbox_export,sku_match
IGC-20260904-0528,2026-09-04 12:29:50,2026-09-05 03:43:50,whatsapp_click,,price,LT-SND,Sand,1,,inquiry_only,23,Melati,8,false,0,abandoned,,,slow_agent_reply,synthetic_dm_inbox_export,
IGC-20260904-0688,2026-09-04 12:39:01,2026-09-05 07:33:01,direct_dm,17906745675922616,price,LT-GRN,Sea-green,1,189000,quote_sent,57,Sari,14,true,2,abandoned,,,shipping_cost,synthetic_dm_inbox_export,dm_time_proximity
IGC-20260904-0537,2026-09-04 12:45:01,2026-09-05 07:25:01,direct_dm,17902562330559770,price,LT-BTK,Batik,1,281000,payment_details_sent,10,Melati,15,false,0,abandoned,,,wanted_different_colour_or_sold_out,synthetic_dm_inbox_export,sku_match
IGC-20260904-0504,2026-09-04 12:45:43,2026-09-05 06:32:43,whatsapp_click,17902562330559770,price,LT-BTK,Batik,1,249000,payment_details_sent,38,Teguh,4,false,0,abandoned,,,slow_agent_reply,synthetic_dm_inbox_export,sku_match
IGC-20260904-0605,2026-09-04 12:49:33,2026-09-05 21:31:33,direct_dm,,price,LT-SND,Sand,1,207000,quote_sent,8,Bagas,19,true,1,abandoned,,,slow_agent_reply,synthetic_dm_inbox_export,
IGC-20260904-0611,2026-09-04 12:51:34,2026-09-05 08:17:34,story_reply,,price,LT-GRN,Sea-green,1,204000,quote_sent,21,Rani,9,true,1,abandoned,,,slow_agent_reply,synthetic_dm_inbox_export,
IGC-20260904-0690,2026-09-04 12:59:48,2026-09-05 17:01:48,direct_dm,17902562330559770,price,LT-BTK,Batik,1,281000,payment_proof_pending,106,Teguh,14,false,0,abandoned,,,wanted_different_colour_or_sold_out,synthetic_dm_inbox_export,sku_match
IGC-20260904-0716,2026-09-04 13:08:53,2026-09-06 01:30:53,whatsapp_click,17902562330559770,shipping,LT-BTK,Batik,1,274000,payment_proof_pending,25,Teguh,8,false,0,abandoned,,,wanted_different_colour_or_sold_out,synthetic_dm_inbox_export,sku_match
IGC-20260904-0529,2026-09-04 13:22:48,2026-09-05 18:28:48,direct_dm,,colour_options,LT-GRN,Sea-green,1,,inquiry_only,124,Melati,9,true,1,abandoned,,,shipping_cost,synthetic_dm_inbox_export,
IGC-20260904-0562,2026-09-04 13:27:25,2026-09-05 18:26:25,direct_dm,17902562330559770,shipping,LT-BTK,Batik,1,267000,address_collected,32,Bagas,12,false,0,abandoned,,,manual_bank_transfer_friction,synthetic_dm_inbox_export,sku_match
IGC-20260904-0524,2026-09-04 13:34:03,2026-09-04 18:05:03,whatsapp_click,,colour_options,LT-SND,Sand,1,207000,payment_proof_pending,53,Melati,19,false,0,abandoned,,,slow_agent_reply,synthetic_dm_inbox_export,
IGC-20260904-0614,2026-09-04 13:39:05,2026-09-05 13:16:05,direct_dm,17902562330559770,colour_options,LT-BTK,Batik,2,498000,payment_proof_pending,6,Melati,10,true,2,abandoned,,,shipping_cost,synthetic_dm_inbox_export,sku_match
IGC-20260904-0758,2026-09-04 13:40:07,2026-09-04 14:33:07,direct_dm,,price,LT-GRN,Sea-green,1,,inquiry_only,13,Rani,12,false,0,abandoned,,,slow_agent_reply,synthetic_dm_inbox_export,
IGC-20260904-0566,2026-09-04 13:41:45,2026-09-05 08:15:45,story_reply,,price,LT-SND,Sand,1,,inquiry_only,25,Teguh,21,false,0,abandoned,,,manual_bank_transfer_friction,synthetic_dm_inbox_export,
IGC-20260904-0668,2026-09-04 13:44:22,2026-09-05 00:06:22,comment_to_dm,17902562330559770,availability,LT-BTK,Batik,2,498000,quote_sent,31,Teguh,6,false,0,abandoned,,,slow_agent_reply,synthetic_dm_inbox_export,sku_match
IGC-20260904-0650,2026-09-04 13:47:16,2026-09-04 16:05:16,direct_dm,17902562330559770,shipping,LT-BTK,Batik,1,264000,address_collected,48,Melati,20,true,2,abandoned,,,slow_agent_reply,synthetic_dm_inbox_export,sku_match
IGC-20260904-0592,2026-09-04 13:54:39,2026-09-05 06:22:39,whatsapp_click,,colour_options,LT-GRN,Sea-green,3,,inquiry_only,15,Melati,12,true,2,abandoned,,,price_concern,synthetic_dm_inbox_export,
IGC-20260904-0648,2026-09-04 13:56:22,2026-09-04 19:08:22,story_reply,,colour_options,LT-IND,Indigo,1,,inquiry_only,11,Teguh,19,false,0,abandoned,,,price_concern,synthetic_dm_inbox_export,
IGC-20260904-0583,2026-09-04 13:57:36,2026-09-05 00:21:36,direct_dm,,availability,LT-IND,Indigo,2,403000,address_collected,12,Melati,16,true,1,abandoned,,,just_asking_no_intent,synthetic_dm_inbox_export,
IGC-20260904-0600,2026-09-04 14:00:50,2026-09-06 05:05:50,direct_dm,,colour_options,LT-GRN,Sea-green,2,378000,payment_proof_pending,7,Bagas,21,true,2,abandoned,,,shipping_cost,synthetic_dm_inbox_export,
IGC-20260904-0543,2026-09-04 14:16:40,2026-09-05 23:27:40,direct_dm,,shipping,LT-GRN,Sea-green,1,214000,quote_sent,9,Sari,17,false,0,abandoned,,,manual_bank_transfer_friction,synthetic_dm_inbox_export,
IGC-20260904-0519,2026-09-04 14:21:56,2026-09-05 06:01:56,whatsapp_click,17902562330559770,colour_options,LT-BTK,Batik,1,,inquiry_only,25,Bagas,16,false,0,abandoned,,,price_concern,synthetic_dm_inbox_export,sku_match
IGC-20260904-0526,2026-09-04 14:27:05,2026-09-05 21:29:05,whatsapp_click,17902562330559770,price,LT-BTK,Batik,1,267000,quote_sent,105,Sari,21,true,1,abandoned,,,shipping_cost,synthetic_dm_inbox_export,sku_match
IGC-20260904-0523,2026-09-04 14:27:13,2026-09-05 18:14:13,whatsapp_click,17902562330559770,availability,LT-BTK,Batik,1,,inquiry_only,12,Melati,17,true,2,abandoned,,,price_concern,synthetic_dm_inbox_export,sku_match
IGC-20260904-0732,2026-09-04 14:34:20,2026-09-05 16:21:20,direct_dm,,price,LT-GRN,Sea-green,2,378000,payment_details_sent,11,Rani,11,false,0,abandoned,,,price_concern,synthetic_dm_inbox_export,
IGC-20260904-0591,2026-09-04 14:34:30,2026-09-05 05:18:30,direct_dm,,colour_options,LT-IND,Indigo,1,221000,address_collected,27,Teguh,11,true,2,abandoned,,,just_asking_no_intent,synthetic_dm_inbox_export,
IGC-20260904-0643,2026-09-04 14:34:53,2026-09-06 00:03:53,direct_dm,,availability,LT-IND,Indigo,1,189000,address_collected,9,Melati,11,false,0,abandoned,,,price_concern,synthetic_dm_inbox_export,
IGC-20260904-0552,2026-09-04 14:38:47,2026-09-06 06:18:47,whatsapp_click,17906745675922616,availability,LT-IND,Indigo,2,410000,address_collected,9,Melati,6,false,0,abandoned,,,manual_bank_transfer_friction,synthetic_dm_inbox_export,dm_time_proximity
IGC-20260904-0675,2026-09-04 14:43:11,2026-09-05 03:59:11,direct_dm,,price,LT-GRN,Sea-green,1,204000,payment_details_sent,45,Bagas,3,true,1,abandoned,,,wanted_different_colour_or_sold_out,synthetic_dm_inbox_export,
IGC-20260904-0712,2026-09-04 14:43:35,2026-09-04 22:53:35,story_reply,17902562330559770,availability,LT-BTK,Batik,1,,inquiry_only,6,Bagas,15,false,0,abandoned,,,slow_agent_reply,synthetic_dm_inbox_export,sku_match
IGC-20260904-0720,2026-09-04 14:46:16,2026-09-06 02:15:16,story_reply,17902562330559770,colour_options,LT-BTK,Batik,2,,inquiry_only,25,Teguh,11,false,0,abandoned,,,shipping_cost,synthetic_dm_inbox_export,sku_match
IGC-20260904-0571,2026-09-04 14:46:21,2026-09-06 01:32:21,direct_dm,,availability,LT-GRN,Sea-green,1,,inquiry_only,7,Rani,19,true,2,abandoned,,,price_concern,synthetic_dm_inbox_export,
IGC-20260904-0554,2026-09-04 14:51:02,2026-09-05 22:32:02,direct_dm,17902562330559770,price,LT-BTK,Batik,2,523000,quote_sent,7,Bagas,19,false,0,abandoned,,,price_concern,synthetic_dm_inbox_export,sku_match
IGC-20260904-0515,2026-09-04 14:56:23,2026-09-06 01:55:23,direct_dm,17909597409818323,price,LT-GRN,Sea-green,1,,inquiry_only,12,Melati,15,true,1,abandoned,,,price_concern,synthetic_dm_inbox_export,dm_time_proximity
IGC-20260904-0541,2026-09-04 14:57:02,2026-09-06 02:48:02,story_reply,17902562330559770,shipping,LT-BTK,Batik,1,274000,payment_details_sent,31,Melati,17,true,2,abandoned,,,price_concern,synthetic_dm_inbox_export,sku_match
IGC-20260904-0530,2026-09-04 15:17:46,2026-09-05 17:29:46,direct_dm,17902562330559770,shipping,LT-BTK,Batik,1,281000,payment_details_sent,10,Rani,5,false,0,abandoned,,,shipping_cost,synthetic_dm_inbox_export,sku_match
IGC-20260904-0718,2026-09-04 15:24:22,2026-09-05 22:18:22,story_reply,,shipping,LT-GRN,Sea-green,1,207000,quote_sent,4,Teguh,11,false,0,abandoned,,,just_asking_no_intent,synthetic_dm_inbox_export,
IGC-20260904-0734,2026-09-04 15:35:17,2026-09-05 18:11:17,story_reply,17902562330559770,colour_options,LT-BTK,Batik,2,530000,quote_sent,26,Melati,21,true,2,abandoned,,,found_cheaper_on_marketplace,synthetic_dm_inbox_export,sku_match
IGC-20260904-0513,2026-09-04 15:38:39,2026-09-04 19:26:39,direct_dm,,availability,LT-GRN,Sea-green,1,,inquiry_only,18,Sari,6,true,2,abandoned,,,found_cheaper_on_marketplace,synthetic_dm_inbox_export,
IGC-20260904-0659,2026-09-04 15:39:06,2026-09-05 20:21:06,whatsapp_click,,shipping,LT-IND,Indigo,1,,inquiry_only,6,Rani,19,true,1,abandoned,,,just_asking_no_intent,synthetic_dm_inbox_export,
IGC-20260904-0609,2026-09-04 15:47:47,2026-09-05 03:54:47,direct_dm,,price,LT-GRN,Sea-green,2,,inquiry_only,5,Teguh,10,true,2,abandoned,,,price_concern,synthetic_dm_inbox_export,
IGC-20260904-0701,2026-09-04 15:54:40,2026-09-05 20:19:40,comment_to_dm,17909597409818323,availability,LT-SND,Sand,1,214000,address_collected,20,Sari,14,false,0,abandoned,,,slow_agent_reply,synthetic_dm_inbox_export,dm_entry_comment
IGC-20260904-0749,2026-09-04 16:04:50,2026-09-05 22:19:50,story_reply,17902562330559770,colour_options,LT-BTK,Batik,1,274000,payment_proof_pending,33,Rani,5,false,0,abandoned,,,manual_bank_transfer_friction,synthetic_dm_inbox_export,sku_match
IGC-20260904-0660,2026-09-04 16:05:54,2026-09-04 18:19:54,direct_dm,,price,LT-BTK,Batik,1,249000,address_collected,13,Melati,18,false,0,abandoned,,,just_asking_no_intent,synthetic_dm_inbox_export,
IGC-20260904-0606,2026-09-04 16:06:39,2026-09-05 14:32:39,direct_dm,,availability,LT-IND,Indigo,1,204000,quote_sent,38,Rani,8,true,2,abandoned,,,wanted_different_colour_or_sold_out,synthetic_dm_inbox_export,
IGC-20260904-0539,2026-09-04 16:13:07,2026-09-04 19:19:07,whatsapp_click,,colour_options,LT-GRN,Sea-green,2,,inquiry_only,27,Bagas,13,false,0,abandoned,,,found_cheaper_on_marketplace,synthetic_dm_inbox_export,
IGC-20260904-0535,2026-09-04 16:15:45,2026-09-05 03:05:45,direct_dm,17902562330559770,availability,LT-BTK,Batik,1,,inquiry_only,32,Sari,5,false,0,abandoned,,,shipping_cost,synthetic_dm_inbox_export,sku_match
IGC-20260904-0662,2026-09-04 16:19:26,2026-09-05 07:55:26,direct_dm,17902562330559770,colour_options,LT-BTK,Batik,3,772000,payment_proof_pending,21,Rani,14,true,2,abandoned,,,slow_agent_reply,synthetic_dm_inbox_export,sku_match
IGC-20260904-0508,2026-09-04 16:23:02,2026-09-05 03:29:02,direct_dm,17902562330559770,shipping,LT-BTK,Batik,1,,inquiry_only,22,Bagas,20,false,0,abandoned,,,shipping_cost,synthetic_dm_inbox_export,sku_match
IGC-20260904-0649,2026-09-04 16:25:34,2026-09-04 20:18:34,direct_dm,,availability,LT-GRN,Sea-green,1,189000,address_collected,22,Sari,12,true,2,abandoned,,,just_asking_no_intent,synthetic_dm_inbox_export,
IGC-20260904-0567,2026-09-04 16:25:50,2026-09-05 21:37:50,comment_to_dm,,price,LT-SND,Sand,1,,inquiry_only,20,Bagas,3,false,0,abandoned,,,slow_agent_reply,synthetic_dm_inbox_export,
IGC-20260904-0743,2026-09-04 16:30:45,2026-09-06 03:49:45,whatsapp_click,17902562330559770,shipping,LT-BTK,Batik,1,,inquiry_only,18,Teguh,3,false,0,abandoned,,,slow_agent_reply,synthetic_dm_inbox_export,sku_match
IGC-20260904-0590,2026-09-04 16:41:06,2026-09-05 06:35:06,comment_to_dm,,shipping,LT-IND,Indigo,1,204000,quote_sent,34,Melati,14,true,1,abandoned,,,price_concern,synthetic_dm_inbox_export,
IGC-20260904-0622,2026-09-04 16:52:08,2026-09-05 01:18:08,whatsapp_click,,price,LT-SND,Sand,1,221000,address_collected,14,Bagas,17,true,1,abandoned,,,just_asking_no_intent,synthetic_dm_inbox_export,
IGC-20260904-0678,2026-09-04 16:53:13,2026-09-06 02:41:13,comment_to_dm,17902562330559770,colour_options,LT-BTK,Batik,1,274000,quote_sent,4,Melati,21,false,0,abandoned,,,slow_agent_reply,synthetic_dm_inbox_export,sku_match
IGC-20260904-0594,2026-09-04 16:53:26,2026-09-06 03:03:26,direct_dm,17902562330559770,price,LT-BTK,Batik,1,,inquiry_only,5,Rani,7,true,2,abandoned,,,manual_bank_transfer_friction,synthetic_dm_inbox_export,sku_match
IGC-20260904-0626,2026-09-04 16:55:07,2026-09-05 14:22:07,whatsapp_click,,price,LT-IND,Indigo,1,204000,address_collected,24,Teguh,8,true,1,abandoned,,,price_concern,synthetic_dm_inbox_export,
IGC-20260904-0750,2026-09-04 16:57:17,2026-09-05 15:05:17,comment_to_dm,,availability,LT-IND,Indigo,1,,inquiry_only,33,Rani,14,false,0,abandoned,,,price_concern,synthetic_dm_inbox_export,
IGC-20260904-0645,2026-09-04 17:00:28,2026-09-05 00:14:28,direct_dm,,colour_options,LT-GRN,Sea-green,1,207000,payment_proof_pending,18,Teguh,11,false,0,abandoned,,,price_concern,synthetic_dm_inbox_export,
IGC-20260904-0022,2026-09-04 17:14:13,2026-09-05 04:14:11,story_reply,17902562330559770,shipping,LT-BTK,Batik,1,281000,payment_details_sent,94,Sari,19,true,2,recovered,IG-20260905-0005,2026-09-05 04:14:11,,synthetic_dm_inbox_export,sku_match
IGC-20260904-0579,2026-09-04 17:16:20,2026-09-06 07:40:20,story_reply,,price,LT-IND,Indigo,1,214000,address_collected,25,Bagas,5,false,0,abandoned,,,shipping_cost,synthetic_dm_inbox_export,
IGC-20260904-0580,2026-09-04 17:19:54,2026-09-05 21:47:54,whatsapp_click,,availability,LT-IND,Indigo,1,207000,payment_details_sent,18,Melati,8,false,0,abandoned,,,shipping_cost,synthetic_dm_inbox_export,
IGC-20260904-0549,2026-09-04 17:20:25,2026-09-06 01:42:25,whatsapp_click,,shipping,LT-SND,Sand,2,396000,quote_sent,15,Teguh,12,false,0,abandoned,,,just_asking_no_intent,synthetic_dm_inbox_export,
IGC-20260904-0574,2026-09-04 17:24:54,2026-09-05 16:15:54,whatsapp_click,17902562330559770,availability,LT-BTK,Batik,1,,inquiry_only,12,Teguh,15,false,0,abandoned,,,found_cheaper_on_marketplace,synthetic_dm_inbox_export,sku_match
IGC-20260904-0593,2026-09-04 17:25:55,2026-09-05 14:41:55,direct_dm,,price,LT-IND,Indigo,1,207000,address_collected,24,Teguh,18,false,0,abandoned,,,manual_bank_transfer_friction,synthetic_dm_inbox_export,
IGC-20260904-0553,2026-09-04 17:27:02,2026-09-05 22:51:02,story_reply,,price,LT-SND,Sand,3,,inquiry_only,25,Sari,14,false,0,abandoned,,,found_cheaper_on_marketplace,synthetic_dm_inbox_export,
IGC-20260904-0602,2026-09-04 17:30:09,2026-09-05 13:58:09,direct_dm,,shipping,LT-SND,Sand,1,,inquiry_only,14,Rani,21,true,1,abandoned,,,price_concern,synthetic_dm_inbox_export,
IGC-20260904-0663,2026-09-04 17:31:10,2026-09-06 00:28:10,comment_to_dm,17902562330559770,colour_options,LT-BTK,Batik,1,,inquiry_only,5,Bagas,16,true,1,abandoned,,,price_concern,synthetic_dm_inbox_export,sku_match
IGC-20260904-0703,2026-09-04 17:31:15,2026-09-04 20:12:15,whatsapp_click,17902562330559770,price,LT-BTK,Batik,1,274000,address_collected,46,Sari,18,true,2,abandoned,,,slow_agent_reply,synthetic_dm_inbox_export,sku_match
IGC-20260904-0679,2026-09-04 17:38:15,2026-09-05 16:16:15,direct_dm,,price,LT-GRN,Sea-green,3,,inquiry_only,32,Melati,12,false,0,abandoned,,,manual_bank_transfer_friction,synthetic_dm_inbox_export,
IGC-20260904-0727,2026-09-04 17:39:07,2026-09-05 08:35:07,whatsapp_click,,availability,LT-IND,Indigo,1,207000,address_collected,12,Rani,19,false,0,abandoned,,,manual_bank_transfer_friction,synthetic_dm_inbox_export,
IGC-20260904-0569,2026-09-04 17:44:42,2026-09-04 21:49:42,whatsapp_click,,availability,LT-GRN,Sea-green,1,214000,payment_proof_pending,5,Rani,21,false,0,abandoned,,,slow_agent_reply,synthetic_dm_inbox_export,
IGC-20260904-0704,2026-09-04 17:51:02,2026-09-04 18:20:02,comment_to_dm,17906745675922616,colour_options,LT-IND,Indigo,1,207000,quote_sent,27,Rani,4,true,1,abandoned,,,wanted_different_colour_or_sold_out,synthetic_dm_inbox_export,dm_entry_comment
IGC-20260904-0714,2026-09-04 17:51:49,2026-09-05 08:17:49,direct_dm,17902562330559770,price,LT-BTK,Batik,1,,inquiry_only,15,Teguh,13,true,1,abandoned,,,price_concern,synthetic_dm_inbox_export,sku_match
IGC-20260904-0651,2026-09-04 17:52:19,2026-09-06 02:15:19,direct_dm,17902562330559770,colour_options,LT-BTK,Batik,1,281000,address_collected,17,Sari,15,false,0,abandoned,,,just_asking_no_intent,synthetic_dm_inbox_export,sku_match
IGC-20260904-0555,2026-09-04 17:57:37,2026-09-06 00:39:37,direct_dm,,colour_options,LT-GRN,Sea-green,1,204000,payment_details_sent,19,Sari,12,false,0,abandoned,,,just_asking_no_intent,synthetic_dm_inbox_export,
IGC-20260904-0717,2026-09-04 18:04:37,2026-09-05 00:27:37,comment_to_dm,17906745675922616,availability,LT-SND,Sand,1,204000,payment_details_sent,12,Sari,17,false,0,abandoned,,,just_asking_no_intent,synthetic_dm_inbox_export,dm_entry_comment
IGC-20260904-0577,2026-09-04 18:08:57,2026-09-05 19:08:57,direct_dm,17909597409818323,price,LT-GRN,Sea-green,1,221000,quote_sent,23,Bagas,21,false,0,abandoned,,,manual_bank_transfer_friction,synthetic_dm_inbox_export,dm_time_proximity
IGC-20260904-0576,2026-09-04 18:09:39,2026-09-05 09:10:39,direct_dm,,price,LT-IND,Indigo,1,204000,payment_proof_pending,20,Melati,12,false,0,abandoned,,,wanted_different_colour_or_sold_out,synthetic_dm_inbox_export,
IGC-20260904-0608,2026-09-04 18:12:25,2026-09-05 12:35:25,direct_dm,,price,LT-GRN,Sea-green,1,214000,quote_sent,9,Bagas,8,true,2,abandoned,,,slow_agent_reply,synthetic_dm_inbox_export,
IGC-20260904-0759,2026-09-04 18:13:35,2026-09-04 18:23:35,direct_dm,,availability,LT-IND,Indigo,1,214000,address_collected,15,Rani,8,true,1,abandoned,,,just_asking_no_intent,synthetic_dm_inbox_export,
IGC-20260904-0670,2026-09-04 18:21:05,2026-09-06 09:11:05,whatsapp_click,17909597409818323,price,LT-SND,Sand,3,,inquiry_only,13,Rani,9,true,2,abandoned,,,price_concern,synthetic_dm_inbox_export,dm_time_proximity
IGC-20260904-0731,2026-09-04 18:21:06,2026-09-04 21:31:06,comment_to_dm,17902562330559770,colour_options,LT-BTK,Batik,1,,inquiry_only,20,Melati,11,true,1,abandoned,,,slow_agent_reply,synthetic_dm_inbox_export,sku_match
IGC-20260904-0752,2026-09-04 18:29:24,2026-09-05 23:24:24,whatsapp_click,,availability,LT-SND,Sand,1,214000,quote_sent,28,Sari,6,false,0,abandoned,,,wanted_different_colour_or_sold_out,synthetic_dm_inbox_export,
IGC-20260904-0542,2026-09-04 18:37:02,2026-09-06 07:19:02,direct_dm,17902562330559770,shipping,LT-BTK,Batik,1,,inquiry_only,32,Bagas,7,false,0,abandoned,,,price_concern,synthetic_dm_inbox_export,sku_match
IGC-20260904-0706,2026-09-04 18:37:39,2026-09-05 22:26:39,direct_dm,,price,LT-SND,Sand,2,403000,payment_details_sent,115,Rani,7,true,2,abandoned,,,wanted_different_colour_or_sold_out,synthetic_dm_inbox_export,
IGC-20260904-0746,2026-09-04 18:39:28,2026-09-05 09:23:28,whatsapp_click,,price,LT-IND,Indigo,1,204000,quote_sent,47,Bagas,13,false,0,abandoned,,,wanted_different_colour_or_sold_out,synthetic_dm_inbox_export,
IGC-20260904-0684,2026-09-04 18:42:26,2026-09-06 08:19:26,direct_dm,17902562330559770,availability,LT-BTK,Batik,2,513000,quote_sent,30,Sari,10,false,0,abandoned,,,shipping_cost,synthetic_dm_inbox_export,sku_match
IGC-20260904-0582,2026-09-04 18:44:00,2026-09-06 09:33:00,whatsapp_click,17909597409818323,price,LT-SND,Sand,2,396000,quote_sent,9,Bagas,20,false,0,abandoned,,,slow_agent_reply,synthetic_dm_inbox_export,dm_time_proximity
IGC-20260904-0613,2026-09-04 18:44:52,2026-09-04 19:56:52,story_reply,17902562330559770,price,LT-BTK,Batik,1,267000,quote_sent,11,Bagas,11,false,0,abandoned,,,price_concern,synthetic_dm_inbox_export,sku_match
IGC-20260904-0531,2026-09-04 18:51:15,2026-09-06 03:34:15,whatsapp_click,17902562330559770,price,LT-BTK,Batik,1,,inquiry_only,19,Rani,16,false,0,abandoned,,,price_concern,synthetic_dm_inbox_export,sku_match
IGC-20260904-0522,2026-09-04 18:51:59,2026-09-05 22:53:59,whatsapp_click,17902562330559770,colour_options,LT-BTK,Batik,2,523000,payment_details_sent,9,Sari,20,true,2,abandoned,,,manual_bank_transfer_friction,synthetic_dm_inbox_export,sku_match
IGC-20260904-0729,2026-09-04 18:52:26,2026-09-05 14:14:26,direct_dm,,shipping,LT-GRN,Sea-green,1,,inquiry_only,9,Melati,7,false,0,abandoned,,,price_concern,synthetic_dm_inbox_export,
IGC-20260904-0707,2026-09-04 18:59:48,2026-09-06 09:08:48,story_reply,,price,LT-IND,Indigo,1,214000,address_collected,57,Melati,12,false,0,abandoned,,,found_cheaper_on_marketplace,synthetic_dm_inbox_export,
IGC-20260904-0705,2026-09-04 19:01:30,2026-09-05 11:28:30,direct_dm,17902562330559770,shipping,LT-BTK,Batik,1,249000,quote_sent,26,Teguh,16,true,2,abandoned,,,slow_agent_reply,synthetic_dm_inbox_export,sku_match
IGC-20260904-0636,2026-09-04 19:03:55,2026-09-05 02:37:55,direct_dm,17902562330559770,availability,LT-BTK,Batik,1,264000,quote_sent,9,Teguh,17,false,0,abandoned,,,slow_agent_reply,synthetic_dm_inbox_export,sku_match
IGC-20260904-0735,2026-09-04 19:12:33,2026-09-05 12:17:33,direct_dm,17902562330559770,colour_options,LT-BTK,Batik,1,281000,quote_sent,33,Bagas,16,false,0,abandoned,,,wanted_different_colour_or_sold_out,synthetic_dm_inbox_export,sku_match
IGC-20260904-0518,2026-09-04 19:15:26,2026-09-05 14:20:26,story_reply,17902562330559770,availability,LT-BTK,Batik,1,264000,quote_sent,17,Bagas,7,false,0,abandoned,,,found_cheaper_on_marketplace,synthetic_dm_inbox_export,sku_match
IGC-20260904-0726,2026-09-04 19:21:16,2026-09-06 11:12:16,comment_to_dm,17902562330559770,availability,LT-BTK,Batik,2,516000,quote_sent,4,Teguh,3,false,0,abandoned,,,shipping_cost,synthetic_dm_inbox_export,sku_match
IGC-20260904-0722,2026-09-04 19:22:38,2026-09-04 20:42:38,direct_dm,17902562330559770,shipping,LT-BTK,Batik,1,264000,address_collected,22,Rani,16,false,0,abandoned,,,slow_agent_reply,synthetic_dm_inbox_export,sku_match
IGC-20260904-0747,2026-09-04 19:25:44,2026-09-04 19:32:44,whatsapp_click,,bulk_order,LT-SND,Sand,1,207000,quote_sent,14,Rani,19,false,0,abandoned,,,wanted_different_colour_or_sold_out,synthetic_dm_inbox_export,
IGC-20260904-0724,2026-09-04 19:28:54,2026-09-05 12:30:54,direct_dm,17902562330559770,price,LT-BTK,Batik,1,274000,address_collected,30,Melati,7,false,0,abandoned,,,slow_agent_reply,synthetic_dm_inbox_export,sku_match
IGC-20260904-0507,2026-09-04 19:29:02,2026-09-06 08:56:02,whatsapp_click,,price,LT-IND,Indigo,2,,inquiry_only,2,Melati,12,true,2,abandoned,,,price_concern,synthetic_dm_inbox_export,
IGC-20260904-0638,2026-09-04 19:30:02,2026-09-04 23:20:02,story_reply,17902562330559770,availability,LT-BTK,Batik,2,513000,quote_sent,24,Sari,10,true,1,abandoned,,,slow_agent_reply,synthetic_dm_inbox_export,sku_match
IGC-20260904-0603,2026-09-04 19:31:15,2026-09-06 04:53:15,story_reply,17902562330559770,availability,LT-BTK,Batik,2,498000,quote_sent,27,Bagas,14,false,0,abandoned,,,price_concern,synthetic_dm_inbox_export,sku_match
IGC-20260904-0686,2026-09-04 19:32:43,2026-09-05 16:39:43,story_reply,17902562330559770,price,LT-BTK,Batik,2,,inquiry_only,5,Sari,15,false,0,abandoned,,,price_concern,synthetic_dm_inbox_export,sku_match
IGC-20260904-0730,2026-09-04 19:37:21,2026-09-05 22:07:21,direct_dm,17902562330559770,price,LT-BTK,Batik,1,,inquiry_only,24,Sari,14,false,0,abandoned,,,price_concern,synthetic_dm_inbox_export,sku_match
IGC-20260904-0664,2026-09-04 19:44:16,2026-09-05 09:33:16,direct_dm,,shipping,LT-IND,Indigo,1,207000,quote_sent,15,Bagas,3,false,0,abandoned,,,wanted_different_colour_or_sold_out,synthetic_dm_inbox_export,
IGC-20260904-0642,2026-09-04 19:44:41,2026-09-05 03:22:41,direct_dm,,price,LT-GRN,Sea-green,1,,inquiry_only,16,Melati,5,false,0,abandoned,,,slow_agent_reply,synthetic_dm_inbox_export,
IGC-20260904-0689,2026-09-04 19:44:43,2026-09-06 09:42:43,whatsapp_click,17902562330559770,availability,LT-BTK,Batik,1,281000,payment_proof_pending,11,Sari,19,true,1,abandoned,,,price_concern,synthetic_dm_inbox_export,sku_match
IGC-20260904-0505,2026-09-04 19:50:57,2026-09-04 20:41:57,direct_dm,,price,LT-SND,Sand,1,207000,quote_sent,15,Teguh,11,false,0,abandoned,,,price_concern,synthetic_dm_inbox_export,
IGC-20260904-0658,2026-09-04 20:00:07,2026-09-05 23:17:07,direct_dm,17909597409818323,availability,LT-GRN,Sea-green,1,214000,address_collected,8,Teguh,12,true,2,abandoned,,,wanted_different_colour_or_sold_out,synthetic_dm_inbox_export,dm_time_proximity
IGC-20260904-0682,2026-09-04 20:00:12,2026-09-05 12:49:12,story_reply,17902562330559770,price,LT-BTK,Batik,3,,inquiry_only,25,Rani,8,false,0,abandoned,,,price_concern,synthetic_dm_inbox_export,sku_match
IGC-20260904-0710,2026-09-04 20:00:19,2026-09-05 05:20:19,direct_dm,17902562330559770,colour_options,LT-BTK,Batik,2,513000,quote_sent,8,Melati,12,false,0,abandoned,,,found_cheaper_on_marketplace,synthetic_dm_inbox_export,sku_match
IGC-20260904-0740,2026-09-04 20:01:49,2026-09-06 07:33:49,whatsapp_click,,availability,LT-GRN,Sea-green,1,221000,payment_details_sent,20,Melati,17,false,0,abandoned,,,price_concern,synthetic_dm_inbox_export,
IGC-20260904-0615,2026-09-04 20:08:09,2026-09-05 00:39:09,story_reply,17902562330559770,availability,LT-BTK,Batik,1,249000,quote_sent,49,Teguh,5,true,1,abandoned,,,just_asking_no_intent,synthetic_dm_inbox_export,sku_match
IGC-20260904-0617,2026-09-04 20:11:29,2026-09-06 11:26:29,direct_dm,,shipping,LT-SND,Sand,1,214000,payment_details_sent,54,Bagas,5,true,1,abandoned,,,found_cheaper_on_marketplace,synthetic_dm_inbox_export,
IGC-20260904-0755,2026-09-04 20:11:37,2026-09-05 16:41:37,story_reply,,colour_options,LT-BTK,Batik,1,274000,payment_details_sent,5,Rani,12,false,0,abandoned,,,just_asking_no_intent,synthetic_dm_inbox_export,
IGC-20260904-0654,2026-09-04 20:12:29,2026-09-06 01:01:29,comment_to_dm,,availability,LT-GRN,Sea-green,1,,inquiry_only,6,Bagas,20,true,2,abandoned,,,shipping_cost,synthetic_dm_inbox_export,
IGC-20260904-0737,2026-09-04 20:13:35,2026-09-05 10:39:35,direct_dm,17909597409818323,price,LT-GRN,Sea-green,2,410000,address_collected,12,Bagas,20,false,0,abandoned,,,price_concern,synthetic_dm_inbox_export,dm_time_proximity
IGC-20260904-0533,2026-09-04 20:13:45,2026-09-06 01:43:45,direct_dm,17902562330559770,availability,LT-BTK,Batik,2,513000,quote_sent,15,Bagas,7,false,0,abandoned,,,slow_agent_reply,synthetic_dm_inbox_export,sku_match
IGC-20260904-0618,2026-09-04 20:13:45,2026-09-05 22:24:45,comment_to_dm,17902562330559770,availability,LT-BTK,Batik,1,,inquiry_only,28,Bagas,9,true,1,abandoned,,,slow_agent_reply,synthetic_dm_inbox_export,sku_match
IGC-20260904-0696,2026-09-04 20:14:48,2026-09-05 21:20:48,whatsapp_click,17902562330559770,availability,LT-BTK,Batik,1,281000,quote_sent,1,Rani,4,false,0,abandoned,,,manual_bank_transfer_friction,synthetic_dm_inbox_export,sku_match
IGC-20260904-0711,2026-09-04 20:15:08,2026-09-05 19:46:08,whatsapp_click,17902562330559770,availability,LT-BTK,Batik,1,264000,quote_sent,11,Melati,21,true,1,abandoned,,,slow_agent_reply,synthetic_dm_inbox_export,sku_match
IGC-20260904-0760,2026-09-04 20:15:19,2026-09-06 00:45:19,story_reply,17902562330559770,availability,LT-BTK,Batik,1,267000,quote_sent,12,Bagas,6,true,2,abandoned,,,found_cheaper_on_marketplace,synthetic_dm_inbox_export,sku_match
IGC-20260904-0723,2026-09-04 20:16:26,2026-09-05 07:26:26,direct_dm,,availability,LT-GRN,Sea-green,1,214000,payment_details_sent,20,Rani,4,false,0,abandoned,,,slow_agent_reply,synthetic_dm_inbox_export,
IGC-20260904-0624,2026-09-04 20:18:00,2026-09-06 11:58:00,direct_dm,17902562330559770,price,LT-BTK,Batik,1,,inquiry_only,29,Melati,6,false,0,abandoned,,,just_asking_no_intent,synthetic_dm_inbox_export,sku_match
IGC-20260904-0619,2026-09-04 20:18:02,2026-09-06 01:49:02,direct_dm,,price,LT-GRN,Sea-green,1,221000,payment_details_sent,50,Teguh,13,true,1,abandoned,,,shipping_cost,synthetic_dm_inbox_export,
IGC-20260904-0585,2026-09-04 20:18:51,2026-09-05 04:43:51,direct_dm,17902562330559770,price,LT-BTK,Batik,1,249000,address_collected,38,Rani,3,true,1,abandoned,,,manual_bank_transfer_friction,synthetic_dm_inbox_export,sku_match
IGC-20260904-0564,2026-09-04 20:23:31,2026-09-06 00:48:31,whatsapp_click,,colour_options,LT-SND,Sand,2,,inquiry_only,82,Sari,20,true,2,abandoned,,,slow_agent_reply,synthetic_dm_inbox_export,
IGC-20260904-0676,2026-09-04 20:24:59,2026-09-05 18:30:59,direct_dm,17902562330559770,colour_options,LT-BTK,Batik,1,,inquiry_only,43,Teguh,21,false,0,abandoned,,,slow_agent_reply,synthetic_dm_inbox_export,sku_match
IGC-20260904-0560,2026-09-04 20:26:54,2026-09-05 03:54:54,story_reply,,shipping,LT-GRN,Sea-green,1,189000,payment_details_sent,33,Melati,14,true,1,abandoned,,,manual_bank_transfer_friction,synthetic_dm_inbox_export,
IGC-20260904-0754,2026-09-04 20:29:04,2026-09-05 08:13:04,direct_dm,,price,LT-GRN,Sea-green,2,,inquiry_only,6,Rani,12,false,0,abandoned,,,price_concern,synthetic_dm_inbox_export,
IGC-20260904-0697,2026-09-04 20:32:55,2026-09-05 23:14:55,whatsapp_click,17902562330559770,availability,LT-BTK,Batik,1,,inquiry_only,15,Melati,7,false,0,abandoned,,,slow_agent_reply,synthetic_dm_inbox_export,sku_match
IGC-20260904-0669,2026-09-04 20:33:39,2026-09-05 19:05:39,direct_dm,,price,LT-IND,Indigo,1,207000,payment_proof_pending,19,Sari,14,false,0,abandoned,,,slow_agent_reply,synthetic_dm_inbox_export,
IGC-20260904-0610,2026-09-04 20:39:39,2026-09-06 01:33:39,direct_dm,,price,LT-SND,Sand,1,,inquiry_only,10,Rani,20,false,0,abandoned,,,shipping_cost,synthetic_dm_inbox_export,
IGC-20260904-0545,2026-09-04 20:42:33,2026-09-06 06:52:33,story_reply,17902562330559770,price,LT-BTK,Batik,1,,inquiry_only,11,Melati,16,false,0,abandoned,,,price_concern,synthetic_dm_inbox_export,sku_match
IGC-20260904-0511,2026-09-04 20:44:12,2026-09-05 21:54:12,whatsapp_click,,price,LT-IND,Indigo,1,204000,quote_sent,35,Bagas,10,false,0,abandoned,,,just_asking_no_intent,synthetic_dm_inbox_export,
IGC-20260904-0725,2026-09-04 20:49:45,2026-09-05 21:15:45,comment_to_dm,,price,LT-GRN,Sea-green,1,207000,payment_details_sent,14,Sari,18,true,2,abandoned,,,shipping_cost,synthetic_dm_inbox_export,
IGC-20260904-0520,2026-09-04 20:54:08,2026-09-06 08:48:08,direct_dm,17902562330559770,shipping,LT-BTK,Batik,1,264000,address_collected,5,Sari,13,false,0,abandoned,,,price_concern,synthetic_dm_inbox_export,sku_match
IGC-20260904-0739,2026-09-04 20:55:19,2026-09-05 02:05:19,direct_dm,17902562330559770,colour_options,LT-BTK,Batik,1,267000,quote_sent,56,Bagas,13,true,2,abandoned,,,shipping_cost,synthetic_dm_inbox_export,sku_match
IGC-20260904-0538,2026-09-04 20:59:09,2026-09-05 10:59:09,direct_dm,17902562330559770,availability,LT-BTK,Batik,2,498000,payment_proof_pending,42,Sari,7,false,0,abandoned,,,price_concern,synthetic_dm_inbox_export,sku_match
IGC-20260904-0534,2026-09-04 20:59:41,2026-09-06 05:48:41,direct_dm,,price,LT-IND,Indigo,1,214000,payment_proof_pending,231,Rani,16,true,1,abandoned,,,wanted_different_colour_or_sold_out,synthetic_dm_inbox_export,
IGC-20260904-0677,2026-09-04 21:03:53,2026-09-05 20:20:53,whatsapp_click,17902562330559770,availability,LT-BTK,Batik,3,772000,quote_sent,184,Rani,5,false,0,abandoned,,,price_concern,synthetic_dm_inbox_export,sku_match
IGC-20260904-0708,2026-09-04 21:10:41,2026-09-05 09:39:41,story_reply,,availability,LT-GRN,Sea-green,3,582000,quote_sent,119,Bagas,8,false,0,abandoned,,,shipping_cost,synthetic_dm_inbox_export,
IGC-20260904-0671,2026-09-04 21:11:24,2026-09-06 02:24:24,direct_dm,,price,LT-SND,Sand,1,,inquiry_only,236,Sari,16,false,0,abandoned,,,slow_agent_reply,synthetic_dm_inbox_export,
IGC-20260904-0687,2026-09-04 21:11:50,2026-09-06 03:01:50,direct_dm,17902562330559770,bulk_order,LT-BTK,Batik,2,523000,quote_sent,80,Melati,5,false,0,abandoned,,,wanted_different_colour_or_sold_out,synthetic_dm_inbox_export,sku_match
IGC-20260904-0550,2026-09-04 21:11:52,2026-09-05 03:31:52,direct_dm,,availability,LT-GRN,Sea-green,1,,inquiry_only,348,Melati,14,true,2,abandoned,,,slow_agent_reply,synthetic_dm_inbox_export,
IGC-20260904-0736,2026-09-04 21:12:16,2026-09-05 14:15:16,whatsapp_click,17902562330559770,availability,LT-BTK,Batik,1,281000,quote_sent,221,Bagas,19,false,0,abandoned,,,manual_bank_transfer_friction,synthetic_dm_inbox_export,sku_match
IGC-20260904-0637,2026-09-04 21:16:57,2026-09-06 01:23:57,whatsapp_click,17902562330559770,availability,LT-BTK,Batik,2,,inquiry_only,413,Rani,18,true,1,abandoned,,,slow_agent_reply,synthetic_dm_inbox_export,sku_match
IGC-20260904-0570,2026-09-04 21:18:16,2026-09-05 15:44:16,direct_dm,,price,LT-SND,Sand,1,221000,address_collected,394,Melati,14,false,0,abandoned,,,shipping_cost,synthetic_dm_inbox_export,
IGC-20260904-0647,2026-09-04 21:19:20,2026-09-06 13:00:20,direct_dm,,shipping,LT-GRN,Sea-green,1,221000,payment_proof_pending,130,Rani,9,false,0,abandoned,,,price_concern,synthetic_dm_inbox_export,
IGC-20260904-0631,2026-09-04 21:21:04,2026-09-05 18:25:04,direct_dm,,availability,LT-GRN,Sea-green,2,396000,payment_details_sent,345,Melati,14,false,0,abandoned,,,price_concern,synthetic_dm_inbox_export,
IGC-20260904-0698,2026-09-04 21:23:24,2026-09-05 06:41:24,whatsapp_click,,price,LT-BTK,Batik,1,249000,address_collected,83,Melati,4,true,1,abandoned,,,just_asking_no_intent,synthetic_dm_inbox_export,
IGC-20260904-0761,2026-09-04 21:29:19,2026-09-05 03:27:19,story_reply,,bulk_order,LT-SND,Sand,1,204000,quote_sent,482,Melati,12,false,0,abandoned,,,price_concern,synthetic_dm_inbox_export,
IGC-20260904-0601,2026-09-04 21:32:34,2026-09-06 10:12:34,story_reply,17906745675922616,availability,LT-IND,Indigo,1,204000,address_collected,330,Bagas,17,false,0,abandoned,,,just_asking_no_intent,synthetic_dm_inbox_export,dm_time_proximity
IGC-20260904-0516,2026-09-04 21:35:42,2026-09-06 05:04:42,comment_to_dm,,availability,LT-IND,Indigo,1,189000,quote_sent,151,Bagas,19,false,0,abandoned,,,price_concern,synthetic_dm_inbox_export,
IGC-20260904-0578,2026-09-04 21:38:02,2026-09-06 05:56:02,direct_dm,,availability,LT-GRN,Sea-green,1,,inquiry_only,486,Teguh,3,false,0,abandoned,,,shipping_cost,synthetic_dm_inbox_export,
IGC-20260904-0623,2026-09-04 21:38:50,2026-09-05 16:19:50,direct_dm,,price,LT-IND,Indigo,2,410000,address_collected,231,Bagas,6,true,2,abandoned,,,wanted_different_colour_or_sold_out,synthetic_dm_inbox_export,
IGC-20260904-0657,2026-09-04 21:41:09,2026-09-06 00:27:09,whatsapp_click,,price,LT-SND,Sand,1,189000,quote_sent,323,Sari,12,true,1,abandoned,,,found_cheaper_on_marketplace,synthetic_dm_inbox_export,
IGC-20260904-0666,2026-09-04 21:41:29,2026-09-06 11:43:29,direct_dm,,price,LT-SND,Sand,1,,inquiry_only,258,Bagas,14,true,2,abandoned,,,wanted_different_colour_or_sold_out,synthetic_dm_inbox_export,
IGC-20260904-0702,2026-09-04 21:44:32,2026-09-05 05:47:32,direct_dm,17902562330559770,availability,LT-BTK,Batik,1,,inquiry_only,166,Teguh,16,true,2,abandoned,,,slow_agent_reply,synthetic_dm_inbox_export,sku_match
IGC-20260904-0667,2026-09-04 21:45:23,2026-09-06 06:04:23,direct_dm,17902562330559770,price,LT-BTK,Batik,1,,inquiry_only,1183,Sari,17,true,1,abandoned,,,price_concern,synthetic_dm_inbox_export,sku_match
IGC-20260904-0604,2026-09-04 21:47:43,2026-09-06 03:04:43,whatsapp_click,,price,LT-IND,Indigo,1,204000,quote_sent,279,Melati,11,false,0,abandoned,,,slow_agent_reply,synthetic_dm_inbox_export,
IGC-20260904-0741,2026-09-04 21:50:06,2026-09-06 00:53:06,direct_dm,,availability,LT-GRN,Sea-green,1,189000,address_collected,194,Bagas,4,true,1,abandoned,,,price_concern,synthetic_dm_inbox_export,
IGC-20260904-0757,2026-09-04 21:50:42,2026-09-05 20:44:42,story_reply,17902562330559770,availability,LT-BTK,Batik,1,264000,address_collected,336,Melati,7,false,0,abandoned,,,found_cheaper_on_marketplace,synthetic_dm_inbox_export,sku_match
IGC-20260904-0692,2026-09-04 21:55:15,2026-09-05 22:38:15,direct_dm,,colour_options,LT-GRN,Sea-green,1,204000,quote_sent,95,Sari,11,true,2,abandoned,,,price_concern,synthetic_dm_inbox_export,
IGC-20260904-0557,2026-09-04 21:57:33,2026-09-05 03:52:33,whatsapp_click,,colour_options,LT-SND,Sand,1,,inquiry_only,850,Bagas,8,false,0,abandoned,,,price_concern,synthetic_dm_inbox_export,
IGC-20260904-0753,2026-09-04 22:01:02,2026-09-05 04:19:02,direct_dm,17902562330559770,colour_options,LT-BTK,Batik,1,281000,payment_proof_pending,211,Melati,10,true,1,abandoned,,,wanted_different_colour_or_sold_out,synthetic_dm_inbox_export,sku_match
IGC-20260904-0694,2026-09-04 22:05:52,2026-09-06 04:51:52,story_reply,,price,LT-GRN,Sea-green,1,,inquiry_only,548,Sari,5,false,0,abandoned,,,slow_agent_reply,synthetic_dm_inbox_export,
IGC-20260904-0595,2026-09-04 22:09:00,2026-09-06 12:54:00,whatsapp_click,,price,LT-IND,Indigo,1,207000,address_collected,375,Rani,9,true,2,abandoned,,,price_concern,synthetic_dm_inbox_export,
IGC-20260904-0565,2026-09-04 22:27:04,2026-09-06 09:39:04,comment_to_dm,,colour_options,LT-IND,Indigo,1,,inquiry_only,372,Sari,6,false,0,abandoned,,,price_concern,synthetic_dm_inbox_export,
IGC-20260904-0510,2026-09-04 22:27:14,2026-09-05 11:44:14,direct_dm,17902562330559770,price,LT-BTK,Batik,1,249000,payment_details_sent,305,Sari,16,false,0,abandoned,,,found_cheaper_on_marketplace,synthetic_dm_inbox_export,sku_match
IGC-20260904-0633,2026-09-04 22:28:54,2026-09-05 18:03:54,direct_dm,17906745675922616,bulk_order,LT-IND,Indigo,1,204000,address_collected,270,Melati,15,false,0,abandoned,,,found_cheaper_on_marketplace,synthetic_dm_inbox_export,dm_time_proximity
IGC-20260904-0681,2026-09-04 22:31:15,2026-09-05 21:57:15,story_reply,17902562330559770,price,LT-BTK,Batik,1,274000,quote_sent,79,Teguh,8,true,2,abandoned,,,slow_agent_reply,synthetic_dm_inbox_export,sku_match
IGC-20260904-0665,2026-09-04 22:31:57,2026-09-05 15:06:57,direct_dm,17902562330559770,colour_options,LT-BTK,Batik,2,513000,quote_sent,147,Bagas,18,false,0,abandoned,,,manual_bank_transfer_friction,synthetic_dm_inbox_export,sku_match
IGC-20260904-0547,2026-09-04 22:33:22,2026-09-06 06:21:22,direct_dm,,price,LT-GRN,Sea-green,1,214000,quote_sent,213,Rani,13,true,2,abandoned,,,price_concern,synthetic_dm_inbox_export,
IGC-20260904-0653,2026-09-04 22:35:52,2026-09-05 21:11:52,whatsapp_click,17902562330559770,availability,LT-BTK,Batik,1,274000,address_collected,937,Melati,11,true,2,abandoned,,,slow_agent_reply,synthetic_dm_inbox_export,sku_match
IGC-20260904-0544,2026-09-04 22:37:46,2026-09-05 20:10:46,direct_dm,,shipping,LT-GRN,Sea-green,1,,inquiry_only,722,Teguh,5,true,2,abandoned,,,price_concern,synthetic_dm_inbox_export,
IGC-20260904-0509,2026-09-04 22:41:15,2026-09-04 22:56:15,direct_dm,17902562330559770,availability,LT-BTK,Batik,1,281000,quote_sent,369,Teguh,6,true,2,abandoned,,,wanted_different_colour_or_sold_out,synthetic_dm_inbox_export,sku_match
IGC-20260904-0640,2026-09-04 22:46:08,2026-09-05 11:54:08,direct_dm,,bulk_order,LT-GRN,Sea-green,2,403000,payment_details_sent,337,Melati,20,true,1,abandoned,,,slow_agent_reply,synthetic_dm_inbox_export,
IGC-20260904-0738,2026-09-04 22:47:21,2026-09-05 21:29:21,direct_dm,17902562330559770,price,LT-BTK,Batik,1,249000,payment_details_sent,1413,Melati,8,false,0,abandoned,,,found_cheaper_on_marketplace,synthetic_dm_inbox_export,sku_match
IGC-20260904-0514,2026-09-04 23:03:32,2026-09-06 01:07:32,direct_dm,17902562330559770,price,LT-BTK,Batik,1,,inquiry_only,1129,Melati,17,false,0,abandoned,,,shipping_cost,synthetic_dm_inbox_export,sku_match
IGC-20260904-0744,2026-09-04 23:11:01,2026-09-05 00:49:01,story_reply,17902562330559770,price,LT-BTK,Batik,1,249000,quote_sent,567,Melati,12,false,0,abandoned,,,slow_agent_reply,synthetic_dm_inbox_export,sku_match
IGC-20260904-0655,2026-09-04 23:33:24,2026-09-05 03:28:24,direct_dm,,availability,LT-IND,Indigo,1,,inquiry_only,142,Sari,6,false,0,abandoned,,,slow_agent_reply,synthetic_dm_inbox_export,
IGC-20260904-0680,2026-09-04 23:34:19,2026-09-05 12:09:19,whatsapp_click,17902562330559770,availability,LT-BTK,Batik,1,281000,payment_details_sent,300,Melati,8,true,2,abandoned,,,slow_agent_reply,synthetic_dm_inbox_export,sku_match
IGC-20260904-0644,2026-09-04 23:52:36,2026-09-06 11:13:36,whatsapp_click,,availability,LT-SND,Sand,2,393000,payment_proof_pending,239,Melati,20,false,0,abandoned,,,just_asking_no_intent,synthetic_dm_inbox_export,
IGC-20260905-0767,2026-09-05 00:49:42,2026-09-06 03:05:42,direct_dm,,availability,LT-IND,Indigo,1,221000,payment_details_sent,34,Melati,12,false,0,abandoned,,,found_cheaper_on_marketplace,synthetic_dm_inbox_export,
IGC-20260905-0765,2026-09-05 07:18:39,2026-09-06 15:36:39,direct_dm,,availability,LT-GRN,Sea-green,1,214000,payment_proof_pending,19,Sari,4,false,0,abandoned,,,just_asking_no_intent,synthetic_dm_inbox_export,
IGC-20260905-0768,2026-09-05 09:05:16,2026-09-06 16:06:16,comment_to_dm,,shipping,LT-GRN,Sea-green,1,207000,quote_sent,26,Melati,6,true,1,abandoned,,,slow_agent_reply,synthetic_dm_inbox_export,
IGC-20260905-0774,2026-09-05 10:08:41,2026-09-06 04:58:41,direct_dm,,price,LT-SND,Sand,1,189000,address_collected,4,Bagas,10,true,2,abandoned,,,price_concern,synthetic_dm_inbox_export,
IGC-20260905-0775,2026-09-05 11:17:40,2026-09-05 19:03:40,comment_to_dm,17902562330559770,availability,LT-BTK,Batik,1,267000,address_collected,44,Sari,13,true,2,abandoned,,,wanted_different_colour_or_sold_out,synthetic_dm_inbox_export,sku_match
IGC-20260905-0770,2026-09-05 12:19:06,2026-09-06 16:04:06,story_reply,,price,LT-SND,Sand,1,207000,quote_sent,8,Melati,15,false,0,abandoned,,,shipping_cost,synthetic_dm_inbox_export,
IGC-20260905-0771,2026-09-05 15:15:23,2026-09-07 01:12:23,comment_to_dm,17902562330559770,price,LT-BTK,Batik,1,274000,payment_details_sent,18,Rani,21,false,0,abandoned,,,wanted_different_colour_or_sold_out,synthetic_dm_inbox_export,sku_match
IGC-20260905-0772,2026-09-05 16:00:13,2026-09-06 18:13:13,comment_to_dm,,colour_options,LT-SND,Sand,1,214000,payment_proof_pending,9,Sari,15,true,2,abandoned,,,slow_agent_reply,synthetic_dm_inbox_export,
IGC-20260905-0769,2026-09-05 17:33:14,2026-09-06 05:49:14,story_reply,17902562330559770,availability,LT-BTK,Batik,1,,inquiry_only,18,Melati,3,false,0,abandoned,,,found_cheaper_on_marketplace,synthetic_dm_inbox_export,sku_match
IGC-20260905-0766,2026-09-05 17:42:48,2026-09-06 17:24:48,direct_dm,,price,LT-GRN,Sea-green,1,207000,quote_sent,23,Teguh,9,true,2,abandoned,,,price_concern,synthetic_dm_inbox_export,
IGC-20260905-0773,2026-09-05 22:45:08,2026-09-07 10:45:08,direct_dm,17902562330559770,shipping,LT-BTK,Batik,1,281000,payment_proof_pending,372,Melati,11,false,0,abandoned,,,price_concern,synthetic_dm_inbox_export,sku_match
IGC-20260906-0018,2026-09-06 08:24:44,2026-09-06 20:20:51,direct_dm,,availability,LT-IND,Indigo,1,189000,payment_details_sent,10,Rani,13,false,0,recovered,IG-20260906-0003,2026-09-06 20:20:51,,synthetic_dm_inbox_export,
IGC-20260906-0777,2026-09-06 17:09:25,2026-09-06 18:04:25,story_reply,,availability,LT-GRN,Sea-green,1,204000,quote_sent,7,Bagas,16,false,0,abandoned,,,price_concern,synthetic_dm_inbox_export,
IGC-20260906-0778,2026-09-06 20:55:24,2026-09-08 01:29:24,comment_to_dm,,shipping,LT-IND,Indigo,1,,inquiry_only,33,Teguh,3,false,0,abandoned,,,found_cheaper_on_marketplace,synthetic_dm_inbox_export,
IGC-20260906-0776,2026-09-06 21:38:10,2026-09-07 18:31:10,direct_dm,,colour_options,LT-GRN,Sea-green,1,,inquiry_only,102,Melati,7,true,1,abandoned,,,manual_bank_transfer_friction,synthetic_dm_inbox_export,
IGC-20260907-0053,2026-09-07 07:11:27,2026-09-07 22:19:26,direct_dm,17905854025471212,shipping,LT-GRN,Sea-green,1,189000,payment_proof_pending,17,Teguh,15,true,1,recovered,IG-20260907-0005,2026-09-07 22:19:26,,synthetic_dm_inbox_export,dm_time_proximity
IGC-20260907-0784,2026-09-07 08:28:58,2026-09-08 15:17:58,direct_dm,,availability,LT-IND,Indigo,1,,inquiry_only,25,Sari,19,false,0,abandoned,,,price_concern,synthetic_dm_inbox_export,
IGC-20260907-0780,2026-09-07 08:39:14,2026-09-07 16:07:14,direct_dm,,availability,LT-GRN,Sea-green,2,403000,address_collected,23,Teguh,9,false,0,abandoned,,,just_asking_no_intent,synthetic_dm_inbox_export,
IGC-20260907-0787,2026-09-07 11:56:35,2026-09-07 23:15:35,direct_dm,,availability,LT-GRN,Sea-green,1,189000,payment_details_sent,38,Sari,4,false,0,abandoned,,,price_concern,synthetic_dm_inbox_export,
IGC-20260907-0789,2026-09-07 12:30:06,2026-09-07 20:58:06,direct_dm,,shipping,LT-IND,Indigo,1,,inquiry_only,21,Teguh,15,true,1,abandoned,,,shipping_cost,synthetic_dm_inbox_export,
IGC-20260907-0785,2026-09-07 12:32:41,2026-09-07 13:19:41,direct_dm,,bulk_order,LT-GRN,Sea-green,1,,inquiry_only,42,Melati,6,false,0,abandoned,,,slow_agent_reply,synthetic_dm_inbox_export,
IGC-20260907-0779,2026-09-07 12:54:10,2026-09-07 22:49:10,direct_dm,,bulk_order,LT-IND,Indigo,1,,inquiry_only,2,Melati,16,false,0,abandoned,,,wanted_different_colour_or_sold_out,synthetic_dm_inbox_export,
IGC-20260907-0782,2026-09-07 13:42:33,2026-09-07 17:48:33,direct_dm,,shipping,LT-GRN,Sea-green,1,,inquiry_only,10,Melati,10,true,1,abandoned,,,price_concern,synthetic_dm_inbox_export,
IGC-20260907-0786,2026-09-07 16:02:50,2026-09-08 08:44:50,direct_dm,,availability,LT-SND,Sand,1,207000,quote_sent,78,Sari,15,false,0,abandoned,,,slow_agent_reply,synthetic_dm_inbox_export,
IGC-20260907-0790,2026-09-07 20:54:12,2026-09-08 16:04:12,direct_dm,17905854025471212,shipping,LT-GRN,Sea-green,1,,inquiry_only,45,Rani,16,true,2,abandoned,,,manual_bank_transfer_friction,synthetic_dm_inbox_export,dm_time_proximity
IGC-20260907-0781,2026-09-07 21:03:25,2026-09-09 02:04:25,direct_dm,17905854025471212,shipping,LT-IND,Indigo,1,204000,payment_details_sent,503,Melati,17,true,1,abandoned,,,price_concern,synthetic_dm_inbox_export,dm_time_proximity
IGC-20260907-0788,2026-09-07 22:44:49,2026-09-09 06:22:49,direct_dm,17905854025471212,availability,LT-IND,Indigo,2,393000,quote_sent,104,Teguh,18,false,0,abandoned,,,wanted_different_colour_or_sold_out,synthetic_dm_inbox_export,dm_time_proximity
IGC-20260907-0783,2026-09-07 23:41:45,2026-09-08 13:48:45,direct_dm,,shipping,LT-IND,Indigo,3,592000,quote_sent,304,Bagas,7,false,0,abandoned,,,slow_agent_reply,synthetic_dm_inbox_export,
IGC-20260908-0791,2026-09-08 19:05:35,2026-09-10 09:32:35,direct_dm,17905854025471212,price,LT-IND,Indigo,1,221000,quote_sent,55,Rani,12,false,0,abandoned,,,wanted_different_colour_or_sold_out,synthetic_dm_inbox_export,dm_time_proximity
IGC-20260908-0792,2026-09-08 19:19:52,2026-09-09 15:22:52,direct_dm,,shipping,LT-SND,Sand,1,,inquiry_only,15,Teguh,6,false,0,abandoned,,,shipping_cost,synthetic_dm_inbox_export,
IGC-20260909-0066,2026-09-09 00:32:17,2026-09-09 20:31:31,direct_dm,17902783331106906,price,LT-GRN,Sea-green,1,214000,payment_proof_pending,432,Sari,20,true,1,recovered,IG-20260909-0008,2026-09-09 20:31:31,,synthetic_dm_inbox_export,dm_time_proximity
IGC-20260909-0797,2026-09-09 02:19:02,2026-09-09 03:59:02,direct_dm,17905854025471212,availability,LT-SND,Sand,1,207000,payment_proof_pending,61,Bagas,13,false,0,abandoned,,,manual_bank_transfer_friction,synthetic_dm_inbox_export,dm_time_proximity
IGC-20260909-0801,2026-09-09 08:03:31,2026-09-09 14:32:31,direct_dm,,shipping,LT-IND,Indigo,1,189000,address_collected,32,Rani,3,true,2,abandoned,,,found_cheaper_on_marketplace,synthetic_dm_inbox_export,
IGC-20260909-0807,2026-09-09 09:00:14,2026-09-09 23:50:14,direct_dm,17905854025471212,shipping,LT-GRN,Sea-green,1,207000,address_collected,32,Rani,8,true,2,abandoned,,,price_concern,synthetic_dm_inbox_export,dm_time_proximity
IGC-20260909-0808,2026-09-09 09:09:02,2026-09-09 22:50:02,direct_dm,17905854025471212,shipping,LT-GRN,Sea-green,2,378000,quote_sent,16,Sari,13,true,1,abandoned,,,price_concern,synthetic_dm_inbox_export,dm_time_proximity
IGC-20260909-0804,2026-09-09 10:09:13,2026-09-10 18:29:13,direct_dm,17905854025471212,colour_options,LT-GRN,Sea-green,1,221000,payment_details_sent,48,Melati,10,false,0,abandoned,,,shipping_cost,synthetic_dm_inbox_export,dm_time_proximity
IGC-20260909-0796,2026-09-09 12:11:35,2026-09-10 23:51:35,direct_dm,17905854025471212,availability,LT-GRN,Sea-green,1,207000,payment_proof_pending,7,Teguh,12,false,0,abandoned,,,wanted_different_colour_or_sold_out,synthetic_dm_inbox_export,dm_time_proximity
IGC-20260909-0802,2026-09-09 13:35:42,2026-09-10 11:00:42,direct_dm,17902783331106906,colour_options,LT-GRN,Sea-green,1,207000,quote_sent,27,Rani,9,true,1,abandoned,,,price_concern,synthetic_dm_inbox_export,dm_time_proximity
IGC-20260909-0034,2026-09-09 14:06:27,2026-09-09 19:35:37,whatsapp_click,17905854025471212,availability,LT-SND,Sand,1,189000,payment_details_sent,13,Melati,16,false,0,recovered,IG-20260909-0005,2026-09-09 19:35:37,,synthetic_dm_inbox_export,dm_time_proximity
IGC-20260909-0800,2026-09-09 14:46:57,2026-09-11 01:28:57,direct_dm,17905854025471212,colour_options,LT-IND,Indigo,1,214000,address_collected,7,Teguh,3,false,0,abandoned,,,wanted_different_colour_or_sold_out,synthetic_dm_inbox_export,dm_time_proximity
IGC-20260909-0806,2026-09-09 15:21:25,2026-09-10 23:37:25,whatsapp_click,17902783331106906,price,LT-SND,Sand,2,403000,payment_details_sent,5,Teguh,16,false,0,abandoned,,,price_concern,synthetic_dm_inbox_export,dm_time_proximity
IGC-20260909-0803,2026-09-09 15:46:23,2026-09-10 09:45:23,direct_dm,17905854025471212,price,LT-IND,Indigo,1,,inquiry_only,8,Sari,15,true,1,abandoned,,,price_concern,synthetic_dm_inbox_export,dm_time_proximity
IGC-20260909-0799,2026-09-09 17:51:39,2026-09-10 17:47:39,direct_dm,,price,LT-GRN,Sea-green,1,,inquiry_only,47,Teguh,15,false,0,abandoned,,,wanted_different_colour_or_sold_out,synthetic_dm_inbox_export,
IGC-20260909-0794,2026-09-09 18:02:13,2026-09-10 03:04:13,direct_dm,17902783331106906,price,LT-GRN,Sea-green,1,189000,quote_sent,18,Rani,10,true,2,abandoned,,,slow_agent_reply,synthetic_dm_inbox_export,dm_time_proximity
IGC-20260909-0805,2026-09-09 19:04:59,2026-09-10 23:01:59,direct_dm,17905854025471212,availability,LT-GRN,Sea-green,2,,inquiry_only,26,Rani,9,false,0,abandoned,,,slow_agent_reply,synthetic_dm_inbox_export,dm_time_proximity
IGC-20260909-0798,2026-09-09 19:36:58,2026-09-10 23:50:58,story_reply,17905854025471212,availability,LT-IND,Indigo,1,,inquiry_only,46,Bagas,9,true,2,abandoned,,,shipping_cost,synthetic_dm_inbox_export,dm_time_proximity
IGC-20260909-0795,2026-09-09 20:09:19,2026-09-09 23:34:19,direct_dm,17905854025471212,price,LT-IND,Indigo,1,214000,address_collected,66,Rani,14,false,0,abandoned,,,price_concern,synthetic_dm_inbox_export,dm_time_proximity
IGC-20260909-0793,2026-09-09 23:09:01,2026-09-10 22:34:01,whatsapp_click,17902783331106906,price,LT-GRN,Sea-green,1,207000,payment_details_sent,256,Rani,5,true,1,abandoned,,,just_asking_no_intent,synthetic_dm_inbox_export,dm_time_proximity
IGC-20260911-0813,2026-09-11 02:19:32,2026-09-11 13:25:32,whatsapp_click,17902783331106906,price,LT-SND,Sand,1,,inquiry_only,305,Teguh,8,false,0,abandoned,,,found_cheaper_on_marketplace,synthetic_dm_inbox_export,dm_time_proximity
IGC-20260911-0814,2026-09-11 10:43:55,2026-09-11 11:52:55,direct_dm,,availability,LT-GRN,Sea-green,1,207000,quote_sent,19,Melati,6,true,1,abandoned,,,wanted_different_colour_or_sold_out,synthetic_dm_inbox_export,
IGC-20260911-0811,2026-09-11 13:35:20,2026-09-12 22:06:20,story_reply,,price,LT-GRN,Sea-green,1,,inquiry_only,55,Teguh,20,true,2,abandoned,,,manual_bank_transfer_friction,synthetic_dm_inbox_export,
IGC-20260911-0812,2026-09-11 15:07:26,2026-09-13 04:19:26,story_reply,,price,LT-IND,Indigo,1,221000,address_collected,31,Teguh,13,false,0,abandoned,,,slow_agent_reply,synthetic_dm_inbox_export,
IGC-20260911-0810,2026-09-11 19:09:18,2026-09-12 16:15:18,story_reply,,shipping,LT-GRN,Sea-green,1,,inquiry_only,8,Teguh,18,true,1,abandoned,,,price_concern,synthetic_dm_inbox_export,
IGC-20260911-0809,2026-09-11 21:44:18,2026-09-12 00:00:18,story_reply,17905447142028772,bulk_order,LT-GRN,Sea-green,1,207000,payment_proof_pending,615,Sari,10,false,0,abandoned,,,slow_agent_reply,synthetic_dm_inbox_export,dm_time_proximity
IGC-20260912-0816,2026-09-12 12:18:55,2026-09-13 02:30:55,story_reply,17905447142028772,availability,LT-GRN,Sea-green,1,,inquiry_only,12,Teguh,6,false,0,abandoned,,,price_concern,synthetic_dm_inbox_export,dm_time_proximity
IGC-20260912-0815,2026-09-12 12:57:41,2026-09-13 11:51:41,comment_to_dm,17902783331106906,price,LT-GRN,Sea-green,3,585000,payment_proof_pending,49,Rani,13,true,1,abandoned,,,found_cheaper_on_marketplace,synthetic_dm_inbox_export,dm_entry_comment
IGC-20260914-0817,2026-09-14 16:42:06,2026-09-15 17:15:06,direct_dm,,price,LT-IND,Indigo,1,221000,quote_sent,27,Melati,19,false,0,abandoned,,,price_concern,synthetic_dm_inbox_export,
IGC-20260915-0819,2026-09-15 07:02:40,2026-09-15 19:53:40,direct_dm,,price,LT-SND,Sand,2,410000,quote_sent,9,Rani,20,true,2,abandoned,,,price_concern,synthetic_dm_inbox_export,
IGC-20260915-0822,2026-09-15 13:45:22,2026-09-15 21:41:22,direct_dm,,shipping,LT-SND,Sand,1,214000,payment_details_sent,64,Bagas,17,true,1,abandoned,,,price_concern,synthetic_dm_inbox_export,
IGC-20260915-0821,2026-09-15 14:09:07,2026-09-16 19:35:07,comment_to_dm,,availability,LT-IND,Indigo,1,207000,quote_sent,33,Rani,8,false,0,abandoned,,,slow_agent_reply,synthetic_dm_inbox_export,
IGC-20260915-0820,2026-09-15 16:03:46,2026-09-16 06:09:46,direct_dm,,bulk_order,LT-IND,Indigo,2,,inquiry_only,6,Bagas,9,true,2,abandoned,,,slow_agent_reply,synthetic_dm_inbox_export,
IGC-20260915-0062,2026-09-15 17:20:03,2026-09-16 12:49:44,comment_to_dm,17909503295997091,price,LT-GRN,Sea-green,1,189000,payment_proof_pending,60,Sari,8,false,0,recovered,IG-20260916-0002,2026-09-16 12:49:44,,synthetic_dm_inbox_export,dm_entry_comment
IGC-20260915-0818,2026-09-15 20:24:01,2026-09-16 06:23:01,whatsapp_click,,price,LT-IND,Indigo,1,,inquiry_only,31,Bagas,7,true,2,abandoned,,,price_concern,synthetic_dm_inbox_export,
IGC-20260916-0826,2026-09-16 00:20:11,2026-09-16 21:52:11,whatsapp_click,,price,LT-GRN,Sea-green,1,214000,payment_details_sent,288,Sari,6,true,2,abandoned,,,manual_bank_transfer_friction,synthetic_dm_inbox_export,
IGC-20260916-0828,2026-09-16 07:00:32,2026-09-17 18:57:32,whatsapp_click,17902783331106906,price,LT-GRN,Sea-green,2,403000,quote_sent,45,Rani,18,true,2,abandoned,,,slow_agent_reply,synthetic_dm_inbox_export,dm_time_proximity
IGC-20260916-0823,2026-09-16 08:58:48,2026-09-16 19:36:48,direct_dm,17909503295997091,colour_options,LT-SND,Sand,1,214000,quote_sent,17,Bagas,4,false,0,abandoned,,,slow_agent_reply,synthetic_dm_inbox_export,dm_time_proximity
IGC-20260916-0825,2026-09-16 13:28:50,2026-09-17 02:57:50,direct_dm,17909503295997091,price,LT-GFT,Gift set,1,299000,quote_sent,11,Sari,8,false,0,abandoned,,,just_asking_no_intent,synthetic_dm_inbox_export,sku_match
IGC-20260916-0830,2026-09-16 16:29:52,2026-09-16 19:27:52,direct_dm,17909503295997091,price,LT-GRN,Sea-green,1,,inquiry_only,6,Bagas,13,false,0,abandoned,,,manual_bank_transfer_friction,synthetic_dm_inbox_export,dm_time_proximity
IGC-20260916-0827,2026-09-16 18:17:20,2026-09-17 18:49:20,direct_dm,17909503295997091,colour_options,LT-GRN,Sea-green,1,204000,payment_proof_pending,11,Teguh,20,false,0,abandoned,,,slow_agent_reply,synthetic_dm_inbox_export,dm_time_proximity
IGC-20260916-0824,2026-09-16 20:26:30,2026-09-17 20:46:30,direct_dm,17909503295997091,availability,LT-SND,Sand,1,,inquiry_only,11,Melati,7,false,0,abandoned,,,wanted_different_colour_or_sold_out,synthetic_dm_inbox_export,dm_time_proximity
IGC-20260916-0831,2026-09-16 21:52:55,2026-09-17 16:05:55,comment_to_dm,,price,LT-GRN,Sea-green,1,189000,payment_details_sent,63,Bagas,15,false,0,abandoned,,,price_concern,synthetic_dm_inbox_export,
IGC-20260916-0829,2026-09-16 21:53:59,2026-09-18 04:13:59,direct_dm,17909503295997091,price,LT-SND,Sand,1,221000,quote_sent,137,Bagas,11,true,2,abandoned,,,shipping_cost,synthetic_dm_inbox_export,dm_time_proximity
IGC-20260918-0832,2026-09-18 06:49:05,2026-09-19 07:48:05,direct_dm,17909503295997091,availability,LT-GFT,Gift set,1,324000,address_collected,205,Teguh,17,true,2,abandoned,,,slow_agent_reply,synthetic_dm_inbox_export,sku_match
IGC-20260919-0063,2026-09-19 08:12:34,2026-09-21 20:03:51,direct_dm,,price,LT-GRN,Sea-green,1,221000,payment_details_sent,22,Teguh,8,false,0,recovered,IG-20260921-0004,2026-09-21 20:03:51,,synthetic_dm_inbox_export,
IGC-20260919-0833,2026-09-19 12:38:28,2026-09-19 20:12:28,direct_dm,17909503295997091,availability,LT-GFT,Gift set,1,,inquiry_only,32,Teguh,14,false,0,abandoned,,,wanted_different_colour_or_sold_out,synthetic_dm_inbox_export,sku_match
IGC-20260919-0834,2026-09-19 17:24:07,2026-09-20 08:59:07,direct_dm,,availability,LT-GRN,Sea-green,1,204000,quote_sent,45,Teguh,14,false,0,abandoned,,,slow_agent_reply,synthetic_dm_inbox_export,
IGC-20260920-0837,2026-09-20 00:28:34,2026-09-21 11:50:34,story_reply,17903369297646473,colour_options,LT-SND,Sand,2,,inquiry_only,206,Teguh,6,true,1,abandoned,,,shipping_cost,synthetic_dm_inbox_export,dm_time_proximity
IGC-20260920-0839,2026-09-20 12:33:31,2026-09-20 16:41:31,whatsapp_click,,availability,LT-SND,Sand,2,393000,payment_details_sent,42,Teguh,20,true,2,abandoned,,,price_concern,synthetic_dm_inbox_export,
IGC-20260920-0836,2026-09-20 17:34:40,2026-09-21 09:18:40,story_reply,,price,LT-SND,Sand,2,396000,address_collected,16,Teguh,11,true,1,abandoned,,,found_cheaper_on_marketplace,synthetic_dm_inbox_export,
IGC-20260920-0840,2026-09-20 18:16:51,2026-09-21 14:17:51,story_reply,,colour_options,LT-SND,Sand,1,214000,payment_proof_pending,10,Sari,7,false,0,abandoned,,,slow_agent_reply,synthetic_dm_inbox_export,
IGC-20260920-0838,2026-09-20 18:40:43,2026-09-22 00:41:43,direct_dm,,colour_options,LT-IND,Indigo,1,189000,quote_sent,15,Melati,8,false,0,abandoned,,,slow_agent_reply,synthetic_dm_inbox_export,
IGC-20260920-0835,2026-09-20 18:45:19,2026-09-21 23:02:19,direct_dm,,availability,LT-GRN,Sea-green,1,,inquiry_only,47,Teguh,16,false,0,abandoned,,,price_concern,synthetic_dm_inbox_export,
IGC-20260921-0843,2026-09-21 12:58:30,2026-09-22 13:53:30,direct_dm,,shipping,LT-SND,Sand,1,204000,payment_details_sent,10,Teguh,4,true,2,abandoned,,,manual_bank_transfer_friction,synthetic_dm_inbox_export,
IGC-20260921-0841,2026-09-21 15:10:30,2026-09-22 10:50:30,story_reply,,availability,LT-SND,Sand,3,,inquiry_only,22,Bagas,18,true,2,abandoned,,,price_concern,synthetic_dm_inbox_export,
IGC-20260921-0029,2026-09-21 17:32:21,2026-09-23 10:09:16,direct_dm,17908880999865633,price,LT-GFT,Gift set,1,317000,address_collected,11,Rani,7,true,1,recovered,IG-20260923-0002,2026-09-23 10:09:16,,synthetic_dm_inbox_export,sku_match
IGC-20260921-0842,2026-09-21 17:32:32,2026-09-22 20:37:32,story_reply,,price,LT-SND,Sand,3,,inquiry_only,17,Teguh,13,false,0,abandoned,,,just_asking_no_intent,synthetic_dm_inbox_export,
IGC-20260922-0844,2026-09-22 10:26:57,2026-09-23 09:05:57,direct_dm,,price,LT-SND,Sand,2,378000,quote_sent,14,Bagas,8,false,0,abandoned,,,price_concern,synthetic_dm_inbox_export,
IGC-20260922-0845,2026-09-22 11:31:42,2026-09-24 00:33:42,direct_dm,17909503295997091,availability,LT-GFT,Gift set,1,324000,payment_details_sent,5,Sari,4,false,0,abandoned,,,wanted_different_colour_or_sold_out,synthetic_dm_inbox_export,sku_match
IGC-20260922-0846,2026-09-22 11:44:15,2026-09-23 09:56:15,direct_dm,17909503295997091,price,LT-GFT,Gift set,1,,inquiry_only,7,Teguh,7,true,2,abandoned,,,shipping_cost,synthetic_dm_inbox_export,sku_match
IGC-20260922-0033,2026-09-22 16:26:04,2026-09-24 19:04:43,comment_to_dm,17901977490176261,price,LT-GFT,Gift set,2,623000,payment_details_sent,10,Teguh,7,true,1,recovered,IG-20260924-0028,2026-09-24 19:04:43,,synthetic_dm_inbox_export,dm_entry_comment
IGC-20260922-0045,2026-09-22 19:42:36,2026-09-23 19:42:06,story_reply,,colour_options,LT-GFT,Gift set,1,331000,address_collected,28,Rani,9,true,2,recovered,IG-20260923-0010,2026-09-23 19:42:06,,synthetic_dm_inbox_export,
IGC-20260922-0049,2026-09-22 23:15:58,2026-09-24 15:14:32,direct_dm,17901977490176261,colour_options,LT-IND,Indigo,1,204000,payment_details_sent,91,Teguh,5,true,1,recovered,IG-20260924-0014,2026-09-24 15:14:32,,synthetic_dm_inbox_export,dm_time_proximity
IGC-20260923-0872,2026-09-23 00:32:43,2026-09-24 15:07:43,comment_to_dm,,colour_options,LT-GRN,Sea-green,1,,inquiry_only,713,Bagas,19,false,0,abandoned,,,price_concern,synthetic_dm_inbox_export,
IGC-20260923-0007,2026-09-23 02:49:26,2026-09-23 21:10:34,direct_dm,17908880999865633,price,LT-GFT,Gift set,1,299000,payment_details_sent,277,Sari,7,true,1,recovered,IG-20260923-0013,2026-09-23 21:10:34,,synthetic_dm_inbox_export,sku_match
IGC-20260923-0031,2026-09-23 04:43:18,2026-09-23 21:16:50,story_reply,17908880999865633,availability,LT-GFT,Gift set,2,613000,address_collected,205,Teguh,5,false,0,recovered,IG-20260923-0014,2026-09-23 21:16:50,,synthetic_dm_inbox_export,sku_match
IGC-20260923-0882,2026-09-23 07:26:47,2026-09-23 13:23:47,story_reply,,availability,LT-SND,Sand,1,207000,quote_sent,36,Bagas,21,true,2,abandoned,,,just_asking_no_intent,synthetic_dm_inbox_export,
IGC-20260923-0853,2026-09-23 08:49:33,2026-09-23 15:51:33,whatsapp_click,,colour_options,LT-GRN,Sea-green,1,214000,address_collected,22,Rani,7,false,0,abandoned,,,price_concern,synthetic_dm_inbox_export,
IGC-20260923-0874,2026-09-23 08:59:43,2026-09-24 01:02:43,direct_dm,,price,LT-GRN,Sea-green,1,189000,payment_details_sent,46,Teguh,6,false,0,abandoned,,,wanted_different_colour_or_sold_out,synthetic_dm_inbox_export,
IGC-20260923-0854,2026-09-23 09:41:49,2026-09-24 07:35:49,direct_dm,17908880999865633,shipping,LT-SND,Sand,1,214000,quote_sent,9,Rani,6,false,0,abandoned,,,slow_agent_reply,synthetic_dm_inbox_export,dm_time_proximity
IGC-20260923-0015,2026-09-23 09:44:43,2026-09-24 13:36:56,whatsapp_click,17908880999865633,price,LT-GFT,Gift set,1,314000,payment_proof_pending,10,Melati,16,true,1,recovered,IG-20260924-0010,2026-09-24 13:36:56,,synthetic_dm_inbox_export,sku_match
IGC-20260923-0061,2026-09-23 09:59:02,2026-09-25 10:19:36,story_reply,,price,LT-GRN,Sea-green,1,214000,address_collected,24,Bagas,20,true,1,recovered,IG-20260925-0004,2026-09-25 10:19:36,,synthetic_dm_inbox_export,
IGC-20260923-0849,2026-09-23 10:03:06,2026-09-24 13:27:06,comment_to_dm,17908880999865633,shipping,LT-GFT,Gift set,1,,inquiry_only,1,Melati,3,true,1,abandoned,,,price_concern,synthetic_dm_inbox_export,sku_match
IGC-20260923-0857,2026-09-23 10:23:56,2026-09-24 00:32:56,direct_dm,,colour_options,LT-IND,Indigo,1,214000,payment_details_sent,5,Bagas,6,false,0,abandoned,,,manual_bank_transfer_friction,synthetic_dm_inbox_export,
IGC-20260923-0875,2026-09-23 10:35:50,2026-09-25 01:12:50,whatsapp_click,17908880999865633,price,LT-GRN,Sea-green,3,582000,payment_details_sent,34,Teguh,21,false,0,abandoned,,,price_concern,synthetic_dm_inbox_export,dm_time_proximity
IGC-20260923-0871,2026-09-23 10:56:58,2026-09-24 00:39:58,direct_dm,17908880999865633,bulk_order,LT-GFT,Gift set,1,331000,quote_sent,11,Bagas,21,true,2,abandoned,,,found_cheaper_on_marketplace,synthetic_dm_inbox_export,sku_match
IGC-20260923-0858,2026-09-23 11:07:42,2026-09-25 00:14:42,whatsapp_click,17908880999865633,availability,LT-GRN,Sea-green,1,189000,address_collected,79,Bagas,12,false,0,abandoned,,,wanted_different_colour_or_sold_out,synthetic_dm_inbox_export,dm_time_proximity
IGC-20260923-0866,2026-09-23 12:07:42,2026-09-24 12:58:42,direct_dm,17908880999865633,availability,LT-GFT,Gift set,1,324000,payment_proof_pending,18,Melati,20,true,1,abandoned,,,shipping_cost,synthetic_dm_inbox_export,sku_match
IGC-20260923-0880,2026-09-23 12:20:00,2026-09-23 16:08:00,direct_dm,17908880999865633,price,LT-GFT,Gift set,2,623000,payment_details_sent,26,Bagas,5,false,0,abandoned,,,slow_agent_reply,synthetic_dm_inbox_export,sku_match
IGC-20260923-0859,2026-09-23 12:21:24,2026-09-25 00:11:24,direct_dm,17908880999865633,availability,LT-GFT,Gift set,1,317000,payment_proof_pending,5,Bagas,16,true,1,abandoned,,,wanted_different_colour_or_sold_out,synthetic_dm_inbox_export,sku_match
IGC-20260923-0862,2026-09-23 12:25:13,2026-09-24 02:55:13,whatsapp_click,,availability,LT-SND,Sand,1,,inquiry_only,30,Melati,17,false,0,abandoned,,,wanted_different_colour_or_sold_out,synthetic_dm_inbox_export,
IGC-20260923-0884,2026-09-23 14:10:58,2026-09-23 22:42:58,direct_dm,17908880999865633,bulk_order,LT-IND,Indigo,1,189000,quote_sent,48,Sari,6,false,0,abandoned,,,just_asking_no_intent,synthetic_dm_inbox_export,dm_time_proximity
IGC-20260923-0883,2026-09-23 14:49:01,2026-09-25 04:52:01,direct_dm,17908880999865633,availability,LT-GRN,Sea-green,2,393000,quote_sent,13,Sari,20,false,0,abandoned,,,shipping_cost,synthetic_dm_inbox_export,dm_time_proximity
IGC-20260923-0855,2026-09-23 14:54:33,2026-09-23 19:48:33,comment_to_dm,17908880999865633,price,LT-GRN,Sea-green,1,,inquiry_only,18,Bagas,4,false,0,abandoned,,,shipping_cost,synthetic_dm_inbox_export,dm_entry_comment
IGC-20260923-0867,2026-09-23 14:56:47,2026-09-23 22:52:47,story_reply,17908880999865633,bulk_order,LT-IND,Indigo,1,,inquiry_only,13,Teguh,8,true,2,abandoned,,,found_cheaper_on_marketplace,synthetic_dm_inbox_export,dm_time_proximity
IGC-20260923-0860,2026-09-23 15:07:04,2026-09-24 16:27:04,comment_to_dm,17908880999865633,colour_options,LT-SND,Sand,2,410000,address_collected,19,Melati,18,true,1,abandoned,,,manual_bank_transfer_friction,synthetic_dm_inbox_export,dm_entry_comment
IGC-20260923-0850,2026-09-23 15:11:50,2026-09-25 06:02:50,direct_dm,17908880999865633,colour_options,LT-IND,Indigo,1,204000,address_collected,16,Rani,3,true,1,abandoned,,,slow_agent_reply,synthetic_dm_inbox_export,dm_time_proximity
IGC-20260923-0863,2026-09-23 15:34:00,2026-09-23 19:40:00,direct_dm,17908880999865633,price,LT-GFT,Gift set,2,,inquiry_only,33,Rani,6,false,0,abandoned,,,wanted_different_colour_or_sold_out,synthetic_dm_inbox_export,sku_match
IGC-20260923-0852,2026-09-23 16:29:13,2026-09-25 07:52:13,direct_dm,17908880999865633,price,LT-GFT,Gift set,1,,inquiry_only,6,Teguh,14,false,0,abandoned,,,shipping_cost,synthetic_dm_inbox_export,dm_time_proximity
IGC-20260923-0848,2026-09-23 16:41:21,2026-09-24 15:57:21,direct_dm,17908880999865633,colour_options,LT-GRN,Sea-green,1,207000,payment_details_sent,13,Bagas,4,false,0,abandoned,,,slow_agent_reply,synthetic_dm_inbox_export,dm_time_proximity
IGC-20260923-0856,2026-09-23 17:38:04,2026-09-24 09:34:04,direct_dm,17908880999865633,availability,LT-IND,Indigo,1,204000,payment_details_sent,6,Teguh,17,false,0,abandoned,,,just_asking_no_intent,synthetic_dm_inbox_export,dm_time_proximity
IGC-20260923-0873,2026-09-23 19:02:57,2026-09-24 13:11:57,direct_dm,,price,LT-IND,Indigo,1,221000,payment_details_sent,38,Bagas,5,false,0,abandoned,,,wanted_different_colour_or_sold_out,synthetic_dm_inbox_export,
IGC-20260923-0865,2026-09-23 19:17:08,2026-09-24 23:27:08,direct_dm,17908880999865633,availability,LT-GRN,Sea-green,1,,inquiry_only,41,Teguh,3,true,1,abandoned,,,shipping_cost,synthetic_dm_inbox_export,dm_time_proximity
IGC-20260923-0876,2026-09-23 20:06:44,2026-09-23 23:27:44,direct_dm,17908880999865633,shipping,LT-GRN,Sea-green,1,204000,address_collected,75,Rani,16,true,2,abandoned,,,manual_bank_transfer_friction,synthetic_dm_inbox_export,dm_time_proximity
IGC-20260923-0877,2026-09-23 20:14:33,2026-09-24 05:14:33,direct_dm,17908880999865633,price,LT-GFT,Gift set,1,,inquiry_only,63,Melati,18,false,0,abandoned,,,just_asking_no_intent,synthetic_dm_inbox_export,sku_match
IGC-20260923-0869,2026-09-23 20:18:23,2026-09-24 04:28:23,whatsapp_click,17908880999865633,colour_options,LT-GFT,Gift set,1,,inquiry_only,4,Teguh,4,false,0,abandoned,,,shipping_cost,synthetic_dm_inbox_export,sku_match
IGC-20260923-0868,2026-09-23 20:18:51,2026-09-24 03:06:51,direct_dm,17908880999865633,availability,LT-GRN,Sea-green,1,,inquiry_only,18,Teguh,20,false,0,abandoned,,,just_asking_no_intent,synthetic_dm_inbox_export,dm_time_proximity
IGC-20260923-0878,2026-09-23 20:19:21,2026-09-24 01:36:21,direct_dm,17908880999865633,shipping,LT-GFT,Gift set,2,,inquiry_only,26,Bagas,11,false,0,abandoned,,,shipping_cost,synthetic_dm_inbox_export,sku_match
IGC-20260923-0881,2026-09-23 20:31:43,2026-09-24 17:27:43,comment_to_dm,17908880999865633,price,LT-IND,Indigo,1,204000,quote_sent,23,Melati,17,true,1,abandoned,,,shipping_cost,synthetic_dm_inbox_export,dm_entry_comment
IGC-20260923-0024,2026-09-23 20:33:10,2026-09-24 13:41:04,whatsapp_click,17908880999865633,price,LT-GRN,Sea-green,1,207000,payment_details_sent,22,Bagas,7,true,1,recovered,IG-20260924-0011,2026-09-24 13:41:04,,synthetic_dm_inbox_export,dm_time_proximity
IGC-20260923-0851,2026-09-23 21:47:13,2026-09-24 17:32:13,comment_to_dm,17908880999865633,availability,LT-SND,Sand,1,204000,address_collected,695,Bagas,13,false,0,abandoned,,,wanted_different_colour_or_sold_out,synthetic_dm_inbox_export,dm_entry_comment
IGC-20260923-0870,2026-09-23 21:55:38,2026-09-25 00:38:38,direct_dm,17908880999865633,price,LT-GRN,Sea-green,1,,inquiry_only,42,Rani,5,true,2,abandoned,,,shipping_cost,synthetic_dm_inbox_export,dm_time_proximity
IGC-20260923-0861,2026-09-23 22:38:52,2026-09-25 03:27:52,direct_dm,17908880999865633,shipping,LT-GFT,Gift set,2,616000,payment_details_sent,740,Bagas,14,false,0,abandoned,,,manual_bank_transfer_friction,synthetic_dm_inbox_export,sku_match
IGC-20260923-0879,2026-09-23 22:48:24,2026-09-25 02:50:24,direct_dm,17908880999865633,colour_options,LT-IND,Indigo,1,,inquiry_only,23,Bagas,6,false,0,abandoned,,,just_asking_no_intent,synthetic_dm_inbox_export,dm_time_proximity
IGC-20260923-0847,2026-09-23 22:57:29,2026-09-24 19:40:29,comment_to_dm,17908880999865633,price,LT-SND,Sand,1,,inquiry_only,135,Rani,12,true,2,abandoned,,,price_concern,synthetic_dm_inbox_export,dm_entry_comment
IGC-20260923-0864,2026-09-23 22:58:27,2026-09-24 16:58:27,whatsapp_click,,availability,LT-SND,Sand,2,403000,quote_sent,404,Bagas,8,true,1,abandoned,,,price_concern,synthetic_dm_inbox_export,
IGC-20260924-0887,2026-09-24 01:23:54,2026-09-24 15:41:54,direct_dm,17908880999865633,price,LT-IND,Indigo,1,214000,quote_sent,412,Teguh,4,false,0,abandoned,,,price_concern,synthetic_dm_inbox_export,dm_time_proximity
IGC-20260924-0922,2026-09-24 03:54:12,2026-09-25 12:11:12,direct_dm,,availability,LT-IND,Indigo,1,,inquiry_only,405,Bagas,12,true,2,abandoned,,,slow_agent_reply,synthetic_dm_inbox_export,
IGC-20260924-0914,2026-09-24 05:27:59,2026-09-25 14:36:59,direct_dm,17908880999865633,availability,LT-SND,Sand,1,,inquiry_only,698,Teguh,16,true,1,abandoned,,,shipping_cost,synthetic_dm_inbox_export,dm_time_proximity
IGC-20260924-0919,2026-09-24 06:59:27,2026-09-25 08:19:27,story_reply,,availability,LT-SND,Sand,1,,inquiry_only,113,Melati,11,false,0,abandoned,,,wanted_different_colour_or_sold_out,synthetic_dm_inbox_export,
IGC-20260924-0885,2026-09-24 07:15:55,2026-09-24 14:49:55,direct_dm,,colour_options,LT-IND,Indigo,1,204000,address_collected,4,Melati,19,true,2,abandoned,,,slow_agent_reply,synthetic_dm_inbox_export,
IGC-20260924-0886,2026-09-24 08:20:44,2026-09-25 00:08:44,direct_dm,,availability,LT-GFT,Gift set,1,,inquiry_only,17,Teguh,8,false,0,abandoned,,,wanted_different_colour_or_sold_out,synthetic_dm_inbox_export,
IGC-20260924-0920,2026-09-24 08:40:58,2026-09-24 21:47:58,direct_dm,17908880999865633,price,LT-SND,Sand,1,189000,payment_details_sent,45,Bagas,5,true,1,abandoned,,,price_concern,synthetic_dm_inbox_export,dm_time_proximity
IGC-20260924-0903,2026-09-24 08:47:54,2026-09-25 11:31:54,whatsapp_click,,price,LT-SND,Sand,1,207000,address_collected,8,Melati,8,false,0,abandoned,,,wanted_different_colour_or_sold_out,synthetic_dm_inbox_export,
IGC-20260924-0906,2026-09-24 08:54:42,2026-09-26 00:23:42,whatsapp_click,17908880999865633,price,LT-GRN,Sea-green,1,204000,quote_sent,9,Melati,17,false,0,abandoned,,,slow_agent_reply,synthetic_dm_inbox_export,dm_time_proximity
IGC-20260924-0902,2026-09-24 09:05:42,2026-09-25 10:09:42,whatsapp_click,,price,LT-GRN,Sea-green,1,204000,address_collected,9,Bagas,9,false,0,abandoned,,,price_concern,synthetic_dm_inbox_export,
IGC-20260924-0916,2026-09-24 09:31:15,2026-09-24 11:25:15,direct_dm,17908880999865633,price,LT-GRN,Sea-green,1,207000,address_collected,4,Teguh,21,true,1,abandoned,,,price_concern,synthetic_dm_inbox_export,dm_time_proximity
IGC-20260924-0890,2026-09-24 10:41:55,2026-09-24 14:11:55,comment_to_dm,17901977490176261,price,LT-GFT,Gift set,1,324000,quote_sent,13,Melati,17,true,2,abandoned,,,shipping_cost,synthetic_dm_inbox_export,sku_match
IGC-20260924-0917,2026-09-24 10:45:16,2026-09-25 10:43:16,direct_dm,17908880999865633,colour_options,LT-IND,Indigo,2,393000,payment_details_sent,22,Teguh,12,false,0,abandoned,,,price_concern,synthetic_dm_inbox_export,dm_time_proximity
IGC-20260924-0911,2026-09-24 10:50:38,2026-09-24 19:05:38,direct_dm,17901977490176261,price,LT-GRN,Sea-green,1,189000,quote_sent,44,Rani,21,false,0,abandoned,,,wanted_different_colour_or_sold_out,synthetic_dm_inbox_export,dm_time_proximity
IGC-20260924-0908,2026-09-24 11:09:57,2026-09-24 13:29:57,direct_dm,17901977490176261,availability,LT-IND,Indigo,3,,inquiry_only,54,Rani,13,false,0,abandoned,,,price_concern,synthetic_dm_inbox_export,dm_time_proximity
IGC-20260924-0905,2026-09-24 12:03:44,2026-09-25 07:39:44,direct_dm,17908880999865633,availability,LT-GFT,Gift set,1,,inquiry_only,15,Teguh,14,false,0,abandoned,,,shipping_cost,synthetic_dm_inbox_export,sku_match
IGC-20260924-0027,2026-09-24 12:27:36,2026-09-25 17:27:32,direct_dm,,availability,LT-GRN,Sea-green,1,221000,payment_proof_pending,15,Sari,16,true,1,recovered,IG-20260925-0010,2026-09-25 17:27:32,,synthetic_dm_inbox_export,
IGC-20260924-0899,2026-09-24 12:45:04,2026-09-26 01:59:04,comment_to_dm,17901977490176261,colour_options,LT-GRN,Sea-green,1,,inquiry_only,12,Bagas,7,false,0,abandoned,,,shipping_cost,synthetic_dm_inbox_export,dm_entry_comment
IGC-20260924-0898,2026-09-24 13:02:09,2026-09-25 12:13:09,direct_dm,17901977490176261,price,LT-GRN,Sea-green,1,221000,payment_details_sent,7,Melati,12,false,0,abandoned,,,wanted_different_colour_or_sold_out,synthetic_dm_inbox_export,dm_time_proximity
IGC-20260924-0923,2026-09-24 13:02:47,2026-09-25 15:12:47,comment_to_dm,17908880999865633,availability,LT-GFT,Gift set,1,314000,quote_sent,23,Teguh,21,false,0,abandoned,,,price_concern,synthetic_dm_inbox_export,sku_match
IGC-20260924-0926,2026-09-24 13:10:35,2026-09-25 22:10:35,whatsapp_click,17901977490176261,bulk_order,LT-SND,Sand,1,204000,payment_proof_pending,4,Bagas,14,false,0,abandoned,,,slow_agent_reply,synthetic_dm_inbox_export,dm_time_proximity
IGC-20260924-0915,2026-09-24 13:21:18,2026-09-25 15:34:18,direct_dm,17901977490176261,price,LT-GFT,Gift set,1,324000,payment_details_sent,17,Melati,17,false,0,abandoned,,,found_cheaper_on_marketplace,synthetic_dm_inbox_export,sku_match
IGC-20260924-0891,2026-09-24 14:40:03,2026-09-25 04:54:03,story_reply,17901977490176261,availability,LT-GFT,Gift set,1,324000,payment_details_sent,14,Bagas,10,false,0,abandoned,,,found_cheaper_on_marketplace,synthetic_dm_inbox_export,sku_match
IGC-20260924-0888,2026-09-24 15:04:45,2026-09-25 19:55:45,whatsapp_click,17901977490176261,price,LT-IND,Indigo,1,221000,payment_details_sent,13,Sari,14,true,2,abandoned,,,price_concern,synthetic_dm_inbox_export,dm_time_proximity
IGC-20260924-0900,2026-09-24 15:05:14,2026-09-26 03:34:14,story_reply,,availability,LT-GRN,Sea-green,1,204000,address_collected,29,Sari,21,false,0,abandoned,,,wanted_different_colour_or_sold_out,synthetic_dm_inbox_export,
IGC-20260924-0913,2026-09-24 15:24:46,2026-09-25 22:57:46,direct_dm,17908880999865633,shipping,LT-IND,Indigo,2,,inquiry_only,8,Melati,8,true,1,abandoned,,,slow_agent_reply,synthetic_dm_inbox_export,dm_time_proximity
IGC-20260924-0921,2026-09-24 16:48:48,2026-09-24 20:36:48,whatsapp_click,17901977490176261,price,LT-GFT,Gift set,2,598000,quote_sent,34,Bagas,18,false,0,abandoned,,,found_cheaper_on_marketplace,synthetic_dm_inbox_export,sku_match
IGC-20260924-0895,2026-09-24 17:09:09,2026-09-25 14:05:09,story_reply,,colour_options,LT-GRN,Sea-green,1,,inquiry_only,14,Melati,11,false,0,abandoned,,,slow_agent_reply,synthetic_dm_inbox_export,
IGC-20260924-0894,2026-09-24 17:19:30,2026-09-24 19:45:30,direct_dm,17908880999865633,price,LT-SND,Sand,1,189000,quote_sent,56,Rani,20,false,0,abandoned,,,price_concern,synthetic_dm_inbox_export,dm_time_proximity
IGC-20260924-0924,2026-09-24 17:31:27,2026-09-25 03:02:27,direct_dm,17908880999865633,colour_options,LT-GFT,Gift set,1,,inquiry_only,10,Melati,3,true,1,abandoned,,,wanted_different_colour_or_sold_out,synthetic_dm_inbox_export,sku_match
IGC-20260924-0896,2026-09-24 18:26:41,2026-09-26 09:01:41,whatsapp_click,,availability,LT-SND,Sand,1,214000,quote_sent,26,Teguh,11,false,0,abandoned,,,manual_bank_transfer_friction,synthetic_dm_inbox_export,
IGC-20260924-0925,2026-09-24 18:28:37,2026-09-26 09:06:37,comment_to_dm,17901977490176261,availability,LT-GFT,Gift set,1,,inquiry_only,15,Rani,12,false,0,abandoned,,,price_concern,synthetic_dm_inbox_export,sku_match
IGC-20260924-0909,2026-09-24 19:01:43,2026-09-24 20:41:43,story_reply,,colour_options,LT-IND,Indigo,1,214000,payment_proof_pending,26,Bagas,16,false,0,abandoned,,,price_concern,synthetic_dm_inbox_export,
IGC-20260924-0892,2026-09-24 19:11:42,2026-09-26 08:09:42,direct_dm,,colour_options,LT-SND,Sand,1,221000,quote_sent,23,Rani,5,true,1,abandoned,,,shipping_cost,synthetic_dm_inbox_export,
IGC-20260924-0918,2026-09-24 19:15:35,2026-09-25 21:11:35,direct_dm,17908880999865633,price,LT-GFT,Gift set,1,,inquiry_only,35,Melati,3,true,1,abandoned,,,found_cheaper_on_marketplace,synthetic_dm_inbox_export,dm_time_proximity
IGC-20260924-0912,2026-09-24 19:21:37,2026-09-25 22:11:37,direct_dm,,price,LT-SND,Sand,1,204000,payment_details_sent,13,Rani,14,true,2,abandoned,,,slow_agent_reply,synthetic_dm_inbox_export,
IGC-20260924-0907,2026-09-24 20:24:17,2026-09-26 12:20:17,whatsapp_click,17901977490176261,bulk_order,LT-GRN,Sea-green,3,567000,payment_details_sent,21,Teguh,19,false,0,abandoned,,,wanted_different_colour_or_sold_out,synthetic_dm_inbox_export,dm_time_proximity
IGC-20260924-0901,2026-09-24 20:26:41,2026-09-26 03:04:41,direct_dm,17908880999865633,colour_options,LT-GFT,Gift set,2,616000,quote_sent,7,Melati,6,true,2,abandoned,,,slow_agent_reply,synthetic_dm_inbox_export,sku_match
IGC-20260924-0910,2026-09-24 20:34:13,2026-09-24 21:16:13,direct_dm,17901977490176261,price,LT-IND,Indigo,1,207000,payment_details_sent,17,Sari,15,true,2,abandoned,,,slow_agent_reply,synthetic_dm_inbox_export,dm_time_proximity
IGC-20260924-0897,2026-09-24 20:34:15,2026-09-25 07:36:15,direct_dm,17901977490176261,shipping,LT-GFT,Gift set,1,324000,payment_details_sent,51,Teguh,4,false,0,abandoned,,,shipping_cost,synthetic_dm_inbox_export,sku_match
IGC-20260924-0893,2026-09-24 20:42:17,2026-09-25 05:54:17,direct_dm,,price,LT-GRN,Sea-green,1,189000,address_collected,14,Teguh,3,true,1,abandoned,,,price_concern,synthetic_dm_inbox_export,
IGC-20260924-0904,2026-09-24 22:33:20,2026-09-26 07:30:20,direct_dm,17901977490176261,shipping,LT-GFT,Gift set,1,299000,address_collected,63,Bagas,6,false,0,abandoned,,,found_cheaper_on_marketplace,synthetic_dm_inbox_export,sku_match
IGC-20260924-0889,2026-09-24 22:49:06,2026-09-26 13:13:06,direct_dm,17908880999865633,price,LT-GFT,Gift set,1,,inquiry_only,129,Melati,17,false,0,abandoned,,,slow_agent_reply,synthetic_dm_inbox_export,sku_match
IGC-20260925-0013,2026-09-25 00:19:27,2026-09-25 19:20:14,whatsapp_click,,availability,LT-GRN,Sea-green,1,189000,address_collected,36,Rani,13,true,1,recovered,IG-20260925-0013,2026-09-25 19:20:14,,synthetic_dm_inbox_export,
IGC-20260925-0931,2026-09-25 00:26:26,2026-09-25 15:27:26,story_reply,,availability,LT-SND,Sand,1,189000,quote_sent,631,Teguh,15,false,0,abandoned,,,shipping_cost,synthetic_dm_inbox_export,
IGC-20260925-0936,2026-09-25 07:14:42,2026-09-26 12:15:42,direct_dm,,price,LT-SND,Sand,1,189000,payment_details_sent,9,Sari,10,true,2,abandoned,,,price_concern,synthetic_dm_inbox_export,
IGC-20260925-0934,2026-09-25 08:05:01,2026-09-25 14:13:01,comment_to_dm,17908880999865633,price,LT-GRN,Sea-green,2,,inquiry_only,7,Sari,15,false,0,abandoned,,,found_cheaper_on_marketplace,synthetic_dm_inbox_export,dm_entry_comment
IGC-20260925-0942,2026-09-25 08:06:13,2026-09-26 11:05:13,whatsapp_click,17908880999865633,price,LT-GRN,Sea-green,3,567000,address_collected,5,Teguh,6,true,2,abandoned,,,manual_bank_transfer_friction,synthetic_dm_inbox_export,dm_time_proximity
IGC-20260925-0953,2026-09-25 08:56:18,2026-09-25 14:17:18,story_reply,17908880999865633,shipping,LT-GFT,Gift set,1,299000,quote_sent,24,Melati,15,false,0,abandoned,,,found_cheaper_on_marketplace,synthetic_dm_inbox_export,sku_match
IGC-20260925-0951,2026-09-25 09:30:49,2026-09-25 17:23:49,direct_dm,17908880999865633,colour_options,LT-SND,Sand,1,204000,quote_sent,5,Teguh,11,true,1,abandoned,,,found_cheaper_on_marketplace,synthetic_dm_inbox_export,dm_time_proximity
IGC-20260925-0938,2026-09-25 11:10:54,2026-09-27 00:56:54,story_reply,17901977490176261,colour_options,LT-GFT,Gift set,1,324000,address_collected,38,Sari,20,false,0,abandoned,,,slow_agent_reply,synthetic_dm_inbox_export,sku_match
IGC-20260925-0952,2026-09-25 11:24:32,2026-09-26 22:57:32,direct_dm,17908880999865633,availability,LT-IND,Indigo,1,,inquiry_only,40,Teguh,11,true,2,abandoned,,,just_asking_no_intent,synthetic_dm_inbox_export,dm_time_proximity
IGC-20260925-0944,2026-09-25 12:36:59,2026-09-26 17:20:59,direct_dm,,shipping,LT-SND,Sand,1,189000,address_collected,9,Melati,18,true,2,abandoned,,,just_asking_no_intent,synthetic_dm_inbox_export,
IGC-20260925-0955,2026-09-25 13:34:48,2026-09-26 08:08:48,whatsapp_click,17901977490176261,price,LT-IND,Indigo,1,207000,address_collected,8,Bagas,14,false,0,abandoned,,,price_concern,synthetic_dm_inbox_export,dm_time_proximity
IGC-20260925-0932,2026-09-25 14:36:07,2026-09-26 16:55:07,direct_dm,17908880999865633,price,LT-GRN,Sea-green,1,,inquiry_only,53,Melati,17,true,1,abandoned,,,shipping_cost,synthetic_dm_inbox_export,dm_time_proximity
IGC-20260925-0929,2026-09-25 15:17:48,2026-09-25 22:51:48,whatsapp_click,17901977490176261,price,LT-SND,Sand,1,214000,address_collected,55,Sari,20,true,1,abandoned,,,price_concern,synthetic_dm_inbox_export,dm_time_proximity
IGC-20260925-0930,2026-09-25 15:27:31,2026-09-26 11:33:31,story_reply,17901977490176261,availability,LT-IND,Indigo,1,221000,address_collected,5,Melati,21,true,2,abandoned,,,slow_agent_reply,synthetic_dm_inbox_export,dm_time_proximity
IGC-20260925-0935,2026-09-25 15:36:38,2026-09-26 19:46:38,direct_dm,17908880999865633,availability,LT-GRN,Sea-green,1,207000,address_collected,29,Melati,5,false,0,abandoned,,,shipping_cost,synthetic_dm_inbox_export,dm_time_proximity
IGC-20260925-0933,2026-09-25 17:48:08,2026-09-26 04:13:08,direct_dm,17908880999865633,availability,LT-SND,Sand,1,221000,payment_details_sent,14,Bagas,6,false,0,abandoned,,,wanted_different_colour_or_sold_out,synthetic_dm_inbox_export,dm_time_proximity
IGC-20260925-0945,2026-09-25 18:07:39,2026-09-26 03:11:39,whatsapp_click,17901977490176261,shipping,LT-IND,Indigo,2,393000,address_collected,20,Rani,13,true,1,abandoned,,,just_asking_no_intent,synthetic_dm_inbox_export,dm_time_proximity
IGC-20260925-0949,2026-09-25 18:16:29,2026-09-26 22:35:29,direct_dm,17908880999865633,shipping,LT-GFT,Gift set,3,897000,quote_sent,26,Sari,18,false,0,abandoned,,,manual_bank_transfer_friction,synthetic_dm_inbox_export,sku_match
IGC-20260925-0928,2026-09-25 18:40:45,2026-09-27 10:00:45,comment_to_dm,17901977490176261,price,LT-GFT,Gift set,1,314000,address_collected,14,Rani,13,false,0,abandoned,,,shipping_cost,synthetic_dm_inbox_export,sku_match
IGC-20260925-0042,2026-09-25 18:48:06,2026-09-27 11:01:45,whatsapp_click,17902428608945110,availability,LT-GFT,Gift set,1,314000,payment_proof_pending,46,Rani,7,false,0,recovered,IG-20260927-0001,2026-09-27 11:01:45,,synthetic_dm_inbox_export,dm_time_proximity
IGC-20260925-0950,2026-09-25 19:33:57,2026-09-25 23:10:57,direct_dm,17908880999865633,price,LT-GFT,Gift set,1,324000,quote_sent,36,Rani,3,false,0,abandoned,,,wanted_different_colour_or_sold_out,synthetic_dm_inbox_export,sku_match
IGC-20260925-0943,2026-09-25 20:15:27,2026-09-27 07:28:27,direct_dm,17901977490176261,shipping,LT-IND,Indigo,1,221000,address_collected,19,Sari,16,false,0,abandoned,,,shipping_cost,synthetic_dm_inbox_export,dm_time_proximity
IGC-20260925-0946,2026-09-25 20:18:41,2026-09-27 05:07:41,direct_dm,17901977490176261,availability,LT-GFT,Gift set,2,630000,address_collected,25,Sari,17,false,0,abandoned,,,just_asking_no_intent,synthetic_dm_inbox_export,sku_match
IGC-20260925-0937,2026-09-25 20:30:54,2026-09-25 21:23:54,comment_to_dm,17901977490176261,price,LT-GFT,Gift set,1,324000,quote_sent,7,Rani,17,false,0,abandoned,,,price_concern,synthetic_dm_inbox_export,sku_match
IGC-20260925-0941,2026-09-25 20:35:55,2026-09-26 03:21:55,story_reply,17901977490176261,colour_options,LT-GRN,Sea-green,2,,inquiry_only,79,Bagas,13,true,2,abandoned,,,manual_bank_transfer_friction,synthetic_dm_inbox_export,dm_time_proximity
IGC-20260925-0954,2026-09-25 21:06:54,2026-09-26 19:42:54,story_reply,,availability,LT-SND,Sand,1,214000,quote_sent,122,Bagas,18,true,1,abandoned,,,price_concern,synthetic_dm_inbox_export,
IGC-20260925-0940,2026-09-25 21:27:03,2026-09-26 21:49:03,comment_to_dm,17901977490176261,availability,LT-IND,Indigo,1,189000,address_collected,480,Rani,19,false,0,abandoned,,,price_concern,synthetic_dm_inbox_export,dm_entry_comment
IGC-20260925-0927,2026-09-25 21:55:03,2026-09-26 12:06:03,comment_to_dm,17901977490176261,availability,LT-GRN,Sea-green,1,189000,quote_sent,134,Rani,13,false,0,abandoned,,,slow_agent_reply,synthetic_dm_inbox_export,dm_entry_comment
IGC-20260925-0939,2026-09-25 21:58:16,2026-09-26 05:01:16,direct_dm,,colour_options,LT-GRN,Sea-green,1,221000,payment_proof_pending,230,Rani,20,true,2,abandoned,,,shipping_cost,synthetic_dm_inbox_export,
IGC-20260925-0036,2026-09-25 22:39:14,2026-09-26 09:46:02,direct_dm,17901977490176261,colour_options,LT-GFT,Gift set,1,331000,payment_details_sent,151,Melati,20,true,2,recovered,IG-20260926-0002,2026-09-26 09:46:02,,synthetic_dm_inbox_export,sku_match
IGC-20260925-0948,2026-09-25 22:51:09,2026-09-27 06:49:09,whatsapp_click,17901977490176261,bulk_order,LT-GRN,Sea-green,2,410000,address_collected,69,Teguh,14,true,2,abandoned,,,found_cheaper_on_marketplace,synthetic_dm_inbox_export,dm_time_proximity
IGC-20260925-0947,2026-09-25 23:20:05,2026-09-26 09:11:05,direct_dm,17901977490176261,price,LT-IND,Indigo,1,221000,payment_proof_pending,553,Teguh,3,false,0,abandoned,,,slow_agent_reply,synthetic_dm_inbox_export,dm_time_proximity
IGC-20260926-0962,2026-09-26 07:33:53,2026-09-26 19:04:53,comment_to_dm,17908880999865633,price,LT-GRN,Sea-green,1,189000,address_collected,45,Rani,12,false,0,abandoned,,,shipping_cost,synthetic_dm_inbox_export,dm_entry_comment
IGC-20260926-0971,2026-09-26 08:07:37,2026-09-26 16:01:37,whatsapp_click,17908880999865633,colour_options,LT-SND,Sand,1,221000,quote_sent,10,Bagas,6,false,0,abandoned,,,slow_agent_reply,synthetic_dm_inbox_export,dm_time_proximity
IGC-20260926-0963,2026-09-26 09:07:17,2026-09-28 00:35:17,story_reply,,price,LT-GRN,Sea-green,1,207000,payment_proof_pending,12,Bagas,8,true,2,abandoned,,,manual_bank_transfer_friction,synthetic_dm_inbox_export,
IGC-20260926-0964,2026-09-26 09:23:03,2026-09-27 02:10:03,story_reply,17901977490176261,bulk_order,LT-GFT,Gift set,1,314000,payment_proof_pending,9,Sari,20,true,1,abandoned,,,price_concern,synthetic_dm_inbox_export,dm_time_proximity
IGC-20260926-0972,2026-09-26 14:03:50,2026-09-27 20:00:50,whatsapp_click,,price,LT-GRN,Sea-green,2,,inquiry_only,26,Bagas,12,false,0,abandoned,,,manual_bank_transfer_friction,synthetic_dm_inbox_export,
IGC-20260926-0958,2026-09-26 15:51:57,2026-09-27 23:26:57,direct_dm,,colour_options,LT-SND,Sand,1,214000,payment_details_sent,19,Teguh,15,false,0,abandoned,,,price_concern,synthetic_dm_inbox_export,
IGC-20260926-0973,2026-09-26 16:44:03,2026-09-27 05:39:03,whatsapp_click,17908880999865633,colour_options,LT-GFT,Gift set,1,324000,quote_sent,6,Melati,8,true,2,abandoned,,,price_concern,synthetic_dm_inbox_export,sku_match
IGC-20260926-0965,2026-09-26 17:15:20,2026-09-27 23:51:20,direct_dm,17908880999865633,price,LT-IND,Indigo,1,207000,payment_details_sent,49,Sari,18,false,0,abandoned,,,slow_agent_reply,synthetic_dm_inbox_export,dm_time_proximity
IGC-20260926-0959,2026-09-26 17:40:18,2026-09-27 04:46:18,direct_dm,,availability,LT-GRN,Sea-green,1,207000,payment_details_sent,2,Teguh,6,true,1,abandoned,,,price_concern,synthetic_dm_inbox_export,
IGC-20260926-0961,2026-09-26 18:02:58,2026-09-27 01:31:58,direct_dm,17908880999865633,colour_options,LT-SND,Sand,1,207000,payment_proof_pending,11,Teguh,3,true,1,abandoned,,,manual_bank_transfer_friction,synthetic_dm_inbox_export,dm_time_proximity
IGC-20260926-0956,2026-09-26 18:31:58,2026-09-27 09:00:58,whatsapp_click,17908880999865633,price,LT-GFT,Gift set,2,630000,payment_details_sent,5,Melati,8,false,0,abandoned,,,just_asking_no_intent,synthetic_dm_inbox_export,sku_match
IGC-20260926-0967,2026-09-26 19:25:26,2026-09-27 06:48:26,direct_dm,17908880999865633,shipping,LT-GFT,Gift set,3,929000,payment_details_sent,23,Sari,13,true,1,abandoned,,,just_asking_no_intent,synthetic_dm_inbox_export,sku_match
IGC-20260926-0969,2026-09-26 19:33:07,2026-09-27 17:03:07,comment_to_dm,17901977490176261,price,LT-GFT,Gift set,1,314000,payment_proof_pending,53,Bagas,8,true,1,abandoned,,,found_cheaper_on_marketplace,synthetic_dm_inbox_export,sku_match
IGC-20260926-0966,2026-09-26 20:13:22,2026-09-28 11:04:22,whatsapp_click,17908880999865633,price,LT-GFT,Gift set,1,299000,address_collected,14,Sari,13,false,0,abandoned,,,price_concern,synthetic_dm_inbox_export,sku_match
IGC-20260926-0968,2026-09-26 20:43:22,2026-09-27 03:11:22,direct_dm,,shipping,LT-GRN,Sea-green,1,,inquiry_only,14,Teguh,13,true,2,abandoned,,,shipping_cost,synthetic_dm_inbox_export,
IGC-20260926-0970,2026-09-26 21:12:35,2026-09-27 11:53:35,direct_dm,17908880999865633,availability,LT-SND,Sand,1,221000,address_collected,369,Melati,13,false,0,abandoned,,,slow_agent_reply,synthetic_dm_inbox_export,dm_time_proximity
IGC-20260926-0960,2026-09-26 21:44:14,2026-09-28 00:49:14,direct_dm,17908880999865633,availability,LT-GRN,Sea-green,1,207000,quote_sent,389,Melati,3,false,0,abandoned,,,shipping_cost,synthetic_dm_inbox_export,dm_time_proximity
IGC-20260926-0957,2026-09-26 23:31:46,2026-09-28 08:50:46,whatsapp_click,,shipping,LT-GRN,Sea-green,1,207000,address_collected,193,Bagas,21,false,0,abandoned,,,price_concern,synthetic_dm_inbox_export,
IGC-20260927-0978,2026-09-27 07:58:19,2026-09-27 20:05:19,direct_dm,17901977490176261,price,LT-GRN,Sea-green,1,207000,quote_sent,8,Bagas,8,false,0,abandoned,,,price_concern,synthetic_dm_inbox_export,dm_time_proximity
IGC-20260927-0975,2026-09-27 09:37:11,2026-09-27 10:45:11,direct_dm,17901977490176261,availability,LT-SND,Sand,1,221000,quote_sent,25,Sari,14,true,2,abandoned,,,slow_agent_reply,synthetic_dm_inbox_export,dm_time_proximity
IGC-20260927-0979,2026-09-27 12:48:49,2026-09-27 16:11:49,story_reply,17908880999865633,colour_options,LT-IND,Indigo,1,,inquiry_only,26,Bagas,20,true,1,abandoned,,,price_concern,synthetic_dm_inbox_export,dm_time_proximity
IGC-20260927-0977,2026-09-27 13:50:34,2026-09-27 21:16:34,direct_dm,17908880999865633,availability,LT-IND,Indigo,3,,inquiry_only,11,Rani,4,false,0,abandoned,,,price_concern,synthetic_dm_inbox_export,dm_time_proximity
IGC-20260927-0974,2026-09-27 19:31:01,2026-09-29 04:53:01,direct_dm,17901977490176261,availability,LT-GFT,Gift set,2,613000,address_collected,45,Sari,3,false,0,abandoned,,,manual_bank_transfer_friction,synthetic_dm_inbox_export,sku_match
IGC-20260927-0976,2026-09-27 22:31:19,2026-09-28 17:34:19,story_reply,,colour_options,LT-GRN,Sea-green,1,214000,address_collected,171,Melati,18,true,2,abandoned,,,slow_agent_reply,synthetic_dm_inbox_export,
