checkout_id,created_at_wib,updated_at_wib,customer_id,customer_email_masked,customer_phone_masked,accepts_marketing,device_type,customer_city,customer_province_state,customer_country,sku,product_name,colour_variant,quantity,subtotal_idr,discount_code,discount_idr,shipping_quote_idr,total_idr,checkout_stage_reached,payment_method_selected,payment_failure_code,traffic_source,utm_campaign,attributed_ig_post_id,landing_page,session_duration_sec,pages_viewed,modeled_abandonment_reason,recovery_email_1_sent_at,recovery_email_1_opened,recovery_email_1_clicked,recovery_email_2_sent_at,recovery_email_2_opened,recovery_email_2_clicked,whatsapp_reminder_sent_at,whatsapp_replied,recovery_status,recovery_channel,recovered_order_id,recovered_at_wib,abandoned_checkout_url,attribution_basis
3117707129085,2026-06-01 12:55:12,2026-06-01 13:03:12,,i***@gmail.com,+62-8**-****-8423,true,mobile,Cimahi,West Java,ID,LT-IND,"Loop Tote, Indigo",Indigo,2,378000,,0,,378000,contact_info,,,whatsapp,,,/products/loop-tote-indigo,604,8,distracted_or_session_ended,2026-06-01 13:55:12,true,false,2026-06-02 12:55:12,false,false,,,abandoned,,,,https://loopcycle.example/checkouts/c/3117707129085/recover,
3213523695158,2026-06-01 20:44:34,2026-06-01 21:01:34,,,+62-8**-****-5047,false,mobile,Tangerang,Banten,ID,LT-IND,"Loop Tote, Indigo",Indigo,2,378000,,0,0,378000,shipping_method,,,google / organic,,,/products/loop-tote-indigo,770,7,unexpected_shipping_cost,,,,,,,2026-06-01 22:44:34,false,abandoned,,,,https://loopcycle.example/checkouts/c/3213523695158/recover,
3105648415886,2026-06-02 12:15:22,2026-06-02 12:29:22,,,+62-8**-****-6613,false,mobile,Sukabumi,West Java,ID,LT-SND,"Loop Tote, Sand",Sand,1,189000,,0,32000,221000,payment_method_selected,QRIS,,whatsapp,,,/products/loop-tote-sand,95,9,waiting_for_voucher,,,,,,,2026-06-02 14:15:22,false,abandoned,,,,https://loopcycle.example/checkouts/c/3105648415886/recover,
3137967875816,2026-06-02 17:24:47,2026-06-02 17:36:47,,g***@gmail.com,+62-8**-****-4318,true,mobile,Depok,West Java,ID,LT-GRN,"Loop Tote, Sea-green",Sea-green,1,189000,,0,32000,221000,payment_method_selected,QRIS,,instagram / bio_link,ig_always_on,,/products/loop-tote-sea-green,600,3,payment_page_expired,2026-06-02 18:24:47,false,false,2026-06-03 17:24:47,false,false,,,abandoned,,,,https://loopcycle.example/checkouts/c/3137967875816/recover,
3315304828912,2026-06-02 20:57:49,2026-06-02 21:11:49,,k***@yahoo.co.id,+62-8**-****-1693,true,desktop,Garut,West Java,ID,LT-SND,"Loop Tote, Sand",Sand,1,189000,,0,18000,207000,shipping_method,,,instagram / bio_link,ig_always_on,,/products/loop-tote-sand,585,7,unexpected_shipping_cost,2026-06-02 21:57:49,true,false,2026-06-03 20:57:49,false,false,,,abandoned,,,,https://loopcycle.example/checkouts/c/3315304828912/recover,
3152908010297,2026-06-02 21:36:45,2026-06-02 21:53:45,,y***@gmail.com,,false,mobile,Denpasar,Bali,ID,LT-IND,"Loop Tote, Indigo",Indigo,2,378000,,0,0,378000,payment_attempted_failed,Bank transfer (VA),va_expired,google / organic,,,/products/loop-tote-indigo,855,6,payment_failed,2026-06-02 22:36:45,true,false,2026-06-03 21:36:45,true,false,,,abandoned,,,,https://loopcycle.example/checkouts/c/3152908010297/recover,
3657247865156,2026-06-03 13:56:19,2026-06-03 13:59:19,C000022,j***@hotmail.com,,false,mobile,Depok,West Java,ID,LT-GRN,"Loop Tote, Sea-green",Sea-green,1,189000,,0,25000,214000,payment_attempted_failed,Bank transfer (VA),va_expired,instagram / bio_link,ig_always_on,,/products/loop-tote-sea-green,258,8,payment_failed,2026-06-03 14:56:19,true,true,,,,,,recovered,email,#LT10007,2026-06-03 18:35:51,https://loopcycle.example/checkouts/c/3657247865156/recover,
3629793117046,2026-06-03 14:07:56,2026-06-03 14:10:56,,,+62-8**-****-2315,false,mobile,Bogor,West Java,ID,LT-GRN,"Loop Tote, Sea-green",Sea-green,2,378000,,0,,378000,contact_info,,,instagram / bio_link,ig_always_on,,/products/loop-tote-sea-green,41,8,just_browsing_or_comparing,,,,,,,,,abandoned,,,,https://loopcycle.example/checkouts/c/3629793117046/recover,
3947330298176,2026-06-03 20:57:03,2026-06-03 21:21:03,,w***@proton.me,+62-8**-****-5058,true,mobile,Batam,Riau Islands,ID,LT-IND,"Loop Tote, Indigo",Indigo,1,189000,,0,18000,207000,payment_attempted_failed,Bank transfer (VA),va_expired,whatsapp,,,/products/loop-tote-indigo,710,9,payment_failed,2026-06-03 21:57:03,true,false,2026-06-04 20:57:03,true,false,2026-06-03 22:57:03,false,abandoned,,,,https://loopcycle.example/checkouts/c/3947330298176/recover,
3828112660353,2026-06-04 06:22:20,2026-06-04 06:38:20,,w***@gmail.com,,false,mobile,Bekasi,West Java,ID,LT-IND,"Loop Tote, Indigo",Indigo,1,189000,,0,,189000,contact_info,,,instagram / bio_link,ig_always_on,,/products/loop-tote-indigo,870,6,wanted_other_colour,2026-06-04 07:22:20,true,false,2026-06-05 06:22:20,true,false,,,abandoned,,,,https://loopcycle.example/checkouts/c/3828112660353/recover,
3649735780424,2026-06-04 08:09:46,2026-06-04 08:18:46,,f***@gmail.com,,true,mobile,Bogor,West Java,ID,LT-GRN,"Loop Tote, Sea-green",Sea-green,1,189000,,0,32000,221000,payment_attempted_failed,Bank transfer (VA),va_expired,instagram / bio_link,ig_always_on,,/products/loop-tote-sea-green,550,6,payment_failed,2026-06-04 09:09:46,true,false,2026-06-05 08:09:46,false,false,,,abandoned,,,,https://loopcycle.example/checkouts/c/3649735780424/recover,
3338402617160,2026-06-04 08:44:34,2026-06-04 09:02:34,,k***@gmail.com,,false,desktop,Bekasi,West Java,ID,LT-IND,"Loop Tote, Indigo",Indigo,1,189000,,0,15000,204000,shipping_method,,,instagram / bio_link,ig_always_on,,/products/loop-tote-indigo,725,10,unexpected_shipping_cost,2026-06-04 09:44:34,true,false,2026-06-05 08:44:34,false,false,,,abandoned,,,,https://loopcycle.example/checkouts/c/3338402617160/recover,
3616191033962,2026-06-04 11:06:17,2026-06-04 11:27:17,,e***@gmail.com,+62-8**-****-6346,true,mobile,Bogor,West Java,ID,LT-SND,"Loop Tote, Sand",Sand,1,189000,,0,40000,229000,shipping_method,,,google / organic,,,/products/loop-tote-sand,442,10,distracted_or_session_ended,2026-06-04 12:06:17,true,false,2026-06-05 11:06:17,true,false,,,abandoned,,,,https://loopcycle.example/checkouts/c/3616191033962/recover,
3727053295635,2026-06-04 15:02:36,2026-06-04 15:11:36,,d***@gmail.com,+62-8**-****-7978,false,desktop,Jakarta,DKI Jakarta,ID,LT-GRN,"Loop Tote, Sea-green",Sea-green,2,378000,,0,,378000,contact_info,,,instagram / bio_link,ig_always_on,,/products/loop-tote-sea-green,73,5,account_or_form_friction,2026-06-04 16:02:36,false,false,2026-06-05 15:02:36,false,false,2026-06-04 17:02:36,false,abandoned,,,,https://loopcycle.example/checkouts/c/3727053295635/recover,
3434138553533,2026-06-04 18:41:06,2026-06-04 19:06:06,,b***@gmail.com,,true,tablet,Cimahi,West Java,ID,LT-IND,"Loop Tote, Indigo",Indigo,1,189000,,0,,189000,contact_info,,,google / organic,,,/products/loop-tote-indigo,737,4,wanted_other_colour,2026-06-04 19:41:06,true,true,2026-06-05 18:41:06,true,false,,,abandoned,,,,https://loopcycle.example/checkouts/c/3434138553533/recover,
3868581573219,2026-06-04 20:19:09,2026-06-04 20:25:09,,h***@gmail.com,+62-8**-****-1149,false,mobile,Medan,North Sumatra,ID,LT-IND,"Loop Tote, Indigo",Indigo,1,189000,,0,18000,207000,payment_method_selected,QRIS,,instagram / bio_link,ig_always_on,,/products/loop-tote-indigo,151,4,checking_marketplace_price,2026-06-04 21:19:09,false,false,2026-06-05 20:19:09,false,false,,,abandoned,,,,https://loopcycle.example/checkouts/c/3868581573219/recover,
3416719056615,2026-06-04 20:26:37,2026-06-04 20:43:37,,y***@gmail.com,,false,mobile,Jakarta,DKI Jakarta,ID,LT-SND,"Loop Tote, Sand",Sand,1,189000,,0,32000,221000,shipping_method,,,google / organic,,,/products/loop-tote-sand,846,2,unexpected_shipping_cost,2026-06-04 21:26:37,true,false,2026-06-05 20:26:37,false,false,,,abandoned,,,,https://loopcycle.example/checkouts/c/3416719056615/recover,
3239912007591,2026-06-04 21:35:30,2026-06-04 21:45:30,,w***@gmail.com,,false,mobile,Jakarta,DKI Jakarta,ID,LT-GRN,"Loop Tote, Sea-green",Sea-green,1,189000,,0,32000,221000,payment_attempted_failed,QRIS,qris_expired,instagram / bio_link,ig_always_on,,/products/loop-tote-sea-green,367,7,payment_failed,2026-06-04 22:35:30,false,false,2026-06-05 21:35:30,true,false,,,abandoned,,,,https://loopcycle.example/checkouts/c/3239912007591/recover,
3492889799898,2026-06-05 01:26:17,2026-06-05 01:48:17,,k***@gmail.com,+62-8**-****-1458,false,tablet,Bogor,West Java,ID,LT-SND,"Loop Tote, Sand",Sand,1,189000,,0,25000,214000,payment_method_selected,Bank transfer (VA),,google / organic,,,/products/loop-tote-sand,218,7,checking_marketplace_price,2026-06-05 02:26:17,true,false,2026-06-06 01:26:17,true,false,,,abandoned,,,,https://loopcycle.example/checkouts/c/3492889799898/recover,
3145470005171,2026-06-05 08:15:33,2026-06-05 08:18:33,,y***@gmail.com,+62-8**-****-3318,true,mobile,Bandung,West Java,ID,LT-IND,"Loop Tote, Indigo",Indigo,1,189000,,0,40000,229000,shipping_method,,,instagram / bio_link,ig_always_on,,/products/loop-tote-indigo,221,8,delivery_time_too_long,2026-06-05 09:15:33,false,false,2026-06-06 08:15:33,false,false,,,abandoned,,,,https://loopcycle.example/checkouts/c/3145470005171/recover,
3284655866035,2026-06-05 18:36:01,2026-06-05 18:54:01,,g***@gmail.com,+62-8**-****-9787,false,mobile,Bekasi,West Java,ID,LT-GRN,"Loop Tote, Sea-green",Sea-green,1,189000,,0,18000,207000,payment_attempted_failed,GoPay,timeout,instagram / bio_link,ig_always_on,,/products/loop-tote-sea-green,612,7,payment_failed,2026-06-05 19:36:01,false,false,2026-06-06 18:36:01,false,false,,,abandoned,,,,https://loopcycle.example/checkouts/c/3284655866035/recover,
3684480564385,2026-06-05 20:42:10,2026-06-05 21:04:10,,p***@gmail.com,,true,desktop,Bandung,West Java,ID,LT-SND,"Loop Tote, Sand",Sand,1,189000,,0,25000,214000,shipping_method,,,google / organic,,,/products/loop-tote-sand,448,5,unexpected_shipping_cost,2026-06-05 21:42:10,false,false,2026-06-06 20:42:10,false,false,,,abandoned,,,,https://loopcycle.example/checkouts/c/3684480564385/recover,
3702067463435,2026-06-07 06:47:59,2026-06-07 07:02:59,,,+62-8**-****-9948,false,desktop,Yogyakarta,DI Yogyakarta,ID,LT-SND,"Loop Tote, Sand",Sand,1,189000,,0,18000,207000,payment_method_selected,GoPay,,direct,,,/products/loop-tote-sand,352,4,checking_marketplace_price,,,,,,,2026-06-07 08:47:59,false,abandoned,,,,https://loopcycle.example/checkouts/c/3702067463435/recover,
3414330285604,2026-06-07 09:40:16,2026-06-07 10:00:16,,e***@gmail.com,,true,mobile,Subang,West Java,ID,LT-SND,"Loop Tote, Sand",Sand,1,189000,,0,18000,207000,payment_attempted_failed,Bank transfer (VA),va_expired,direct,,,/products/loop-tote-sand,754,2,payment_failed,2026-06-07 10:40:16,false,false,2026-06-08 09:40:16,false,false,,,abandoned,,,,https://loopcycle.example/checkouts/c/3414330285604/recover,
3321590217550,2026-06-07 10:10:32,2026-06-07 10:34:32,,,+62-8**-****-1629,false,mobile,Semarang,Central Java,ID,LT-IND,"Loop Tote, Indigo",Indigo,1,189000,,0,18000,207000,payment_attempted_failed,QRIS,qris_expired,direct,,,/products/loop-tote-indigo,531,6,payment_failed,,,,,,,2026-06-07 12:10:32,false,abandoned,,,,https://loopcycle.example/checkouts/c/3321590217550/recover,
3075298998787,2026-06-07 19:01:30,2026-06-07 19:26:30,,r***@gmail.com,+62-8**-****-8012,true,mobile,Cimahi,West Java,ID,LT-GRN,"Loop Tote, Sea-green",Sea-green,1,189000,NEWSLETTER5,9500,,179500,contact_info,,,newsletter,,,/products/loop-tote-sea-green,284,7,wanted_other_colour,2026-06-07 20:01:30,false,false,2026-06-08 19:01:30,true,false,2026-06-07 21:01:30,false,abandoned,,,,https://loopcycle.example/checkouts/c/3075298998787/recover,
3017398700745,2026-06-07 21:28:43,2026-06-07 21:37:43,,,+62-8**-****-7970,false,mobile,Bogor,West Java,ID,LT-IND,"Loop Tote, Indigo",Indigo,1,189000,,0,,189000,contact_info,,,whatsapp,,,/products/loop-tote-indigo,659,4,distracted_or_session_ended,,,,,,,2026-06-07 23:28:43,false,abandoned,,,,https://loopcycle.example/checkouts/c/3017398700745/recover,
3603216611419,2026-06-08 18:27:38,2026-06-08 18:29:38,C000081,l***@gmail.com,+62-8**-****-8708,false,mobile,Bekasi,West Java,ID,LT-GRN,"Loop Tote, Sea-green",Sea-green,1,189000,,0,32000,221000,payment_method_selected,Bank transfer (VA),,instagram / bio_link,ig_always_on,,/products/loop-tote-sea-green,850,4,waiting_for_voucher,2026-06-08 19:27:38,true,false,2026-06-09 18:27:38,false,false,2026-06-08 20:27:38,true,recovered,whatsapp,#LT10025,2026-06-09 19:14:10,https://loopcycle.example/checkouts/c/3603216611419/recover,
3701700778087,2026-06-09 09:21:36,2026-06-09 09:32:36,,s***@gmail.com,+62-8**-****-3407,false,desktop,Jakarta,DKI Jakarta,ID,LT-GRN,"Loop Tote, Sea-green",Sea-green,1,189000,,0,18000,207000,shipping_method,,,instagram / bio_link,ig_always_on,,/products/loop-tote-sea-green,528,5,unexpected_shipping_cost,2026-06-09 10:21:36,false,false,2026-06-10 09:21:36,false,false,,,abandoned,,,,https://loopcycle.example/checkouts/c/3701700778087/recover,
3970035845311,2026-06-09 21:17:15,2026-06-09 21:35:15,,d***@yahoo.co.id,+62-8**-****-9590,false,mobile,Cimahi,West Java,ID,LT-IND,"Loop Tote, Indigo",Indigo,1,189000,,0,32000,221000,payment_method_selected,GoPay,,google / organic,,,/products/loop-tote-indigo,59,7,checking_marketplace_price,2026-06-09 22:17:15,true,false,2026-06-10 21:17:15,false,false,2026-06-09 23:17:15,false,abandoned,,,,https://loopcycle.example/checkouts/c/3970035845311/recover,
3439300614259,2026-06-10 12:21:22,2026-06-10 12:26:22,,,+62-8**-****-4996,false,mobile,Bekasi,West Java,ID,LT-GRN,"Loop Tote, Sea-green",Sea-green,2,378000,,0,0,378000,shipping_method,,,google / organic,,,/products/loop-tote-sea-green,700,9,distracted_or_session_ended,,,,,,,,,abandoned,,,,https://loopcycle.example/checkouts/c/3439300614259/recover,
3900675069120,2026-06-10 17:24:47,2026-06-10 17:40:47,,t***@gmail.com,,true,mobile,Garut,West Java,ID,LT-SND,"Loop Tote, Sand",Sand,1,189000,,0,,189000,contact_info,,,google / organic,,,/products/loop-tote-sand,110,7,distracted_or_session_ended,2026-06-10 18:24:47,false,false,2026-06-11 17:24:47,true,false,,,abandoned,,,,https://loopcycle.example/checkouts/c/3900675069120/recover,
3455837033601,2026-06-10 20:06:54,2026-06-10 20:17:54,,d***@gmail.com,+62-8**-****-7980,true,mobile,Karawang,West Java,ID,LT-IND,"Loop Tote, Indigo",Indigo,1,189000,,0,18000,207000,payment_attempted_failed,Bank transfer (VA),va_expired,instagram / bio_link,ig_always_on,,/products/loop-tote-indigo,704,3,payment_failed,2026-06-10 21:06:54,false,false,2026-06-11 20:06:54,true,false,2026-06-10 22:06:54,false,abandoned,,,,https://loopcycle.example/checkouts/c/3455837033601/recover,
3144463271143,2026-06-10 21:41:09,2026-06-10 22:02:09,,r***@outlook.com,+62-8**-****-5707,true,mobile,Medan,North Sumatra,ID,LT-SND,"Loop Tote, Sand",Sand,1,189000,,0,,189000,contact_info,,,instagram / bio_link,ig_always_on,,/products/loop-tote-sand,728,10,distracted_or_session_ended,2026-06-10 22:41:09,false,false,2026-06-11 21:41:09,false,false,2026-06-10 23:41:09,false,abandoned,,,,https://loopcycle.example/checkouts/c/3144463271143/recover,
3132985020134,2026-06-10 23:37:52,2026-06-10 23:39:52,,k***@proton.me,,true,mobile,Balikpapan,East Kalimantan,ID,LT-SND,"Loop Tote, Sand",Sand,1,189000,,0,15000,204000,payment_attempted_failed,Bank transfer (VA),va_expired,instagram / bio_link,ig_always_on,,/products/loop-tote-sand,518,4,payment_failed,2026-06-11 00:37:52,true,false,2026-06-11 23:37:52,false,false,,,abandoned,,,,https://loopcycle.example/checkouts/c/3132985020134/recover,
3658967878052,2026-06-11 08:00:50,2026-06-11 08:16:50,,e***@gmail.com,,true,desktop,Denpasar,Bali,ID,LT-GRN,"Loop Tote, Sea-green",Sea-green,1,189000,,0,32000,221000,payment_method_selected,QRIS,,google / organic,,,/products/loop-tote-sea-green,413,10,preferred_payment_unavailable,2026-06-11 09:00:50,false,false,2026-06-12 08:00:50,true,false,,,abandoned,,,,https://loopcycle.example/checkouts/c/3658967878052/recover,
3980456401807,2026-06-11 18:45:38,2026-06-11 19:04:38,,l***@gmail.com,,false,desktop,Cirebon,West Java,ID,LT-GRN,"Loop Tote, Sea-green",Sea-green,1,189000,,0,18000,207000,payment_method_selected,QRIS,,instagram / bio_link,ig_always_on,,/products/loop-tote-sea-green,138,11,waiting_for_voucher,2026-06-11 19:45:38,false,false,2026-06-12 18:45:38,true,false,,,abandoned,,,,https://loopcycle.example/checkouts/c/3980456401807/recover,
3564602071457,2026-06-11 20:54:00,2026-06-11 21:09:00,,k***@gmail.com,,true,mobile,Bogor,West Java,ID,LT-IND,"Loop Tote, Indigo",Indigo,1,189000,,0,,189000,contact_info,,,direct,,,/products/loop-tote-indigo,553,5,wanted_other_colour,2026-06-11 21:54:00,true,false,2026-06-12 20:54:00,false,false,,,abandoned,,,,https://loopcycle.example/checkouts/c/3564602071457/recover,
3522578787551,2026-06-11 22:58:27,2026-06-11 23:20:27,,j***@gmail.com,+62-8**-****-4604,true,mobile,Cimahi,West Java,ID,LT-IND,"Loop Tote, Indigo",Indigo,1,189000,,0,40000,229000,payment_method_selected,QRIS,,google / organic,,,/products/loop-tote-indigo,579,6,payment_page_expired,2026-06-11 23:58:27,true,false,2026-06-12 22:58:27,false,false,2026-06-12 00:58:27,false,abandoned,,,,https://loopcycle.example/checkouts/c/3522578787551/recover,
3203899280125,2026-06-12 15:40:17,2026-06-12 16:04:17,C000119,,+62-8**-****-1168,false,mobile,Solo,Central Java,ID,LT-GRN,"Loop Tote, Sea-green",Sea-green,1,189000,,0,32000,221000,payment_method_selected,QRIS,,google / organic,,,/products/loop-tote-sea-green,192,4,waiting_for_voucher,,,,,,,2026-06-12 17:40:17,true,recovered,whatsapp,#LT10033,2026-06-13 10:17:20,https://loopcycle.example/checkouts/c/3203899280125/recover,
3885216401472,2026-06-12 18:51:45,2026-06-12 19:10:45,,r***@gmail.com,+62-8**-****-1415,false,mobile,Karawang,West Java,ID,LT-GRN,"Loop Tote, Sea-green",Sea-green,1,189000,,0,15000,204000,payment_method_selected,Credit card,,google / organic,,,/products/loop-tote-sea-green,549,2,payment_page_expired,2026-06-12 19:51:45,false,false,2026-06-13 18:51:45,false,false,,,abandoned,,,,https://loopcycle.example/checkouts/c/3885216401472/recover,
3161133427308,2026-06-12 22:07:52,2026-06-12 22:08:52,,g***@proton.me,+62-8**-****-9096,true,mobile,Jakarta,DKI Jakarta,ID,LT-SND,"Loop Tote, Sand",Sand,1,189000,,0,25000,214000,payment_method_selected,ShopeePay,,instagram / bio_link,ig_always_on,,/products/loop-tote-sand,201,11,payment_page_expired,2026-06-12 23:07:52,false,false,2026-06-13 22:07:52,false,false,2026-06-13 00:07:52,false,abandoned,,,,https://loopcycle.example/checkouts/c/3161133427308/recover,
3936580826575,2026-06-13 07:55:40,2026-06-13 07:57:40,C000081,j***@gmail.com,+62-8**-****-8196,true,mobile,Bekasi,West Java,ID,LT-IND,"Loop Tote, Indigo",Indigo,1,189000,,0,0,189000,payment_attempted_failed,QRIS,qris_expired,google / organic,,,/products/loop-tote-indigo,582,3,payment_failed,2026-06-13 08:55:40,false,false,2026-06-14 07:55:40,true,true,,,recovered,email,#LT10038,2026-06-14 17:25:54,https://loopcycle.example/checkouts/c/3936580826575/recover,
3906588001386,2026-06-13 09:14:25,2026-06-13 09:36:25,,r***@icloud.com,+62-8**-****-2370,true,desktop,Bogor,West Java,ID,LT-IND,"Loop Tote, Indigo",Indigo,1,189000,,0,15000,204000,payment_method_selected,Bank transfer (VA),,whatsapp,,,/products/loop-tote-indigo,193,2,checking_marketplace_price,2026-06-13 10:14:25,true,false,2026-06-14 09:14:25,false,false,2026-06-13 11:14:25,false,abandoned,,,,https://loopcycle.example/checkouts/c/3906588001386/recover,
3238940554331,2026-06-13 17:09:29,2026-06-13 17:16:29,,l***@gmail.com,,true,mobile,Jakarta,DKI Jakarta,ID,LT-SND,"Loop Tote, Sand",Sand,1,189000,,0,25000,214000,shipping_method,,,direct,,,/products/loop-tote-sand,112,8,distracted_or_session_ended,2026-06-13 18:09:29,false,false,2026-06-14 17:09:29,true,false,,,abandoned,,,,https://loopcycle.example/checkouts/c/3238940554331/recover,
3612631407566,2026-06-13 17:36:05,2026-06-13 17:46:05,,,+62-8**-****-9657,false,mobile,Cimahi,West Java,ID,LT-IND,"Loop Tote, Indigo",Indigo,2,378000,,0,0,378000,payment_method_selected,Bank transfer (VA),,google / organic,,,/products/loop-tote-indigo,72,7,payment_page_expired,,,,,,,2026-06-13 19:36:05,false,abandoned,,,,https://loopcycle.example/checkouts/c/3612631407566/recover,
3212209101792,2026-06-14 12:17:34,2026-06-14 12:25:34,,s***@gmail.com,+62-8**-****-6372,true,mobile,Surabaya,East Java,ID,LT-IND,"Loop Tote, Indigo",Indigo,2,378000,,0,0,378000,payment_method_selected,QRIS,,google / organic,,,/products/loop-tote-indigo,588,2,waiting_for_voucher,2026-06-14 13:17:34,false,false,2026-06-15 12:17:34,false,false,,,abandoned,,,,https://loopcycle.example/checkouts/c/3212209101792/recover,
3648000648233,2026-06-14 16:28:00,2026-06-14 16:30:00,,n***@yahoo.co.id,+62-8**-****-5933,true,mobile,Bekasi,West Java,ID,LT-SND,"Loop Tote, Sand",Sand,1,189000,,0,18000,207000,payment_method_selected,OVO,,direct,,,/products/loop-tote-sand,632,10,checking_marketplace_price,2026-06-14 17:28:00,false,false,2026-06-15 16:28:00,true,false,2026-06-14 18:28:00,false,abandoned,,,,https://loopcycle.example/checkouts/c/3648000648233/recover,
3294343590477,2026-06-14 18:37:44,2026-06-14 18:40:44,,o***@gmail.com,+62-8**-****-4940,true,mobile,Jakarta,DKI Jakarta,ID,LT-GRN,"Loop Tote, Sea-green",Sea-green,1,189000,,0,40000,229000,shipping_method,,,google / organic,,,/products/loop-tote-sea-green,354,9,distracted_or_session_ended,2026-06-14 19:37:44,false,false,2026-06-15 18:37:44,false,false,,,abandoned,,,,https://loopcycle.example/checkouts/c/3294343590477/recover,
3541945663267,2026-06-14 20:00:17,2026-06-14 20:10:17,,w***@gmail.com,+62-8**-****-1090,true,mobile,Subang,West Java,ID,LT-IND,"Loop Tote, Indigo",Indigo,2,378000,,0,,378000,contact_info,,,whatsapp,,,/products/loop-tote-indigo,161,9,just_browsing_or_comparing,2026-06-14 21:00:17,false,false,2026-06-15 20:00:17,false,false,2026-06-14 22:00:17,false,abandoned,,,,https://loopcycle.example/checkouts/c/3541945663267/recover,
3809934346313,2026-06-14 20:06:23,2026-06-14 20:30:23,,e***@proton.me,+62-8**-****-7810,false,mobile,Makassar,South Sulawesi,ID,LT-SND,"Loop Tote, Sand",Sand,3,567000,,0,0,567000,payment_method_selected,QRIS,,direct,,,/products/loop-tote-sand,140,5,payment_page_expired,2026-06-14 21:06:23,false,false,2026-06-15 20:06:23,true,false,2026-06-14 22:06:23,false,abandoned,,,,https://loopcycle.example/checkouts/c/3809934346313/recover,
3247587030164,2026-06-14 20:47:29,2026-06-14 20:54:29,,r***@gmail.com,+62-8**-****-5838,false,desktop,Garut,West Java,ID,LT-GRN,"Loop Tote, Sea-green",Sea-green,1,189000,,0,18000,207000,payment_method_selected,Bank transfer (VA),,direct,,,/products/loop-tote-sea-green,76,11,payment_page_expired,2026-06-14 21:47:29,false,false,2026-06-15 20:47:29,true,false,,,abandoned,,,,https://loopcycle.example/checkouts/c/3247587030164/recover,
3928182270040,2026-06-16 14:13:47,2026-06-16 14:25:47,,h***@gmail.com,+62-8**-****-3271,false,mobile,Bekasi,West Java,ID,LT-IND,"Loop Tote, Indigo",Indigo,1,189000,,0,25000,214000,payment_method_selected,Credit card,,google / organic,,,/products/loop-tote-indigo,105,10,waiting_for_voucher,2026-06-16 15:13:47,false,false,2026-06-17 14:13:47,false,false,,,abandoned,,,,https://loopcycle.example/checkouts/c/3928182270040/recover,
3429230414686,2026-06-16 19:28:55,2026-06-16 19:34:55,,l***@yahoo.co.id,+62-8**-****-8731,true,mobile,Jakarta,DKI Jakarta,ID,LT-SND,"Loop Tote, Sand",Sand,1,189000,,0,32000,221000,shipping_method,,,instagram / bio_link,ig_always_on,,/products/loop-tote-sand,837,2,distracted_or_session_ended,2026-06-16 20:28:55,false,false,2026-06-17 19:28:55,true,true,2026-06-16 21:28:55,false,abandoned,,,,https://loopcycle.example/checkouts/c/3429230414686/recover,
3584238871886,2026-06-19 06:33:55,2026-06-19 06:57:55,,w***@gmail.com,,true,mobile,Jakarta,DKI Jakarta,ID,LT-GRN,"Loop Tote, Sea-green",Sea-green,1,189000,,0,32000,221000,payment_attempted_failed,Bank transfer (VA),va_expired,instagram / bio_link,ig_always_on,,/products/loop-tote-sea-green,287,8,payment_failed,2026-06-19 07:33:55,false,false,2026-06-20 06:33:55,true,true,,,abandoned,,,,https://loopcycle.example/checkouts/c/3584238871886/recover,
3308839753469,2026-06-19 19:27:56,2026-06-19 19:46:56,,o***@gmail.com,,true,mobile,Cianjur,West Java,ID,LT-GRN,"Loop Tote, Sea-green",Sea-green,1,189000,,0,,189000,contact_info,,,direct,,,/products/loop-tote-sea-green,213,11,distracted_or_session_ended,2026-06-19 20:27:56,false,false,2026-06-20 19:27:56,true,false,,,abandoned,,,,https://loopcycle.example/checkouts/c/3308839753469/recover,
3090871373975,2026-06-19 20:02:54,2026-06-19 20:10:54,,c***@proton.me,,true,mobile,Bandung,West Java,ID,LT-GRN,"Loop Tote, Sea-green",Sea-green,3,567000,,0,0,567000,shipping_method,,,direct,,,/products/loop-tote-sea-green,311,11,delivery_time_too_long,2026-06-19 21:02:54,true,false,2026-06-20 20:02:54,false,false,,,abandoned,,,,https://loopcycle.example/checkouts/c/3090871373975/recover,
3992022554244,2026-06-19 21:28:14,2026-06-19 21:44:14,,,+62-8**-****-5765,false,mobile,Yogyakarta,DI Yogyakarta,ID,LT-GRN,"Loop Tote, Sea-green",Sea-green,1,189000,,0,,189000,contact_info,,,direct,,,/products/loop-tote-sea-green,659,9,just_browsing_or_comparing,,,,,,,,,abandoned,,,,https://loopcycle.example/checkouts/c/3992022554244/recover,
3432052819915,2026-06-21 22:32:13,2026-06-21 22:48:13,,w***@gmail.com,+62-8**-****-3153,false,mobile,Subang,West Java,ID,LT-SND,"Loop Tote, Sand",Sand,1,189000,,0,40000,229000,payment_method_selected,Bank transfer (VA),,whatsapp,,,/products/loop-tote-sand,246,8,checking_marketplace_price,2026-06-21 23:32:13,false,false,2026-06-22 22:32:13,false,false,,,abandoned,,,,https://loopcycle.example/checkouts/c/3432052819915/recover,
3505817000253,2026-06-22 19:00:19,2026-06-22 19:21:19,,m***@gmail.com,+62-8**-****-1297,true,mobile,Bogor,West Java,ID,LT-SND,"Loop Tote, Sand",Sand,1,189000,,0,18000,207000,shipping_method,,,direct,,,/products/loop-tote-sand,321,11,delivery_time_too_long,2026-06-22 20:00:19,true,false,2026-06-23 19:00:19,false,false,,,abandoned,,,,https://loopcycle.example/checkouts/c/3505817000253/recover,
3958883176046,2026-06-22 23:23:15,2026-06-22 23:30:15,,d***@yahoo.co.id,+62-8**-****-4796,false,desktop,Makassar,South Sulawesi,ID,LT-IND,"Loop Tote, Indigo",Indigo,1,189000,NEWSLETTER5,9500,15000,194500,shipping_method,,,whatsapp,,,/products/loop-tote-indigo,769,6,unexpected_shipping_cost,2026-06-23 00:23:15,false,false,2026-06-23 23:23:15,false,false,2026-06-23 01:23:15,false,abandoned,,,,https://loopcycle.example/checkouts/c/3958883176046/recover,
3802572587049,2026-06-24 06:16:42,2026-06-24 06:39:42,,k***@gmail.com,+62-8**-****-8971,true,mobile,Karawang,West Java,ID,LT-SND,"Loop Tote, Sand",Sand,1,189000,,0,32000,221000,shipping_method,,,google / organic,,,/products/loop-tote-sand,142,11,unexpected_shipping_cost,2026-06-24 07:16:42,true,true,2026-06-25 06:16:42,false,false,2026-06-24 08:16:42,false,abandoned,,,,https://loopcycle.example/checkouts/c/3802572587049/recover,
3928393132838,2026-06-24 14:20:08,2026-06-24 14:38:08,,p***@yahoo.co.id,+62-8**-****-5556,true,tablet,Sukabumi,West Java,ID,LT-SND,"Loop Tote, Sand",Sand,2,378000,,0,,378000,contact_info,,,instagram / bio_link,ig_always_on,,/products/loop-tote-sand,100,8,distracted_or_session_ended,2026-06-24 15:20:08,false,false,2026-06-25 14:20:08,false,false,,,abandoned,,,,https://loopcycle.example/checkouts/c/3928393132838/recover,
3085004163414,2026-06-25 13:51:52,2026-06-25 14:11:52,,h***@proton.me,,true,mobile,Depok,West Java,ID,LT-SND,"Loop Tote, Sand",Sand,1,189000,,0,25000,214000,payment_attempted_failed,Bank transfer (VA),va_expired,direct,,,/products/loop-tote-sand,736,11,payment_failed,2026-06-25 14:51:52,false,false,2026-06-26 13:51:52,false,false,,,abandoned,,,,https://loopcycle.example/checkouts/c/3085004163414/recover,
3474084236882,2026-06-25 20:40:53,2026-06-25 20:50:53,,w***@gmail.com,,true,mobile,South Tangerang,Banten,ID,LT-GRN,"Loop Tote, Sea-green",Sea-green,4,756000,,0,0,756000,payment_method_selected,Credit card,,instagram / bio_link,ig_always_on,,/products/loop-tote-sea-green,434,10,preferred_payment_unavailable,2026-06-25 21:40:53,false,false,2026-06-26 20:40:53,true,false,,,abandoned,,,,https://loopcycle.example/checkouts/c/3474084236882/recover,
3918879506631,2026-06-26 08:28:01,2026-06-26 08:36:01,,l***@proton.me,+62-8**-****-5456,false,mobile,Bandung,West Java,ID,LT-GRN,"Loop Tote, Sea-green",Sea-green,1,189000,,0,,189000,contact_info,,,whatsapp,,,/products/loop-tote-sea-green,195,5,just_browsing_or_comparing,2026-06-26 09:28:01,true,false,2026-06-27 08:28:01,false,false,,,abandoned,,,,https://loopcycle.example/checkouts/c/3918879506631/recover,
3674488072835,2026-06-26 14:11:07,2026-06-26 14:31:07,C000283,r***@gmail.com,,true,desktop,Bandung,West Java,ID,LT-SND,"Loop Tote, Sand",Sand,1,189000,,0,40000,229000,payment_method_selected,Bank transfer (VA),,google / organic,,,/products/loop-tote-sand,644,5,waiting_for_voucher,2026-06-26 15:11:07,false,false,,,,2026-06-26 16:11:07,true,recovered,whatsapp,#LT10061,2026-06-26 19:56:00,https://loopcycle.example/checkouts/c/3674488072835/recover,
3222456457127,2026-06-26 14:58:01,2026-06-26 15:05:01,,i***@gmail.com,+62-8**-****-5917,true,mobile,Depok,West Java,ID,LT-SND,"Loop Tote, Sand",Sand,1,189000,,0,25000,214000,payment_attempted_failed,QRIS,qris_expired,google / organic,,,/products/loop-tote-sand,111,7,payment_failed,2026-06-26 15:58:01,false,false,2026-06-27 14:58:01,false,false,2026-06-26 16:58:01,false,abandoned,,,,https://loopcycle.example/checkouts/c/3222456457127/recover,
3174771764385,2026-06-26 16:56:21,2026-06-26 17:02:21,,m***@gmail.com,+62-8**-****-8720,true,desktop,Cirebon,West Java,ID,LT-GRN,"Loop Tote, Sea-green",Sea-green,1,189000,,0,40000,229000,payment_attempted_failed,QRIS,qris_expired,direct,,,/products/loop-tote-sea-green,886,4,payment_failed,2026-06-26 17:56:21,false,false,2026-06-27 16:56:21,false,false,,,abandoned,,,,https://loopcycle.example/checkouts/c/3174771764385/recover,
3609748810701,2026-06-26 19:20:06,2026-06-26 19:34:06,,b***@hotmail.com,+62-8**-****-5190,true,mobile,Batam,Riau Islands,ID,LT-IND,"Loop Tote, Indigo",Indigo,1,189000,,0,32000,221000,payment_method_selected,Credit card,,google / organic,,,/products/loop-tote-indigo,336,11,payment_page_expired,2026-06-26 20:20:06,false,false,2026-06-27 19:20:06,false,false,2026-06-26 21:20:06,false,abandoned,,,,https://loopcycle.example/checkouts/c/3609748810701/recover,
3863401942126,2026-06-26 20:08:23,2026-06-26 20:26:23,,l***@gmail.com,+62-8**-****-6273,false,desktop,Bandung,West Java,ID,LT-IND,"Loop Tote, Indigo",Indigo,1,189000,,0,,189000,contact_info,,,google / organic,,,/products/loop-tote-indigo,142,2,distracted_or_session_ended,2026-06-26 21:08:23,false,false,2026-06-27 20:08:23,false,false,,,abandoned,,,,https://loopcycle.example/checkouts/c/3863401942126/recover,
3325419608623,2026-06-26 21:07:06,2026-06-26 21:31:06,,f***@gmail.com,+62-8**-****-4876,true,mobile,Semarang,Central Java,ID,LT-GRN,"Loop Tote, Sea-green",Sea-green,1,189000,,0,,189000,contact_info,,,whatsapp,,,/products/loop-tote-sea-green,323,4,account_or_form_friction,2026-06-26 22:07:06,false,false,2026-06-27 21:07:06,false,false,,,abandoned,,,,https://loopcycle.example/checkouts/c/3325419608623/recover,
3764298966712,2026-06-26 22:20:27,2026-06-26 22:44:27,,m***@gmail.com,,false,mobile,Medan,North Sumatra,ID,LT-IND,"Loop Tote, Indigo",Indigo,1,189000,,0,,189000,contact_info,,,google / organic,,,/products/loop-tote-indigo,442,4,just_browsing_or_comparing,2026-06-26 23:20:27,true,false,2026-06-27 22:20:27,false,false,,,abandoned,,,,https://loopcycle.example/checkouts/c/3764298966712/recover,
3509737045405,2026-06-26 23:15:34,2026-06-26 23:19:34,,h***@hotmail.com,+62-8**-****-2476,true,mobile,Surabaya,East Java,ID,LT-GRN,"Loop Tote, Sea-green",Sea-green,1,189000,,0,,189000,contact_info,,,google / organic,,,/products/loop-tote-sea-green,85,10,distracted_or_session_ended,2026-06-27 00:15:34,true,false,2026-06-27 23:15:34,false,false,,,abandoned,,,,https://loopcycle.example/checkouts/c/3509737045405/recover,
3856204863280,2026-06-27 17:29:15,2026-06-27 17:33:15,,k***@gmail.com,,false,mobile,Padang,West Sumatra,ID,LT-GRN,"Loop Tote, Sea-green",Sea-green,2,378000,,0,0,378000,payment_attempted_failed,QRIS,qris_expired,direct,,,/products/loop-tote-sea-green,848,5,payment_failed,2026-06-27 18:29:15,true,false,2026-06-28 17:29:15,true,false,,,abandoned,,,,https://loopcycle.example/checkouts/c/3856204863280/recover,
3318012124927,2026-06-27 17:32:00,2026-06-27 17:41:00,,f***@gmail.com,+62-8**-****-6041,true,tablet,Bogor,West Java,ID,LT-GRN,"Loop Tote, Sea-green",Sea-green,2,378000,,0,,378000,contact_info,,,whatsapp,,,/products/loop-tote-sea-green,69,3,just_browsing_or_comparing,2026-06-27 18:32:00,true,true,2026-06-28 17:32:00,false,false,2026-06-27 19:32:00,false,abandoned,,,,https://loopcycle.example/checkouts/c/3318012124927/recover,
3204140330129,2026-06-27 18:08:19,2026-06-27 18:17:19,,n***@gmail.com,+62-8**-****-2555,false,desktop,Depok,West Java,ID,LT-GRN,"Loop Tote, Sea-green",Sea-green,1,189000,,0,40000,229000,payment_method_selected,Credit card,,google / organic,,,/products/loop-tote-sea-green,405,2,payment_page_expired,2026-06-27 19:08:19,false,false,2026-06-28 18:08:19,false,false,,,abandoned,,,,https://loopcycle.example/checkouts/c/3204140330129/recover,
3700460261492,2026-06-27 19:36:39,2026-06-27 20:00:39,,w***@gmail.com,+62-8**-****-3427,true,mobile,Jakarta,DKI Jakarta,ID,LT-SND,"Loop Tote, Sand",Sand,1,189000,,0,32000,221000,shipping_method,,,instagram / bio_link,ig_always_on,,/products/loop-tote-sand,266,6,unexpected_shipping_cost,2026-06-27 20:36:39,true,true,2026-06-28 19:36:39,false,false,,,abandoned,,,,https://loopcycle.example/checkouts/c/3700460261492/recover,
3062054603973,2026-06-27 22:50:13,2026-06-27 23:09:13,,l***@yahoo.co.id,,true,mobile,Palembang,South Sumatra,ID,LT-SND,"Loop Tote, Sand",Sand,1,189000,,0,18000,207000,shipping_method,,,google / organic,,,/products/loop-tote-sand,74,7,unexpected_shipping_cost,2026-06-27 23:50:13,true,false,2026-06-28 22:50:13,false,false,,,abandoned,,,,https://loopcycle.example/checkouts/c/3062054603973/recover,
3100121935392,2026-06-28 10:58:27,2026-06-28 11:12:27,,l***@outlook.com,,true,mobile,Bandung,West Java,ID,LT-IND,"Loop Tote, Indigo",Indigo,2,378000,,0,0,378000,payment_method_selected,Bank transfer (VA),,whatsapp,,,/products/loop-tote-indigo,893,11,waiting_for_voucher,2026-06-28 11:58:27,true,false,2026-06-29 10:58:27,false,false,,,abandoned,,,,https://loopcycle.example/checkouts/c/3100121935392/recover,
3730733803615,2026-06-28 13:49:45,2026-06-28 14:01:45,C000312,k***@gmail.com,+62-8**-****-1772,true,desktop,Cimahi,West Java,ID,LT-GRN,"Loop Tote, Sea-green",Sea-green,1,189000,,0,18000,207000,shipping_method,ShopeePay,,google / organic,,,/products/loop-tote-sea-green,668,9,distracted_or_session_ended,2026-06-28 14:49:45,true,true,,,,,,recovered,email,#LT10070,2026-06-29 09:00:15,https://loopcycle.example/checkouts/c/3730733803615/recover,
3567899162045,2026-06-28 21:40:43,2026-06-28 21:46:43,,k***@gmail.com,,true,desktop,Pekanbaru,Riau,ID,LT-SND,"Loop Tote, Sand",Sand,1,189000,NEWSLETTER5,9500,18000,197500,payment_method_selected,GoPay,,whatsapp,,,/products/loop-tote-sand,784,5,preferred_payment_unavailable,2026-06-28 22:40:43,true,false,2026-06-29 21:40:43,false,false,,,abandoned,,,,https://loopcycle.example/checkouts/c/3567899162045/recover,
3784732947275,2026-06-29 03:43:53,2026-06-29 03:53:53,,r***@gmail.com,+62-8**-****-1716,false,mobile,Bandung,West Java,ID,LT-GRN,"Loop Tote, Sea-green",Sea-green,1,189000,,0,,189000,contact_info,,,newsletter,,,/products/loop-tote-sea-green,55,3,account_or_form_friction,2026-06-29 04:43:53,true,false,2026-06-30 03:43:53,true,false,2026-06-29 05:43:53,false,abandoned,,,,https://loopcycle.example/checkouts/c/3784732947275/recover,
3960279350796,2026-06-29 09:19:36,2026-06-29 09:41:36,,,+62-8**-****-3427,false,desktop,Semarang,Central Java,ID,LT-SND,"Loop Tote, Sand",Sand,2,378000,,0,,378000,contact_info,,,instagram / bio_link,ig_always_on,,/products/loop-tote-sand,47,5,wanted_other_colour,,,,,,,2026-06-29 11:19:36,false,abandoned,,,,https://loopcycle.example/checkouts/c/3960279350796/recover,
3184850884814,2026-06-29 14:15:09,2026-06-29 14:26:09,,k***@hotmail.com,+62-8**-****-5226,false,desktop,Bekasi,West Java,ID,LT-SND,"Loop Tote, Sand",Sand,1,189000,,0,,189000,contact_info,,,whatsapp,,,/products/loop-tote-sand,573,4,just_browsing_or_comparing,2026-06-29 15:15:09,true,false,2026-06-30 14:15:09,false,false,2026-06-29 16:15:09,false,abandoned,,,,https://loopcycle.example/checkouts/c/3184850884814/recover,
3567056714856,2026-06-30 09:15:11,2026-06-30 09:32:11,,,+62-8**-****-7085,false,mobile,Bandung,West Java,ID,LT-GRN,"Loop Tote, Sea-green",Sea-green,1,189000,,0,15000,204000,payment_method_selected,QRIS,,direct,,,/products/loop-tote-sea-green,128,11,preferred_payment_unavailable,,,,,,,,,abandoned,,,,https://loopcycle.example/checkouts/c/3567056714856/recover,
3069390375783,2026-06-30 10:45:19,2026-06-30 11:10:19,,j***@gmail.com,+62-8**-****-5530,true,mobile,Medan,North Sumatra,ID,LT-GRN,"Loop Tote, Sea-green",Sea-green,1,189000,,0,15000,204000,shipping_method,,,direct,,,/products/loop-tote-sea-green,223,10,delivery_time_too_long,2026-06-30 11:45:19,true,false,2026-07-01 10:45:19,true,false,2026-06-30 12:45:19,false,abandoned,,,,https://loopcycle.example/checkouts/c/3069390375783/recover,
3528709360550,2026-06-30 20:52:26,2026-06-30 20:56:26,,e***@gmail.com,,true,mobile,Depok,West Java,ID,LT-IND,"Loop Tote, Indigo",Indigo,1,189000,,0,,189000,contact_info,,,newsletter,,,/products/loop-tote-indigo,825,9,distracted_or_session_ended,2026-06-30 21:52:26,false,false,2026-07-01 20:52:26,true,false,,,abandoned,,,,https://loopcycle.example/checkouts/c/3528709360550/recover,
3577583617567,2026-06-30 22:34:44,2026-06-30 22:44:44,,t***@gmail.com,+62-8**-****-3416,false,desktop,Cianjur,West Java,ID,LT-GRN,"Loop Tote, Sea-green",Sea-green,1,189000,,0,15000,204000,shipping_method,,,newsletter,,,/products/loop-tote-sea-green,270,7,unexpected_shipping_cost,2026-06-30 23:34:44,true,true,2026-07-01 22:34:44,true,false,,,abandoned,,,,https://loopcycle.example/checkouts/c/3577583617567/recover,
3899257144111,2026-07-01 11:43:11,2026-07-01 11:50:11,C000334,d***@gmail.com,+62-8**-****-7972,true,mobile,Jakarta,DKI Jakarta,ID,LT-GRN,"Loop Tote, Sea-green",Sea-green,2,378000,,0,0,378000,payment_method_selected,Bank transfer (VA),,instagram / bio_link,ig_always_on,,/products/loop-tote-sea-green,745,6,payment_page_expired,2026-07-01 12:43:11,true,true,,,,2026-07-01 13:43:11,false,recovered,email,#LT10077,2026-07-02 06:09:07,https://loopcycle.example/checkouts/c/3899257144111/recover,
3954866475946,2026-07-02 20:54:18,2026-07-02 21:00:18,,n***@yahoo.co.id,+62-8**-****-5612,true,mobile,Jakarta,DKI Jakarta,ID,LT-GRN,"Loop Tote, Sea-green",Sea-green,1,189000,,0,,189000,contact_info,,,instagram / bio_link,ig_always_on,,/products/loop-tote-sea-green,724,3,distracted_or_session_ended,2026-07-02 21:54:18,false,false,2026-07-03 20:54:18,true,true,,,abandoned,,,,https://loopcycle.example/checkouts/c/3954866475946/recover,
3337868331389,2026-07-04 08:29:51,2026-07-04 08:32:51,,y***@outlook.com,+62-8**-****-8280,false,mobile,Cimahi,West Java,ID,LT-IND,"Loop Tote, Indigo",Indigo,2,378000,,0,,378000,contact_info,,,instagram / bio_link,ig_always_on,,/products/loop-tote-indigo,246,11,just_browsing_or_comparing,2026-07-04 09:29:51,true,false,2026-07-05 08:29:51,false,false,2026-07-04 10:29:51,false,abandoned,,,,https://loopcycle.example/checkouts/c/3337868331389/recover,
3717599537315,2026-07-04 09:26:23,2026-07-04 09:47:23,,t***@gmail.com,+62-8**-****-3465,true,mobile,Manado,North Sulawesi,ID,LT-GRN,"Loop Tote, Sea-green",Sea-green,1,189000,,0,40000,229000,payment_method_selected,Bank transfer (VA),,instagram / bio_link,ig_always_on,,/products/loop-tote-sea-green,61,9,preferred_payment_unavailable,2026-07-04 10:26:23,true,false,2026-07-05 09:26:23,false,false,,,abandoned,,,,https://loopcycle.example/checkouts/c/3717599537315/recover,
3601859216867,2026-07-04 13:24:34,2026-07-04 13:42:34,,y***@hotmail.com,+62-8**-****-8166,false,desktop,Surabaya,East Java,ID,LT-SND,"Loop Tote, Sand",Sand,3,567000,,0,,567000,contact_info,,,direct,,,/products/loop-tote-sand,729,5,just_browsing_or_comparing,2026-07-04 14:24:34,true,true,2026-07-05 13:24:34,false,false,2026-07-04 15:24:34,false,abandoned,,,,https://loopcycle.example/checkouts/c/3601859216867/recover,
3995433028494,2026-07-04 13:31:35,2026-07-04 13:49:35,,p***@gmail.com,+62-8**-****-4345,false,mobile,Cimahi,West Java,ID,LT-SND,"Loop Tote, Sand",Sand,1,189000,,0,32000,221000,shipping_method,,,google / organic,,,/products/loop-tote-sand,523,2,unexpected_shipping_cost,2026-07-04 14:31:35,false,false,2026-07-05 13:31:35,true,false,2026-07-04 15:31:35,false,abandoned,,,,https://loopcycle.example/checkouts/c/3995433028494/recover,
3833214420711,2026-07-04 14:40:51,2026-07-04 15:01:51,,y***@gmail.com,,true,mobile,Depok,West Java,ID,LT-IND,"Loop Tote, Indigo",Indigo,2,378000,,0,0,378000,shipping_method,,,instagram / bio_link,ig_always_on,,/products/loop-tote-indigo,151,11,unexpected_shipping_cost,2026-07-04 15:40:51,true,false,2026-07-05 14:40:51,true,false,,,abandoned,,,,https://loopcycle.example/checkouts/c/3833214420711/recover,
3478879947425,2026-07-04 21:44:09,2026-07-04 21:52:09,,f***@outlook.com,+62-8**-****-4848,true,mobile,Bekasi,West Java,ID,LT-IND,"Loop Tote, Indigo",Indigo,1,189000,,0,,189000,contact_info,,,instagram / bio_link,ig_always_on,,/products/loop-tote-indigo,856,8,account_or_form_friction,2026-07-04 22:44:09,false,false,2026-07-05 21:44:09,true,false,2026-07-04 23:44:09,false,abandoned,,,,https://loopcycle.example/checkouts/c/3478879947425/recover,
3390539704946,2026-07-05 11:36:11,2026-07-05 11:45:11,,n***@gmail.com,,false,mobile,Tangerang,Banten,ID,LT-SND,"Loop Tote, Sand",Sand,1,189000,,0,,189000,contact_info,,,direct,,,/products/loop-tote-sand,558,10,just_browsing_or_comparing,2026-07-05 12:36:11,false,false,2026-07-06 11:36:11,true,false,,,abandoned,,,,https://loopcycle.example/checkouts/c/3390539704946/recover,
3320422039269,2026-07-06 16:36:09,2026-07-06 16:59:09,,e***@yahoo.co.id,,true,desktop,Bandung,West Java,ID,LT-IND,"Loop Tote, Indigo",Indigo,2,378000,,0,0,378000,shipping_method,,,instagram / bio_link,ig_always_on,,/products/loop-tote-indigo,193,10,waiting_for_promo_code,2026-07-06 17:36:09,true,false,2026-07-07 16:36:09,false,false,,,abandoned,,,,https://loopcycle.example/checkouts/c/3320422039269/recover,
3372181883188,2026-07-07 06:26:31,2026-07-07 06:48:31,,s***@gmail.com,+62-8**-****-6721,false,desktop,Solo,Central Java,ID,LT-IND,"Loop Tote, Indigo",Indigo,1,189000,,0,15000,204000,payment_attempted_failed,QRIS,qris_expired,google / organic,,,/products/loop-tote-indigo,757,2,payment_failed,2026-07-07 07:26:31,false,false,2026-07-08 06:26:31,false,false,2026-07-07 08:26:31,false,abandoned,,,,https://loopcycle.example/checkouts/c/3372181883188/recover,
3809763893072,2026-07-07 12:40:24,2026-07-07 12:53:24,,l***@gmail.com,,true,tablet,Manado,North Sulawesi,ID,LT-SND,"Loop Tote, Sand",Sand,1,189000,,0,40000,229000,shipping_method,,,direct,,,/products/loop-tote-sand,210,4,distracted_or_session_ended,2026-07-07 13:40:24,false,false,2026-07-08 12:40:24,false,false,,,abandoned,,,,https://loopcycle.example/checkouts/c/3809763893072/recover,
3960407612732,2026-07-07 18:06:39,2026-07-07 18:15:39,,l***@yahoo.co.id,+62-8**-****-1196,false,mobile,Jakarta,DKI Jakarta,ID,LT-IND,"Loop Tote, Indigo",Indigo,1,189000,,0,15000,204000,payment_method_selected,Bank transfer (VA),,newsletter,,,/products/loop-tote-indigo,623,7,checking_marketplace_price,2026-07-07 19:06:39,false,false,2026-07-08 18:06:39,false,false,,,abandoned,,,,https://loopcycle.example/checkouts/c/3960407612732/recover,
3089042503957,2026-07-08 10:44:12,2026-07-08 10:54:12,,y***@gmail.com,+62-8**-****-8213,true,mobile,Jakarta,DKI Jakarta,ID,LT-GRN,"Loop Tote, Sea-green",Sea-green,1,189000,,0,25000,214000,payment_method_selected,ShopeePay,,whatsapp,,,/products/loop-tote-sea-green,310,8,preferred_payment_unavailable,2026-07-08 11:44:12,false,false,2026-07-09 10:44:12,true,false,,,abandoned,,,,https://loopcycle.example/checkouts/c/3089042503957/recover,
3236131718207,2026-07-09 07:11:26,2026-07-09 07:33:26,,,+62-8**-****-4739,false,mobile,Bandung,West Java,ID,LT-IND,"Loop Tote, Indigo",Indigo,1,189000,,0,,189000,contact_info,,,google / organic,,,/products/loop-tote-indigo,626,8,account_or_form_friction,,,,,,,,,abandoned,,,,https://loopcycle.example/checkouts/c/3236131718207/recover,
3230630271059,2026-07-09 09:13:50,2026-07-09 09:32:50,,l***@gmail.com,+62-8**-****-8018,true,desktop,Makassar,South Sulawesi,ID,LT-GRN,"Loop Tote, Sea-green",Sea-green,1,189000,,0,25000,214000,shipping_method,,,newsletter,,,/products/loop-tote-sea-green,78,8,unexpected_shipping_cost,2026-07-09 10:13:50,false,false,2026-07-10 09:13:50,true,false,2026-07-09 11:13:50,false,abandoned,,,,https://loopcycle.example/checkouts/c/3230630271059/recover,
3101315270723,2026-07-09 11:12:55,2026-07-09 11:33:55,,e***@gmail.com,,true,mobile,Cimahi,West Java,ID,LT-GRN,"Loop Tote, Sea-green",Sea-green,1,189000,,0,18000,207000,shipping_method,,,instagram / bio_link,ig_always_on,,/products/loop-tote-sea-green,871,5,distracted_or_session_ended,2026-07-09 12:12:55,true,false,2026-07-10 11:12:55,false,false,,,abandoned,,,,https://loopcycle.example/checkouts/c/3101315270723/recover,
3868723054822,2026-07-09 19:56:34,2026-07-09 20:02:34,,j***@gmail.com,,true,desktop,Bandung,West Java,ID,LT-IND,"Loop Tote, Indigo",Indigo,1,189000,,0,,189000,contact_info,,,whatsapp,,,/products/loop-tote-indigo,518,5,distracted_or_session_ended,2026-07-09 20:56:34,false,false,2026-07-10 19:56:34,false,false,,,abandoned,,,,https://loopcycle.example/checkouts/c/3868723054822/recover,
3677707718433,2026-07-09 20:58:42,2026-07-09 21:02:42,,l***@outlook.com,+62-8**-****-9941,true,mobile,South Tangerang,Banten,ID,LT-GRN,"Loop Tote, Sea-green",Sea-green,1,189000,,0,25000,214000,shipping_method,,,newsletter,,,/products/loop-tote-sea-green,739,8,delivery_time_too_long,2026-07-09 21:58:42,true,false,2026-07-10 20:58:42,false,false,,,abandoned,,,,https://loopcycle.example/checkouts/c/3677707718433/recover,
3861429662001,2026-07-09 23:03:56,2026-07-09 23:19:56,,t***@gmail.com,+62-8**-****-8628,true,mobile,Bekasi,West Java,ID,LT-GRN,"Loop Tote, Sea-green",Sea-green,3,567000,,0,,567000,contact_info,,,instagram / bio_link,ig_always_on,,/products/loop-tote-sea-green,358,4,account_or_form_friction,2026-07-10 00:03:56,false,false,2026-07-10 23:03:56,false,false,2026-07-10 01:03:56,false,abandoned,,,,https://loopcycle.example/checkouts/c/3861429662001/recover,
3183146323443,2026-07-10 04:46:38,2026-07-10 04:54:38,C000272,n***@gmail.com,,false,mobile,Bekasi,West Java,ID,LT-IND,"Loop Tote, Indigo",Indigo,1,189000,,0,0,189000,payment_attempted_failed,QRIS,qris_expired,instagram / bio_link,ig_always_on,,/products/loop-tote-indigo,422,5,payment_failed,2026-07-10 05:46:38,true,false,,,,2026-07-10 06:46:38,true,recovered,whatsapp,#LT10100,2026-07-10 14:18:24,https://loopcycle.example/checkouts/c/3183146323443/recover,
3384548126397,2026-07-10 06:14:13,2026-07-10 06:20:13,,c***@gmail.com,+62-8**-****-5010,false,mobile,Depok,West Java,ID,LT-SND,"Loop Tote, Sand",Sand,2,378000,,0,0,378000,shipping_method,,,instagram / bio_link,ig_always_on,,/products/loop-tote-sand,330,9,unexpected_shipping_cost,2026-07-10 07:14:13,false,false,2026-07-11 06:14:13,false,false,2026-07-10 08:14:13,false,abandoned,,,,https://loopcycle.example/checkouts/c/3384548126397/recover,
3986205058066,2026-07-10 07:55:04,2026-07-10 08:16:04,C000413,,+62-8**-****-4305,false,mobile,Denpasar,Bali,ID,LT-GRN,"Loop Tote, Sea-green",Sea-green,1,189000,,0,25000,214000,payment_method_selected,Bank transfer (VA),,instagram / bio_link,ig_always_on,,/products/loop-tote-sea-green,113,8,waiting_for_voucher,,,,,,,2026-07-10 09:55:04,true,recovered,whatsapp,#LT10099,2026-07-10 13:37:48,https://loopcycle.example/checkouts/c/3986205058066/recover,
3771545708055,2026-07-10 08:18:20,2026-07-10 08:19:20,,,+62-8**-****-6368,false,mobile,Tangerang,Banten,ID,LT-GRN,"Loop Tote, Sea-green",Sea-green,1,189000,,0,,189000,contact_info,,,instagram / bio_link,ig_always_on,,/products/loop-tote-sea-green,630,10,distracted_or_session_ended,,,,,,,,,abandoned,,,,https://loopcycle.example/checkouts/c/3771545708055/recover,
3072282647535,2026-07-10 12:45:32,2026-07-10 12:51:32,,b***@hotmail.com,,true,desktop,Malang,East Java,ID,LT-SND,"Loop Tote, Sand",Sand,1,189000,NEWSLETTER5,9500,,179500,contact_info,,,instagram / bio_link,ig_always_on,,/products/loop-tote-sand,683,4,distracted_or_session_ended,2026-07-10 13:45:32,false,false,2026-07-11 12:45:32,true,false,,,abandoned,,,,https://loopcycle.example/checkouts/c/3072282647535/recover,
3902143012218,2026-07-10 17:39:03,2026-07-10 17:44:03,,b***@gmail.com,+62-8**-****-1333,false,mobile,Jakarta,DKI Jakarta,ID,LT-SND,"Loop Tote, Sand",Sand,1,189000,,0,40000,229000,payment_attempted_failed,Credit card,card_declined,direct,,,/products/loop-tote-sand,633,8,payment_failed,2026-07-10 18:39:03,false,false,2026-07-11 17:39:03,true,false,2026-07-10 19:39:03,false,abandoned,,,,https://loopcycle.example/checkouts/c/3902143012218/recover,
3897029932620,2026-07-10 20:12:25,2026-07-10 20:29:25,,n***@gmail.com,+62-8**-****-9963,true,mobile,Padang,West Sumatra,ID,LT-IND,"Loop Tote, Indigo",Indigo,1,189000,,0,18000,207000,payment_method_selected,Bank transfer (VA),,instagram / bio_link,ig_always_on,,/products/loop-tote-indigo,669,6,payment_page_expired,2026-07-10 21:12:25,false,false,2026-07-11 20:12:25,false,false,,,abandoned,,,,https://loopcycle.example/checkouts/c/3897029932620/recover,
3169678309803,2026-07-10 20:29:42,2026-07-10 20:48:42,,w***@gmail.com,+62-8**-****-1969,false,mobile,Bogor,West Java,ID,LT-IND,"Loop Tote, Indigo",Indigo,1,189000,,0,32000,221000,payment_method_selected,GoPay,,direct,,,/products/loop-tote-indigo,681,3,waiting_for_voucher,2026-07-10 21:29:42,false,false,2026-07-11 20:29:42,false,false,2026-07-10 22:29:42,true,abandoned,,,,https://loopcycle.example/checkouts/c/3169678309803/recover,
3352292473955,2026-07-12 07:51:25,2026-07-12 08:07:25,,e***@gmail.com,+62-8**-****-9555,true,mobile,Bandung,West Java,ID,LT-IND,"Loop Tote, Indigo",Indigo,1,189000,,0,15000,204000,payment_method_selected,Bank transfer (VA),,google / organic,,,/products/loop-tote-indigo,554,9,payment_page_expired,2026-07-12 08:51:25,false,false,2026-07-13 07:51:25,false,false,2026-07-12 09:51:25,false,abandoned,,,,https://loopcycle.example/checkouts/c/3352292473955/recover,
3590405798300,2026-07-12 12:55:21,2026-07-12 13:04:21,C000442,s***@gmail.com,,true,mobile,Pekanbaru,Riau,ID,LT-IND,"Loop Tote, Indigo",Indigo,4,756000,,0,0,756000,payment_attempted_failed,GoPay,insufficient_balance,google / organic,,,/products/loop-tote-indigo,224,11,payment_failed,2026-07-12 13:55:21,true,true,,,,,,recovered,email,#LT10109,2026-07-13 10:22:13,https://loopcycle.example/checkouts/c/3590405798300/recover,
3343366342338,2026-07-12 19:47:11,2026-07-12 19:51:11,,c***@gmail.com,+62-8**-****-6777,false,mobile,Cimahi,West Java,ID,LT-SND,"Loop Tote, Sand",Sand,1,189000,,0,15000,204000,shipping_method,,,instagram / bio_link,ig_always_on,,/products/loop-tote-sand,596,10,waiting_for_promo_code,2026-07-12 20:47:11,true,false,2026-07-13 19:47:11,true,false,2026-07-12 21:47:11,false,abandoned,,,,https://loopcycle.example/checkouts/c/3343366342338/recover,
3069882467883,2026-07-12 20:22:13,2026-07-12 20:46:13,,g***@proton.me,,true,mobile,Malang,East Java,ID,LT-SND,"Loop Tote, Sand",Sand,1,189000,,0,32000,221000,shipping_method,,,google / organic,,,/products/loop-tote-sand,415,9,delivery_time_too_long,2026-07-12 21:22:13,false,false,2026-07-13 20:22:13,false,false,,,abandoned,,,,https://loopcycle.example/checkouts/c/3069882467883/recover,
3503442635665,2026-07-12 22:06:59,2026-07-12 22:07:59,,y***@gmail.com,+62-8**-****-5694,true,desktop,Batam,Riau Islands,ID,LT-GRN,"Loop Tote, Sea-green",Sea-green,1,189000,,0,32000,221000,shipping_method,,,google / organic,,,/products/loop-tote-sea-green,625,3,unexpected_shipping_cost,2026-07-12 23:06:59,false,false,2026-07-13 22:06:59,false,false,2026-07-13 00:06:59,true,abandoned,,,,https://loopcycle.example/checkouts/c/3503442635665/recover,
3322147673602,2026-07-13 07:25:09,2026-07-13 07:28:09,,y***@yahoo.co.id,+62-8**-****-4674,true,mobile,Jakarta,DKI Jakarta,ID,LT-GRN,"Loop Tote, Sea-green",Sea-green,1,189000,,0,25000,214000,payment_method_selected,GoPay,,google / organic,,,/products/loop-tote-sea-green,217,6,waiting_for_voucher,2026-07-13 08:25:09,true,false,2026-07-14 07:25:09,true,false,2026-07-13 09:25:09,false,abandoned,,,,https://loopcycle.example/checkouts/c/3322147673602/recover,
3006661361811,2026-07-13 12:29:46,2026-07-13 12:32:46,C000458,t***@gmail.com,,true,mobile,Makassar,South Sulawesi,ID,LT-SND,"Loop Tote, Sand",Sand,2,378000,,0,0,378000,payment_method_selected,Credit card,,google / organic,,,/products/loop-tote-sand,810,11,waiting_for_voucher,2026-07-13 13:29:46,true,false,2026-07-14 12:29:46,true,true,,,recovered,email,#LT10116,2026-07-14 19:48:04,https://loopcycle.example/checkouts/c/3006661361811/recover,
3971561509056,2026-07-13 22:43:51,2026-07-13 22:48:51,,h***@gmail.com,+62-8**-****-3958,true,mobile,Jakarta,DKI Jakarta,ID,LT-IND,"Loop Tote, Indigo",Indigo,3,567000,,0,0,567000,payment_attempted_failed,QRIS,qris_expired,google / organic,,,/products/loop-tote-indigo,670,9,payment_failed,2026-07-13 23:43:51,false,false,2026-07-14 22:43:51,false,false,2026-07-14 00:43:51,false,abandoned,,,,https://loopcycle.example/checkouts/c/3971561509056/recover,
3052528964497,2026-07-13 23:59:36,2026-07-14 00:16:36,C000452,e***@yahoo.co.id,+62-8**-****-8992,true,mobile,Garut,West Java,ID,LT-GRN,"Loop Tote, Sea-green",Sea-green,1,189000,,0,25000,214000,payment_attempted_failed,QRIS,qris_expired,direct,,,/products/loop-tote-sea-green,293,11,payment_failed,2026-07-14 00:59:36,true,true,,,,2026-07-14 01:59:36,false,recovered,email,#LT10114,2026-07-14 14:41:56,https://loopcycle.example/checkouts/c/3052528964497/recover,
3189871414328,2026-07-14 11:41:30,2026-07-14 12:01:30,,f***@gmail.com,,false,mobile,Medan,North Sumatra,ID,LT-SND,"Loop Tote, Sand",Sand,2,378000,,0,0,378000,payment_method_selected,QRIS,,instagram / bio_link,ig_always_on,,/products/loop-tote-sand,826,3,checking_marketplace_price,2026-07-14 12:41:30,true,true,2026-07-15 11:41:30,false,false,,,abandoned,,,,https://loopcycle.example/checkouts/c/3189871414328/recover,
3060308763272,2026-07-14 11:51:23,2026-07-14 11:52:23,,,+62-8**-****-2761,false,mobile,Jakarta,DKI Jakarta,ID,LT-GRN,"Loop Tote, Sea-green",Sea-green,1,189000,,0,,189000,contact_info,,,direct,,,/products/loop-tote-sea-green,844,11,account_or_form_friction,,,,,,,,,abandoned,,,,https://loopcycle.example/checkouts/c/3060308763272/recover,
3030747766228,2026-07-14 13:05:35,2026-07-14 13:18:35,,f***@yahoo.co.id,,false,mobile,Bogor,West Java,ID,LT-GRN,"Loop Tote, Sea-green",Sea-green,1,189000,,0,25000,214000,shipping_method,,,google / organic,,,/products/loop-tote-sea-green,100,5,delivery_time_too_long,2026-07-14 14:05:35,true,true,2026-07-15 13:05:35,false,false,,,abandoned,,,,https://loopcycle.example/checkouts/c/3030747766228/recover,
3806659253184,2026-07-14 13:31:10,2026-07-14 13:54:10,,r***@gmail.com,+62-8**-****-7696,false,mobile,Jakarta,DKI Jakarta,ID,LT-SND,"Loop Tote, Sand",Sand,3,567000,,0,0,567000,payment_attempted_failed,Bank transfer (VA),va_expired,google / organic,,,/products/loop-tote-sand,335,8,payment_failed,2026-07-14 14:31:10,false,false,2026-07-15 13:31:10,true,false,2026-07-14 15:31:10,false,abandoned,,,,https://loopcycle.example/checkouts/c/3806659253184/recover,
3884806939794,2026-07-14 13:37:48,2026-07-14 13:40:48,,i***@gmail.com,,false,mobile,Jakarta,DKI Jakarta,ID,LT-IND,"Loop Tote, Indigo",Indigo,1,189000,,0,32000,221000,payment_method_selected,GoPay,,google / organic,,,/products/loop-tote-indigo,443,3,payment_page_expired,2026-07-14 14:37:48,false,false,2026-07-15 13:37:48,false,false,,,abandoned,,,,https://loopcycle.example/checkouts/c/3884806939794/recover,
3164450328562,2026-07-14 15:26:27,2026-07-14 15:49:27,C000064,t***@outlook.com,+62-8**-****-8018,false,desktop,Jakarta,DKI Jakarta,ID,LT-GRN,"Loop Tote, Sea-green",Sea-green,4,756000,,0,0,756000,shipping_method,QRIS,,instagram / bio_link,ig_always_on,,/products/loop-tote-sea-green,255,5,waiting_for_promo_code,2026-07-14 16:26:27,false,false,2026-07-15 15:26:27,true,true,,,recovered,email,#LT10119,2026-07-15 17:18:59,https://loopcycle.example/checkouts/c/3164450328562/recover,
3654068996321,2026-07-14 17:05:47,2026-07-14 17:22:47,,t***@gmail.com,,true,mobile,Cianjur,West Java,ID,LT-IND,"Loop Tote, Indigo",Indigo,1,189000,,0,18000,207000,payment_method_selected,ShopeePay,,google / organic,,,/products/loop-tote-indigo,709,9,payment_page_expired,2026-07-14 18:05:47,true,false,2026-07-15 17:05:47,false,false,,,abandoned,,,,https://loopcycle.example/checkouts/c/3654068996321/recover,
3795744719785,2026-07-14 21:22:34,2026-07-14 21:39:34,,k***@gmail.com,+62-8**-****-8190,false,mobile,Balikpapan,East Kalimantan,ID,LT-IND,"Loop Tote, Indigo",Indigo,2,378000,,0,0,378000,shipping_method,,,instagram / bio_link,ig_always_on,,/products/loop-tote-indigo,848,10,delivery_time_too_long,2026-07-14 22:22:34,false,false,2026-07-15 21:22:34,false,false,,,abandoned,,,,https://loopcycle.example/checkouts/c/3795744719785/recover,
3279264170923,2026-07-14 22:17:01,2026-07-14 22:28:01,,y***@gmail.com,,true,desktop,Makassar,South Sulawesi,ID,LT-GRN,"Loop Tote, Sea-green",Sea-green,4,756000,,0,0,756000,payment_attempted_failed,QRIS,qris_expired,direct,,,/products/loop-tote-sea-green,64,5,payment_failed,2026-07-14 23:17:01,true,true,2026-07-15 22:17:01,false,false,,,abandoned,,,,https://loopcycle.example/checkouts/c/3279264170923/recover,
3853077876986,2026-07-15 18:48:41,2026-07-15 18:59:41,,o***@icloud.com,,true,mobile,Bogor,West Java,ID,LT-SND,"Loop Tote, Sand",Sand,1,189000,,0,32000,221000,payment_method_selected,QRIS,,google / organic,,,/products/loop-tote-sand,547,9,preferred_payment_unavailable,2026-07-15 19:48:41,false,false,2026-07-16 18:48:41,true,false,,,abandoned,,,,https://loopcycle.example/checkouts/c/3853077876986/recover,
3814247836229,2026-07-16 09:34:15,2026-07-16 09:49:15,C000478,b***@hotmail.com,+62-8**-****-2270,true,mobile,Bandung,West Java,ID,LT-IND,"Loop Tote, Indigo",Indigo,3,567000,,0,0,567000,payment_method_selected,QRIS,,direct,,,/products/loop-tote-indigo,605,11,checking_marketplace_price,2026-07-16 10:34:15,false,false,,,,,,recovered,organic,#LT10122,2026-07-16 14:46:32,https://loopcycle.example/checkouts/c/3814247836229/recover,
3566456641718,2026-07-17 07:53:22,2026-07-17 08:10:22,,f***@icloud.com,,true,mobile,Solo,Central Java,ID,LT-IND,"Loop Tote, Indigo",Indigo,1,189000,,0,18000,207000,shipping_method,,,instagram / bio_link,ig_always_on,,/products/loop-tote-indigo,827,6,distracted_or_session_ended,2026-07-17 08:53:22,false,false,2026-07-18 07:53:22,true,false,,,abandoned,,,,https://loopcycle.example/checkouts/c/3566456641718/recover,
3769269203072,2026-07-17 12:13:31,2026-07-17 12:35:31,,h***@gmail.com,,false,mobile,Bandung,West Java,ID,LT-IND,"Loop Tote, Indigo",Indigo,1,189000,,0,15000,204000,payment_method_selected,QRIS,,instagram / bio_link,ig_always_on,,/products/loop-tote-indigo,813,7,checking_marketplace_price,2026-07-17 13:13:31,false,false,2026-07-18 12:13:31,false,false,,,abandoned,,,,https://loopcycle.example/checkouts/c/3769269203072/recover,
3345626786118,2026-07-18 11:03:55,2026-07-18 11:16:55,C000509,b***@proton.me,+62-8**-****-3948,true,mobile,Bandung,West Java,ID,LT-GRN,"Loop Tote, Sea-green",Sea-green,1,189000,,0,25000,214000,shipping_method,QRIS,,direct,,,/products/loop-tote-sea-green,426,10,distracted_or_session_ended,2026-07-18 12:03:55,true,true,,,,2026-07-18 13:03:55,false,recovered,email,#LT10128,2026-07-19 06:59:05,https://loopcycle.example/checkouts/c/3345626786118/recover,
3678807976238,2026-07-18 12:50:38,2026-07-18 13:02:38,,a***@gmail.com,,false,mobile,Bogor,West Java,ID,LT-IND,"Loop Tote, Indigo",Indigo,1,189000,,0,15000,204000,shipping_method,,,instagram / bio_link,ig_always_on,,/products/loop-tote-indigo,144,5,unexpected_shipping_cost,2026-07-18 13:50:38,true,false,2026-07-19 12:50:38,false,false,,,abandoned,,,,https://loopcycle.example/checkouts/c/3678807976238/recover,
3282204128160,2026-07-18 20:08:58,2026-07-18 20:30:58,,g***@outlook.com,+62-8**-****-2714,true,mobile,Tangerang,Banten,ID,LT-GRN,"Loop Tote, Sea-green",Sea-green,1,189000,,0,40000,229000,payment_method_selected,GoPay,,instagram / bio_link,ig_always_on,,/products/loop-tote-sea-green,594,5,waiting_for_voucher,2026-07-18 21:08:58,false,false,2026-07-19 20:08:58,false,false,,,abandoned,,,,https://loopcycle.example/checkouts/c/3282204128160/recover,
3890227996777,2026-07-19 08:59:21,2026-07-19 09:12:21,,l***@gmail.com,,true,mobile,Jakarta,DKI Jakarta,ID,LT-GRN,"Loop Tote, Sea-green",Sea-green,1,189000,,0,25000,214000,shipping_method,,,instagram / bio_link,ig_always_on,,/products/loop-tote-sea-green,296,4,unexpected_shipping_cost,2026-07-19 09:59:21,false,false,2026-07-20 08:59:21,false,false,,,abandoned,,,,https://loopcycle.example/checkouts/c/3890227996777/recover,
3157668765794,2026-07-19 09:14:23,2026-07-19 09:22:23,,p***@outlook.com,+62-8**-****-4901,true,mobile,Bekasi,West Java,ID,LT-GRN,"Loop Tote, Sea-green",Sea-green,1,189000,,0,25000,214000,payment_attempted_failed,ShopeePay,timeout,direct,,,/products/loop-tote-sea-green,279,11,payment_failed,2026-07-19 10:14:23,false,false,2026-07-20 09:14:23,false,false,,,abandoned,,,,https://loopcycle.example/checkouts/c/3157668765794/recover,
3828974716496,2026-07-19 21:28:31,2026-07-19 21:39:31,,,+62-8**-****-3193,false,desktop,Bogor,West Java,ID,LT-GRN,"Loop Tote, Sea-green",Sea-green,2,378000,,0,0,378000,payment_attempted_failed,Bank transfer (VA),va_expired,instagram / bio_link,ig_always_on,,/products/loop-tote-sea-green,542,8,payment_failed,,,,,,,2026-07-19 23:28:31,true,abandoned,,,,https://loopcycle.example/checkouts/c/3828974716496/recover,
3112915345705,2026-07-20 08:12:56,2026-07-20 08:28:56,,g***@gmail.com,,false,mobile,Makassar,South Sulawesi,ID,LT-GRN,"Loop Tote, Sea-green",Sea-green,3,567000,,0,0,567000,payment_method_selected,GoPay,,direct,,,/products/loop-tote-sea-green,384,3,waiting_for_voucher,2026-07-20 09:12:56,true,false,2026-07-21 08:12:56,false,false,,,abandoned,,,,https://loopcycle.example/checkouts/c/3112915345705/recover,
3864474398181,2026-07-20 12:17:09,2026-07-20 12:30:09,,r***@icloud.com,+62-8**-****-3906,true,desktop,Jakarta,DKI Jakarta,ID,LT-GRN,"Loop Tote, Sea-green",Sea-green,1,189000,,0,18000,207000,payment_attempted_failed,Bank transfer (VA),va_expired,google / organic,,,/products/loop-tote-sea-green,730,2,payment_failed,2026-07-20 13:17:09,false,false,2026-07-21 12:17:09,false,false,,,abandoned,,,,https://loopcycle.example/checkouts/c/3864474398181/recover,
3809125936616,2026-07-20 15:00:17,2026-07-20 15:02:17,,m***@gmail.com,+62-8**-****-5013,true,mobile,Bandung,West Java,ID,LT-SND,"Loop Tote, Sand",Sand,1,189000,,0,25000,214000,payment_method_selected,Bank transfer (VA),,direct,,,/products/loop-tote-sand,709,4,checking_marketplace_price,2026-07-20 16:00:17,true,false,2026-07-21 15:00:17,false,false,2026-07-20 17:00:17,false,abandoned,,,,https://loopcycle.example/checkouts/c/3809125936616/recover,
3930371072401,2026-07-20 16:18:28,2026-07-20 16:38:28,,,+62-8**-****-7510,false,mobile,Bandung,West Java,ID,LT-GRN,"Loop Tote, Sea-green",Sea-green,1,189000,,0,25000,214000,payment_method_selected,GoPay,,whatsapp,,,/products/loop-tote-sea-green,125,6,payment_page_expired,,,,,,,,,abandoned,,,,https://loopcycle.example/checkouts/c/3930371072401/recover,
3469704365126,2026-07-20 18:28:00,2026-07-20 18:30:00,,g***@hotmail.com,,false,mobile,Jakarta,DKI Jakarta,ID,LT-IND,"Loop Tote, Indigo",Indigo,1,189000,,0,15000,204000,payment_attempted_failed,Bank transfer (VA),va_expired,newsletter,,,/products/loop-tote-indigo,325,7,payment_failed,2026-07-20 19:28:00,false,false,2026-07-21 18:28:00,true,false,,,abandoned,,,,https://loopcycle.example/checkouts/c/3469704365126/recover,
3940352973179,2026-07-20 21:22:58,2026-07-20 21:34:58,,b***@gmail.com,,true,mobile,Jakarta,DKI Jakarta,ID,LT-IND,"Loop Tote, Indigo",Indigo,1,189000,,0,,189000,contact_info,,,newsletter,,,/products/loop-tote-indigo,352,4,distracted_or_session_ended,2026-07-20 22:22:58,false,false,2026-07-21 21:22:58,false,false,,,abandoned,,,,https://loopcycle.example/checkouts/c/3940352973179/recover,
3810493610797,2026-07-20 21:32:53,2026-07-20 21:55:53,,,+62-8**-****-5314,false,mobile,Jakarta,DKI Jakarta,ID,LT-GRN,"Loop Tote, Sea-green",Sea-green,1,189000,,0,32000,221000,shipping_method,,,direct,,,/products/loop-tote-sea-green,530,4,unexpected_shipping_cost,,,,,,,2026-07-20 23:32:53,false,abandoned,,,,https://loopcycle.example/checkouts/c/3810493610797/recover,
3144865491533,2026-07-21 10:04:20,2026-07-21 10:05:20,,p***@outlook.com,+62-8**-****-8442,false,mobile,Jakarta,DKI Jakarta,ID,LT-IND,"Loop Tote, Indigo",Indigo,1,189000,,0,,189000,contact_info,,,direct,,,/products/loop-tote-indigo,467,7,account_or_form_friction,2026-07-21 11:04:20,true,false,2026-07-22 10:04:20,false,false,2026-07-21 12:04:20,false,abandoned,,,,https://loopcycle.example/checkouts/c/3144865491533/recover,
3021315239226,2026-07-21 15:01:51,2026-07-21 15:26:51,,s***@icloud.com,,true,mobile,Bandung,West Java,ID,LT-SND,"Loop Tote, Sand",Sand,1,189000,,0,32000,221000,payment_method_selected,GoPay,,instagram / bio_link,ig_always_on,,/products/loop-tote-sand,814,10,checking_marketplace_price,2026-07-21 16:01:51,true,false,2026-07-22 15:01:51,false,false,,,abandoned,,,,https://loopcycle.example/checkouts/c/3021315239226/recover,
3198110492949,2026-07-21 21:24:12,2026-07-21 21:31:12,,t***@gmail.com,+62-8**-****-4291,true,mobile,Jakarta,DKI Jakarta,ID,LT-SND,"Loop Tote, Sand",Sand,1,189000,,0,25000,214000,payment_method_selected,QRIS,,google / organic,,,/products/loop-tote-sand,91,8,preferred_payment_unavailable,2026-07-21 22:24:12,false,false,2026-07-22 21:24:12,true,false,,,abandoned,,,,https://loopcycle.example/checkouts/c/3198110492949/recover,
3552293128703,2026-07-21 22:38:42,2026-07-21 22:50:42,,n***@gmail.com,+62-8**-****-4675,true,mobile,South Tangerang,Banten,ID,LT-IND,"Loop Tote, Indigo",Indigo,1,189000,,0,,189000,contact_info,,,instagram / bio_link,ig_always_on,,/products/loop-tote-indigo,757,4,just_browsing_or_comparing,2026-07-21 23:38:42,true,false,2026-07-22 22:38:42,false,false,,,abandoned,,,,https://loopcycle.example/checkouts/c/3552293128703/recover,
3467328593968,2026-07-22 06:53:07,2026-07-22 06:54:07,,,+62-8**-****-4715,false,mobile,Jakarta,DKI Jakarta,ID,LT-SND,"Loop Tote, Sand",Sand,1,189000,,0,25000,214000,shipping_method,,,google / organic,,,/products/loop-tote-sand,582,2,distracted_or_session_ended,,,,,,,2026-07-22 08:53:07,false,abandoned,,,,https://loopcycle.example/checkouts/c/3467328593968/recover,
3854249061706,2026-07-22 10:06:42,2026-07-22 10:25:42,,g***@gmail.com,+62-8**-****-5250,false,mobile,Depok,West Java,ID,LT-GRN,"Loop Tote, Sea-green",Sea-green,1,189000,,0,32000,221000,shipping_method,,,google / organic,,,/products/loop-tote-sea-green,193,11,unexpected_shipping_cost,2026-07-22 11:06:42,false,false,2026-07-23 10:06:42,false,false,2026-07-22 12:06:42,false,abandoned,,,,https://loopcycle.example/checkouts/c/3854249061706/recover,
3680014934747,2026-07-22 10:47:37,2026-07-22 11:06:37,,g***@proton.me,,true,mobile,Bandung,West Java,ID,LT-SND,"Loop Tote, Sand",Sand,1,189000,,0,40000,229000,payment_method_selected,QRIS,,instagram / bio_link,ig_always_on,,/products/loop-tote-sand,335,2,payment_page_expired,2026-07-22 11:47:37,true,false,2026-07-23 10:47:37,false,false,,,abandoned,,,,https://loopcycle.example/checkouts/c/3680014934747/recover,
3754648717411,2026-07-22 10:52:41,2026-07-22 11:07:41,,p***@proton.me,+62-8**-****-4859,true,mobile,Malang,East Java,ID,LT-GRN,"Loop Tote, Sea-green",Sea-green,1,189000,NEWSLETTER5,9500,15000,194500,payment_method_selected,Bank transfer (VA),,instagram / bio_link,ig_always_on,,/products/loop-tote-sea-green,704,4,payment_page_expired,2026-07-22 11:52:41,false,false,2026-07-23 10:52:41,false,false,2026-07-22 12:52:41,false,abandoned,,,,https://loopcycle.example/checkouts/c/3754648717411/recover,
3722672672463,2026-07-22 14:45:11,2026-07-22 14:49:11,,g***@gmail.com,+62-8**-****-1863,false,mobile,Bandung,West Java,ID,LT-IND,"Loop Tote, Indigo",Indigo,1,189000,,0,40000,229000,payment_method_selected,QRIS,,direct,,,/products/loop-tote-indigo,448,3,preferred_payment_unavailable,2026-07-22 15:45:11,false,false,2026-07-23 14:45:11,false,false,2026-07-22 16:45:11,false,abandoned,,,,https://loopcycle.example/checkouts/c/3722672672463/recover,
3032109270884,2026-07-22 16:36:20,2026-07-22 16:54:20,,t***@gmail.com,,false,mobile,Jakarta,DKI Jakarta,ID,LT-GRN,"Loop Tote, Sea-green",Sea-green,1,189000,,0,15000,204000,shipping_method,,,newsletter,,,/products/loop-tote-sea-green,628,10,unexpected_shipping_cost,2026-07-22 17:36:20,false,false,2026-07-23 16:36:20,false,false,,,abandoned,,,,https://loopcycle.example/checkouts/c/3032109270884/recover,
3639146080755,2026-07-22 18:42:13,2026-07-22 18:53:13,,,+62-8**-****-8238,false,mobile,Garut,West Java,ID,LT-SND,"Loop Tote, Sand",Sand,3,567000,,0,,567000,contact_info,,,instagram / bio_link,ig_always_on,,/products/loop-tote-sand,703,8,distracted_or_session_ended,,,,,,,2026-07-22 20:42:13,false,abandoned,,,,https://loopcycle.example/checkouts/c/3639146080755/recover,
3332673657623,2026-07-23 09:08:08,2026-07-23 09:30:08,,t***@outlook.com,,true,mobile,Depok,West Java,ID,LT-GRN,"Loop Tote, Sea-green",Sea-green,2,378000,,0,0,378000,shipping_method,,,google / organic,,,/products/loop-tote-sea-green,708,7,distracted_or_session_ended,2026-07-23 10:08:08,true,true,2026-07-24 09:08:08,true,false,,,abandoned,,,,https://loopcycle.example/checkouts/c/3332673657623/recover,
3139728182215,2026-07-23 11:40:10,2026-07-23 11:56:10,,n***@gmail.com,+62-8**-****-8108,true,mobile,Cimahi,West Java,ID,LT-GRN,"Loop Tote, Sea-green",Sea-green,1,189000,,0,15000,204000,shipping_method,,,instagram / bio_link,ig_always_on,,/products/loop-tote-sea-green,707,6,unexpected_shipping_cost,2026-07-23 12:40:10,false,false,2026-07-24 11:40:10,false,false,,,abandoned,,,,https://loopcycle.example/checkouts/c/3139728182215/recover,
3612123337597,2026-07-23 18:22:51,2026-07-23 18:34:51,,c***@gmail.com,+62-8**-****-5768,true,mobile,Jakarta,DKI Jakarta,ID,LT-IND,"Loop Tote, Indigo",Indigo,1,189000,,0,32000,221000,payment_attempted_failed,QRIS,qris_expired,google / organic,,,/products/loop-tote-indigo,462,10,payment_failed,2026-07-23 19:22:51,true,false,2026-07-24 18:22:51,false,false,2026-07-23 20:22:51,false,abandoned,,,,https://loopcycle.example/checkouts/c/3612123337597/recover,
3013758626543,2026-07-23 21:38:04,2026-07-23 21:59:04,,g***@gmail.com,,true,mobile,Cimahi,West Java,ID,LT-SND,"Loop Tote, Sand",Sand,1,189000,,0,15000,204000,shipping_method,,,instagram / bio_link,ig_always_on,,/products/loop-tote-sand,614,2,unexpected_shipping_cost,2026-07-23 22:38:04,false,false,2026-07-24 21:38:04,false,false,,,abandoned,,,,https://loopcycle.example/checkouts/c/3013758626543/recover,
3759811959373,2026-07-23 21:41:43,2026-07-23 21:58:43,,l***@gmail.com,,false,mobile,Cirebon,West Java,ID,LT-SND,"Loop Tote, Sand",Sand,2,378000,,0,0,378000,payment_method_selected,OVO,,google / organic,,,/products/loop-tote-sand,261,8,payment_page_expired,2026-07-23 22:41:43,false,false,2026-07-24 21:41:43,true,false,,,abandoned,,,,https://loopcycle.example/checkouts/c/3759811959373/recover,
3840435262462,2026-07-23 22:17:54,2026-07-23 22:36:54,,g***@proton.me,,true,mobile,Bandar Lampung,Lampung,ID,LT-IND,"Loop Tote, Indigo",Indigo,1,189000,,0,,189000,contact_info,,,instagram / bio_link,ig_always_on,,/products/loop-tote-indigo,131,9,distracted_or_session_ended,2026-07-23 23:17:54,false,false,2026-07-24 22:17:54,false,false,,,abandoned,,,,https://loopcycle.example/checkouts/c/3840435262462/recover,
3348232120520,2026-07-25 01:57:59,2026-07-25 02:01:59,C000579,,+62-8**-****-6159,false,mobile,Jakarta,DKI Jakarta,ID,LT-GRN,"Loop Tote, Sea-green",Sea-green,1,189000,,0,0,189000,payment_attempted_failed,Credit card,3ds_failed,google / organic,,,/products/loop-tote-sea-green,223,5,payment_failed,,,,,,,2026-07-25 03:57:59,true,recovered,whatsapp,#LT10150,2026-07-25 19:25:27,https://loopcycle.example/checkouts/c/3348232120520/recover,
3881177511842,2026-07-25 08:40:08,2026-07-25 08:44:08,,l***@outlook.com,,true,desktop,Jakarta,DKI Jakarta,ID,LT-SND,"Loop Tote, Sand",Sand,1,189000,,0,18000,207000,payment_method_selected,Bank transfer (VA),,google / organic,,,/products/loop-tote-sand,462,7,preferred_payment_unavailable,2026-07-25 09:40:08,true,false,2026-07-26 08:40:08,false,false,,,abandoned,,,,https://loopcycle.example/checkouts/c/3881177511842/recover,
3376981349788,2026-07-25 08:59:54,2026-07-25 09:22:54,,b***@hotmail.com,,false,mobile,Bandung,West Java,ID,LT-GRN,"Loop Tote, Sea-green",Sea-green,1,189000,,0,25000,214000,payment_method_selected,Bank transfer (VA),,google / organic,,,/products/loop-tote-sea-green,416,11,payment_page_expired,2026-07-25 09:59:54,false,false,2026-07-26 08:59:54,false,false,,,abandoned,,,,https://loopcycle.example/checkouts/c/3376981349788/recover,
3310249200626,2026-07-25 15:04:51,2026-07-25 15:13:51,,j***@gmail.com,,false,mobile,Bandung,West Java,ID,LT-GRN,"Loop Tote, Sea-green",Sea-green,1,189000,,0,32000,221000,payment_method_selected,Bank transfer (VA),,google / organic,,,/products/loop-tote-sea-green,858,9,checking_marketplace_price,2026-07-25 16:04:51,false,false,2026-07-26 15:04:51,true,false,,,abandoned,,,,https://loopcycle.example/checkouts/c/3310249200626/recover,
3076155210952,2026-07-25 18:08:43,2026-07-25 18:16:43,,j***@gmail.com,+62-8**-****-3267,true,mobile,Cirebon,West Java,ID,LT-GRN,"Loop Tote, Sea-green",Sea-green,1,189000,,0,40000,229000,shipping_method,,,direct,,,/products/loop-tote-sea-green,141,2,distracted_or_session_ended,2026-07-25 19:08:43,false,false,2026-07-26 18:08:43,false,false,,,abandoned,,,,https://loopcycle.example/checkouts/c/3076155210952/recover,
3647092816521,2026-07-25 19:01:14,2026-07-25 19:26:14,,m***@gmail.com,+62-8**-****-4374,false,desktop,Jakarta,DKI Jakarta,ID,LT-GRN,"Loop Tote, Sea-green",Sea-green,1,189000,,0,15000,204000,payment_attempted_failed,GoPay,insufficient_balance,direct,,,/products/loop-tote-sea-green,435,5,payment_failed,2026-07-25 20:01:14,true,false,2026-07-26 19:01:14,false,false,,,abandoned,,,,https://loopcycle.example/checkouts/c/3647092816521/recover,
3174206441595,2026-07-25 20:52:40,2026-07-25 20:53:40,,j***@yahoo.co.id,+62-8**-****-7615,false,tablet,Makassar,South Sulawesi,ID,LT-IND,"Loop Tote, Indigo",Indigo,4,756000,,0,0,756000,payment_method_selected,OVO,,direct,,,/products/loop-tote-indigo,210,6,payment_page_expired,2026-07-25 21:52:40,false,false,2026-07-26 20:52:40,false,false,2026-07-25 22:52:40,false,abandoned,,,,https://loopcycle.example/checkouts/c/3174206441595/recover,
3284812073272,2026-07-26 05:55:11,2026-07-26 06:12:11,C000442,a***@yahoo.co.id,+62-8**-****-4432,true,mobile,Pekanbaru,Riau,ID,LT-SND,"Loop Tote, Sand",Sand,1,189000,,0,32000,221000,payment_method_selected,Bank transfer (VA),,direct,,,/products/loop-tote-sand,620,7,payment_page_expired,2026-07-26 06:55:11,false,false,,,,,,recovered,organic,#LT10151,2026-07-26 10:52:03,https://loopcycle.example/checkouts/c/3284812073272/recover,
3970631978314,2026-07-26 08:02:11,2026-07-26 08:04:11,,,+62-8**-****-1630,false,tablet,Jakarta,DKI Jakarta,ID,LT-GRN,"Loop Tote, Sea-green",Sea-green,2,378000,,0,,378000,contact_info,,,direct,,,/products/loop-tote-sea-green,97,4,distracted_or_session_ended,,,,,,,2026-07-26 10:02:11,false,abandoned,,,,https://loopcycle.example/checkouts/c/3970631978314/recover,
3462449749475,2026-07-26 12:25:55,2026-07-26 12:29:55,,t***@gmail.com,+62-8**-****-3454,false,mobile,Bekasi,West Java,ID,LT-GRN,"Loop Tote, Sea-green",Sea-green,1,189000,,0,40000,229000,shipping_method,,,direct,,,/products/loop-tote-sea-green,753,6,unexpected_shipping_cost,2026-07-26 13:25:55,false,false,2026-07-27 12:25:55,false,false,2026-07-26 14:25:55,false,abandoned,,,,https://loopcycle.example/checkouts/c/3462449749475/recover,
3303467025544,2026-07-26 19:16:43,2026-07-26 19:38:43,,l***@gmail.com,+62-8**-****-5617,false,mobile,South Tangerang,Banten,ID,LT-GRN,"Loop Tote, Sea-green",Sea-green,1,189000,,0,,189000,contact_info,,,direct,,,/products/loop-tote-sea-green,548,8,distracted_or_session_ended,2026-07-26 20:16:43,false,false,2026-07-27 19:16:43,false,false,,,abandoned,,,,https://loopcycle.example/checkouts/c/3303467025544/recover,
3251197546990,2026-07-26 19:56:32,2026-07-26 20:06:32,,h***@hotmail.com,+62-8**-****-2374,true,mobile,Cimahi,West Java,ID,LT-GRN,"Loop Tote, Sea-green",Sea-green,1,189000,,0,32000,221000,payment_method_selected,Bank transfer (VA),,google / organic,,,/products/loop-tote-sea-green,393,11,waiting_for_voucher,2026-07-26 20:56:32,false,false,2026-07-27 19:56:32,false,false,,,abandoned,,,,https://loopcycle.example/checkouts/c/3251197546990/recover,
3978991582409,2026-07-26 19:58:43,2026-07-26 20:12:43,,a***@gmail.com,,true,desktop,Bekasi,West Java,ID,LT-IND,"Loop Tote, Indigo",Indigo,1,189000,,0,,189000,contact_info,,,instagram / bio_link,ig_always_on,,/products/loop-tote-indigo,729,11,distracted_or_session_ended,2026-07-26 20:58:43,false,false,2026-07-27 19:58:43,false,false,,,abandoned,,,,https://loopcycle.example/checkouts/c/3978991582409/recover,
3717191323380,2026-07-26 23:17:50,2026-07-26 23:37:50,,y***@yahoo.co.id,,true,mobile,Karawang,West Java,ID,LT-GRN,"Loop Tote, Sea-green",Sea-green,1,189000,,0,15000,204000,payment_method_selected,QRIS,,google / organic,,,/products/loop-tote-sea-green,839,4,checking_marketplace_price,2026-07-27 00:17:50,false,false,2026-07-27 23:17:50,false,false,,,abandoned,,,,https://loopcycle.example/checkouts/c/3717191323380/recover,
3672105474152,2026-07-27 10:48:34,2026-07-27 10:56:34,,r***@gmail.com,,false,mobile,Jakarta,DKI Jakarta,ID,LT-SND,"Loop Tote, Sand",Sand,1,189000,,0,32000,221000,payment_method_selected,QRIS,,instagram / bio_link,ig_always_on,,/products/loop-tote-sand,681,8,checking_marketplace_price,2026-07-27 11:48:34,false,false,2026-07-28 10:48:34,false,false,,,abandoned,,,,https://loopcycle.example/checkouts/c/3672105474152/recover,
3273236217076,2026-07-27 13:49:58,2026-07-27 14:09:58,,b***@outlook.com,+62-8**-****-9849,true,mobile,Surabaya,East Java,ID,LT-SND,"Loop Tote, Sand",Sand,1,189000,,0,,189000,contact_info,,,instagram / bio_link,ig_always_on,,/products/loop-tote-sand,136,8,account_or_form_friction,2026-07-27 14:49:58,false,false,2026-07-28 13:49:58,false,false,,,abandoned,,,,https://loopcycle.example/checkouts/c/3273236217076/recover,
3357481809660,2026-07-27 15:07:05,2026-07-27 15:13:05,,c***@gmail.com,,true,desktop,Jakarta,DKI Jakarta,ID,LT-IND,"Loop Tote, Indigo",Indigo,1,189000,,0,,189000,contact_info,,,google / organic,,,/products/loop-tote-indigo,404,11,just_browsing_or_comparing,2026-07-27 16:07:05,false,false,2026-07-28 15:07:05,true,false,,,abandoned,,,,https://loopcycle.example/checkouts/c/3357481809660/recover,
3119163434134,2026-07-27 20:23:41,2026-07-27 20:39:41,,f***@gmail.com,,true,desktop,Bandung,West Java,ID,LT-GRN,"Loop Tote, Sea-green",Sea-green,2,378000,,0,0,378000,payment_method_selected,ShopeePay,,direct,,,/products/loop-tote-sea-green,351,6,payment_page_expired,2026-07-27 21:23:41,true,false,2026-07-28 20:23:41,false,false,,,abandoned,,,,https://loopcycle.example/checkouts/c/3119163434134/recover,
3308434396579,2026-07-27 22:11:40,2026-07-27 22:31:40,,,+62-8**-****-4622,false,mobile,Jakarta,DKI Jakarta,ID,LT-GRN,"Loop Tote, Sea-green",Sea-green,1,189000,,0,25000,214000,payment_method_selected,GoPay,,direct,,,/products/loop-tote-sea-green,152,11,checking_marketplace_price,,,,,,,,,abandoned,,,,https://loopcycle.example/checkouts/c/3308434396579/recover,
3685044191194,2026-07-28 07:31:59,2026-07-28 07:42:59,C000618,e***@gmail.com,+62-8**-****-5776,true,tablet,Denpasar,Bali,ID,LT-IND,"Loop Tote, Indigo",Indigo,2,378000,,0,0,378000,payment_method_selected,QRIS,,direct,,,/products/loop-tote-indigo,191,5,preferred_payment_unavailable,2026-07-28 08:31:59,false,false,2026-07-29 07:31:59,true,true,2026-07-28 09:31:59,true,recovered,whatsapp,#LT10162,2026-07-29 09:47:10,https://loopcycle.example/checkouts/c/3685044191194/recover,
3824449564989,2026-07-28 14:30:55,2026-07-28 14:37:55,,m***@gmail.com,,true,mobile,Cimahi,West Java,ID,LT-GRN,"Loop Tote, Sea-green",Sea-green,3,567000,,0,,567000,contact_info,,,direct,,,/products/loop-tote-sea-green,828,2,just_browsing_or_comparing,2026-07-28 15:30:55,false,false,2026-07-29 14:30:55,false,false,,,abandoned,,,,https://loopcycle.example/checkouts/c/3824449564989/recover,
3597997312155,2026-07-28 21:32:46,2026-07-28 21:46:46,,j***@outlook.com,+62-8**-****-7793,true,mobile,Tangerang,Banten,ID,LT-IND,"Loop Tote, Indigo",Indigo,1,189000,,0,18000,207000,shipping_method,,,direct,,,/products/loop-tote-indigo,477,3,unexpected_shipping_cost,2026-07-28 22:32:46,true,true,2026-07-29 21:32:46,true,false,,,abandoned,,,,https://loopcycle.example/checkouts/c/3597997312155/recover,
3151781896486,2026-07-29 10:46:09,2026-07-29 11:08:09,,d***@proton.me,,true,desktop,Jakarta,DKI Jakarta,ID,LT-GRN,"Loop Tote, Sea-green",Sea-green,4,756000,,0,0,756000,payment_attempted_failed,Bank transfer (VA),va_expired,direct,,,/products/loop-tote-sea-green,133,10,payment_failed,2026-07-29 11:46:09,false,false,2026-07-30 10:46:09,false,false,,,abandoned,,,,https://loopcycle.example/checkouts/c/3151781896486/recover,
3782200861277,2026-07-29 13:14:32,2026-07-29 13:34:32,,m***@hotmail.com,+62-8**-****-4890,true,mobile,Bandung,West Java,ID,LT-GRN,"Loop Tote, Sea-green",Sea-green,1,189000,,0,,189000,contact_info,,,direct,,,/products/loop-tote-sea-green,817,9,just_browsing_or_comparing,2026-07-29 14:14:32,true,false,2026-07-30 13:14:32,false,false,2026-07-29 15:14:32,false,abandoned,,,,https://loopcycle.example/checkouts/c/3782200861277/recover,
3244421686671,2026-07-29 15:26:25,2026-07-29 15:40:25,,l***@gmail.com,+62-8**-****-1701,true,mobile,Makassar,South Sulawesi,ID,LT-GRN,"Loop Tote, Sea-green",Sea-green,2,378000,NEWSLETTER5,19000,0,359000,shipping_method,,,instagram / bio_link,ig_always_on,,/products/loop-tote-sea-green,168,10,unexpected_shipping_cost,2026-07-29 16:26:25,false,false,2026-07-30 15:26:25,true,false,,,abandoned,,,,https://loopcycle.example/checkouts/c/3244421686671/recover,
3000051276552,2026-07-29 16:15:54,2026-07-29 16:37:54,,d***@gmail.com,,true,desktop,Bogor,West Java,ID,LT-SND,"Loop Tote, Sand",Sand,1,189000,,0,18000,207000,shipping_method,,,direct,,,/products/loop-tote-sand,114,8,unexpected_shipping_cost,2026-07-29 17:15:54,false,false,2026-07-30 16:15:54,false,false,,,abandoned,,,,https://loopcycle.example/checkouts/c/3000051276552/recover,
3543135809238,2026-07-29 17:01:02,2026-07-29 17:25:02,,a***@gmail.com,,true,mobile,Semarang,Central Java,ID,LT-IND,"Loop Tote, Indigo",Indigo,1,189000,,0,18000,207000,shipping_method,,,instagram / bio_link,ig_always_on,,/products/loop-tote-indigo,290,3,unexpected_shipping_cost,2026-07-29 18:01:02,true,true,2026-07-30 17:01:02,false,false,,,abandoned,,,,https://loopcycle.example/checkouts/c/3543135809238/recover,
3978349196235,2026-07-29 17:27:49,2026-07-29 17:38:49,,,+62-8**-****-4450,false,mobile,Bekasi,West Java,ID,LT-GRN,"Loop Tote, Sea-green",Sea-green,1,189000,,0,40000,229000,shipping_method,,,instagram / bio_link,ig_always_on,,/products/loop-tote-sea-green,583,11,unexpected_shipping_cost,,,,,,,,,abandoned,,,,https://loopcycle.example/checkouts/c/3978349196235/recover,
3246349997382,2026-07-29 18:33:31,2026-07-29 18:55:31,,s***@yahoo.co.id,+62-8**-****-2290,true,mobile,Surabaya,East Java,ID,LT-SND,"Loop Tote, Sand",Sand,1,189000,,0,18000,207000,shipping_method,,,google / organic,,,/products/loop-tote-sand,100,9,unexpected_shipping_cost,2026-07-29 19:33:31,true,false,2026-07-30 18:33:31,false,false,,,abandoned,,,,https://loopcycle.example/checkouts/c/3246349997382/recover,
3250376078661,2026-07-30 18:09:17,2026-07-30 18:15:17,,p***@gmail.com,+62-8**-****-4542,false,mobile,Bekasi,West Java,ID,LT-IND,"Loop Tote, Indigo",Indigo,2,378000,,0,0,378000,payment_method_selected,QRIS,,instagram / bio_link,ig_picker_stories_p01,17901551251058872,/products/loop-tote-indigo,527,2,checking_marketplace_price,2026-07-30 19:09:17,false,false,2026-07-31 18:09:17,false,false,2026-07-30 20:09:17,true,abandoned,,,,https://loopcycle.example/checkouts/c/3250376078661/recover,utm_bio_link
3455808573880,2026-07-30 18:17:31,2026-07-30 18:25:31,,a***@gmail.com,+62-8**-****-2367,false,tablet,Batam,Riau Islands,ID,LT-SND,"Loop Tote, Sand",Sand,1,189000,,0,,189000,contact_info,,,newsletter,,,/products/loop-tote-sand,93,8,distracted_or_session_ended,2026-07-30 19:17:31,false,false,2026-07-31 18:17:31,false,false,,,abandoned,,,,https://loopcycle.example/checkouts/c/3455808573880/recover,
3923592559060,2026-07-30 18:26:10,2026-07-30 18:46:10,,t***@hotmail.com,+62-8**-****-2339,true,mobile,Cianjur,West Java,ID,LT-SND,"Loop Tote, Sand",Sand,1,189000,,0,15000,204000,payment_method_selected,Bank transfer (VA),,direct,,,/products/loop-tote-sand,848,9,checking_marketplace_price,2026-07-30 19:26:10,false,false,2026-07-31 18:26:10,true,false,2026-07-30 20:26:10,false,abandoned,,,,https://loopcycle.example/checkouts/c/3923592559060/recover,
3461611928056,2026-07-30 18:43:49,2026-07-30 19:00:49,,,+62-8**-****-6401,false,mobile,Bandung,West Java,ID,LT-GRN,"Loop Tote, Sea-green",Sea-green,1,189000,,0,,189000,contact_info,,,direct,,,/products/loop-tote-sea-green,190,2,just_browsing_or_comparing,,,,,,,2026-07-30 20:43:49,true,abandoned,,,,https://loopcycle.example/checkouts/c/3461611928056/recover,
3278953553110,2026-07-30 20:35:04,2026-07-30 20:40:04,,t***@gmail.com,,true,mobile,Cirebon,West Java,ID,LT-SND,"Loop Tote, Sand",Sand,1,189000,,0,,189000,contact_info,,,newsletter,,,/products/loop-tote-sand,267,2,just_browsing_or_comparing,2026-07-30 21:35:04,false,false,2026-07-31 20:35:04,false,false,,,abandoned,,,,https://loopcycle.example/checkouts/c/3278953553110/recover,
3804505213976,2026-07-31 08:29:33,2026-07-31 08:51:33,,y***@proton.me,,true,mobile,Garut,West Java,ID,LT-GRN,"Loop Tote, Sea-green",Sea-green,1,189000,,0,,189000,contact_info,,,google / organic,,,/products/loop-tote-sea-green,604,7,just_browsing_or_comparing,2026-07-31 09:29:33,false,false,2026-08-01 08:29:33,false,false,,,abandoned,,,,https://loopcycle.example/checkouts/c/3804505213976/recover,
3834443079073,2026-07-31 18:24:15,2026-07-31 18:30:15,C000699,g***@gmail.com,+62-8**-****-2895,false,desktop,Cimahi,West Java,ID,LT-GRN,"Loop Tote, Sea-green",Sea-green,1,189000,LOOP14,19000,32000,202000,shipping_method,Bank transfer (VA),,instagram / bio_link,ig_launch_reel,17908775681335588,/products/loop-tote-sea-green,445,6,delivery_time_too_long,2026-07-31 19:24:15,true,true,2026-08-01 18:24:15,false,false,2026-07-31 20:24:15,true,recovered,whatsapp,#LT10189,2026-08-01 21:31:01,https://loopcycle.example/checkouts/c/3834443079073/recover,promo_code_match
3878376140046,2026-07-31 22:04:51,2026-07-31 22:28:51,,o***@gmail.com,+62-8**-****-6758,true,mobile,Garut,West Java,ID,LT-SND,"Loop Tote, Sand",Sand,1,189000,,0,18000,207000,payment_method_selected,Credit card,,instagram / bio_link,ig_always_on,,/products/loop-tote-sand,152,6,waiting_for_voucher,2026-07-31 23:04:51,true,false,2026-08-01 22:04:51,false,false,2026-08-01 00:04:51,true,abandoned,,,,https://loopcycle.example/checkouts/c/3878376140046/recover,
3572317247698,2026-07-31 22:52:18,2026-07-31 23:07:18,,n***@gmail.com,,true,mobile,Depok,West Java,ID,LT-SND,"Loop Tote, Sand",Sand,1,189000,,0,,189000,contact_info,,,instagram / bio_link,ig_always_on,,/products/loop-tote-sand,770,3,wanted_other_colour,2026-07-31 23:52:18,true,false,2026-08-01 22:52:18,false,false,,,abandoned,,,,https://loopcycle.example/checkouts/c/3572317247698/recover,
3599707384503,2026-08-01 08:01:22,2026-08-01 08:10:22,,,+62-8**-****-9739,false,mobile,Semarang,Central Java,ID,LT-IND,"Loop Tote, Indigo",Indigo,1,189000,,0,,189000,contact_info,,,direct,,,/products/loop-tote-indigo,843,8,just_browsing_or_comparing,,,,,,,,,abandoned,,,,https://loopcycle.example/checkouts/c/3599707384503/recover,
3394849168728,2026-08-01 08:47:33,2026-08-01 09:01:33,,o***@gmail.com,,true,tablet,Karawang,West Java,ID,LT-SND,"Loop Tote, Sand",Sand,1,189000,,0,40000,229000,shipping_method,,,instagram / bio_link,ig_launch_reel,17908775681335588,/products/loop-tote-sand,373,5,unexpected_shipping_cost,2026-08-01 09:47:33,false,false,2026-08-02 08:47:33,false,false,,,abandoned,,,,https://loopcycle.example/checkouts/c/3394849168728/recover,utm_bio_link
3662447313891,2026-08-01 09:20:18,2026-08-01 09:42:18,,c***@gmail.com,+62-8**-****-7692,false,mobile,Padang,West Sumatra,ID,LT-IND,"Loop Tote, Indigo",Indigo,1,189000,,0,40000,229000,payment_attempted_failed,QRIS,qris_expired,instagram / bio_link,ig_launch_reel,17908775681335588,/products/loop-tote-indigo,494,7,payment_failed,2026-08-01 10:20:18,true,false,2026-08-02 09:20:18,false,false,,,abandoned,,,,https://loopcycle.example/checkouts/c/3662447313891/recover,utm_bio_link
3843242317068,2026-08-01 09:26:12,2026-08-01 09:33:12,,k***@gmail.com,+62-8**-****-5794,true,mobile,Subang,West Java,ID,LT-IND,"Loop Tote, Indigo",Indigo,2,378000,NEWSLETTER5,19000,0,359000,shipping_method,,,instagram / bio_link,ig_launch_reel,17908775681335588,/products/loop-tote-indigo,635,3,delivery_time_too_long,2026-08-01 10:26:12,true,false,2026-08-02 09:26:12,true,false,2026-08-01 11:26:12,false,abandoned,,,,https://loopcycle.example/checkouts/c/3843242317068/recover,utm_bio_link
3908936471492,2026-08-01 10:30:27,2026-08-01 10:38:27,,t***@gmail.com,+62-8**-****-4750,true,desktop,Garut,West Java,ID,LT-IND,"Loop Tote, Indigo",Indigo,1,189000,,0,18000,207000,payment_method_selected,Bank transfer (VA),,instagram / bio_link,ig_launch_reel,17908775681335588,/products/loop-tote-indigo,645,2,payment_page_expired,2026-08-01 11:30:27,true,true,2026-08-02 10:30:27,true,false,,,abandoned,,,,https://loopcycle.example/checkouts/c/3908936471492/recover,utm_bio_link
3291927843111,2026-08-01 11:39:07,2026-08-01 11:57:07,,j***@gmail.com,,false,tablet,Bandung,West Java,ID,LT-GRN,"Loop Tote, Sea-green",Sea-green,1,189000,,0,,189000,contact_info,,,google / organic,,,/products/loop-tote-sea-green,380,2,just_browsing_or_comparing,2026-08-01 12:39:07,true,false,2026-08-02 11:39:07,false,false,,,abandoned,,,,https://loopcycle.example/checkouts/c/3291927843111/recover,
3880965823642,2026-08-01 13:14:49,2026-08-01 13:33:49,,b***@yahoo.co.id,+62-8**-****-2996,false,mobile,Semarang,Central Java,ID,LT-IND,"Loop Tote, Indigo",Indigo,1,189000,LOOP14,19000,40000,210000,shipping_method,,,instagram / bio_link,ig_launch_reel,17908775681335588,/products/loop-tote-indigo,778,4,waiting_for_promo_code,2026-08-01 14:14:49,true,false,2026-08-02 13:14:49,false,false,,,abandoned,,,,https://loopcycle.example/checkouts/c/3880965823642/recover,utm_bio_link
3150674082909,2026-08-01 13:39:22,2026-08-01 13:43:22,,r***@icloud.com,+62-8**-****-5237,true,mobile,Jakarta,DKI Jakarta,ID,LT-GRN,"Loop Tote, Sea-green",Sea-green,1,189000,,0,,189000,contact_info,,,newsletter,,,/products/loop-tote-sea-green,109,9,distracted_or_session_ended,2026-08-01 14:39:22,false,false,2026-08-02 13:39:22,false,false,,,abandoned,,,,https://loopcycle.example/checkouts/c/3150674082909/recover,
3846585271529,2026-08-01 14:07:57,2026-08-01 14:08:57,,d***@icloud.com,+62-8**-****-2361,true,mobile,Surabaya,East Java,ID,LT-IND,"Loop Tote, Indigo",Indigo,1,189000,,0,,189000,contact_info,,,instagram / bio_link,ig_launch_reel,17908775681335588,/products/loop-tote-indigo,755,3,just_browsing_or_comparing,2026-08-01 15:07:57,true,false,2026-08-02 14:07:57,false,false,2026-08-01 16:07:57,false,abandoned,,,,https://loopcycle.example/checkouts/c/3846585271529/recover,utm_bio_link
3801804142229,2026-08-01 16:47:04,2026-08-01 16:48:04,,m***@gmail.com,+62-8**-****-3367,false,mobile,Depok,West Java,ID,LT-SND,"Loop Tote, Sand",Sand,3,567000,,0,0,567000,payment_attempted_failed,GoPay,timeout,instagram / bio_link,ig_launch_reel,17908775681335588,/products/loop-tote-sand,69,9,payment_failed,2026-08-01 17:47:04,false,false,2026-08-02 16:47:04,true,false,2026-08-01 18:47:04,false,abandoned,,,,https://loopcycle.example/checkouts/c/3801804142229/recover,utm_bio_link
3609680647786,2026-08-01 17:21:59,2026-08-01 17:24:59,,,+62-8**-****-4514,false,mobile,Tangerang,Banten,ID,LT-SND,"Loop Tote, Sand",Sand,1,189000,,0,40000,229000,shipping_method,,,instagram / bio_link,ig_launch_reel,17908775681335588,/products/loop-tote-sand,104,6,unexpected_shipping_cost,,,,,,,2026-08-01 19:21:59,true,abandoned,,,,https://loopcycle.example/checkouts/c/3609680647786/recover,utm_bio_link
3938574692068,2026-08-01 18:15:22,2026-08-01 18:22:22,C000722,t***@gmail.com,,true,mobile,Bekasi,West Java,ID,LT-IND,"Loop Tote, Indigo",Indigo,3,567000,LOOP14,56500,0,510500,shipping_method,QRIS,,direct,,,/products/loop-tote-indigo,701,9,delivery_time_too_long,2026-08-01 19:15:22,true,true,,,,,,recovered,email,#LT10196,2026-08-02 13:24:13,https://loopcycle.example/checkouts/c/3938574692068/recover,
3445414676743,2026-08-01 20:51:32,2026-08-01 20:55:32,,k***@gmail.com,+62-8**-****-9110,true,mobile,Bandung,West Java,ID,LT-IND,"Loop Tote, Indigo",Indigo,1,189000,,0,,189000,contact_info,,,instagram / bio_link,ig_launch_reel,17908775681335588,/products/loop-tote-indigo,541,7,distracted_or_session_ended,2026-08-01 21:51:32,true,false,2026-08-02 20:51:32,false,false,2026-08-01 22:51:32,false,abandoned,,,,https://loopcycle.example/checkouts/c/3445414676743/recover,utm_bio_link
3267330211243,2026-08-01 20:52:15,2026-08-01 20:56:15,,f***@gmail.com,+62-8**-****-3344,true,mobile,Bandung,West Java,ID,LT-GRN,"Loop Tote, Sea-green",Sea-green,1,189000,,0,15000,204000,shipping_method,,,instagram / bio_link,ig_launch_reel,17908775681335588,/products/loop-tote-sea-green,146,9,delivery_time_too_long,2026-08-01 21:52:15,true,false,2026-08-02 20:52:15,false,false,2026-08-01 22:52:15,false,abandoned,,,,https://loopcycle.example/checkouts/c/3267330211243/recover,utm_bio_link
3312443425994,2026-08-01 21:44:40,2026-08-01 22:00:40,,b***@gmail.com,,false,mobile,Depok,West Java,ID,LT-IND,"Loop Tote, Indigo",Indigo,1,189000,,0,25000,214000,payment_attempted_failed,GoPay,timeout,instagram / bio_link,ig_launch_reel,17908775681335588,/products/loop-tote-indigo,635,2,payment_failed,2026-08-01 22:44:40,false,false,2026-08-02 21:44:40,false,false,,,abandoned,,,,https://loopcycle.example/checkouts/c/3312443425994/recover,utm_bio_link
3231689780586,2026-08-01 22:26:31,2026-08-01 22:29:31,,k***@gmail.com,+62-8**-****-5526,false,mobile,Jakarta,DKI Jakarta,ID,LT-GRN,"Loop Tote, Sea-green",Sea-green,1,189000,LOOP14,19000,,170000,contact_info,,,instagram / bio_link,ig_launch_reel,17908775681335588,/products/loop-tote-sea-green,883,2,just_browsing_or_comparing,2026-08-01 23:26:31,true,false,2026-08-02 22:26:31,false,false,2026-08-02 00:26:31,false,abandoned,,,,https://loopcycle.example/checkouts/c/3231689780586/recover,promo_code_match
3818663974126,2026-08-02 07:42:36,2026-08-02 07:45:36,,r***@gmail.com,,true,mobile,Depok,West Java,ID,LT-SND,"Loop Tote, Sand",Sand,1,189000,,0,32000,221000,shipping_method,,,instagram / bio_link,ig_launch_reel,17908775681335588,/products/loop-tote-sand,240,7,delivery_time_too_long,2026-08-02 08:42:36,true,false,2026-08-03 07:42:36,false,false,,,abandoned,,,,https://loopcycle.example/checkouts/c/3818663974126/recover,utm_bio_link
3962668562430,2026-08-02 07:59:56,2026-08-02 08:12:56,,a***@gmail.com,,true,desktop,Makassar,South Sulawesi,ID,LT-SND,"Loop Tote, Sand",Sand,2,378000,,0,0,378000,shipping_method,,,instagram / bio_link,ig_launch_reel,17908775681335588,/products/loop-tote-sand,379,2,waiting_for_promo_code,2026-08-02 08:59:56,true,true,2026-08-03 07:59:56,false,false,,,abandoned,,,,https://loopcycle.example/checkouts/c/3962668562430/recover,utm_bio_link
3525436286255,2026-08-02 10:01:27,2026-08-02 10:22:27,,d***@gmail.com,,true,mobile,Bandung,West Java,ID,LT-IND,"Loop Tote, Indigo",Indigo,3,567000,,0,0,567000,shipping_method,,,instagram / bio_link,ig_launch_reel,17908775681335588,/products/loop-tote-indigo,687,3,unexpected_shipping_cost,2026-08-02 11:01:27,true,false,2026-08-03 10:01:27,true,false,,,abandoned,,,,https://loopcycle.example/checkouts/c/3525436286255/recover,utm_bio_link
3872069096537,2026-08-02 11:19:33,2026-08-02 11:27:33,,n***@gmail.com,,false,tablet,Palembang,South Sumatra,ID,LT-SND,"Loop Tote, Sand",Sand,2,378000,,0,0,378000,shipping_method,,,google / organic,,,/products/loop-tote-sand,537,6,distracted_or_session_ended,2026-08-02 12:19:33,true,false,2026-08-03 11:19:33,false,false,,,abandoned,,,,https://loopcycle.example/checkouts/c/3872069096537/recover,
3019122320246,2026-08-02 12:09:27,2026-08-02 12:25:27,,y***@gmail.com,+62-8**-****-3430,false,mobile,Bekasi,West Java,ID,LT-GRN,"Loop Tote, Sea-green",Sea-green,1,189000,,0,15000,204000,payment_attempted_failed,Credit card,3ds_failed,instagram / bio_link,ig_launch_reel,17908775681335588,/products/loop-tote-sea-green,78,4,payment_failed,2026-08-02 13:09:27,true,false,2026-08-03 12:09:27,false,false,2026-08-02 14:09:27,false,abandoned,,,,https://loopcycle.example/checkouts/c/3019122320246/recover,utm_bio_link
3196717437077,2026-08-02 12:13:51,2026-08-02 12:32:51,,j***@outlook.com,+62-8**-****-2774,false,mobile,Jakarta,DKI Jakarta,ID,LT-SND,"Loop Tote, Sand",Sand,1,189000,LOOP14,19000,15000,185000,payment_method_selected,Bank transfer (VA),,instagram / bio_link,ig_launch_reel,17908775681335588,/products/loop-tote-sand,671,2,checking_marketplace_price,2026-08-02 13:13:51,false,false,2026-08-03 12:13:51,true,false,,,abandoned,,,,https://loopcycle.example/checkouts/c/3196717437077/recover,promo_code_match
3376506051440,2026-08-02 12:22:02,2026-08-02 12:44:02,,,+62-8**-****-4813,false,mobile,Yogyakarta,DI Yogyakarta,ID,LT-IND,"Loop Tote, Indigo",Indigo,1,189000,LOOP14,19000,25000,195000,shipping_method,,,instagram / bio_link,ig_launch_reel,17908775681335588,/products/loop-tote-indigo,177,10,unexpected_shipping_cost,,,,,,,2026-08-02 14:22:02,false,abandoned,,,,https://loopcycle.example/checkouts/c/3376506051440/recover,promo_code_match
3269691538267,2026-08-02 12:36:24,2026-08-02 12:54:24,,t***@gmail.com,+62-8**-****-3125,false,mobile,Bandung,West Java,ID,LT-IND,"Loop Tote, Indigo",Indigo,1,189000,,0,40000,229000,payment_attempted_failed,QRIS,qris_expired,instagram / bio_link,ig_launch_reel,17908775681335588,/products/loop-tote-indigo,873,6,payment_failed,2026-08-02 13:36:24,false,false,2026-08-03 12:36:24,false,false,,,abandoned,,,,https://loopcycle.example/checkouts/c/3269691538267/recover,utm_bio_link
3786998162150,2026-08-02 13:35:35,2026-08-02 13:41:35,,l***@gmail.com,,false,mobile,Garut,West Java,ID,LT-IND,"Loop Tote, Indigo",Indigo,1,189000,,0,,189000,contact_info,,,instagram / bio_link,ig_launch_reel,17908775681335588,/products/loop-tote-indigo,782,8,account_or_form_friction,2026-08-02 14:35:35,false,false,2026-08-03 13:35:35,false,false,,,abandoned,,,,https://loopcycle.example/checkouts/c/3786998162150/recover,utm_bio_link
3601470957767,2026-08-02 13:35:50,2026-08-02 13:51:50,,c***@gmail.com,+62-8**-****-9653,false,mobile,Makassar,South Sulawesi,ID,LT-SND,"Loop Tote, Sand",Sand,1,189000,LOOP14,19000,,170000,contact_info,,,instagram / bio_link,ig_launch_reel,17908775681335588,/products/loop-tote-sand,450,8,account_or_form_friction,2026-08-02 14:35:50,true,false,2026-08-03 13:35:50,false,false,2026-08-02 15:35:50,true,abandoned,,,,https://loopcycle.example/checkouts/c/3601470957767/recover,promo_code_match
3083402968432,2026-08-02 13:43:55,2026-08-02 14:07:55,,o***@gmail.com,+62-8**-****-6072,true,desktop,Yogyakarta,DI Yogyakarta,ID,LT-IND,"Loop Tote, Indigo",Indigo,1,189000,,0,,189000,contact_info,,,direct,,,/products/loop-tote-indigo,653,3,just_browsing_or_comparing,2026-08-02 14:43:55,false,false,2026-08-03 13:43:55,true,false,,,abandoned,,,,https://loopcycle.example/checkouts/c/3083402968432/recover,
3999177635923,2026-08-02 14:13:34,2026-08-02 14:28:34,,y***@hotmail.com,,false,mobile,Malang,East Java,ID,LT-GRN,"Loop Tote, Sea-green",Sea-green,1,189000,,0,18000,207000,payment_method_selected,QRIS,,instagram / bio_link,ig_launch_reel,17908775681335588,/products/loop-tote-sea-green,627,5,waiting_for_voucher,2026-08-02 15:13:34,false,false,2026-08-03 14:13:34,true,false,,,abandoned,,,,https://loopcycle.example/checkouts/c/3999177635923/recover,utm_bio_link
3654460725756,2026-08-02 14:18:16,2026-08-02 14:30:16,,r***@yahoo.co.id,+62-8**-****-2297,true,mobile,Bandung,West Java,ID,LT-IND,"Loop Tote, Indigo",Indigo,1,189000,LOOP14,19000,32000,202000,payment_attempted_failed,Credit card,3ds_failed,instagram / bio_link,ig_launch_reel,17908775681335588,/products/loop-tote-indigo,840,7,payment_failed,2026-08-02 15:18:16,false,false,2026-08-03 14:18:16,false,false,2026-08-02 16:18:16,false,abandoned,,,,https://loopcycle.example/checkouts/c/3654460725756/recover,promo_code_match
3526045352343,2026-08-02 14:29:45,2026-08-02 14:54:45,,,+62-8**-****-4634,false,mobile,Bekasi,West Java,ID,LT-SND,"Loop Tote, Sand",Sand,1,189000,,0,,189000,contact_info,,,instagram / bio_link,ig_launch_reel,17908775681335588,/products/loop-tote-sand,184,4,just_browsing_or_comparing,,,,,,,2026-08-02 16:29:45,false,abandoned,,,,https://loopcycle.example/checkouts/c/3526045352343/recover,utm_bio_link
3229846543866,2026-08-02 15:34:02,2026-08-02 15:43:02,,m***@proton.me,,true,mobile,Medan,North Sumatra,ID,LT-GRN,"Loop Tote, Sea-green",Sea-green,1,189000,,0,,189000,contact_info,,,instagram / bio_link,ig_picker_stories_p01,17901551251058872,/products/loop-tote-sea-green,47,8,wanted_other_colour,2026-08-02 16:34:02,false,false,2026-08-03 15:34:02,true,false,,,abandoned,,,,https://loopcycle.example/checkouts/c/3229846543866/recover,utm_bio_link
3364437852949,2026-08-02 15:48:24,2026-08-02 16:01:24,,p***@outlook.com,+62-8**-****-1919,true,mobile,Karawang,West Java,ID,LT-IND,"Loop Tote, Indigo",Indigo,1,189000,,0,15000,204000,shipping_method,,,instagram / bio_link,ig_launch_reel,17908775681335588,/products/loop-tote-indigo,310,3,unexpected_shipping_cost,2026-08-02 16:48:24,false,false,2026-08-03 15:48:24,false,false,2026-08-02 17:48:24,false,abandoned,,,,https://loopcycle.example/checkouts/c/3364437852949/recover,utm_bio_link
3163238364739,2026-08-02 15:52:47,2026-08-02 15:55:47,,y***@gmail.com,,true,mobile,Jakarta,DKI Jakarta,ID,LT-GRN,"Loop Tote, Sea-green",Sea-green,1,189000,,0,,189000,contact_info,,,instagram / bio_link,ig_launch_reel,17908775681335588,/products/loop-tote-sea-green,458,4,just_browsing_or_comparing,2026-08-02 16:52:47,true,false,2026-08-03 15:52:47,true,false,,,abandoned,,,,https://loopcycle.example/checkouts/c/3163238364739/recover,utm_bio_link
3607672763591,2026-08-02 16:40:33,2026-08-02 17:01:33,,n***@proton.me,,true,mobile,Depok,West Java,ID,LT-IND,"Loop Tote, Indigo",Indigo,1,189000,LOOP14,19000,25000,195000,shipping_method,,,instagram / bio_link,ig_launch_reel,17908775681335588,/products/loop-tote-indigo,94,11,unexpected_shipping_cost,2026-08-02 17:40:33,false,false,2026-08-03 16:40:33,false,false,,,abandoned,,,,https://loopcycle.example/checkouts/c/3607672763591/recover,promo_code_match
3187183359020,2026-08-02 17:20:46,2026-08-02 17:29:46,,,+62-8**-****-5278,false,mobile,Bandung,West Java,ID,LT-GRN,"Loop Tote, Sea-green",Sea-green,1,189000,,0,,189000,contact_info,,,instagram / bio_link,ig_launch_reel,17908775681335588,/products/loop-tote-sea-green,285,4,account_or_form_friction,,,,,,,,,abandoned,,,,https://loopcycle.example/checkouts/c/3187183359020/recover,utm_bio_link
3281147136635,2026-08-02 18:06:54,2026-08-02 18:24:54,,k***@gmail.com,,true,mobile,Depok,West Java,ID,LT-SND,"Loop Tote, Sand",Sand,2,378000,NEWSLETTER5,19000,0,359000,payment_method_selected,QRIS,,instagram / bio_link,ig_launch_reel,17908775681335588,/products/loop-tote-sand,207,2,payment_page_expired,2026-08-02 19:06:54,false,false,2026-08-03 18:06:54,false,false,,,abandoned,,,,https://loopcycle.example/checkouts/c/3281147136635/recover,utm_bio_link
3606967295881,2026-08-02 18:36:22,2026-08-02 18:39:22,,k***@gmail.com,+62-8**-****-5122,true,mobile,Garut,West Java,ID,LT-IND,"Loop Tote, Indigo",Indigo,1,189000,,0,40000,229000,payment_attempted_failed,QRIS,qris_expired,google / organic,,,/products/loop-tote-indigo,807,2,payment_failed,2026-08-02 19:36:22,true,false,2026-08-03 18:36:22,false,false,,,abandoned,,,,https://loopcycle.example/checkouts/c/3606967295881/recover,
3705297221155,2026-08-02 18:40:43,2026-08-02 18:53:43,,t***@hotmail.com,,true,desktop,Medan,North Sumatra,ID,LT-IND,"Loop Tote, Indigo",Indigo,4,756000,LOOP14,75500,0,680500,payment_method_selected,Credit card,,instagram / bio_link,ig_launch_reel,17908775681335588,/products/loop-tote-indigo,459,9,waiting_for_voucher,2026-08-02 19:40:43,false,false,2026-08-03 18:40:43,false,false,,,abandoned,,,,https://loopcycle.example/checkouts/c/3705297221155/recover,promo_code_match
3827121156922,2026-08-02 18:46:45,2026-08-02 18:58:45,,,+62-8**-****-8408,false,mobile,Bandung,West Java,ID,LT-IND,"Loop Tote, Indigo",Indigo,1,189000,,0,,189000,contact_info,,,instagram / bio_link,ig_picker_stories_p01,17901551251058872,/products/loop-tote-indigo,334,9,just_browsing_or_comparing,,,,,,,,,abandoned,,,,https://loopcycle.example/checkouts/c/3827121156922/recover,utm_bio_link
3465484543741,2026-08-02 18:49:47,2026-08-02 19:13:47,,c***@gmail.com,,true,desktop,Jakarta,DKI Jakarta,ID,LT-IND,"Loop Tote, Indigo",Indigo,2,378000,LOOP14,38000,0,340000,payment_method_selected,QRIS,,newsletter,,,/products/loop-tote-indigo,613,10,preferred_payment_unavailable,2026-08-02 19:49:47,false,false,2026-08-03 18:49:47,false,false,,,abandoned,,,,https://loopcycle.example/checkouts/c/3465484543741/recover,
3434417825362,2026-08-02 19:03:56,2026-08-02 19:27:56,,i***@gmail.com,+62-8**-****-9954,true,desktop,Jakarta,DKI Jakarta,ID,LT-IND,"Loop Tote, Indigo",Indigo,1,189000,,0,18000,207000,shipping_method,,,instagram / bio_link,ig_launch_reel,17908775681335588,/products/loop-tote-indigo,743,3,waiting_for_promo_code,2026-08-02 20:03:56,false,false,2026-08-03 19:03:56,false,false,,,abandoned,,,,https://loopcycle.example/checkouts/c/3434417825362/recover,utm_bio_link
3123143950692,2026-08-02 19:49:05,2026-08-02 20:02:05,,w***@gmail.com,,true,mobile,Depok,West Java,ID,LT-GRN,"Loop Tote, Sea-green",Sea-green,2,378000,,0,0,378000,shipping_method,,,google / organic,,,/products/loop-tote-sea-green,321,3,unexpected_shipping_cost,2026-08-02 20:49:05,false,false,2026-08-03 19:49:05,false,false,,,abandoned,,,,https://loopcycle.example/checkouts/c/3123143950692/recover,
3739821276540,2026-08-02 20:20:40,2026-08-02 20:30:40,,,+62-8**-****-5494,false,mobile,Tangerang,Banten,ID,LT-SND,"Loop Tote, Sand",Sand,1,189000,,0,,189000,contact_info,,,newsletter,,,/products/loop-tote-sand,751,6,distracted_or_session_ended,,,,,,,2026-08-02 22:20:40,false,abandoned,,,,https://loopcycle.example/checkouts/c/3739821276540/recover,
3229237305050,2026-08-02 21:03:07,2026-08-02 21:23:07,,t***@proton.me,+62-8**-****-7034,true,mobile,Depok,West Java,ID,LT-GRN,"Loop Tote, Sea-green",Sea-green,3,567000,,0,0,567000,payment_method_selected,QRIS,,instagram / bio_link,ig_always_on,,/products/loop-tote-sea-green,703,6,payment_page_expired,2026-08-02 22:03:07,true,false,2026-08-03 21:03:07,false,false,2026-08-02 23:03:07,false,abandoned,,,,https://loopcycle.example/checkouts/c/3229237305050/recover,
3802582217463,2026-08-02 21:15:53,2026-08-02 21:38:53,,r***@gmail.com,+62-8**-****-6645,false,mobile,Makassar,South Sulawesi,ID,LT-GRN,"Loop Tote, Sea-green",Sea-green,1,189000,LOOP14,19000,18000,188000,payment_attempted_failed,GoPay,timeout,instagram / bio_link,ig_launch_reel,17908775681335588,/products/loop-tote-sea-green,803,11,payment_failed,2026-08-02 22:15:53,false,false,2026-08-03 21:15:53,false,false,,,abandoned,,,,https://loopcycle.example/checkouts/c/3802582217463/recover,promo_code_match
3342737392008,2026-08-03 08:16:04,2026-08-03 08:20:04,,b***@gmail.com,,true,mobile,Karawang,West Java,ID,LT-GRN,"Loop Tote, Sea-green",Sea-green,1,189000,,0,25000,214000,shipping_method,,,instagram / bio_link,ig_launch_reel,17908775681335588,/products/loop-tote-sea-green,484,6,delivery_time_too_long,2026-08-03 09:16:04,true,false,2026-08-04 08:16:04,false,false,,,abandoned,,,,https://loopcycle.example/checkouts/c/3342737392008/recover,utm_bio_link
3906824659483,2026-08-03 09:04:30,2026-08-03 09:28:30,,c***@gmail.com,+62-8**-****-2785,false,mobile,Bogor,West Java,ID,LT-GRN,"Loop Tote, Sea-green",Sea-green,1,189000,,0,15000,204000,shipping_method,,,instagram / bio_link,ig_launch_reel,17908775681335588,/products/loop-tote-sea-green,664,5,unexpected_shipping_cost,2026-08-03 10:04:30,true,true,2026-08-04 09:04:30,false,false,2026-08-03 11:04:30,false,abandoned,,,,https://loopcycle.example/checkouts/c/3906824659483/recover,utm_bio_link
3528165986684,2026-08-03 11:59:22,2026-08-03 12:13:22,,b***@gmail.com,,true,desktop,Bekasi,West Java,ID,LT-SND,"Loop Tote, Sand",Sand,1,189000,,0,15000,204000,shipping_method,,,instagram / bio_link,ig_launch_reel,17908775681335588,/products/loop-tote-sand,409,8,waiting_for_promo_code,2026-08-03 12:59:22,true,false,2026-08-04 11:59:22,true,false,,,abandoned,,,,https://loopcycle.example/checkouts/c/3528165986684/recover,utm_bio_link
3290931719489,2026-08-03 13:22:49,2026-08-03 13:29:49,,h***@proton.me,,false,mobile,Malang,East Java,ID,LT-GRN,"Loop Tote, Sea-green",Sea-green,1,189000,LOOP14,19000,25000,195000,shipping_method,,,instagram / bio_link,ig_launch_reel,17908775681335588,/products/loop-tote-sea-green,64,8,unexpected_shipping_cost,2026-08-03 14:22:49,false,false,2026-08-04 13:22:49,true,false,,,abandoned,,,,https://loopcycle.example/checkouts/c/3290931719489/recover,promo_code_match
3346303204895,2026-08-03 13:45:47,2026-08-03 13:49:47,,,+62-8**-****-8259,false,mobile,Surabaya,East Java,ID,LT-IND,"Loop Tote, Indigo",Indigo,1,189000,,0,,189000,contact_info,,,instagram / bio_link,ig_launch_reel,17908775681335588,/products/loop-tote-indigo,600,10,distracted_or_session_ended,,,,,,,2026-08-03 15:45:47,false,abandoned,,,,https://loopcycle.example/checkouts/c/3346303204895/recover,utm_bio_link
3518643498636,2026-08-03 14:48:25,2026-08-03 15:08:25,,b***@gmail.com,+62-8**-****-4868,true,mobile,Bandung,West Java,ID,LT-SND,"Loop Tote, Sand",Sand,1,189000,LOOP14,19000,,170000,contact_info,,,instagram / bio_link,ig_launch_reel,17908775681335588,/products/loop-tote-sand,537,4,just_browsing_or_comparing,2026-08-03 15:48:25,true,false,2026-08-04 14:48:25,true,false,2026-08-03 16:48:25,false,abandoned,,,,https://loopcycle.example/checkouts/c/3518643498636/recover,promo_code_match
3243161781323,2026-08-03 15:39:32,2026-08-03 15:57:32,,,+62-8**-****-7529,false,mobile,Bekasi,West Java,ID,LT-IND,"Loop Tote, Indigo",Indigo,1,189000,,0,18000,207000,shipping_method,,,instagram / bio_link,ig_always_on,,/products/loop-tote-indigo,247,7,unexpected_shipping_cost,,,,,,,2026-08-03 17:39:32,false,abandoned,,,,https://loopcycle.example/checkouts/c/3243161781323/recover,
3156370316357,2026-08-03 16:56:28,2026-08-03 17:17:28,,d***@gmail.com,+62-8**-****-5332,true,mobile,Depok,West Java,ID,LT-GRN,"Loop Tote, Sea-green",Sea-green,1,189000,,0,32000,221000,shipping_method,,,google / organic,,,/products/loop-tote-sea-green,818,7,unexpected_shipping_cost,2026-08-03 17:56:28,false,false,2026-08-04 16:56:28,false,false,2026-08-03 18:56:28,false,abandoned,,,,https://loopcycle.example/checkouts/c/3156370316357/recover,
3403219878504,2026-08-03 18:07:04,2026-08-03 18:26:04,C000139,r***@gmail.com,,true,desktop,Bandung,West Java,ID,LT-IND,"Loop Tote, Indigo",Indigo,2,378000,,0,0,378000,payment_method_selected,QRIS,,newsletter,,,/products/loop-tote-indigo,752,3,payment_page_expired,2026-08-03 19:07:04,true,true,,,,,,recovered,email,#LT10218,2026-08-03 21:40:32,https://loopcycle.example/checkouts/c/3403219878504/recover,
3190247372799,2026-08-03 18:37:36,2026-08-03 18:56:36,,o***@gmail.com,,false,mobile,Subang,West Java,ID,LT-SND,"Loop Tote, Sand",Sand,1,189000,LOOP14,19000,,170000,contact_info,,,instagram / bio_link,ig_launch_reel,17908775681335588,/products/loop-tote-sand,308,4,distracted_or_session_ended,2026-08-03 19:37:36,true,false,2026-08-04 18:37:36,true,false,,,abandoned,,,,https://loopcycle.example/checkouts/c/3190247372799/recover,promo_code_match
3854807657389,2026-08-03 19:39:50,2026-08-03 19:51:50,C000773,j***@gmail.com,+62-8**-****-3271,true,desktop,Garut,West Java,ID,LT-GRN,"Loop Tote, Sea-green",Sea-green,1,189000,,0,40000,229000,payment_attempted_failed,GoPay,timeout,instagram / bio_link,ig_launch_reel,17908775681335588,/products/loop-tote-sea-green,261,5,payment_failed,2026-08-03 20:39:50,true,true,,,,,,recovered,email,#LT10219,2026-08-03 22:48:54,https://loopcycle.example/checkouts/c/3854807657389/recover,utm_bio_link
3232580015645,2026-08-03 19:47:07,2026-08-03 20:08:07,,b***@yahoo.co.id,,true,mobile,Padang,West Sumatra,ID,LT-GRN,"Loop Tote, Sea-green",Sea-green,1,189000,LOOP14,19000,15000,185000,payment_attempted_failed,QRIS,qris_expired,google / organic,,,/products/loop-tote-sea-green,187,3,payment_failed,2026-08-03 20:47:07,false,false,2026-08-04 19:47:07,false,false,,,abandoned,,,,https://loopcycle.example/checkouts/c/3232580015645/recover,
3140308889620,2026-08-03 20:52:07,2026-08-03 20:53:07,,o***@gmail.com,,true,mobile,Jakarta,DKI Jakarta,ID,LT-SND,"Loop Tote, Sand",Sand,1,189000,,0,32000,221000,shipping_method,,,instagram / bio_link,ig_launch_reel,17908775681335588,/products/loop-tote-sand,625,2,waiting_for_promo_code,2026-08-03 21:52:07,true,true,2026-08-04 20:52:07,true,true,,,abandoned,,,,https://loopcycle.example/checkouts/c/3140308889620/recover,utm_bio_link
3619437617625,2026-08-03 21:12:30,2026-08-03 21:29:30,,o***@gmail.com,+62-8**-****-4059,true,desktop,Tangerang,Banten,ID,LT-GRN,"Loop Tote, Sea-green",Sea-green,1,189000,,0,,189000,contact_info,,,instagram / bio_link,ig_launch_reel,17908775681335588,/products/loop-tote-sea-green,502,6,distracted_or_session_ended,2026-08-03 22:12:30,false,false,2026-08-04 21:12:30,false,false,,,abandoned,,,,https://loopcycle.example/checkouts/c/3619437617625/recover,utm_bio_link
3993799513289,2026-08-03 21:20:30,2026-08-03 21:43:30,,t***@outlook.com,,true,mobile,Semarang,Central Java,ID,LT-SND,"Loop Tote, Sand",Sand,3,567000,,0,0,567000,shipping_method,,,instagram / bio_link,ig_launch_reel,17908775681335588,/products/loop-tote-sand,895,2,distracted_or_session_ended,2026-08-03 22:20:30,true,true,2026-08-04 21:20:30,false,false,,,abandoned,,,,https://loopcycle.example/checkouts/c/3993799513289/recover,utm_bio_link
3572106248067,2026-08-03 21:57:35,2026-08-03 22:01:35,,t***@outlook.com,,true,mobile,Makassar,South Sulawesi,ID,LT-GRN,"Loop Tote, Sea-green",Sea-green,1,189000,,0,15000,204000,payment_method_selected,OVO,,instagram / bio_link,ig_launch_reel,17908775681335588,/products/loop-tote-sea-green,697,7,waiting_for_voucher,2026-08-03 22:57:35,false,false,2026-08-04 21:57:35,false,false,,,abandoned,,,,https://loopcycle.example/checkouts/c/3572106248067/recover,utm_bio_link
3010556786130,2026-08-03 22:58:12,2026-08-03 23:15:12,,,+62-8**-****-3559,false,mobile,Cirebon,West Java,ID,LT-SND,"Loop Tote, Sand",Sand,1,189000,LOOP14,19000,18000,188000,shipping_method,,,instagram / bio_link,ig_launch_reel,17908775681335588,/products/loop-tote-sand,624,10,unexpected_shipping_cost,,,,,,,,,abandoned,,,,https://loopcycle.example/checkouts/c/3010556786130/recover,promo_code_match
3657761605469,2026-08-03 23:19:10,2026-08-03 23:21:10,,a***@proton.me,+62-8**-****-9627,false,desktop,Depok,West Java,ID,LT-SND,"Loop Tote, Sand",Sand,1,189000,LOOP14,19000,18000,188000,shipping_method,,,instagram / bio_link,ig_picker_stories_p01,17901551251058872,/products/loop-tote-sand,177,5,delivery_time_too_long,2026-08-04 00:19:10,false,false,2026-08-04 23:19:10,false,false,2026-08-04 01:19:10,false,abandoned,,,,https://loopcycle.example/checkouts/c/3657761605469/recover,utm_bio_link
3250234355972,2026-08-04 11:17:54,2026-08-04 11:35:54,,j***@gmail.com,+62-8**-****-1912,false,mobile,Bandung,West Java,ID,LT-GRN,"Loop Tote, Sea-green",Sea-green,1,189000,,0,40000,229000,payment_method_selected,ShopeePay,,instagram / bio_link,ig_launch_reel,17908775681335588,/products/loop-tote-sea-green,434,4,payment_page_expired,2026-08-04 12:17:54,true,false,2026-08-05 11:17:54,true,false,2026-08-04 13:17:54,false,abandoned,,,,https://loopcycle.example/checkouts/c/3250234355972/recover,utm_bio_link
3466921911011,2026-08-04 13:02:54,2026-08-04 13:05:54,,o***@gmail.com,,false,mobile,Bandung,West Java,ID,LT-SND,"Loop Tote, Sand",Sand,1,189000,,0,,189000,contact_info,,,instagram / bio_link,ig_launch_reel,17908775681335588,/products/loop-tote-sand,252,3,just_browsing_or_comparing,2026-08-04 14:02:54,true,false,2026-08-05 13:02:54,false,false,,,abandoned,,,,https://loopcycle.example/checkouts/c/3466921911011/recover,utm_bio_link
3955787195701,2026-08-04 17:06:16,2026-08-04 17:31:16,,i***@gmail.com,,true,mobile,Subang,West Java,ID,LT-GRN,"Loop Tote, Sea-green",Sea-green,2,378000,LOOP14,38000,,340000,contact_info,,,instagram / bio_link,ig_launch_reel,17908775681335588,/products/loop-tote-sea-green,632,2,just_browsing_or_comparing,2026-08-04 18:06:16,true,true,2026-08-05 17:06:16,false,false,,,abandoned,,,,https://loopcycle.example/checkouts/c/3955787195701/recover,promo_code_match
3025984579358,2026-08-04 17:46:34,2026-08-04 18:06:34,,d***@gmail.com,+62-8**-****-3950,true,mobile,Semarang,Central Java,ID,LT-GRN,"Loop Tote, Sea-green",Sea-green,2,378000,,0,,378000,contact_info,,,instagram / bio_link,ig_launch_reel,17908775681335588,/products/loop-tote-sea-green,216,8,distracted_or_session_ended,2026-08-04 18:46:34,true,false,2026-08-05 17:46:34,true,false,,,abandoned,,,,https://loopcycle.example/checkouts/c/3025984579358/recover,utm_bio_link
3706662021182,2026-08-05 06:02:00,2026-08-05 06:27:00,C000804,k***@gmail.com,+62-8**-****-2919,false,mobile,Bekasi,West Java,ID,LT-SND,"Loop Tote, Sand",Sand,1,189000,LOOP14,19000,18000,188000,payment_attempted_failed,Bank transfer (VA),va_expired,instagram / bio_link,ig_launch_reel,17908775681335588,/products/loop-tote-sand,424,9,payment_failed,2026-08-05 07:02:00,false,false,,,,2026-08-05 08:02:00,true,recovered,whatsapp,#LT10227,2026-08-05 16:11:53,https://loopcycle.example/checkouts/c/3706662021182/recover,promo_code_match
3496994416563,2026-08-05 07:18:28,2026-08-05 07:42:28,,,+62-8**-****-9562,false,mobile,Cimahi,West Java,ID,LT-IND,"Loop Tote, Indigo",Indigo,1,189000,,0,18000,207000,payment_attempted_failed,Bank transfer (VA),va_expired,whatsapp,,,/products/loop-tote-indigo,498,8,payment_failed,,,,,,,2026-08-05 09:18:28,false,abandoned,,,,https://loopcycle.example/checkouts/c/3496994416563/recover,
3370131025479,2026-08-05 09:58:28,2026-08-05 10:11:28,,s***@gmail.com,,true,mobile,Depok,West Java,ID,LT-GRN,"Loop Tote, Sea-green",Sea-green,1,189000,,0,40000,229000,payment_attempted_failed,Bank transfer (VA),va_expired,instagram / bio_link,ig_always_on,,/products/loop-tote-sea-green,498,6,payment_failed,2026-08-05 10:58:28,true,false,2026-08-06 09:58:28,false,false,,,abandoned,,,,https://loopcycle.example/checkouts/c/3370131025479/recover,
3478546496479,2026-08-05 13:16:34,2026-08-05 13:21:34,,t***@gmail.com,,false,tablet,Bandung,West Java,ID,LT-SND,"Loop Tote, Sand",Sand,3,567000,LOOP14,56500,0,510500,shipping_method,,,instagram / bio_link,ig_launch_reel,17908775681335588,/products/loop-tote-sand,372,9,unexpected_shipping_cost,2026-08-05 14:16:34,true,false,2026-08-06 13:16:34,false,false,,,abandoned,,,,https://loopcycle.example/checkouts/c/3478546496479/recover,promo_code_match
3722554484397,2026-08-05 13:19:27,2026-08-05 13:21:27,,i***@gmail.com,+62-8**-****-7245,true,mobile,Cimahi,West Java,ID,LT-IND,"Loop Tote, Indigo",Indigo,1,189000,LOOP14,19000,32000,202000,payment_attempted_failed,GoPay,insufficient_balance,google / organic,,,/products/loop-tote-indigo,744,6,payment_failed,2026-08-05 14:19:27,true,true,2026-08-06 13:19:27,false,false,,,abandoned,,,,https://loopcycle.example/checkouts/c/3722554484397/recover,
3933823010402,2026-08-05 16:09:21,2026-08-05 16:33:21,,e***@gmail.com,+62-8**-****-2455,true,mobile,Bogor,West Java,ID,LT-IND,"Loop Tote, Indigo",Indigo,2,378000,,0,0,378000,shipping_method,,,instagram / bio_link,ig_process_impact_p03,17901372461039642,/products/loop-tote-indigo,856,7,unexpected_shipping_cost,2026-08-05 17:09:21,true,false,2026-08-06 16:09:21,false,false,,,abandoned,,,,https://loopcycle.example/checkouts/c/3933823010402/recover,utm_bio_link
3302010436579,2026-08-05 17:37:08,2026-08-05 17:51:08,,t***@gmail.com,,true,mobile,Bekasi,West Java,ID,LT-IND,"Loop Tote, Indigo",Indigo,4,756000,,0,0,756000,payment_method_selected,ShopeePay,,instagram / bio_link,ig_launch_reel,17908775681335588,/products/loop-tote-indigo,819,4,payment_page_expired,2026-08-05 18:37:08,false,false,2026-08-06 17:37:08,true,false,,,abandoned,,,,https://loopcycle.example/checkouts/c/3302010436579/recover,utm_bio_link
3087163964592,2026-08-05 18:18:07,2026-08-05 18:30:07,,k***@outlook.com,+62-8**-****-5181,true,mobile,Medan,North Sumatra,ID,LT-GRN,"Loop Tote, Sea-green",Sea-green,3,567000,,0,,567000,contact_info,,,instagram / bio_link,ig_process_impact_p03,17901372461039642,/products/loop-tote-sea-green,626,10,wanted_other_colour,2026-08-05 19:18:07,false,false,2026-08-06 18:18:07,false,false,,,abandoned,,,,https://loopcycle.example/checkouts/c/3087163964592/recover,utm_bio_link
3963248519588,2026-08-05 20:07:37,2026-08-05 20:31:37,C000824,j***@gmail.com,,false,desktop,Bekasi,West Java,ID,LT-GRN,"Loop Tote, Sea-green",Sea-green,1,189000,NEWSLETTER5,9500,32000,211500,shipping_method,Bank transfer (VA),,google / organic,,,/products/loop-tote-sea-green,559,8,unexpected_shipping_cost,2026-08-05 21:07:37,true,true,,,,,,recovered,email,#LT10235,2026-08-06 19:28:17,https://loopcycle.example/checkouts/c/3963248519588/recover,
3419800898322,2026-08-05 21:27:20,2026-08-05 21:30:20,,c***@yahoo.co.id,+62-8**-****-1567,false,mobile,Jakarta,DKI Jakarta,ID,LT-SND,"Loop Tote, Sand",Sand,2,378000,,0,0,378000,shipping_method,,,instagram / bio_link,ig_process_impact_p03,17901372461039642,/products/loop-tote-sand,869,3,unexpected_shipping_cost,2026-08-05 22:27:20,true,false,2026-08-06 21:27:20,false,false,,,abandoned,,,,https://loopcycle.example/checkouts/c/3419800898322/recover,utm_bio_link
3031794441953,2026-08-06 01:49:00,2026-08-06 01:51:00,C000820,d***@yahoo.co.id,,true,mobile,Surabaya,East Java,ID,LT-IND,"Loop Tote, Indigo",Indigo,2,378000,LOOP14,38000,0,340000,payment_method_selected,QRIS,,whatsapp,,,/products/loop-tote-indigo,458,11,waiting_for_voucher,2026-08-06 02:49:00,true,true,,,,,,recovered,email,#LT10233,2026-08-06 16:22:45,https://loopcycle.example/checkouts/c/3031794441953/recover,
3388315036072,2026-08-06 09:34:24,2026-08-06 09:47:24,,p***@yahoo.co.id,,true,tablet,Garut,West Java,ID,LT-GRN,"Loop Tote, Sea-green",Sea-green,1,189000,,0,32000,221000,payment_method_selected,QRIS,,newsletter,,,/products/loop-tote-sea-green,799,3,preferred_payment_unavailable,2026-08-06 10:34:24,true,false,2026-08-07 09:34:24,false,false,,,abandoned,,,,https://loopcycle.example/checkouts/c/3388315036072/recover,
3490263953451,2026-08-06 12:08:35,2026-08-06 12:24:35,,i***@gmail.com,+62-8**-****-1297,false,mobile,Medan,North Sumatra,ID,LT-GRN,"Loop Tote, Sea-green",Sea-green,1,189000,LOOP14,19000,18000,188000,payment_method_selected,QRIS,,google / organic,,,/products/loop-tote-sea-green,342,2,checking_marketplace_price,2026-08-06 13:08:35,true,false,2026-08-07 12:08:35,false,false,,,abandoned,,,,https://loopcycle.example/checkouts/c/3490263953451/recover,
3821785374587,2026-08-06 14:18:14,2026-08-06 14:29:14,,,+62-8**-****-1611,false,mobile,Cimahi,West Java,ID,LT-GRN,"Loop Tote, Sea-green",Sea-green,1,189000,,0,15000,204000,payment_method_selected,QRIS,,instagram / bio_link,ig_process_impact_p03,17901372461039642,/products/loop-tote-sea-green,558,4,preferred_payment_unavailable,,,,,,,2026-08-06 16:18:14,false,abandoned,,,,https://loopcycle.example/checkouts/c/3821785374587/recover,utm_bio_link
3804332893681,2026-08-06 17:38:13,2026-08-06 17:50:13,,,+62-8**-****-8808,false,mobile,Palembang,South Sumatra,ID,LT-IND,"Loop Tote, Indigo",Indigo,1,189000,LOOP14,19000,18000,188000,payment_method_selected,Bank transfer (VA),,whatsapp,,,/products/loop-tote-indigo,505,8,checking_marketplace_price,,,,,,,2026-08-06 19:38:13,false,abandoned,,,,https://loopcycle.example/checkouts/c/3804332893681/recover,
3758880959029,2026-08-06 19:55:33,2026-08-06 20:11:33,,a***@gmail.com,,false,mobile,Cimahi,West Java,ID,LT-IND,"Loop Tote, Indigo",Indigo,1,189000,,0,,189000,contact_info,,,whatsapp,,,/products/loop-tote-indigo,428,4,distracted_or_session_ended,2026-08-06 20:55:33,true,true,2026-08-07 19:55:33,false,false,,,abandoned,,,,https://loopcycle.example/checkouts/c/3758880959029/recover,
3309654346587,2026-08-06 21:42:39,2026-08-06 21:58:39,,n***@gmail.com,+62-8**-****-7701,true,mobile,Makassar,South Sulawesi,ID,LT-IND,"Loop Tote, Indigo",Indigo,2,378000,,0,,378000,contact_info,,,instagram / bio_link,ig_launch_reel,17908775681335588,/products/loop-tote-indigo,666,8,just_browsing_or_comparing,2026-08-06 22:42:39,false,false,2026-08-07 21:42:39,false,false,2026-08-06 23:42:39,false,abandoned,,,,https://loopcycle.example/checkouts/c/3309654346587/recover,utm_bio_link
3879696950246,2026-08-07 12:10:54,2026-08-07 12:12:54,,d***@gmail.com,+62-8**-****-2752,true,desktop,Depok,West Java,ID,LT-IND,"Loop Tote, Indigo",Indigo,2,378000,,0,0,378000,payment_method_selected,ShopeePay,,direct,,,/products/loop-tote-indigo,99,5,payment_page_expired,2026-08-07 13:10:54,false,false,2026-08-08 12:10:54,false,false,2026-08-07 14:10:54,false,abandoned,,,,https://loopcycle.example/checkouts/c/3879696950246/recover,
3831686257332,2026-08-07 16:22:16,2026-08-07 16:42:16,,j***@outlook.com,+62-8**-****-5068,true,mobile,Banjarmasin,South Kalimantan,ID,LT-GRN,"Loop Tote, Sea-green",Sea-green,2,378000,,0,0,378000,payment_attempted_failed,GoPay,timeout,direct,,,/products/loop-tote-sea-green,631,5,payment_failed,2026-08-07 17:22:16,false,false,2026-08-08 16:22:16,false,false,2026-08-07 18:22:16,true,abandoned,,,,https://loopcycle.example/checkouts/c/3831686257332/recover,
3219315034287,2026-08-08 18:29:20,2026-08-08 18:30:20,C000861,c***@gmail.com,+62-8**-****-1944,true,mobile,Bandung,West Java,ID,LT-GRN,"Loop Tote, Sea-green",Sea-green,1,189000,,0,40000,229000,payment_method_selected,GoPay,,instagram / bio_link,ig_behind_the_scenes_p05,17902209188844506,/products/loop-tote-sea-green,557,9,payment_page_expired,2026-08-08 19:29:20,true,false,,,,,,recovered,organic,#LT10239,2026-08-08 22:14:23,https://loopcycle.example/checkouts/c/3219315034287/recover,utm_bio_link
3798289455550,2026-08-09 11:48:55,2026-08-09 11:59:55,,k***@gmail.com,+62-8**-****-5097,true,desktop,Cirebon,West Java,ID,LT-IND,"Loop Tote, Indigo",Indigo,2,378000,,0,0,378000,payment_method_selected,QRIS,,instagram / bio_link,ig_always_on,,/products/loop-tote-indigo,78,7,preferred_payment_unavailable,2026-08-09 12:48:55,false,false,2026-08-10 11:48:55,false,false,2026-08-09 13:48:55,true,abandoned,,,,https://loopcycle.example/checkouts/c/3798289455550/recover,
3652620316824,2026-08-09 23:42:28,2026-08-10 00:03:28,,,+62-8**-****-6628,false,mobile,Garut,West Java,ID,LT-IND,"Loop Tote, Indigo",Indigo,1,189000,,0,40000,229000,shipping_method,,,google / organic,,,/products/loop-tote-indigo,535,7,unexpected_shipping_cost,,,,,,,2026-08-10 01:42:28,false,abandoned,,,,https://loopcycle.example/checkouts/c/3652620316824/recover,
3882761731538,2026-08-10 01:52:42,2026-08-10 02:13:42,,,+62-8**-****-7661,false,desktop,Jakarta,DKI Jakarta,ID,LT-SND,"Loop Tote, Sand",Sand,1,189000,,0,18000,207000,shipping_method,,,instagram / bio_link,ig_behind_the_scenes_p05,17902209188844506,/products/loop-tote-sand,395,7,distracted_or_session_ended,,,,,,,,,abandoned,,,,https://loopcycle.example/checkouts/c/3882761731538/recover,utm_bio_link
3093409066827,2026-08-10 02:08:34,2026-08-10 02:16:34,C000443,m***@gmail.com,,true,mobile,Surabaya,East Java,ID,LT-GRN,"Loop Tote, Sea-green",Sea-green,2,378000,,0,0,378000,payment_attempted_failed,Bank transfer (VA),va_expired,instagram / bio_link,ig_styling_carousel,17903562482994432,/products/loop-tote-sea-green,231,7,payment_failed,2026-08-10 03:08:34,false,false,,,,2026-08-10 04:08:34,true,recovered,whatsapp,#LT10250,2026-08-10 21:14:09,https://loopcycle.example/checkouts/c/3093409066827/recover,utm_bio_link
3040254032805,2026-08-10 09:52:53,2026-08-10 10:13:53,,,+62-8**-****-8761,false,mobile,Cianjur,West Java,ID,LT-GRN,"Loop Tote, Sea-green",Sea-green,2,378000,,0,0,378000,shipping_method,,,instagram / bio_link,ig_always_on,,/products/loop-tote-sea-green,811,10,distracted_or_session_ended,,,,,,,2026-08-10 11:52:53,true,abandoned,,,,https://loopcycle.example/checkouts/c/3040254032805/recover,
3685254208315,2026-08-10 11:03:20,2026-08-10 11:22:20,,,+62-8**-****-5588,false,mobile,Subang,West Java,ID,LT-IND,"Loop Tote, Indigo",Indigo,1,189000,,0,32000,221000,payment_attempted_failed,QRIS,qris_expired,google / organic,,,/products/loop-tote-indigo,866,9,payment_failed,,,,,,,,,abandoned,,,,https://loopcycle.example/checkouts/c/3685254208315/recover,
3441454893494,2026-08-10 11:23:53,2026-08-10 11:38:53,,f***@yahoo.co.id,,true,tablet,Tasikmalaya,West Java,ID,LT-IND,"Loop Tote, Indigo",Indigo,2,378000,,0,0,378000,shipping_method,,,instagram / bio_link,ig_always_on,,/products/loop-tote-indigo,394,6,unexpected_shipping_cost,2026-08-10 12:23:53,false,false,2026-08-11 11:23:53,false,false,,,abandoned,,,,https://loopcycle.example/checkouts/c/3441454893494/recover,
3795688863795,2026-08-10 12:48:47,2026-08-10 13:11:47,,,+62-8**-****-7271,false,mobile,Medan,North Sumatra,ID,LT-GRN,"Loop Tote, Sea-green",Sea-green,1,189000,,0,40000,229000,shipping_method,,,instagram / bio_link,ig_always_on,,/products/loop-tote-sea-green,545,10,delivery_time_too_long,,,,,,,,,abandoned,,,,https://loopcycle.example/checkouts/c/3795688863795/recover,
3837592174560,2026-08-10 13:13:51,2026-08-10 13:35:51,,f***@hotmail.com,,true,desktop,Tangerang,Banten,ID,LT-IND,"Loop Tote, Indigo",Indigo,1,189000,,0,18000,207000,payment_method_selected,QRIS,,instagram / bio_link,ig_always_on,,/products/loop-tote-indigo,438,10,payment_page_expired,2026-08-10 14:13:51,true,false,2026-08-11 13:13:51,false,false,,,abandoned,,,,https://loopcycle.example/checkouts/c/3837592174560/recover,
3589588881153,2026-08-10 14:19:20,2026-08-10 14:35:20,,g***@gmail.com,,true,mobile,Palembang,South Sumatra,ID,LT-IND,"Loop Tote, Indigo",Indigo,2,378000,,0,0,378000,payment_method_selected,ShopeePay,,instagram / bio_link,ig_always_on,,/products/loop-tote-indigo,701,4,payment_page_expired,2026-08-10 15:19:20,false,false,2026-08-11 14:19:20,false,false,,,abandoned,,,,https://loopcycle.example/checkouts/c/3589588881153/recover,
3395469979149,2026-08-10 14:26:21,2026-08-10 14:36:21,,l***@icloud.com,,false,mobile,Bandung,West Java,ID,LT-GRN,"Loop Tote, Sea-green",Sea-green,1,189000,,0,32000,221000,payment_method_selected,Credit card,,instagram / bio_link,ig_always_on,,/products/loop-tote-sea-green,380,5,waiting_for_voucher,2026-08-10 15:26:21,false,false,2026-08-11 14:26:21,true,false,,,abandoned,,,,https://loopcycle.example/checkouts/c/3395469979149/recover,
3429556071564,2026-08-10 18:16:37,2026-08-10 18:40:37,,k***@icloud.com,,false,mobile,Jakarta,DKI Jakarta,ID,LT-IND,"Loop Tote, Indigo",Indigo,1,189000,,0,32000,221000,payment_method_selected,Bank transfer (VA),,instagram / bio_link,ig_always_on,,/products/loop-tote-indigo,66,7,preferred_payment_unavailable,2026-08-10 19:16:37,false,false,2026-08-11 18:16:37,false,false,,,abandoned,,,,https://loopcycle.example/checkouts/c/3429556071564/recover,
3679460993770,2026-08-10 19:25:22,2026-08-10 19:43:22,,a***@gmail.com,,true,desktop,Jakarta,DKI Jakarta,ID,LT-SND,"Loop Tote, Sand",Sand,1,189000,,0,,189000,contact_info,,,instagram / bio_link,ig_always_on,,/products/loop-tote-sand,867,2,wanted_other_colour,2026-08-10 20:25:22,true,false,2026-08-11 19:25:22,false,false,,,abandoned,,,,https://loopcycle.example/checkouts/c/3679460993770/recover,
3305805746995,2026-08-10 19:55:11,2026-08-10 20:13:11,,o***@gmail.com,+62-8**-****-9195,true,mobile,Cimahi,West Java,ID,LT-IND,"Loop Tote, Indigo",Indigo,1,189000,,0,,189000,contact_info,,,instagram / bio_link,ig_always_on,,/products/loop-tote-indigo,286,5,distracted_or_session_ended,2026-08-10 20:55:11,true,false,2026-08-11 19:55:11,true,false,2026-08-10 21:55:11,false,abandoned,,,,https://loopcycle.example/checkouts/c/3305805746995/recover,
3111192175942,2026-08-10 20:09:03,2026-08-10 20:31:03,,e***@gmail.com,,true,mobile,Bandung,West Java,ID,LT-GRN,"Loop Tote, Sea-green",Sea-green,2,378000,,0,0,378000,shipping_method,,,instagram / bio_link,ig_always_on,,/products/loop-tote-sea-green,701,8,delivery_time_too_long,2026-08-10 21:09:03,false,false,2026-08-11 20:09:03,false,false,,,abandoned,,,,https://loopcycle.example/checkouts/c/3111192175942/recover,
3641562231049,2026-08-10 20:33:34,2026-08-10 20:46:34,,r***@gmail.com,+62-8**-****-4993,true,mobile,Denpasar,Bali,ID,LT-IND,"Loop Tote, Indigo",Indigo,1,189000,,0,15000,204000,shipping_method,,,instagram / bio_link,ig_styling_carousel,17903562482994432,/products/loop-tote-indigo,772,2,distracted_or_session_ended,2026-08-10 21:33:34,false,false,2026-08-11 20:33:34,false,false,,,abandoned,,,,https://loopcycle.example/checkouts/c/3641562231049/recover,utm_bio_link
3422729971825,2026-08-10 20:35:12,2026-08-10 20:43:12,,a***@gmail.com,+62-8**-****-1470,false,mobile,Garut,West Java,ID,LT-SND,"Loop Tote, Sand",Sand,1,189000,,0,32000,221000,shipping_method,,,instagram / bio_link,ig_styling_carousel,17903562482994432,/products/loop-tote-sand,574,7,distracted_or_session_ended,2026-08-10 21:35:12,false,false,2026-08-11 20:35:12,false,false,,,abandoned,,,,https://loopcycle.example/checkouts/c/3422729971825/recover,utm_bio_link
3011706861251,2026-08-10 21:08:06,2026-08-10 21:29:06,,f***@gmail.com,+62-8**-****-2334,false,mobile,Depok,West Java,ID,LT-GRN,"Loop Tote, Sea-green",Sea-green,2,378000,,0,,378000,contact_info,,,instagram / bio_link,ig_styling_carousel,17903562482994432,/products/loop-tote-sea-green,301,11,distracted_or_session_ended,2026-08-10 22:08:06,true,false,2026-08-11 21:08:06,false,false,2026-08-10 23:08:06,false,abandoned,,,,https://loopcycle.example/checkouts/c/3011706861251/recover,utm_bio_link
3840132421724,2026-08-10 22:08:15,2026-08-10 22:22:15,,b***@gmail.com,+62-8**-****-8816,true,mobile,Karawang,West Java,ID,LT-GRN,"Loop Tote, Sea-green",Sea-green,1,189000,,0,,189000,contact_info,,,instagram / bio_link,ig_styling_carousel,17903562482994432,/products/loop-tote-sea-green,478,6,just_browsing_or_comparing,2026-08-10 23:08:15,false,false,2026-08-11 22:08:15,false,false,,,abandoned,,,,https://loopcycle.example/checkouts/c/3840132421724/recover,utm_bio_link
3461093743980,2026-08-10 22:44:56,2026-08-10 23:00:56,,h***@gmail.com,,true,desktop,Malang,East Java,ID,LT-SND,"Loop Tote, Sand",Sand,1,189000,,0,,189000,contact_info,,,instagram / bio_link,ig_styling_carousel,17903562482994432,/products/loop-tote-sand,281,2,account_or_form_friction,2026-08-10 23:44:56,false,false,2026-08-11 22:44:56,true,false,,,abandoned,,,,https://loopcycle.example/checkouts/c/3461093743980/recover,utm_bio_link
3734432423097,2026-08-11 07:18:09,2026-08-11 07:41:09,,o***@gmail.com,,false,mobile,Depok,West Java,ID,LT-IND,"Loop Tote, Indigo",Indigo,1,189000,,0,40000,229000,shipping_method,,,instagram / bio_link,ig_styling_carousel,17903562482994432,/products/loop-tote-indigo,689,4,delivery_time_too_long,2026-08-11 08:18:09,true,false,2026-08-12 07:18:09,false,false,,,abandoned,,,,https://loopcycle.example/checkouts/c/3734432423097/recover,utm_bio_link
3915387256611,2026-08-11 08:36:07,2026-08-11 09:01:07,,h***@icloud.com,,false,mobile,Jakarta,DKI Jakarta,ID,LT-GRN,"Loop Tote, Sea-green",Sea-green,2,378000,,0,0,378000,payment_method_selected,Bank transfer (VA),,instagram / bio_link,ig_styling_carousel,17903562482994432,/products/loop-tote-sea-green,366,8,checking_marketplace_price,2026-08-11 09:36:07,true,false,2026-08-12 08:36:07,true,true,,,abandoned,,,,https://loopcycle.example/checkouts/c/3915387256611/recover,utm_bio_link
3820479343413,2026-08-11 09:54:59,2026-08-11 10:16:59,,w***@icloud.com,+62-8**-****-1166,true,mobile,Depok,West Java,ID,LT-GRN,"Loop Tote, Sea-green",Sea-green,1,189000,,0,,189000,contact_info,,,instagram / bio_link,ig_always_on,,/products/loop-tote-sea-green,837,6,just_browsing_or_comparing,2026-08-11 10:54:59,false,false,2026-08-12 09:54:59,false,false,2026-08-11 11:54:59,false,abandoned,,,,https://loopcycle.example/checkouts/c/3820479343413/recover,
3829644177836,2026-08-11 12:46:20,2026-08-11 13:11:20,,w***@gmail.com,+62-8**-****-4651,true,mobile,Bandung,West Java,ID,LT-GRN,"Loop Tote, Sea-green",Sea-green,1,189000,,0,25000,214000,payment_attempted_failed,Credit card,card_declined,instagram / bio_link,ig_styling_carousel,17903562482994432,/products/loop-tote-sea-green,435,5,payment_failed,2026-08-11 13:46:20,true,false,2026-08-12 12:46:20,false,false,,,abandoned,,,,https://loopcycle.example/checkouts/c/3829644177836/recover,utm_bio_link
3632825040126,2026-08-11 13:02:20,2026-08-11 13:08:20,,t***@gmail.com,,false,desktop,Bekasi,West Java,ID,LT-IND,"Loop Tote, Indigo",Indigo,2,378000,,0,0,378000,payment_method_selected,QRIS,,whatsapp,,,/products/loop-tote-indigo,629,5,preferred_payment_unavailable,2026-08-11 14:02:20,false,false,2026-08-12 13:02:20,true,false,,,abandoned,,,,https://loopcycle.example/checkouts/c/3632825040126/recover,
3373178249955,2026-08-11 15:03:41,2026-08-11 15:10:41,,w***@gmail.com,+62-8**-****-9020,true,mobile,Pekanbaru,Riau,ID,LT-IND,"Loop Tote, Indigo",Indigo,1,189000,,0,25000,214000,shipping_method,,,instagram / bio_link,ig_styling_carousel,17903562482994432,/products/loop-tote-indigo,877,7,unexpected_shipping_cost,2026-08-11 16:03:41,true,false,2026-08-12 15:03:41,false,false,2026-08-11 17:03:41,false,abandoned,,,,https://loopcycle.example/checkouts/c/3373178249955/recover,utm_bio_link
3538840942717,2026-08-11 17:09:41,2026-08-11 17:10:41,,m***@gmail.com,+62-8**-****-5535,false,desktop,Bekasi,West Java,ID,LT-GRN,"Loop Tote, Sea-green",Sea-green,1,189000,,0,32000,221000,shipping_method,,,instagram / bio_link,ig_styling_carousel,17903562482994432,/products/loop-tote-sea-green,232,10,delivery_time_too_long,2026-08-11 18:09:41,false,false,2026-08-12 17:09:41,true,true,2026-08-11 19:09:41,false,abandoned,,,,https://loopcycle.example/checkouts/c/3538840942717/recover,utm_bio_link
3766335267941,2026-08-11 17:18:25,2026-08-11 17:20:25,,y***@outlook.com,,true,mobile,Makassar,South Sulawesi,ID,LT-SND,"Loop Tote, Sand",Sand,1,189000,,0,,189000,contact_info,,,instagram / bio_link,ig_styling_carousel,17903562482994432,/products/loop-tote-sand,683,11,just_browsing_or_comparing,2026-08-11 18:18:25,false,false,2026-08-12 17:18:25,false,false,,,abandoned,,,,https://loopcycle.example/checkouts/c/3766335267941/recover,utm_bio_link
3318643992295,2026-08-11 17:19:02,2026-08-11 17:36:02,C000963,b***@hotmail.com,,true,mobile,Bogor,West Java,ID,LT-GRN,"Loop Tote, Sea-green",Sea-green,4,756000,,0,0,756000,payment_method_selected,Bank transfer (VA),,instagram / bio_link,ig_styling_carousel,17903562482994432,/products/loop-tote-sea-green,555,11,waiting_for_voucher,2026-08-11 18:19:02,false,false,2026-08-12 17:19:02,false,false,2026-08-11 19:19:02,true,recovered,whatsapp,#LT10282,2026-08-12 19:21:58,https://loopcycle.example/checkouts/c/3318643992295/recover,utm_bio_link
3472763596304,2026-08-11 19:11:37,2026-08-11 19:15:37,,m***@gmail.com,+62-8**-****-6229,false,mobile,Bandung,West Java,ID,LT-SND,"Loop Tote, Sand",Sand,2,378000,,0,,378000,contact_info,,,instagram / bio_link,ig_styling_carousel,17903562482994432,/products/loop-tote-sand,235,9,distracted_or_session_ended,2026-08-11 20:11:37,false,false,2026-08-12 19:11:37,false,false,2026-08-11 21:11:37,false,abandoned,,,,https://loopcycle.example/checkouts/c/3472763596304/recover,utm_bio_link
3279202781608,2026-08-11 19:19:24,2026-08-11 19:25:24,,i***@proton.me,,false,mobile,Depok,West Java,ID,LT-SND,"Loop Tote, Sand",Sand,1,189000,,0,40000,229000,shipping_method,,,instagram / bio_link,ig_styling_carousel,17903562482994432,/products/loop-tote-sand,749,5,unexpected_shipping_cost,2026-08-11 20:19:24,false,false,2026-08-12 19:19:24,true,true,,,abandoned,,,,https://loopcycle.example/checkouts/c/3279202781608/recover,utm_bio_link
3443562325972,2026-08-11 19:25:25,2026-08-11 19:31:25,,i***@hotmail.com,,true,mobile,Jakarta,DKI Jakarta,ID,LT-GRN,"Loop Tote, Sea-green",Sea-green,3,567000,,0,,567000,contact_info,,,instagram / bio_link,ig_styling_carousel,17903562482994432,/products/loop-tote-sea-green,347,4,account_or_form_friction,2026-08-11 20:25:25,false,false,2026-08-12 19:25:25,false,false,,,abandoned,,,,https://loopcycle.example/checkouts/c/3443562325972/recover,utm_bio_link
3077892810407,2026-08-11 19:41:33,2026-08-11 20:02:33,,l***@gmail.com,+62-8**-****-9930,true,mobile,Jakarta,DKI Jakarta,ID,LT-SND,"Loop Tote, Sand",Sand,3,567000,,0,0,567000,payment_attempted_failed,QRIS,qris_expired,instagram / bio_link,ig_always_on,,/products/loop-tote-sand,462,11,payment_failed,2026-08-11 20:41:33,true,false,2026-08-12 19:41:33,false,false,,,abandoned,,,,https://loopcycle.example/checkouts/c/3077892810407/recover,
3897646458275,2026-08-11 20:03:59,2026-08-11 20:07:59,,r***@gmail.com,,false,mobile,Garut,West Java,ID,LT-IND,"Loop Tote, Indigo",Indigo,2,378000,,0,0,378000,shipping_method,,,instagram / bio_link,ig_styling_carousel,17903562482994432,/products/loop-tote-indigo,397,10,unexpected_shipping_cost,2026-08-11 21:03:59,false,false,2026-08-12 20:03:59,false,false,,,abandoned,,,,https://loopcycle.example/checkouts/c/3897646458275/recover,utm_bio_link
3986662090525,2026-08-11 20:05:07,2026-08-11 20:26:07,,e***@gmail.com,,true,mobile,Cimahi,West Java,ID,LT-SND,"Loop Tote, Sand",Sand,1,189000,,0,,189000,contact_info,,,instagram / bio_link,ig_styling_carousel,17903562482994432,/products/loop-tote-sand,525,11,wanted_other_colour,2026-08-11 21:05:07,false,false,2026-08-12 20:05:07,false,false,,,abandoned,,,,https://loopcycle.example/checkouts/c/3986662090525/recover,utm_bio_link
3221947935200,2026-08-11 20:19:29,2026-08-11 20:37:29,,j***@gmail.com,+62-8**-****-9703,false,desktop,Yogyakarta,DI Yogyakarta,ID,LT-SND,"Loop Tote, Sand",Sand,1,189000,,0,25000,214000,payment_attempted_failed,Bank transfer (VA),va_expired,instagram / bio_link,ig_styling_carousel,17903562482994432,/products/loop-tote-sand,235,2,payment_failed,2026-08-11 21:19:29,false,false,2026-08-12 20:19:29,true,false,2026-08-11 22:19:29,false,abandoned,,,,https://loopcycle.example/checkouts/c/3221947935200/recover,utm_bio_link
3460550040264,2026-08-11 20:38:47,2026-08-11 20:39:47,,p***@gmail.com,+62-8**-****-1112,false,desktop,Jakarta,DKI Jakarta,ID,LT-GRN,"Loop Tote, Sea-green",Sea-green,1,189000,,0,32000,221000,payment_method_selected,GoPay,,google / organic,,,/products/loop-tote-sea-green,383,8,checking_marketplace_price,2026-08-11 21:38:47,false,false,2026-08-12 20:38:47,true,false,2026-08-11 22:38:47,false,abandoned,,,,https://loopcycle.example/checkouts/c/3460550040264/recover,
3501421712293,2026-08-11 20:54:01,2026-08-11 20:57:01,,d***@gmail.com,,true,desktop,Bandung,West Java,ID,LT-SND,"Loop Tote, Sand",Sand,2,378000,,0,0,378000,payment_attempted_failed,QRIS,qris_expired,newsletter,,,/products/loop-tote-sand,475,11,payment_failed,2026-08-11 21:54:01,false,false,2026-08-12 20:54:01,true,false,,,abandoned,,,,https://loopcycle.example/checkouts/c/3501421712293/recover,
3474249304543,2026-08-11 21:25:16,2026-08-11 21:30:16,,w***@gmail.com,+62-8**-****-1625,true,mobile,Bogor,West Java,ID,LT-GRN,"Loop Tote, Sea-green",Sea-green,3,567000,,0,,567000,contact_info,,,instagram / bio_link,ig_styling_carousel,17903562482994432,/products/loop-tote-sea-green,637,6,just_browsing_or_comparing,2026-08-11 22:25:16,false,false,2026-08-12 21:25:16,false,false,2026-08-11 23:25:16,false,abandoned,,,,https://loopcycle.example/checkouts/c/3474249304543/recover,utm_bio_link
3948640359067,2026-08-11 22:54:19,2026-08-11 22:59:19,,,+62-8**-****-7784,false,mobile,Bekasi,West Java,ID,LT-GRN,"Loop Tote, Sea-green",Sea-green,1,189000,,0,40000,229000,shipping_method,,,direct,,,/products/loop-tote-sea-green,559,11,delivery_time_too_long,,,,,,,2026-08-12 00:54:19,false,abandoned,,,,https://loopcycle.example/checkouts/c/3948640359067/recover,
3619330251731,2026-08-12 00:07:58,2026-08-12 00:25:58,,n***@gmail.com,+62-8**-****-3090,true,mobile,Bandung,West Java,ID,LT-SND,"Loop Tote, Sand",Sand,1,189000,,0,40000,229000,shipping_method,,,instagram / bio_link,ig_styling_carousel,17903562482994432,/products/loop-tote-sand,838,7,unexpected_shipping_cost,2026-08-12 01:07:58,true,true,2026-08-13 00:07:58,true,false,2026-08-12 02:07:58,false,abandoned,,,,https://loopcycle.example/checkouts/c/3619330251731/recover,utm_bio_link
3134797178469,2026-08-12 07:33:12,2026-08-12 07:45:12,,t***@outlook.com,+62-8**-****-5882,false,mobile,Banjarmasin,South Kalimantan,ID,LT-IND,"Loop Tote, Indigo",Indigo,1,189000,,0,40000,229000,shipping_method,,,instagram / bio_link,ig_styling_carousel,17903562482994432,/products/loop-tote-indigo,721,3,unexpected_shipping_cost,2026-08-12 08:33:12,false,false,2026-08-13 07:33:12,true,false,2026-08-12 09:33:12,false,abandoned,,,,https://loopcycle.example/checkouts/c/3134797178469/recover,utm_bio_link
3453462394513,2026-08-12 07:37:22,2026-08-12 07:54:22,,w***@icloud.com,,false,mobile,Cirebon,West Java,ID,LT-GRN,"Loop Tote, Sea-green",Sea-green,1,189000,,0,32000,221000,shipping_method,,,instagram / bio_link,ig_styling_carousel,17903562482994432,/products/loop-tote-sea-green,429,3,delivery_time_too_long,2026-08-12 08:37:22,false,false,2026-08-13 07:37:22,true,false,,,abandoned,,,,https://loopcycle.example/checkouts/c/3453462394513/recover,utm_bio_link
3170759795899,2026-08-12 09:48:21,2026-08-12 09:54:21,,o***@gmail.com,,true,mobile,Bandung,West Java,ID,LT-IND,"Loop Tote, Indigo",Indigo,1,189000,,0,,189000,contact_info,,,instagram / bio_link,ig_styling_carousel,17903562482994432,/products/loop-tote-indigo,208,5,wanted_other_colour,2026-08-12 10:48:21,true,false,2026-08-13 09:48:21,false,false,,,abandoned,,,,https://loopcycle.example/checkouts/c/3170759795899/recover,utm_bio_link
3772198767277,2026-08-12 11:43:44,2026-08-12 11:44:44,,b***@gmail.com,,true,desktop,Jakarta,DKI Jakarta,ID,LT-GRN,"Loop Tote, Sea-green",Sea-green,1,189000,,0,15000,204000,shipping_method,,,instagram / bio_link,ig_styling_carousel,17903562482994432,/products/loop-tote-sea-green,791,5,unexpected_shipping_cost,2026-08-12 12:43:44,false,false,2026-08-13 11:43:44,true,false,,,abandoned,,,,https://loopcycle.example/checkouts/c/3772198767277/recover,utm_bio_link
3022721228201,2026-08-12 13:32:26,2026-08-12 13:40:26,,w***@gmail.com,+62-8**-****-4037,true,mobile,Tangerang,Banten,ID,LT-GRN,"Loop Tote, Sea-green",Sea-green,2,378000,,0,,378000,contact_info,,,instagram / bio_link,ig_styling_carousel,17903562482994432,/products/loop-tote-sea-green,799,3,distracted_or_session_ended,2026-08-12 14:32:26,false,false,2026-08-13 13:32:26,false,false,2026-08-12 15:32:26,false,abandoned,,,,https://loopcycle.example/checkouts/c/3022721228201/recover,utm_bio_link
3447689869230,2026-08-12 14:04:52,2026-08-12 14:09:52,,r***@gmail.com,+62-8**-****-1134,true,mobile,Cirebon,West Java,ID,LT-IND,"Loop Tote, Indigo",Indigo,1,189000,,0,15000,204000,shipping_method,,,instagram / bio_link,ig_styling_carousel,17903562482994432,/products/loop-tote-indigo,788,2,unexpected_shipping_cost,2026-08-12 15:04:52,false,false,2026-08-13 14:04:52,false,false,2026-08-12 16:04:52,true,abandoned,,,,https://loopcycle.example/checkouts/c/3447689869230/recover,utm_bio_link
3158235754212,2026-08-12 14:05:47,2026-08-12 14:15:47,,b***@proton.me,+62-8**-****-9594,false,desktop,Bandung,West Java,ID,LT-IND,"Loop Tote, Indigo",Indigo,1,189000,,0,25000,214000,payment_attempted_failed,GoPay,timeout,instagram / bio_link,ig_always_on,,/products/loop-tote-indigo,502,9,payment_failed,2026-08-12 15:05:47,false,false,2026-08-13 14:05:47,false,false,,,abandoned,,,,https://loopcycle.example/checkouts/c/3158235754212/recover,
3353274484943,2026-08-12 14:59:29,2026-08-12 15:22:29,,h***@gmail.com,+62-8**-****-5381,false,mobile,Sukabumi,West Java,ID,LT-IND,"Loop Tote, Indigo",Indigo,1,189000,,0,,189000,contact_info,,,instagram / bio_link,ig_styling_carousel,17903562482994432,/products/loop-tote-indigo,385,2,wanted_other_colour,2026-08-12 15:59:29,true,false,2026-08-13 14:59:29,false,false,2026-08-12 16:59:29,false,abandoned,,,,https://loopcycle.example/checkouts/c/3353274484943/recover,utm_bio_link
3216566384016,2026-08-12 15:06:53,2026-08-12 15:20:53,,i***@gmail.com,+62-8**-****-8786,false,mobile,Jakarta,DKI Jakarta,ID,LT-SND,"Loop Tote, Sand",Sand,1,189000,,0,,189000,contact_info,,,instagram / bio_link,ig_styling_carousel,17903562482994432,/products/loop-tote-sand,758,10,just_browsing_or_comparing,2026-08-12 16:06:53,false,false,2026-08-13 15:06:53,false,false,,,abandoned,,,,https://loopcycle.example/checkouts/c/3216566384016/recover,utm_bio_link
3678897391501,2026-08-12 15:49:26,2026-08-12 16:08:26,,c***@gmail.com,+62-8**-****-1116,true,mobile,Jakarta,DKI Jakarta,ID,LT-IND,"Loop Tote, Indigo",Indigo,1,189000,,0,,189000,contact_info,,,instagram / bio_link,ig_styling_carousel,17903562482994432,/products/loop-tote-indigo,253,4,distracted_or_session_ended,2026-08-12 16:49:26,true,false,2026-08-13 15:49:26,false,false,2026-08-12 17:49:26,false,abandoned,,,,https://loopcycle.example/checkouts/c/3678897391501/recover,utm_bio_link
3331349798487,2026-08-12 18:21:09,2026-08-12 18:27:09,,p***@yahoo.co.id,,false,mobile,Solo,Central Java,ID,LT-SND,"Loop Tote, Sand",Sand,1,189000,,0,40000,229000,shipping_method,,,instagram / bio_link,ig_styling_carousel,17903562482994432,/products/loop-tote-sand,219,5,unexpected_shipping_cost,2026-08-12 19:21:09,false,false,2026-08-13 18:21:09,false,false,,,abandoned,,,,https://loopcycle.example/checkouts/c/3331349798487/recover,utm_bio_link
3471589437322,2026-08-12 18:52:21,2026-08-12 19:03:21,,m***@gmail.com,+62-8**-****-5478,false,mobile,Bogor,West Java,ID,LT-GRN,"Loop Tote, Sea-green",Sea-green,1,189000,,0,32000,221000,payment_method_selected,QRIS,,instagram / bio_link,ig_styling_carousel,17903562482994432,/products/loop-tote-sea-green,675,3,payment_page_expired,2026-08-12 19:52:21,false,false,2026-08-13 18:52:21,false,false,,,abandoned,,,,https://loopcycle.example/checkouts/c/3471589437322/recover,utm_bio_link
3642790899903,2026-08-12 19:03:38,2026-08-12 19:06:38,,a***@gmail.com,,true,mobile,Bandung,West Java,ID,LT-IND,"Loop Tote, Indigo",Indigo,2,378000,,0,0,378000,payment_attempted_failed,GoPay,insufficient_balance,instagram / bio_link,ig_styling_carousel,17903562482994432,/products/loop-tote-indigo,328,2,payment_failed,2026-08-12 20:03:38,true,true,2026-08-13 19:03:38,true,false,,,abandoned,,,,https://loopcycle.example/checkouts/c/3642790899903/recover,utm_bio_link
3381220870633,2026-08-12 19:34:17,2026-08-12 19:35:17,,r***@gmail.com,+62-8**-****-7865,false,desktop,Semarang,Central Java,ID,LT-GRN,"Loop Tote, Sea-green",Sea-green,1,189000,,0,25000,214000,shipping_method,,,instagram / bio_link,ig_styling_carousel,17903562482994432,/products/loop-tote-sea-green,257,7,unexpected_shipping_cost,2026-08-12 20:34:17,true,true,2026-08-13 19:34:17,true,false,,,abandoned,,,,https://loopcycle.example/checkouts/c/3381220870633/recover,utm_bio_link
3125429083633,2026-08-12 20:06:25,2026-08-12 20:21:25,,k***@gmail.com,,false,desktop,Jakarta,DKI Jakarta,ID,LT-IND,"Loop Tote, Indigo",Indigo,3,567000,,0,0,567000,shipping_method,,,instagram / bio_link,ig_process_impact_p07,17902701623909724,/products/loop-tote-indigo,74,8,unexpected_shipping_cost,2026-08-12 21:06:25,true,false,2026-08-13 20:06:25,false,false,,,abandoned,,,,https://loopcycle.example/checkouts/c/3125429083633/recover,utm_bio_link
3270178358110,2026-08-12 20:57:53,2026-08-12 21:11:53,,h***@gmail.com,+62-8**-****-3297,true,tablet,Jakarta,DKI Jakarta,ID,LT-GRN,"Loop Tote, Sea-green",Sea-green,1,189000,,0,25000,214000,payment_method_selected,QRIS,,instagram / bio_link,ig_process_impact_p07,17902701623909724,/products/loop-tote-sea-green,435,9,preferred_payment_unavailable,2026-08-12 21:57:53,false,false,2026-08-13 20:57:53,true,false,,,abandoned,,,,https://loopcycle.example/checkouts/c/3270178358110/recover,utm_bio_link
3819345328736,2026-08-12 21:47:02,2026-08-12 21:52:02,,,+62-8**-****-9200,false,mobile,Malang,East Java,ID,LT-IND,"Loop Tote, Indigo",Indigo,1,189000,,0,15000,204000,payment_attempted_failed,Bank transfer (VA),va_expired,instagram / bio_link,ig_process_impact_p07,17902701623909724,/products/loop-tote-indigo,489,6,payment_failed,,,,,,,2026-08-12 23:47:02,false,abandoned,,,,https://loopcycle.example/checkouts/c/3819345328736/recover,utm_bio_link
3268887862433,2026-08-13 03:52:05,2026-08-13 04:04:05,,h***@gmail.com,+62-8**-****-3174,false,desktop,Bandung,West Java,ID,LT-GRN,"Loop Tote, Sea-green",Sea-green,1,189000,,0,,189000,contact_info,,,newsletter,,,/products/loop-tote-sea-green,622,5,account_or_form_friction,2026-08-13 04:52:05,true,true,2026-08-14 03:52:05,false,false,,,abandoned,,,,https://loopcycle.example/checkouts/c/3268887862433/recover,
3831502120434,2026-08-13 08:55:03,2026-08-13 09:07:03,,k***@gmail.com,+62-8**-****-1158,true,desktop,Bandung,West Java,ID,LT-IND,"Loop Tote, Indigo",Indigo,3,567000,,0,0,567000,shipping_method,,,google / organic,,,/products/loop-tote-indigo,831,2,unexpected_shipping_cost,2026-08-13 09:55:03,false,false,2026-08-14 08:55:03,false,false,2026-08-13 10:55:03,false,abandoned,,,,https://loopcycle.example/checkouts/c/3831502120434/recover,
3088928273000,2026-08-13 09:28:35,2026-08-13 09:48:35,,,+62-8**-****-3566,false,mobile,Bandung,West Java,ID,LT-SND,"Loop Tote, Sand",Sand,1,189000,,0,18000,207000,payment_attempted_failed,QRIS,qris_expired,instagram / bio_link,ig_styling_carousel,17903562482994432,/products/loop-tote-sand,223,10,payment_failed,,,,,,,2026-08-13 11:28:35,false,abandoned,,,,https://loopcycle.example/checkouts/c/3088928273000/recover,utm_bio_link
3125397956798,2026-08-13 10:56:49,2026-08-13 11:06:49,,c***@gmail.com,+62-8**-****-6689,false,mobile,Cianjur,West Java,ID,LT-IND,"Loop Tote, Indigo",Indigo,1,189000,,0,18000,207000,payment_method_selected,ShopeePay,,newsletter,,,/products/loop-tote-indigo,437,4,payment_page_expired,2026-08-13 11:56:49,false,false,2026-08-14 10:56:49,false,false,2026-08-13 12:56:49,false,abandoned,,,,https://loopcycle.example/checkouts/c/3125397956798/recover,
3506261390709,2026-08-13 14:48:46,2026-08-13 14:51:46,C000064,f***@gmail.com,,false,mobile,Jakarta,DKI Jakarta,ID,LT-SND,"Loop Tote, Sand",Sand,1,189000,,0,15000,204000,payment_attempted_failed,GoPay,insufficient_balance,google / organic,,,/products/loop-tote-sand,135,4,payment_failed,2026-08-13 15:48:46,true,true,,,,,,recovered,email,#LT10290,2026-08-13 19:31:12,https://loopcycle.example/checkouts/c/3506261390709/recover,
3819895650545,2026-08-13 20:08:40,2026-08-13 20:32:40,,t***@gmail.com,,false,mobile,Depok,West Java,ID,LT-GRN,"Loop Tote, Sea-green",Sea-green,1,189000,,0,40000,229000,payment_method_selected,QRIS,,instagram / bio_link,ig_always_on,,/products/loop-tote-sea-green,189,6,payment_page_expired,2026-08-13 21:08:40,true,false,2026-08-14 20:08:40,false,false,,,abandoned,,,,https://loopcycle.example/checkouts/c/3819895650545/recover,
3226656546669,2026-08-13 20:56:45,2026-08-13 21:05:45,,c***@gmail.com,+62-8**-****-9059,false,mobile,Depok,West Java,ID,LT-GRN,"Loop Tote, Sea-green",Sea-green,1,189000,,0,15000,204000,payment_attempted_failed,QRIS,qris_expired,instagram / bio_link,ig_styling_carousel,17903562482994432,/products/loop-tote-sea-green,301,11,payment_failed,2026-08-13 21:56:45,false,false,2026-08-14 20:56:45,false,false,,,abandoned,,,,https://loopcycle.example/checkouts/c/3226656546669/recover,utm_bio_link
3638569670204,2026-08-13 21:45:58,2026-08-13 22:02:58,,h***@gmail.com,,true,mobile,Jakarta,DKI Jakarta,ID,LT-IND,"Loop Tote, Indigo",Indigo,1,189000,,0,25000,214000,shipping_method,,,instagram / bio_link,ig_styling_carousel,17903562482994432,/products/loop-tote-indigo,533,9,unexpected_shipping_cost,2026-08-13 22:45:58,true,false,2026-08-14 21:45:58,false,false,,,abandoned,,,,https://loopcycle.example/checkouts/c/3638569670204/recover,utm_bio_link
3907780043201,2026-08-13 21:52:13,2026-08-13 22:08:13,,,+62-8**-****-5727,false,mobile,Bandung,West Java,ID,LT-IND,"Loop Tote, Indigo",Indigo,1,189000,,0,18000,207000,payment_method_selected,QRIS,,newsletter,,,/products/loop-tote-indigo,882,3,preferred_payment_unavailable,,,,,,,2026-08-13 23:52:13,false,abandoned,,,,https://loopcycle.example/checkouts/c/3907780043201/recover,
3571074825389,2026-08-14 15:51:17,2026-08-14 16:07:17,C001006,,+62-8**-****-1608,false,mobile,Bogor,West Java,ID,LT-SND,"Loop Tote, Sand",Sand,1,189000,,0,15000,204000,payment_method_selected,ShopeePay,,direct,,,/products/loop-tote-sand,747,3,payment_page_expired,,,,,,,2026-08-14 17:51:17,false,recovered,email,#LT10296,2026-08-15 13:27:23,https://loopcycle.example/checkouts/c/3571074825389/recover,
3289484950904,2026-08-15 06:15:28,2026-08-15 06:20:28,,h***@proton.me,,true,mobile,Garut,West Java,ID,LT-SND,"Loop Tote, Sand",Sand,1,189000,,0,32000,221000,payment_method_selected,GoPay,,instagram / bio_link,ig_always_on,,/products/loop-tote-sand,156,11,waiting_for_voucher,2026-08-15 07:15:28,false,false,2026-08-16 06:15:28,false,false,,,abandoned,,,,https://loopcycle.example/checkouts/c/3289484950904/recover,
3580469225645,2026-08-15 08:07:13,2026-08-15 08:27:13,C001028,e***@gmail.com,+62-8**-****-7379,true,desktop,Bekasi,West Java,ID,LT-IND,"Loop Tote, Indigo",Indigo,1,189000,,0,0,189000,shipping_method,OVO,,instagram / bio_link,ig_always_on,,/products/loop-tote-indigo,69,11,unexpected_shipping_cost,2026-08-15 09:07:13,false,false,2026-08-16 08:07:13,true,true,2026-08-15 10:07:13,false,recovered,email,#LT10301,2026-08-16 18:21:46,https://loopcycle.example/checkouts/c/3580469225645/recover,
3325560979070,2026-08-15 08:28:53,2026-08-15 08:36:53,,e***@gmail.com,+62-8**-****-6319,true,mobile,Depok,West Java,ID,LT-GRN,"Loop Tote, Sea-green",Sea-green,1,189000,,0,,189000,contact_info,,,instagram / bio_link,ig_styling_carousel,17903562482994432,/products/loop-tote-sea-green,653,11,wanted_other_colour,2026-08-15 09:28:53,false,false,2026-08-16 08:28:53,false,false,,,abandoned,,,,https://loopcycle.example/checkouts/c/3325560979070/recover,utm_bio_link
3243776983934,2026-08-15 10:52:35,2026-08-15 10:58:35,,r***@gmail.com,+62-8**-****-1425,false,desktop,Bandung,West Java,ID,LT-SND,"Loop Tote, Sand",Sand,1,189000,,0,18000,207000,shipping_method,,,newsletter,,,/products/loop-tote-sand,663,10,waiting_for_promo_code,2026-08-15 11:52:35,false,false,2026-08-16 10:52:35,false,false,2026-08-15 12:52:35,false,abandoned,,,,https://loopcycle.example/checkouts/c/3243776983934/recover,
3059539092431,2026-08-15 13:27:40,2026-08-15 13:31:40,,o***@gmail.com,+62-8**-****-6107,true,mobile,Bogor,West Java,ID,LT-SND,"Loop Tote, Sand",Sand,1,189000,,0,32000,221000,shipping_method,,,whatsapp,,,/products/loop-tote-sand,127,11,unexpected_shipping_cost,2026-08-15 14:27:40,true,false,2026-08-16 13:27:40,true,false,,,abandoned,,,,https://loopcycle.example/checkouts/c/3059539092431/recover,
3817422741230,2026-08-15 14:58:26,2026-08-15 15:01:26,,,+62-8**-****-6100,false,mobile,Subang,West Java,ID,LT-SND,"Loop Tote, Sand",Sand,4,756000,,0,0,756000,shipping_method,,,direct,,,/products/loop-tote-sand,73,4,unexpected_shipping_cost,,,,,,,,,abandoned,,,,https://loopcycle.example/checkouts/c/3817422741230/recover,
3842647419426,2026-08-15 17:11:57,2026-08-15 17:31:57,,l***@gmail.com,,true,mobile,Bekasi,West Java,ID,LT-GRN,"Loop Tote, Sea-green",Sea-green,1,189000,,0,32000,221000,shipping_method,,,instagram / bio_link,ig_always_on,,/products/loop-tote-sea-green,276,3,unexpected_shipping_cost,2026-08-15 18:11:57,true,false,2026-08-16 17:11:57,true,false,,,abandoned,,,,https://loopcycle.example/checkouts/c/3842647419426/recover,
3949611448525,2026-08-15 19:31:19,2026-08-15 19:46:19,C001029,s***@gmail.com,,false,desktop,Bekasi,West Java,ID,LT-IND,"Loop Tote, Indigo",Indigo,1,189000,,0,18000,207000,shipping_method,QRIS,,instagram / bio_link,ig_always_on,,/products/loop-tote-indigo,712,6,unexpected_shipping_cost,2026-08-15 20:31:19,false,false,2026-08-16 19:31:19,false,false,2026-08-15 21:31:19,true,recovered,whatsapp,#LT10303,2026-08-16 19:35:17,https://loopcycle.example/checkouts/c/3949611448525/recover,
3408150016952,2026-08-15 21:28:38,2026-08-15 21:38:38,,w***@gmail.com,,true,desktop,Cimahi,West Java,ID,LT-GRN,"Loop Tote, Sea-green",Sea-green,1,189000,,0,25000,214000,shipping_method,,,instagram / bio_link,ig_always_on,,/products/loop-tote-sea-green,693,2,unexpected_shipping_cost,2026-08-15 22:28:38,false,false,2026-08-16 21:28:38,false,false,,,abandoned,,,,https://loopcycle.example/checkouts/c/3408150016952/recover,
3884449762125,2026-08-16 01:46:56,2026-08-16 01:55:56,C000391,f***@gmail.com,+62-8**-****-4196,false,desktop,Bandung,West Java,ID,LT-SND,"Loop Tote, Sand",Sand,1,189000,,0,40000,229000,shipping_method,Bank transfer (VA),,direct,,,/products/loop-tote-sand,876,5,unexpected_shipping_cost,2026-08-16 02:46:56,true,true,,,,,,recovered,email,#LT10302,2026-08-16 19:21:50,https://loopcycle.example/checkouts/c/3884449762125/recover,
3204274374346,2026-08-16 06:22:01,2026-08-16 06:40:01,,a***@gmail.com,+62-8**-****-5937,false,desktop,Bandung,West Java,ID,LT-IND,"Loop Tote, Indigo",Indigo,1,189000,NEWSLETTER5,9500,25000,204500,payment_method_selected,Bank transfer (VA),,whatsapp,,,/products/loop-tote-indigo,367,2,checking_marketplace_price,2026-08-16 07:22:01,false,false,2026-08-17 06:22:01,true,false,2026-08-16 08:22:01,true,abandoned,,,,https://loopcycle.example/checkouts/c/3204274374346/recover,
3641359314810,2026-08-16 06:59:18,2026-08-16 07:20:18,,p***@gmail.com,,false,tablet,Tangerang,Banten,ID,LT-GRN,"Loop Tote, Sea-green",Sea-green,1,189000,,0,,189000,contact_info,,,whatsapp,,,/products/loop-tote-sea-green,385,4,distracted_or_session_ended,2026-08-16 07:59:18,false,false,2026-08-17 06:59:18,false,false,,,abandoned,,,,https://loopcycle.example/checkouts/c/3641359314810/recover,
3738897732333,2026-08-16 07:09:05,2026-08-16 07:26:05,,o***@gmail.com,+62-8**-****-3623,true,mobile,Bekasi,West Java,ID,LT-IND,"Loop Tote, Indigo",Indigo,1,189000,,0,,189000,contact_info,,,instagram / bio_link,ig_always_on,,/products/loop-tote-indigo,447,4,just_browsing_or_comparing,2026-08-16 08:09:05,false,false,2026-08-17 07:09:05,false,false,2026-08-16 09:09:05,false,abandoned,,,,https://loopcycle.example/checkouts/c/3738897732333/recover,
3913719409628,2026-08-16 07:19:42,2026-08-16 07:21:42,,j***@gmail.com,+62-8**-****-8423,false,mobile,Bekasi,West Java,ID,LT-SND,"Loop Tote, Sand",Sand,1,189000,,0,40000,229000,payment_method_selected,ShopeePay,,whatsapp,,,/products/loop-tote-sand,411,11,waiting_for_voucher,2026-08-16 08:19:42,false,false,2026-08-17 07:19:42,true,true,,,abandoned,,,,https://loopcycle.example/checkouts/c/3913719409628/recover,
3525111103190,2026-08-16 09:16:49,2026-08-16 09:29:49,,r***@outlook.com,,false,mobile,Bandung,West Java,ID,LT-IND,"Loop Tote, Indigo",Indigo,1,189000,,0,32000,221000,payment_method_selected,GoPay,,direct,,,/products/loop-tote-indigo,684,2,checking_marketplace_price,2026-08-16 10:16:49,true,false,2026-08-17 09:16:49,false,false,,,abandoned,,,,https://loopcycle.example/checkouts/c/3525111103190/recover,
3925263858799,2026-08-16 11:14:47,2026-08-16 11:21:47,,n***@gmail.com,+62-8**-****-1001,false,desktop,Bandung,West Java,ID,LT-GRN,"Loop Tote, Sea-green",Sea-green,1,189000,,0,,189000,contact_info,,,direct,ig_picker_stories_p08,17907442398233179,/products/loop-tote-sea-green,468,9,account_or_form_friction,2026-08-16 12:14:47,true,true,2026-08-17 11:14:47,false,false,,,abandoned,,,,https://loopcycle.example/checkouts/c/3925263858799/recover,utm_bio_link
3138876233241,2026-08-16 15:40:56,2026-08-16 15:55:56,,n***@yahoo.co.id,+62-8**-****-7644,true,mobile,Bandung,West Java,ID,LT-GRN,"Loop Tote, Sea-green",Sea-green,2,378000,,0,0,378000,payment_method_selected,OVO,,direct,,,/products/loop-tote-sea-green,366,5,waiting_for_voucher,2026-08-16 16:40:56,false,false,2026-08-17 15:40:56,false,false,2026-08-16 17:40:56,false,abandoned,,,,https://loopcycle.example/checkouts/c/3138876233241/recover,
3797632448180,2026-08-16 18:02:13,2026-08-16 18:13:13,,y***@gmail.com,+62-8**-****-7160,false,mobile,Karawang,West Java,ID,LT-SND,"Loop Tote, Sand",Sand,1,189000,,0,,189000,contact_info,,,instagram / bio_link,ig_always_on,,/products/loop-tote-sand,337,11,distracted_or_session_ended,2026-08-16 19:02:13,false,false,2026-08-17 18:02:13,false,false,,,abandoned,,,,https://loopcycle.example/checkouts/c/3797632448180/recover,
3709877199347,2026-08-16 19:29:00,2026-08-16 19:38:00,,,+62-8**-****-1328,false,mobile,Bandung,West Java,ID,LT-GRN,"Loop Tote, Sea-green",Sea-green,1,189000,,0,40000,229000,shipping_method,,,whatsapp,,,/products/loop-tote-sea-green,171,6,unexpected_shipping_cost,,,,,,,2026-08-16 21:29:00,false,abandoned,,,,https://loopcycle.example/checkouts/c/3709877199347/recover,
3492790340064,2026-08-16 20:49:07,2026-08-16 20:55:07,,f***@yahoo.co.id,+62-8**-****-8326,true,tablet,Jakarta,DKI Jakarta,ID,LT-GRN,"Loop Tote, Sea-green",Sea-green,1,189000,,0,40000,229000,payment_method_selected,GoPay,,direct,,,/products/loop-tote-sea-green,896,3,preferred_payment_unavailable,2026-08-16 21:49:07,false,false,2026-08-17 20:49:07,true,false,,,abandoned,,,,https://loopcycle.example/checkouts/c/3492790340064/recover,
3116906560330,2026-08-17 07:29:08,2026-08-17 07:44:08,,h***@gmail.com,+62-8**-****-2345,false,mobile,Makassar,South Sulawesi,ID,LT-GRN,"Loop Tote, Sea-green",Sea-green,1,189000,,0,40000,229000,shipping_method,,,instagram / bio_link,ig_always_on,,/products/loop-tote-sea-green,519,8,unexpected_shipping_cost,2026-08-17 08:29:08,true,false,2026-08-18 07:29:08,true,false,2026-08-17 09:29:08,false,abandoned,,,,https://loopcycle.example/checkouts/c/3116906560330/recover,
3212930263879,2026-08-17 11:30:54,2026-08-17 11:35:54,,n***@gmail.com,,true,mobile,Bandung,West Java,ID,LT-GRN,"Loop Tote, Sea-green",Sea-green,1,189000,,0,,189000,contact_info,,,instagram / bio_link,ig_always_on,,/products/loop-tote-sea-green,302,8,distracted_or_session_ended,2026-08-17 12:30:54,false,false,2026-08-18 11:30:54,false,false,,,abandoned,,,,https://loopcycle.example/checkouts/c/3212930263879/recover,
3163419516257,2026-08-17 19:37:47,2026-08-17 19:55:47,,h***@proton.me,,false,mobile,Jakarta,DKI Jakarta,ID,LT-SND,"Loop Tote, Sand",Sand,2,378000,,0,0,378000,payment_method_selected,OVO,,direct,,,/products/loop-tote-sand,898,8,payment_page_expired,2026-08-17 20:37:47,false,false,2026-08-18 19:37:47,false,false,,,abandoned,,,,https://loopcycle.example/checkouts/c/3163419516257/recover,
3438402069058,2026-08-17 22:05:56,2026-08-17 22:25:56,,d***@icloud.com,,true,tablet,Cimahi,West Java,ID,LT-SND,"Loop Tote, Sand",Sand,1,189000,,0,18000,207000,payment_attempted_failed,GoPay,timeout,instagram / bio_link,ig_always_on,,/products/loop-tote-sand,102,5,payment_failed,2026-08-17 23:05:56,false,false,2026-08-18 22:05:56,false,false,,,abandoned,,,,https://loopcycle.example/checkouts/c/3438402069058/recover,
3755874720350,2026-08-18 08:25:24,2026-08-18 08:43:24,,m***@gmail.com,+62-8**-****-4110,true,mobile,Depok,West Java,ID,LT-GRN,"Loop Tote, Sea-green",Sea-green,1,189000,,0,32000,221000,shipping_method,,,instagram / bio_link,ig_always_on,,/products/loop-tote-sea-green,109,10,unexpected_shipping_cost,2026-08-18 09:25:24,true,false,2026-08-19 08:25:24,false,false,2026-08-18 10:25:24,false,abandoned,,,,https://loopcycle.example/checkouts/c/3755874720350/recover,
3158533681823,2026-08-18 16:02:47,2026-08-18 16:22:47,,y***@yahoo.co.id,+62-8**-****-5745,true,desktop,Depok,West Java,ID,LT-IND,"Loop Tote, Indigo",Indigo,1,189000,,0,25000,214000,payment_attempted_failed,ShopeePay,insufficient_balance,google / organic,,,/products/loop-tote-indigo,796,6,payment_failed,2026-08-18 17:02:47,false,false,2026-08-19 16:02:47,false,false,,,abandoned,,,,https://loopcycle.example/checkouts/c/3158533681823/recover,
3315829848260,2026-08-18 18:02:30,2026-08-18 18:18:30,,s***@gmail.com,,false,mobile,Bekasi,West Java,ID,LT-GRN,"Loop Tote, Sea-green",Sea-green,1,189000,,0,18000,207000,shipping_method,,,direct,,,/products/loop-tote-sea-green,445,3,unexpected_shipping_cost,2026-08-18 19:02:30,false,false,2026-08-19 18:02:30,false,false,,,abandoned,,,,https://loopcycle.example/checkouts/c/3315829848260/recover,
3058021820870,2026-08-20 11:41:13,2026-08-20 12:01:13,,n***@gmail.com,+62-8**-****-5574,true,mobile,Bekasi,West Java,ID,LT-GRN,"Loop Tote, Sea-green",Sea-green,2,378000,,0,0,378000,payment_method_selected,QRIS,,instagram / bio_link,ig_always_on,,/products/loop-tote-sea-green,606,6,preferred_payment_unavailable,2026-08-20 12:41:13,false,false,2026-08-21 11:41:13,true,false,,,abandoned,,,,https://loopcycle.example/checkouts/c/3058021820870/recover,
3474876043089,2026-08-20 12:05:57,2026-08-20 12:21:57,,k***@gmail.com,+62-8**-****-3302,false,mobile,Cianjur,West Java,ID,LT-SND,"Loop Tote, Sand",Sand,1,189000,,0,,189000,contact_info,,,direct,,,/products/loop-tote-sand,475,8,distracted_or_session_ended,2026-08-20 13:05:57,false,false,2026-08-21 12:05:57,true,false,,,abandoned,,,,https://loopcycle.example/checkouts/c/3474876043089/recover,
3820260020053,2026-08-20 13:52:24,2026-08-20 14:00:24,,n***@icloud.com,,true,mobile,Cirebon,West Java,ID,LT-SND,"Loop Tote, Sand",Sand,1,189000,,0,,189000,contact_info,,,instagram / bio_link,ig_process_impact_p11,17904060326335275,/products/loop-tote-sand,595,5,distracted_or_session_ended,2026-08-20 14:52:24,false,false,2026-08-21 13:52:24,true,false,,,abandoned,,,,https://loopcycle.example/checkouts/c/3820260020053/recover,utm_bio_link
3767298146530,2026-08-21 06:18:08,2026-08-21 06:30:08,,i***@outlook.com,+62-8**-****-4414,false,mobile,Depok,West Java,ID,LT-GRN,"Loop Tote, Sea-green",Sea-green,1,189000,,0,15000,204000,payment_attempted_failed,Bank transfer (VA),va_expired,direct,,,/products/loop-tote-sea-green,548,9,payment_failed,2026-08-21 07:18:08,false,false,2026-08-22 06:18:08,false,false,2026-08-21 08:18:08,false,abandoned,,,,https://loopcycle.example/checkouts/c/3767298146530/recover,
3714150127047,2026-08-21 09:26:01,2026-08-21 09:39:01,,j***@hotmail.com,+62-8**-****-6428,true,mobile,Depok,West Java,ID,LT-SND,"Loop Tote, Sand",Sand,1,189000,,0,,189000,contact_info,,,google / organic,,,/products/loop-tote-sand,418,8,account_or_form_friction,2026-08-21 10:26:01,false,false,2026-08-22 09:26:01,false,false,,,abandoned,,,,https://loopcycle.example/checkouts/c/3714150127047/recover,
3088199822299,2026-08-21 12:50:42,2026-08-21 13:00:42,,a***@gmail.com,+62-8**-****-5733,true,mobile,Karawang,West Java,ID,LT-GRN,"Loop Tote, Sea-green",Sea-green,2,378000,,0,0,378000,shipping_method,,,direct,,,/products/loop-tote-sea-green,544,9,distracted_or_session_ended,2026-08-21 13:50:42,false,false,2026-08-22 12:50:42,true,false,,,abandoned,,,,https://loopcycle.example/checkouts/c/3088199822299/recover,
3000965999632,2026-08-21 17:10:46,2026-08-21 17:13:46,,p***@yahoo.co.id,,true,mobile,Surabaya,East Java,ID,LT-SND,"Loop Tote, Sand",Sand,1,189000,,0,40000,229000,payment_method_selected,Credit card,,instagram / bio_link,ig_education_p10,17902418134265098,/products/loop-tote-sand,597,10,checking_marketplace_price,2026-08-21 18:10:46,true,false,2026-08-22 17:10:46,false,false,,,abandoned,,,,https://loopcycle.example/checkouts/c/3000965999632/recover,utm_bio_link
3856797348067,2026-08-21 18:44:53,2026-08-21 19:05:53,,c***@gmail.com,,false,mobile,Depok,West Java,ID,LT-GRN,"Loop Tote, Sea-green",Sea-green,1,189000,,0,15000,204000,shipping_method,,,instagram / bio_link,ig_always_on,,/products/loop-tote-sea-green,613,3,unexpected_shipping_cost,2026-08-21 19:44:53,false,false,2026-08-22 18:44:53,false,false,,,abandoned,,,,https://loopcycle.example/checkouts/c/3856797348067/recover,
3483068206031,2026-08-21 20:07:01,2026-08-21 20:16:01,,m***@gmail.com,,true,mobile,Bandung,West Java,ID,LT-GRN,"Loop Tote, Sea-green",Sea-green,1,189000,,0,,189000,contact_info,,,direct,,,/products/loop-tote-sea-green,178,5,wanted_other_colour,2026-08-21 21:07:01,false,false,2026-08-22 20:07:01,true,false,,,abandoned,,,,https://loopcycle.example/checkouts/c/3483068206031/recover,
3057778613245,2026-08-21 22:32:14,2026-08-21 22:56:14,,n***@icloud.com,,true,mobile,Jakarta,DKI Jakarta,ID,LT-IND,"Loop Tote, Indigo",Indigo,2,378000,,0,0,378000,payment_method_selected,QRIS,,google / organic,,,/products/loop-tote-indigo,685,5,checking_marketplace_price,2026-08-21 23:32:14,false,false,2026-08-22 22:32:14,true,false,,,abandoned,,,,https://loopcycle.example/checkouts/c/3057778613245/recover,
3008160910320,2026-08-22 13:11:21,2026-08-22 13:35:21,,,+62-8**-****-4689,false,mobile,Bandung,West Java,ID,LT-IND,"Loop Tote, Indigo",Indigo,2,378000,,0,0,378000,shipping_method,,,whatsapp,,,/products/loop-tote-indigo,84,11,unexpected_shipping_cost,,,,,,,2026-08-22 15:11:21,false,abandoned,,,,https://loopcycle.example/checkouts/c/3008160910320/recover,
3396263324131,2026-08-22 18:05:12,2026-08-22 18:16:12,C001108,t***@gmail.com,+62-8**-****-7054,false,desktop,Bekasi,West Java,ID,LT-IND,"Loop Tote, Indigo",Indigo,1,189000,,0,25000,214000,shipping_method,Bank transfer (VA),,instagram / bio_link,ig_quiz_image,17909171324675683,/products/loop-tote-indigo,608,4,delivery_time_too_long,2026-08-22 19:05:12,true,true,,,,,,recovered,email,#LT10321,2026-08-22 21:27:22,https://loopcycle.example/checkouts/c/3396263324131/recover,utm_bio_link
3997848715642,2026-08-22 18:41:17,2026-08-22 18:49:17,,e***@gmail.com,,false,mobile,Jakarta,DKI Jakarta,ID,LT-IND,"Loop Tote, Indigo",Indigo,3,567000,,0,0,567000,shipping_method,,,direct,,,/products/loop-tote-indigo,78,5,delivery_time_too_long,2026-08-22 19:41:17,false,false,2026-08-23 18:41:17,false,false,,,abandoned,,,,https://loopcycle.example/checkouts/c/3997848715642/recover,
3622045595316,2026-08-22 21:27:57,2026-08-22 21:49:57,,,+62-8**-****-9262,false,desktop,Bekasi,West Java,ID,LT-IND,"Loop Tote, Indigo",Indigo,1,189000,,0,40000,229000,payment_method_selected,QRIS,,instagram / bio_link,ig_quiz_image,17909171324675683,/products/loop-tote-indigo,160,3,payment_page_expired,,,,,,,,,abandoned,,,,https://loopcycle.example/checkouts/c/3622045595316/recover,utm_bio_link
3018536875255,2026-08-22 21:57:18,2026-08-22 22:18:18,,n***@icloud.com,+62-8**-****-7506,false,mobile,Bandung,West Java,ID,LT-SND,"Loop Tote, Sand",Sand,1,189000,,0,18000,207000,payment_attempted_failed,GoPay,timeout,instagram / bio_link,ig_quiz_image,17909171324675683,/products/loop-tote-sand,518,7,payment_failed,2026-08-22 22:57:18,false,false,2026-08-23 21:57:18,false,false,2026-08-22 23:57:18,false,abandoned,,,,https://loopcycle.example/checkouts/c/3018536875255/recover,utm_bio_link
3094991388601,2026-08-22 22:22:52,2026-08-22 22:24:52,,a***@outlook.com,+62-8**-****-5756,false,mobile,Pekanbaru,Riau,ID,LT-GRN,"Loop Tote, Sea-green",Sea-green,1,189000,,0,25000,214000,payment_attempted_failed,GoPay,timeout,direct,,,/products/loop-tote-sea-green,396,10,payment_failed,2026-08-22 23:22:52,true,false,2026-08-23 22:22:52,false,false,,,abandoned,,,,https://loopcycle.example/checkouts/c/3094991388601/recover,
3734371190061,2026-08-23 12:30:53,2026-08-23 12:33:53,,t***@gmail.com,+62-8**-****-9593,true,mobile,Bandung,West Java,ID,LT-IND,"Loop Tote, Indigo",Indigo,1,189000,NEWSLETTER5,9500,18000,197500,shipping_method,,,direct,,,/products/loop-tote-indigo,296,6,unexpected_shipping_cost,2026-08-23 13:30:53,true,false,2026-08-24 12:30:53,false,false,2026-08-23 14:30:53,false,abandoned,,,,https://loopcycle.example/checkouts/c/3734371190061/recover,
3646817634934,2026-08-23 16:01:59,2026-08-23 16:14:59,,p***@gmail.com,+62-8**-****-5641,true,mobile,Bandung,West Java,ID,LT-IND,"Loop Tote, Indigo",Indigo,1,189000,,0,18000,207000,shipping_method,,,instagram / bio_link,ig_education_p13,17908305184474765,/products/loop-tote-indigo,53,7,waiting_for_promo_code,2026-08-23 17:01:59,true,false,2026-08-24 16:01:59,false,false,2026-08-23 18:01:59,false,abandoned,,,,https://loopcycle.example/checkouts/c/3646817634934/recover,utm_bio_link
3241534985958,2026-08-23 19:31:06,2026-08-23 19:53:06,,r***@gmail.com,,true,mobile,Subang,West Java,ID,LT-IND,"Loop Tote, Indigo",Indigo,4,756000,,0,,756000,contact_info,,,direct,ig_education_p13,17908305184474765,/products/loop-tote-indigo,65,3,distracted_or_session_ended,2026-08-23 20:31:06,true,false,2026-08-24 19:31:06,true,false,,,abandoned,,,,https://loopcycle.example/checkouts/c/3241534985958/recover,utm_bio_link
3336010058971,2026-08-23 20:15:23,2026-08-23 20:22:23,,f***@gmail.com,,false,mobile,Pekanbaru,Riau,ID,LT-IND,"Loop Tote, Indigo",Indigo,1,189000,,0,32000,221000,payment_attempted_failed,Bank transfer (VA),va_expired,direct,,,/products/loop-tote-indigo,621,3,payment_failed,2026-08-23 21:15:23,false,false,2026-08-24 20:15:23,false,false,,,abandoned,,,,https://loopcycle.example/checkouts/c/3336010058971/recover,
3853715428422,2026-08-23 20:17:04,2026-08-23 20:37:04,,,+62-8**-****-5999,false,mobile,Bandung,West Java,ID,LT-IND,"Loop Tote, Indigo",Indigo,2,378000,NEWSLETTER5,19000,0,359000,payment_method_selected,OVO,,google / organic,,,/products/loop-tote-indigo,116,2,payment_page_expired,,,,,,,2026-08-23 22:17:04,false,abandoned,,,,https://loopcycle.example/checkouts/c/3853715428422/recover,
3772047239371,2026-08-23 21:02:54,2026-08-23 21:04:54,,g***@outlook.com,,false,mobile,Bandung,West Java,ID,LT-SND,"Loop Tote, Sand",Sand,1,189000,NEWSLETTER5,9500,32000,211500,shipping_method,,,direct,,,/products/loop-tote-sand,833,8,delivery_time_too_long,2026-08-23 22:02:54,true,false,2026-08-24 21:02:54,true,false,,,abandoned,,,,https://loopcycle.example/checkouts/c/3772047239371/recover,
3264154580577,2026-08-24 07:50:13,2026-08-24 07:59:13,,a***@gmail.com,+62-8**-****-9741,false,tablet,Bandung,West Java,ID,LT-GRN,"Loop Tote, Sea-green",Sea-green,1,189000,,0,,189000,contact_info,,,direct,,,/products/loop-tote-sea-green,342,8,just_browsing_or_comparing,2026-08-24 08:50:13,true,false,2026-08-25 07:50:13,false,false,2026-08-24 09:50:13,true,abandoned,,,,https://loopcycle.example/checkouts/c/3264154580577/recover,
3477794249733,2026-08-24 08:57:06,2026-08-24 08:58:06,,f***@gmail.com,+62-8**-****-8052,false,mobile,Jakarta,DKI Jakarta,ID,LT-SND,"Loop Tote, Sand",Sand,1,189000,,0,40000,229000,shipping_method,,,instagram / bio_link,ig_quiz_image,17909171324675683,/products/loop-tote-sand,61,7,distracted_or_session_ended,2026-08-24 09:57:06,true,false,2026-08-25 08:57:06,false,false,,,abandoned,,,,https://loopcycle.example/checkouts/c/3477794249733/recover,utm_bio_link
3113582173243,2026-08-24 11:57:03,2026-08-24 12:20:03,,a***@proton.me,+62-8**-****-7006,false,mobile,Makassar,South Sulawesi,ID,LT-IND,"Loop Tote, Indigo",Indigo,3,567000,,0,0,567000,shipping_method,,,instagram / bio_link,ig_always_on,,/products/loop-tote-indigo,557,10,unexpected_shipping_cost,2026-08-24 12:57:03,true,false,2026-08-25 11:57:03,false,false,,,abandoned,,,,https://loopcycle.example/checkouts/c/3113582173243/recover,
3769794156428,2026-08-24 12:41:05,2026-08-24 12:47:05,,t***@hotmail.com,+62-8**-****-2266,true,desktop,Tangerang,Banten,ID,LT-IND,"Loop Tote, Indigo",Indigo,1,189000,,0,25000,214000,payment_method_selected,Credit card,,instagram / bio_link,ig_education_p13,17908305184474765,/products/loop-tote-indigo,295,3,payment_page_expired,2026-08-24 13:41:05,false,false,2026-08-25 12:41:05,false,false,,,abandoned,,,,https://loopcycle.example/checkouts/c/3769794156428/recover,utm_bio_link
3601377235101,2026-08-24 15:18:05,2026-08-24 15:19:05,,s***@yahoo.co.id,+62-8**-****-2801,true,mobile,Manado,North Sulawesi,ID,LT-IND,"Loop Tote, Indigo",Indigo,2,378000,,0,0,378000,payment_method_selected,GoPay,,instagram / bio_link,ig_quiz_image,17909171324675683,/products/loop-tote-indigo,186,11,preferred_payment_unavailable,2026-08-24 16:18:05,false,false,2026-08-25 15:18:05,false,false,,,abandoned,,,,https://loopcycle.example/checkouts/c/3601377235101/recover,utm_bio_link
3680927458889,2026-08-24 16:42:09,2026-08-24 16:44:09,,y***@outlook.com,,false,desktop,South Tangerang,Banten,ID,LT-IND,"Loop Tote, Indigo",Indigo,2,378000,,0,0,378000,shipping_method,,,direct,,,/products/loop-tote-indigo,41,3,delivery_time_too_long,2026-08-24 17:42:09,false,false,2026-08-25 16:42:09,false,false,,,abandoned,,,,https://loopcycle.example/checkouts/c/3680927458889/recover,
3733869439652,2026-08-24 22:44:34,2026-08-24 22:50:34,,t***@icloud.com,+62-8**-****-8015,false,mobile,Cimahi,West Java,ID,LT-GRN,"Loop Tote, Sea-green",Sea-green,1,189000,,0,40000,229000,payment_method_selected,ShopeePay,,direct,,,/products/loop-tote-sea-green,204,4,waiting_for_voucher,2026-08-24 23:44:34,true,true,2026-08-25 22:44:34,false,false,,,abandoned,,,,https://loopcycle.example/checkouts/c/3733869439652/recover,
3553081755897,2026-08-25 07:01:54,2026-08-25 07:18:54,,f***@hotmail.com,+62-8**-****-9362,true,mobile,Jakarta,DKI Jakarta,ID,LT-IND,"Loop Tote, Indigo",Indigo,1,189000,,0,32000,221000,payment_attempted_failed,GoPay,timeout,instagram / bio_link,ig_quiz_image,17909171324675683,/products/loop-tote-indigo,57,7,payment_failed,2026-08-25 08:01:54,true,true,2026-08-26 07:01:54,false,false,,,abandoned,,,,https://loopcycle.example/checkouts/c/3553081755897/recover,utm_bio_link
3101943164107,2026-08-25 08:26:17,2026-08-25 08:49:17,,g***@gmail.com,,false,mobile,Bandung,West Java,ID,LT-IND,"Loop Tote, Indigo",Indigo,1,189000,,0,15000,204000,shipping_method,,,instagram / bio_link,ig_always_on,,/products/loop-tote-indigo,568,5,distracted_or_session_ended,2026-08-25 09:26:17,false,false,2026-08-26 08:26:17,true,false,,,abandoned,,,,https://loopcycle.example/checkouts/c/3101943164107/recover,
3697037655818,2026-08-25 10:51:23,2026-08-25 11:14:23,C001148,,+62-8**-****-6132,false,mobile,Jakarta,DKI Jakarta,ID,LT-SND,"Loop Tote, Sand",Sand,1,189000,,0,40000,229000,payment_method_selected,QRIS,,direct,,,/products/loop-tote-sand,407,5,preferred_payment_unavailable,,,,,,,2026-08-25 12:51:23,true,recovered,whatsapp,#LT10341,2026-08-25 15:41:54,https://loopcycle.example/checkouts/c/3697037655818/recover,
3087008514543,2026-08-25 11:45:16,2026-08-25 12:09:16,,a***@gmail.com,+62-8**-****-7815,false,mobile,Bandung,West Java,ID,LT-GRN,"Loop Tote, Sea-green",Sea-green,1,189000,,0,,189000,contact_info,,,direct,,,/products/loop-tote-sea-green,228,4,account_or_form_friction,2026-08-25 12:45:16,true,false,2026-08-26 11:45:16,true,false,2026-08-25 13:45:16,false,abandoned,,,,https://loopcycle.example/checkouts/c/3087008514543/recover,
3148329483956,2026-08-25 16:58:38,2026-08-25 17:21:38,,f***@gmail.com,,true,mobile,Bandung,West Java,ID,LT-SND,"Loop Tote, Sand",Sand,2,378000,,0,0,378000,payment_method_selected,ShopeePay,,direct,,,/products/loop-tote-sand,144,7,payment_page_expired,2026-08-25 17:58:38,false,false,2026-08-26 16:58:38,true,false,,,abandoned,,,,https://loopcycle.example/checkouts/c/3148329483956/recover,
3105441297299,2026-08-25 17:17:48,2026-08-25 17:39:48,,s***@gmail.com,,true,mobile,Jakarta,DKI Jakarta,ID,LT-SND,"Loop Tote, Sand",Sand,1,189000,,0,18000,207000,payment_attempted_failed,Credit card,3ds_failed,google / organic,,,/products/loop-tote-sand,530,7,payment_failed,2026-08-25 18:17:48,false,false,2026-08-26 17:17:48,true,false,,,abandoned,,,,https://loopcycle.example/checkouts/c/3105441297299/recover,
3399420220732,2026-08-25 20:01:29,2026-08-25 20:07:29,,f***@gmail.com,+62-8**-****-7827,true,mobile,Jakarta,DKI Jakarta,ID,LT-IND,"Loop Tote, Indigo",Indigo,1,189000,,0,18000,207000,payment_attempted_failed,OVO,insufficient_balance,direct,,,/products/loop-tote-indigo,438,5,payment_failed,2026-08-25 21:01:29,false,false,2026-08-26 20:01:29,false,false,2026-08-25 22:01:29,false,abandoned,,,,https://loopcycle.example/checkouts/c/3399420220732/recover,
3449172949654,2026-08-25 22:42:27,2026-08-25 23:02:27,,p***@gmail.com,,true,mobile,Denpasar,Bali,ID,LT-IND,"Loop Tote, Indigo",Indigo,1,189000,,0,,189000,contact_info,,,direct,,,/products/loop-tote-indigo,294,4,distracted_or_session_ended,2026-08-25 23:42:27,true,false,2026-08-26 22:42:27,true,true,,,abandoned,,,,https://loopcycle.example/checkouts/c/3449172949654/recover,
3927551379452,2026-08-26 18:44:01,2026-08-26 19:01:01,,h***@gmail.com,,false,mobile,Cimahi,West Java,ID,LT-GRN,"Loop Tote, Sea-green",Sea-green,1,189000,,0,40000,229000,payment_method_selected,Bank transfer (VA),,instagram / bio_link,ig_behind_the_scenes_p14,17903887245863979,/products/loop-tote-sea-green,331,5,waiting_for_voucher,2026-08-26 19:44:01,false,false,2026-08-27 18:44:01,true,false,,,abandoned,,,,https://loopcycle.example/checkouts/c/3927551379452/recover,utm_bio_link
3660526126699,2026-08-26 18:58:01,2026-08-26 19:04:01,,h***@proton.me,,false,mobile,Malang,East Java,ID,LT-GRN,"Loop Tote, Sea-green",Sea-green,3,567000,,0,,567000,contact_info,,,instagram / bio_link,ig_behind_the_scenes_p14,17903887245863979,/products/loop-tote-sea-green,662,10,distracted_or_session_ended,2026-08-26 19:58:01,false,false,2026-08-27 18:58:01,false,false,,,abandoned,,,,https://loopcycle.example/checkouts/c/3660526126699/recover,utm_bio_link
3478972184278,2026-08-26 19:05:06,2026-08-26 19:25:06,,f***@gmail.com,+62-8**-****-5260,false,tablet,Bandung,West Java,ID,LT-GRN,"Loop Tote, Sea-green",Sea-green,1,189000,,0,,189000,contact_info,,,instagram / bio_link,ig_always_on,,/products/loop-tote-sea-green,522,7,just_browsing_or_comparing,2026-08-26 20:05:06,false,false,2026-08-27 19:05:06,false,false,,,abandoned,,,,https://loopcycle.example/checkouts/c/3478972184278/recover,
3929232971005,2026-08-27 15:24:03,2026-08-27 15:42:03,,t***@hotmail.com,+62-8**-****-4860,true,desktop,Bandung,West Java,ID,LT-GRN,"Loop Tote, Sea-green",Sea-green,1,189000,,0,18000,207000,shipping_method,,,instagram / bio_link,ig_always_on,,/products/loop-tote-sea-green,583,3,unexpected_shipping_cost,2026-08-27 16:24:03,true,false,2026-08-28 15:24:03,false,false,,,abandoned,,,,https://loopcycle.example/checkouts/c/3929232971005/recover,
3475546505939,2026-08-27 18:10:14,2026-08-27 18:23:14,,m***@gmail.com,+62-8**-****-4487,false,mobile,Sukabumi,West Java,ID,LT-GRN,"Loop Tote, Sea-green",Sea-green,1,189000,,0,15000,204000,shipping_method,,,instagram / bio_link,ig_always_on,,/products/loop-tote-sea-green,272,4,unexpected_shipping_cost,2026-08-27 19:10:14,false,false,2026-08-28 18:10:14,false,false,2026-08-27 20:10:14,false,abandoned,,,,https://loopcycle.example/checkouts/c/3475546505939/recover,
3157619691543,2026-08-27 20:24:23,2026-08-27 20:38:23,C001226,g***@hotmail.com,+62-8**-****-2395,false,mobile,Bandung,West Java,ID,LT-IND,"Loop Tote, Indigo",Indigo,1,189000,,0,0,189000,shipping_method,QRIS,,instagram / bio_link,ig_batik_reel,17902562330559770,/products/loop-tote-indigo,791,8,unexpected_shipping_cost,2026-08-27 21:24:23,true,true,,,,,,recovered,email,#LT10375,2026-08-28 16:24:29,https://loopcycle.example/checkouts/c/3157619691543/recover,utm_bio_link
3549072488059,2026-08-27 20:53:21,2026-08-27 21:16:21,,s***@hotmail.com,+62-8**-****-6426,true,mobile,Makassar,South Sulawesi,ID,LT-IND,"Loop Tote, Indigo",Indigo,1,189000,,0,32000,221000,shipping_method,,,direct,,,/products/loop-tote-indigo,750,6,distracted_or_session_ended,2026-08-27 21:53:21,false,false,2026-08-28 20:53:21,false,false,,,abandoned,,,,https://loopcycle.example/checkouts/c/3549072488059/recover,
3168513840589,2026-08-28 00:18:59,2026-08-28 00:42:59,,f***@gmail.com,+62-8**-****-1486,true,mobile,Cirebon,West Java,ID,LT-SND,"Loop Tote, Sand",Sand,1,189000,,0,,189000,contact_info,,,instagram / bio_link,ig_always_on,,/products/loop-tote-sand,175,9,account_or_form_friction,2026-08-28 01:18:59,false,false,2026-08-29 00:18:59,false,false,2026-08-28 02:18:59,false,abandoned,,,,https://loopcycle.example/checkouts/c/3168513840589/recover,
3799077503502,2026-08-28 02:09:39,2026-08-28 02:33:39,,a***@outlook.com,+62-8**-****-4897,false,mobile,Bogor,West Java,ID,LT-GRN,"Loop Tote, Sea-green",Sea-green,2,378000,,0,0,378000,shipping_method,,,instagram / bio_link,ig_always_on,,/products/loop-tote-sea-green,161,9,delivery_time_too_long,2026-08-28 03:09:39,true,false,2026-08-29 02:09:39,true,false,2026-08-28 04:09:39,false,abandoned,,,,https://loopcycle.example/checkouts/c/3799077503502/recover,
3221522115946,2026-08-28 07:06:48,2026-08-28 07:26:48,,a***@proton.me,,true,mobile,Garut,West Java,ID,LT-IND,"Loop Tote, Indigo",Indigo,1,189000,NEWSLETTER5,9500,18000,197500,shipping_method,,,instagram / bio_link,ig_always_on,,/products/loop-tote-indigo,455,5,unexpected_shipping_cost,2026-08-28 08:06:48,true,false,2026-08-29 07:06:48,false,false,,,abandoned,,,,https://loopcycle.example/checkouts/c/3221522115946/recover,
3227080049004,2026-08-28 07:47:28,2026-08-28 08:09:28,,,+62-8**-****-5150,false,mobile,Bogor,West Java,ID,LT-GRN,"Loop Tote, Sea-green",Sea-green,1,189000,,0,25000,214000,shipping_method,,,instagram / bio_link,ig_always_on,,/products/loop-tote-sea-green,819,6,distracted_or_session_ended,,,,,,,2026-08-28 09:47:28,false,abandoned,,,,https://loopcycle.example/checkouts/c/3227080049004/recover,
3405846501959,2026-08-28 08:53:57,2026-08-28 09:15:57,,k***@gmail.com,,true,mobile,Medan,North Sumatra,ID,LT-SND,"Loop Tote, Sand",Sand,1,189000,,0,18000,207000,payment_attempted_failed,Bank transfer (VA),va_expired,instagram / bio_link,ig_always_on,,/products/loop-tote-sand,195,6,payment_failed,2026-08-28 09:53:57,false,false,2026-08-29 08:53:57,false,false,,,abandoned,,,,https://loopcycle.example/checkouts/c/3405846501959/recover,
3817976208271,2026-08-28 09:01:06,2026-08-28 09:07:06,,p***@gmail.com,+62-8**-****-7158,false,mobile,Bandung,West Java,ID,LT-GRN,"Loop Tote, Sea-green",Sea-green,1,189000,,0,,189000,contact_info,,,instagram / bio_link,ig_behind_the_scenes_p14,17903887245863979,/products/loop-tote-sea-green,257,11,just_browsing_or_comparing,2026-08-28 10:01:06,true,false,2026-08-29 09:01:06,false,false,2026-08-28 11:01:06,false,abandoned,,,,https://loopcycle.example/checkouts/c/3817976208271/recover,utm_bio_link
3210832818093,2026-08-28 09:23:19,2026-08-28 09:47:19,,o***@gmail.com,,true,desktop,Solo,Central Java,ID,LT-GRN,"Loop Tote, Sea-green",Sea-green,1,189000,,0,,189000,contact_info,,,instagram / bio_link,ig_batik_reel,17902562330559770,/products/loop-tote-sea-green,819,3,just_browsing_or_comparing,2026-08-28 10:23:19,true,false,2026-08-29 09:23:19,true,false,,,abandoned,,,,https://loopcycle.example/checkouts/c/3210832818093/recover,utm_bio_link
3935286147466,2026-08-28 09:32:01,2026-08-28 09:46:01,,j***@gmail.com,,true,mobile,Bekasi,West Java,ID,LT-SND,"Loop Tote, Sand",Sand,1,189000,,0,,189000,contact_info,,,instagram / bio_link,ig_batik_reel,17902562330559770,/products/loop-tote-sand,583,6,just_browsing_or_comparing,2026-08-28 10:32:01,false,false,2026-08-29 09:32:01,false,false,,,abandoned,,,,https://loopcycle.example/checkouts/c/3935286147466/recover,utm_bio_link
3322049459195,2026-08-28 11:39:59,2026-08-28 11:53:59,,m***@gmail.com,+62-8**-****-9063,true,mobile,Depok,West Java,ID,LT-SND,"Loop Tote, Sand",Sand,1,189000,,0,,189000,contact_info,,,instagram / bio_link,ig_batik_reel,17902562330559770,/products/loop-tote-sand,759,11,account_or_form_friction,2026-08-28 12:39:59,false,false,2026-08-29 11:39:59,false,false,,,abandoned,,,,https://loopcycle.example/checkouts/c/3322049459195/recover,utm_bio_link
3887044808490,2026-08-28 11:53:42,2026-08-28 12:02:42,,n***@gmail.com,,true,mobile,Makassar,South Sulawesi,ID,LT-SND,"Loop Tote, Sand",Sand,1,189000,,0,32000,221000,payment_attempted_failed,GoPay,timeout,instagram / bio_link,ig_batik_reel,17902562330559770,/products/loop-tote-sand,620,11,payment_failed,2026-08-28 12:53:42,false,false,2026-08-29 11:53:42,false,false,,,abandoned,,,,https://loopcycle.example/checkouts/c/3887044808490/recover,utm_bio_link
3491265220797,2026-08-28 11:55:31,2026-08-28 12:16:31,,k***@gmail.com,+62-8**-****-4931,true,mobile,Tangerang,Banten,ID,LT-GRN,"Loop Tote, Sea-green",Sea-green,1,189000,,0,18000,207000,payment_attempted_failed,ShopeePay,timeout,instagram / bio_link,ig_batik_reel,17902562330559770,/products/loop-tote-sea-green,99,6,payment_failed,2026-08-28 12:55:31,false,false,2026-08-29 11:55:31,true,false,,,abandoned,,,,https://loopcycle.example/checkouts/c/3491265220797/recover,utm_bio_link
3642690681468,2026-08-28 12:54:35,2026-08-28 13:03:35,,,+62-8**-****-6954,false,mobile,Bekasi,West Java,ID,LT-GRN,"Loop Tote, Sea-green",Sea-green,1,189000,,0,25000,214000,shipping_method,,,instagram / bio_link,ig_batik_reel,17902562330559770,/products/loop-tote-sea-green,831,6,delivery_time_too_long,,,,,,,2026-08-28 14:54:35,false,abandoned,,,,https://loopcycle.example/checkouts/c/3642690681468/recover,utm_bio_link
3917935247526,2026-08-28 13:28:42,2026-08-28 13:45:42,,h***@gmail.com,+62-8**-****-7027,false,desktop,Jakarta,DKI Jakarta,ID,LT-IND,"Loop Tote, Indigo",Indigo,1,189000,,0,18000,207000,payment_method_selected,QRIS,,instagram / bio_link,ig_batik_reel,17902562330559770,/products/loop-tote-indigo,564,6,checking_marketplace_price,2026-08-28 14:28:42,true,false,2026-08-29 13:28:42,true,false,,,abandoned,,,,https://loopcycle.example/checkouts/c/3917935247526/recover,utm_bio_link
3903087704410,2026-08-28 13:42:49,2026-08-28 13:52:49,,c***@gmail.com,+62-8**-****-6434,true,mobile,Yogyakarta,DI Yogyakarta,ID,LT-IND,"Loop Tote, Indigo",Indigo,1,189000,,0,25000,214000,payment_method_selected,Credit card,,instagram / bio_link,ig_batik_reel,17902562330559770,/products/loop-tote-indigo,707,7,checking_marketplace_price,2026-08-28 14:42:49,true,false,2026-08-29 13:42:49,false,false,2026-08-28 15:42:49,false,abandoned,,,,https://loopcycle.example/checkouts/c/3903087704410/recover,utm_bio_link
3638424347318,2026-08-28 13:43:46,2026-08-28 13:59:46,C001322,,+62-8**-****-3270,false,desktop,South Tangerang,Banten,ID,LT-GRN,"Loop Tote, Sea-green",Sea-green,1,189000,NEWSLETTER5,9500,15000,194500,payment_attempted_failed,ShopeePay,timeout,instagram / bio_link,ig_batik_reel,17902562330559770,/products/loop-tote-sea-green,737,6,payment_failed,,,,,,,2026-08-28 15:43:46,false,recovered,email,#LT10408,2026-08-29 22:01:28,https://loopcycle.example/checkouts/c/3638424347318/recover,utm_bio_link
3123379269563,2026-08-28 13:47:24,2026-08-28 13:50:24,,b***@gmail.com,+62-8**-****-3076,true,mobile,Denpasar,Bali,ID,LT-SND,"Loop Tote, Sand",Sand,3,567000,,0,,567000,contact_info,,,instagram / bio_link,ig_batik_reel,17902562330559770,/products/loop-tote-sand,878,2,just_browsing_or_comparing,2026-08-28 14:47:24,false,false,2026-08-29 13:47:24,true,false,2026-08-28 15:47:24,false,abandoned,,,,https://loopcycle.example/checkouts/c/3123379269563/recover,utm_bio_link
3615738582170,2026-08-28 13:49:45,2026-08-28 13:53:45,,,+62-8**-****-6943,false,desktop,Jakarta,DKI Jakarta,ID,LT-SND,"Loop Tote, Sand",Sand,1,189000,,0,,189000,contact_info,,,direct,,,/products/loop-tote-sand,173,5,just_browsing_or_comparing,,,,,,,,,abandoned,,,,https://loopcycle.example/checkouts/c/3615738582170/recover,
3490454789102,2026-08-28 14:24:12,2026-08-28 14:46:12,C001228,b***@gmail.com,+62-8**-****-7316,false,desktop,Yogyakarta,DI Yogyakarta,ID,LT-IND,"Loop Tote, Indigo",Indigo,1,189000,,0,0,189000,payment_attempted_failed,Bank transfer (VA),va_expired,instagram / bio_link,ig_batik_reel,17902562330559770,/products/loop-tote-indigo,202,2,payment_failed,2026-08-28 15:24:12,false,false,,,,2026-08-28 16:24:12,false,recovered,organic,#LT10376,2026-08-28 16:31:05,https://loopcycle.example/checkouts/c/3490454789102/recover,utm_bio_link
3324313675342,2026-08-28 14:34:12,2026-08-28 14:53:12,,y***@gmail.com,+62-8**-****-5809,false,mobile,Tasikmalaya,West Java,ID,LT-SND,"Loop Tote, Sand",Sand,1,189000,,0,25000,214000,payment_method_selected,GoPay,,instagram / bio_link,ig_batik_reel,17902562330559770,/products/loop-tote-sand,68,6,checking_marketplace_price,2026-08-28 15:34:12,true,false,2026-08-29 14:34:12,true,false,,,abandoned,,,,https://loopcycle.example/checkouts/c/3324313675342/recover,utm_bio_link
3247021332350,2026-08-28 14:46:50,2026-08-28 14:48:50,,n***@gmail.com,+62-8**-****-8226,false,tablet,Bandung,West Java,ID,LT-GRN,"Loop Tote, Sea-green",Sea-green,4,756000,,0,0,756000,payment_method_selected,GoPay,,instagram / bio_link,ig_batik_reel,17902562330559770,/products/loop-tote-sea-green,876,3,payment_page_expired,2026-08-28 15:46:50,true,false,2026-08-29 14:46:50,false,false,,,abandoned,,,,https://loopcycle.example/checkouts/c/3247021332350/recover,utm_bio_link
3194269767354,2026-08-28 14:52:56,2026-08-28 15:00:56,,,+62-8**-****-1927,false,mobile,Bogor,West Java,ID,LT-IND,"Loop Tote, Indigo",Indigo,1,189000,,0,,189000,contact_info,,,instagram / bio_link,ig_batik_reel,17902562330559770,/products/loop-tote-indigo,91,5,just_browsing_or_comparing,,,,,,,2026-08-28 16:52:56,false,abandoned,,,,https://loopcycle.example/checkouts/c/3194269767354/recover,utm_bio_link
3285026139055,2026-08-28 17:25:40,2026-08-28 17:46:40,,,+62-8**-****-7562,false,mobile,Bandung,West Java,ID,LT-GRN,"Loop Tote, Sea-green",Sea-green,1,189000,,0,32000,221000,payment_method_selected,Bank transfer (VA),,instagram / bio_link,ig_batik_reel,17902562330559770,/products/loop-tote-sea-green,463,5,preferred_payment_unavailable,,,,,,,2026-08-28 19:25:40,false,abandoned,,,,https://loopcycle.example/checkouts/c/3285026139055/recover,utm_bio_link
3552615037452,2026-08-28 17:26:46,2026-08-28 17:48:46,,s***@gmail.com,+62-8**-****-7634,false,mobile,Batam,Riau Islands,ID,LT-IND,"Loop Tote, Indigo",Indigo,1,189000,,0,,189000,contact_info,,,instagram / bio_link,ig_batik_reel,17902562330559770,/products/loop-tote-indigo,513,8,account_or_form_friction,2026-08-28 18:26:46,true,false,2026-08-29 17:26:46,false,false,,,abandoned,,,,https://loopcycle.example/checkouts/c/3552615037452/recover,utm_bio_link
3921897221770,2026-08-28 17:35:57,2026-08-28 17:54:57,,,+62-8**-****-5514,false,mobile,Bandung,West Java,ID,LT-IND,"Loop Tote, Indigo",Indigo,1,189000,,0,32000,221000,shipping_method,,,instagram / bio_link,ig_batik_reel,17902562330559770,/products/loop-tote-indigo,327,6,unexpected_shipping_cost,,,,,,,,,abandoned,,,,https://loopcycle.example/checkouts/c/3921897221770/recover,utm_bio_link
3754642595269,2026-08-28 17:38:25,2026-08-28 17:48:25,,s***@hotmail.com,,true,mobile,Makassar,South Sulawesi,ID,LT-GRN,"Loop Tote, Sea-green",Sea-green,1,189000,,0,25000,214000,payment_attempted_failed,Bank transfer (VA),va_expired,instagram / bio_link,ig_batik_reel,17902562330559770,/products/loop-tote-sea-green,371,5,payment_failed,2026-08-28 18:38:25,false,false,2026-08-29 17:38:25,false,false,,,abandoned,,,,https://loopcycle.example/checkouts/c/3754642595269/recover,utm_bio_link
3170538772456,2026-08-28 17:52:17,2026-08-28 18:06:17,C001314,,+62-8**-****-8572,false,desktop,Bandung,West Java,ID,LT-GRN,"Loop Tote, Sea-green",Sea-green,2,378000,,0,0,378000,payment_attempted_failed,Bank transfer (VA),va_expired,instagram / bio_link,ig_batik_reel,17902562330559770,/products/loop-tote-sea-green,373,8,payment_failed,,,,,,,2026-08-28 19:52:17,true,recovered,whatsapp,#LT10404,2026-08-29 20:04:05,https://loopcycle.example/checkouts/c/3170538772456/recover,utm_bio_link
3748662745678,2026-08-28 18:07:35,2026-08-28 18:16:35,,,+62-8**-****-2737,false,tablet,Tangerang,Banten,ID,LT-IND,"Loop Tote, Indigo",Indigo,1,189000,,0,40000,229000,payment_method_selected,QRIS,,instagram / bio_link,ig_batik_reel,17902562330559770,/products/loop-tote-indigo,800,9,checking_marketplace_price,,,,,,,,,abandoned,,,,https://loopcycle.example/checkouts/c/3748662745678/recover,utm_bio_link
3631101506391,2026-08-28 18:28:48,2026-08-28 18:34:48,,d***@gmail.com,+62-8**-****-9871,false,desktop,Bandung,West Java,ID,LT-SND,"Loop Tote, Sand",Sand,1,189000,,0,18000,207000,shipping_method,,,whatsapp,,,/products/loop-tote-sand,423,3,unexpected_shipping_cost,2026-08-28 19:28:48,false,false,2026-08-29 18:28:48,true,true,,,abandoned,,,,https://loopcycle.example/checkouts/c/3631101506391/recover,
3210862777607,2026-08-28 20:10:43,2026-08-28 20:35:43,,w***@gmail.com,,false,mobile,Bandung,West Java,ID,LT-IND,"Loop Tote, Indigo",Indigo,1,189000,,0,,189000,contact_info,,,direct,,,/products/loop-tote-indigo,184,8,distracted_or_session_ended,2026-08-28 21:10:43,true,true,2026-08-29 20:10:43,false,false,,,abandoned,,,,https://loopcycle.example/checkouts/c/3210862777607/recover,
3644338748527,2026-08-28 21:09:21,2026-08-28 21:28:21,,,+62-8**-****-1674,false,mobile,Bogor,West Java,ID,LT-SND,"Loop Tote, Sand",Sand,1,189000,,0,15000,204000,payment_method_selected,QRIS,,instagram / bio_link,ig_batik_reel,17902562330559770,/products/loop-tote-sand,719,4,checking_marketplace_price,,,,,,,2026-08-28 23:09:21,false,abandoned,,,,https://loopcycle.example/checkouts/c/3644338748527/recover,utm_bio_link
3567841334868,2026-08-28 22:32:00,2026-08-28 22:34:00,,d***@gmail.com,+62-8**-****-1240,false,mobile,Bekasi,West Java,ID,LT-IND,"Loop Tote, Indigo",Indigo,1,189000,,0,15000,204000,payment_method_selected,Bank transfer (VA),,instagram / bio_link,ig_batik_reel,17902562330559770,/products/loop-tote-indigo,74,11,waiting_for_voucher,2026-08-28 23:32:00,false,false,2026-08-29 22:32:00,false,false,,,abandoned,,,,https://loopcycle.example/checkouts/c/3567841334868/recover,utm_bio_link
3312297924284,2026-08-28 23:31:35,2026-08-28 23:42:35,,a***@gmail.com,,false,mobile,Bekasi,West Java,ID,LT-GRN,"Loop Tote, Sea-green",Sea-green,1,189000,,0,18000,207000,payment_method_selected,ShopeePay,,instagram / bio_link,ig_batik_reel,17902562330559770,/products/loop-tote-sea-green,314,10,payment_page_expired,2026-08-29 00:31:35,false,false,2026-08-29 23:31:35,false,false,,,abandoned,,,,https://loopcycle.example/checkouts/c/3312297924284/recover,utm_bio_link
3384252574641,2026-08-28 23:32:34,2026-08-28 23:38:34,,n***@gmail.com,,true,mobile,Makassar,South Sulawesi,ID,LT-GRN,"Loop Tote, Sea-green",Sea-green,1,189000,,0,15000,204000,shipping_method,,,instagram / bio_link,ig_batik_reel,17902562330559770,/products/loop-tote-sea-green,784,5,unexpected_shipping_cost,2026-08-29 00:32:34,false,false,2026-08-29 23:32:34,true,false,,,abandoned,,,,https://loopcycle.example/checkouts/c/3384252574641/recover,utm_bio_link
3543050893123,2026-08-29 02:30:53,2026-08-29 02:34:53,C001293,j***@gmail.com,+62-8**-****-4586,true,mobile,Jakarta,DKI Jakarta,ID,LT-GRN,"Loop Tote, Sea-green",Sea-green,1,189000,,0,32000,221000,payment_method_selected,Credit card,,direct,,,/products/loop-tote-sea-green,671,2,preferred_payment_unavailable,2026-08-29 03:30:53,true,true,,,,2026-08-29 04:30:53,false,recovered,email,#LT10398,2026-08-29 17:08:37,https://loopcycle.example/checkouts/c/3543050893123/recover,
3390661197274,2026-08-29 04:43:27,2026-08-29 04:47:27,C001142,k***@gmail.com,+62-8**-****-7926,true,mobile,Garut,West Java,ID,LT-SND,"Loop Tote, Sand",Sand,2,378000,,0,0,378000,shipping_method,Credit card,,instagram / bio_link,ig_batik_reel,17902562330559770,/products/loop-tote-sand,195,5,unexpected_shipping_cost,2026-08-29 05:43:27,true,true,,,,2026-08-29 06:43:27,false,recovered,email,#LT10394,2026-08-29 12:57:44,https://loopcycle.example/checkouts/c/3390661197274/recover,utm_bio_link
3524985763385,2026-08-29 06:29:20,2026-08-29 06:33:20,,m***@gmail.com,,true,mobile,Bogor,West Java,ID,LT-IND,"Loop Tote, Indigo",Indigo,1,189000,,0,18000,207000,payment_method_selected,QRIS,,instagram / bio_link,ig_batik_reel,17902562330559770,/products/loop-tote-indigo,221,9,waiting_for_voucher,2026-08-29 07:29:20,false,false,2026-08-30 06:29:20,false,false,,,abandoned,,,,https://loopcycle.example/checkouts/c/3524985763385/recover,utm_bio_link
3891341991263,2026-08-29 08:29:39,2026-08-29 08:47:39,,i***@proton.me,,false,mobile,Sukabumi,West Java,ID,LT-IND,"Loop Tote, Indigo",Indigo,2,378000,,0,0,378000,shipping_method,,,instagram / bio_link,ig_batik_reel,17902562330559770,/products/loop-tote-indigo,109,6,unexpected_shipping_cost,2026-08-29 09:29:39,true,false,2026-08-30 08:29:39,false,false,,,abandoned,,,,https://loopcycle.example/checkouts/c/3891341991263/recover,utm_bio_link
3834112337629,2026-08-29 10:52:43,2026-08-29 11:06:43,,i***@gmail.com,+62-8**-****-2749,true,mobile,Cirebon,West Java,ID,LT-SND,"Loop Tote, Sand",Sand,1,189000,,0,25000,214000,payment_method_selected,ShopeePay,,instagram / bio_link,ig_batik_reel,17902562330559770,/products/loop-tote-sand,160,11,preferred_payment_unavailable,2026-08-29 11:52:43,false,false,2026-08-30 10:52:43,false,false,2026-08-29 12:52:43,false,abandoned,,,,https://loopcycle.example/checkouts/c/3834112337629/recover,utm_bio_link
3445100196126,2026-08-29 10:59:03,2026-08-29 11:19:03,,b***@gmail.com,+62-8**-****-7341,false,desktop,Cimahi,West Java,ID,LT-GRN,"Loop Tote, Sea-green",Sea-green,1,189000,,0,25000,214000,shipping_method,,,instagram / bio_link,ig_batik_reel,17902562330559770,/products/loop-tote-sea-green,151,7,unexpected_shipping_cost,2026-08-29 11:59:03,false,false,2026-08-30 10:59:03,false,false,2026-08-29 12:59:03,false,abandoned,,,,https://loopcycle.example/checkouts/c/3445100196126/recover,utm_bio_link
3447194523542,2026-08-29 10:59:53,2026-08-29 11:08:53,,,+62-8**-****-6614,false,desktop,Bekasi,West Java,ID,LT-IND,"Loop Tote, Indigo",Indigo,1,189000,,0,15000,204000,payment_attempted_failed,GoPay,timeout,instagram / bio_link,ig_batik_reel,17902562330559770,/products/loop-tote-indigo,383,9,payment_failed,,,,,,,2026-08-29 12:59:53,false,abandoned,,,,https://loopcycle.example/checkouts/c/3447194523542/recover,utm_bio_link
3732575541522,2026-08-29 12:15:32,2026-08-29 12:35:32,,,+62-8**-****-3414,false,mobile,Bandung,West Java,ID,LT-IND,"Loop Tote, Indigo",Indigo,1,189000,,0,15000,204000,shipping_method,,,instagram / bio_link,ig_always_on,,/products/loop-tote-indigo,796,5,unexpected_shipping_cost,,,,,,,2026-08-29 14:15:32,false,abandoned,,,,https://loopcycle.example/checkouts/c/3732575541522/recover,
3564737726877,2026-08-29 13:05:01,2026-08-29 13:10:01,,b***@gmail.com,+62-8**-****-5865,true,mobile,Jakarta,DKI Jakarta,ID,LT-GRN,"Loop Tote, Sea-green",Sea-green,1,189000,,0,,189000,contact_info,,,instagram / bio_link,ig_batik_reel,17902562330559770,/products/loop-tote-sea-green,519,9,distracted_or_session_ended,2026-08-29 14:05:01,true,false,2026-08-30 13:05:01,true,false,2026-08-29 15:05:01,false,abandoned,,,,https://loopcycle.example/checkouts/c/3564737726877/recover,utm_bio_link
3343252357835,2026-08-29 14:11:36,2026-08-29 14:33:36,,,+62-8**-****-4912,false,mobile,Semarang,Central Java,ID,LT-IND,"Loop Tote, Indigo",Indigo,1,189000,,0,,189000,contact_info,,,instagram / bio_link,ig_batik_reel,17902562330559770,/products/loop-tote-indigo,546,4,distracted_or_session_ended,,,,,,,,,abandoned,,,,https://loopcycle.example/checkouts/c/3343252357835/recover,utm_bio_link
3998878507286,2026-08-29 14:29:38,2026-08-29 14:37:38,,p***@icloud.com,+62-8**-****-2601,true,mobile,Bogor,West Java,ID,LT-IND,"Loop Tote, Indigo",Indigo,1,189000,,0,15000,204000,payment_method_selected,Credit card,,instagram / bio_link,ig_batik_reel,17902562330559770,/products/loop-tote-indigo,378,6,waiting_for_voucher,2026-08-29 15:29:38,true,false,2026-08-30 14:29:38,false,false,2026-08-29 16:29:38,false,abandoned,,,,https://loopcycle.example/checkouts/c/3998878507286/recover,utm_bio_link
3654916300407,2026-08-29 14:31:13,2026-08-29 14:39:13,,n***@gmail.com,,true,mobile,Malang,East Java,ID,LT-SND,"Loop Tote, Sand",Sand,1,189000,,0,,189000,contact_info,,,instagram / bio_link,ig_batik_reel,17902562330559770,/products/loop-tote-sand,573,5,just_browsing_or_comparing,2026-08-29 15:31:13,false,false,2026-08-30 14:31:13,true,false,,,abandoned,,,,https://loopcycle.example/checkouts/c/3654916300407/recover,utm_bio_link
3087327077764,2026-08-29 15:09:57,2026-08-29 15:29:57,,m***@hotmail.com,,false,mobile,Jakarta,DKI Jakarta,ID,LT-SND,"Loop Tote, Sand",Sand,1,189000,,0,15000,204000,shipping_method,,,instagram / bio_link,ig_batik_reel,17902562330559770,/products/loop-tote-sand,87,10,unexpected_shipping_cost,2026-08-29 16:09:57,false,false,2026-08-30 15:09:57,false,false,,,abandoned,,,,https://loopcycle.example/checkouts/c/3087327077764/recover,utm_bio_link
3468564589180,2026-08-29 15:23:14,2026-08-29 15:45:14,,b***@gmail.com,,false,mobile,Tangerang,Banten,ID,LT-IND,"Loop Tote, Indigo",Indigo,1,189000,,0,18000,207000,payment_method_selected,Bank transfer (VA),,instagram / bio_link,ig_batik_reel,17902562330559770,/products/loop-tote-indigo,216,2,waiting_for_voucher,2026-08-29 16:23:14,false,false,2026-08-30 15:23:14,false,false,,,abandoned,,,,https://loopcycle.example/checkouts/c/3468564589180/recover,utm_bio_link
3498715310756,2026-08-29 15:33:51,2026-08-29 15:39:51,,r***@yahoo.co.id,,true,mobile,Makassar,South Sulawesi,ID,LT-SND,"Loop Tote, Sand",Sand,1,189000,,0,,189000,contact_info,,,instagram / bio_link,ig_batik_reel,17902562330559770,/products/loop-tote-sand,541,10,just_browsing_or_comparing,2026-08-29 16:33:51,false,false,2026-08-30 15:33:51,false,false,,,abandoned,,,,https://loopcycle.example/checkouts/c/3498715310756/recover,utm_bio_link
3463342533312,2026-08-29 15:38:22,2026-08-29 15:54:22,,c***@proton.me,+62-8**-****-1104,true,mobile,Bogor,West Java,ID,LT-SND,"Loop Tote, Sand",Sand,1,189000,,0,40000,229000,payment_method_selected,QRIS,,instagram / bio_link,ig_batik_reel,17902562330559770,/products/loop-tote-sand,342,3,waiting_for_voucher,2026-08-29 16:38:22,false,false,2026-08-30 15:38:22,false,false,,,abandoned,,,,https://loopcycle.example/checkouts/c/3463342533312/recover,utm_bio_link
3607253036236,2026-08-29 16:16:52,2026-08-29 16:19:52,,a***@gmail.com,+62-8**-****-3022,false,mobile,Depok,West Java,ID,LT-GRN,"Loop Tote, Sea-green",Sea-green,3,567000,,0,0,567000,payment_method_selected,QRIS,,instagram / bio_link,ig_batik_reel,17902562330559770,/products/loop-tote-sea-green,78,4,payment_page_expired,2026-08-29 17:16:52,false,false,2026-08-30 16:16:52,false,false,,,abandoned,,,,https://loopcycle.example/checkouts/c/3607253036236/recover,utm_bio_link
3282815817151,2026-08-29 16:54:14,2026-08-29 16:57:14,C001327,r***@gmail.com,,true,mobile,Manado,North Sulawesi,ID,LT-GRN,"Loop Tote, Sea-green",Sea-green,1,189000,,0,0,189000,shipping_method,Bank transfer (VA),,instagram / bio_link,ig_batik_reel,17902562330559770,/products/loop-tote-sea-green,562,10,unexpected_shipping_cost,2026-08-29 17:54:14,true,true,,,,,,recovered,email,#LT10411,2026-08-30 09:13:33,https://loopcycle.example/checkouts/c/3282815817151/recover,utm_bio_link
3886807968427,2026-08-29 17:05:27,2026-08-29 17:13:27,,o***@outlook.com,,false,mobile,Bogor,West Java,ID,LT-GRN,"Loop Tote, Sea-green",Sea-green,2,378000,,0,0,378000,payment_method_selected,Bank transfer (VA),,instagram / bio_link,ig_batik_reel,17902562330559770,/products/loop-tote-sea-green,66,6,payment_page_expired,2026-08-29 18:05:27,false,false,2026-08-30 17:05:27,false,false,,,abandoned,,,,https://loopcycle.example/checkouts/c/3886807968427/recover,utm_bio_link
3252503456214,2026-08-29 17:20:03,2026-08-29 17:45:03,,b***@yahoo.co.id,,false,desktop,Jakarta,DKI Jakarta,ID,LT-GRN,"Loop Tote, Sea-green",Sea-green,1,189000,NEWSLETTER5,9500,,179500,contact_info,,,instagram / bio_link,ig_batik_reel,17902562330559770,/products/loop-tote-sea-green,236,11,account_or_form_friction,2026-08-29 18:20:03,false,false,2026-08-30 17:20:03,false,false,,,abandoned,,,,https://loopcycle.example/checkouts/c/3252503456214/recover,utm_bio_link
3799112204907,2026-08-29 17:43:36,2026-08-29 17:57:36,,e***@gmail.com,+62-8**-****-5546,true,desktop,South Tangerang,Banten,ID,LT-GRN,"Loop Tote, Sea-green",Sea-green,1,189000,,0,15000,204000,shipping_method,,,direct,,,/products/loop-tote-sea-green,804,11,unexpected_shipping_cost,2026-08-29 18:43:36,false,false,2026-08-30 17:43:36,false,false,2026-08-29 19:43:36,false,abandoned,,,,https://loopcycle.example/checkouts/c/3799112204907/recover,
3272411999346,2026-08-29 17:50:28,2026-08-29 17:55:28,,i***@gmail.com,,true,mobile,Tasikmalaya,West Java,ID,LT-GRN,"Loop Tote, Sea-green",Sea-green,1,189000,,0,,189000,contact_info,,,instagram / bio_link,ig_batik_reel,17902562330559770,/products/loop-tote-sea-green,144,6,distracted_or_session_ended,2026-08-29 18:50:28,true,true,2026-08-30 17:50:28,false,false,,,abandoned,,,,https://loopcycle.example/checkouts/c/3272411999346/recover,utm_bio_link
3541165087328,2026-08-29 17:54:46,2026-08-29 18:01:46,,o***@yahoo.co.id,,true,mobile,Depok,West Java,ID,LT-SND,"Loop Tote, Sand",Sand,1,189000,,0,18000,207000,payment_method_selected,Bank transfer (VA),,instagram / bio_link,ig_batik_reel,17902562330559770,/products/loop-tote-sand,408,11,preferred_payment_unavailable,2026-08-29 18:54:46,true,false,2026-08-30 17:54:46,false,false,,,abandoned,,,,https://loopcycle.example/checkouts/c/3541165087328/recover,utm_bio_link
3934048732699,2026-08-29 18:31:34,2026-08-29 18:41:34,C001310,s***@gmail.com,+62-8**-****-8144,false,mobile,Malang,East Java,ID,LT-GRN,"Loop Tote, Sea-green",Sea-green,1,189000,,0,15000,204000,payment_method_selected,QRIS,,instagram / bio_link,ig_batik_reel,17902562330559770,/products/loop-tote-sea-green,71,5,checking_marketplace_price,2026-08-29 19:31:34,false,false,,,,,,recovered,organic,#LT10402,2026-08-29 19:37:34,https://loopcycle.example/checkouts/c/3934048732699/recover,utm_bio_link
3479314988663,2026-08-29 18:36:33,2026-08-29 18:38:33,,,+62-8**-****-6316,false,mobile,Garut,West Java,ID,LT-GRN,"Loop Tote, Sea-green",Sea-green,1,189000,,0,15000,204000,shipping_method,,,instagram / bio_link,ig_batik_reel,17902562330559770,/products/loop-tote-sea-green,226,4,distracted_or_session_ended,,,,,,,2026-08-29 20:36:33,false,abandoned,,,,https://loopcycle.example/checkouts/c/3479314988663/recover,utm_bio_link
3693935115913,2026-08-29 19:00:31,2026-08-29 19:16:31,,,+62-8**-****-3620,false,mobile,Cimahi,West Java,ID,LT-IND,"Loop Tote, Indigo",Indigo,1,189000,,0,,189000,contact_info,,,instagram / bio_link,ig_batik_reel,17902562330559770,/products/loop-tote-indigo,354,8,distracted_or_session_ended,,,,,,,2026-08-29 21:00:31,true,abandoned,,,,https://loopcycle.example/checkouts/c/3693935115913/recover,utm_bio_link
3813881893155,2026-08-29 19:09:19,2026-08-29 19:23:19,,a***@gmail.com,+62-8**-****-1792,true,desktop,Cianjur,West Java,ID,LT-IND,"Loop Tote, Indigo",Indigo,3,567000,,0,0,567000,shipping_method,,,instagram / bio_link,ig_batik_reel,17902562330559770,/products/loop-tote-indigo,758,7,waiting_for_promo_code,2026-08-29 20:09:19,true,false,2026-08-30 19:09:19,false,false,,,abandoned,,,,https://loopcycle.example/checkouts/c/3813881893155/recover,utm_bio_link
3047223375780,2026-08-29 19:32:19,2026-08-29 19:48:19,,j***@gmail.com,+62-8**-****-5952,false,mobile,Bandung,West Java,ID,LT-SND,"Loop Tote, Sand",Sand,1,189000,,0,,189000,contact_info,,,instagram / bio_link,ig_batik_reel,17902562330559770,/products/loop-tote-sand,249,8,just_browsing_or_comparing,2026-08-29 20:32:19,false,false,2026-08-30 19:32:19,false,false,,,abandoned,,,,https://loopcycle.example/checkouts/c/3047223375780/recover,utm_bio_link
3129794480873,2026-08-29 20:14:37,2026-08-29 20:22:37,,t***@icloud.com,+62-8**-****-2522,false,desktop,Bekasi,West Java,ID,LT-GRN,"Loop Tote, Sea-green",Sea-green,1,189000,,0,18000,207000,payment_method_selected,Bank transfer (VA),,instagram / bio_link,ig_batik_reel,17902562330559770,/products/loop-tote-sea-green,854,3,preferred_payment_unavailable,2026-08-29 21:14:37,true,true,2026-08-30 20:14:37,false,false,2026-08-29 22:14:37,false,abandoned,,,,https://loopcycle.example/checkouts/c/3129794480873/recover,utm_bio_link
3260614609433,2026-08-29 20:22:54,2026-08-29 20:47:54,,g***@icloud.com,,true,mobile,Bekasi,West Java,ID,LT-GRN,"Loop Tote, Sea-green",Sea-green,1,189000,,0,15000,204000,shipping_method,,,instagram / bio_link,ig_batik_reel,17902562330559770,/products/loop-tote-sea-green,61,2,unexpected_shipping_cost,2026-08-29 21:22:54,false,false,2026-08-30 20:22:54,false,false,,,abandoned,,,,https://loopcycle.example/checkouts/c/3260614609433/recover,utm_bio_link
3995068570610,2026-08-29 20:44:12,2026-08-29 20:50:12,,k***@gmail.com,,true,mobile,Denpasar,Bali,ID,LT-GRN,"Loop Tote, Sea-green",Sea-green,1,189000,,0,15000,204000,payment_method_selected,ShopeePay,,instagram / bio_link,ig_batik_reel,17902562330559770,/products/loop-tote-sea-green,861,7,waiting_for_voucher,2026-08-29 21:44:12,false,false,2026-08-30 20:44:12,true,false,,,abandoned,,,,https://loopcycle.example/checkouts/c/3995068570610/recover,utm_bio_link
3504557871748,2026-08-29 21:02:44,2026-08-29 21:20:44,,j***@outlook.com,,true,mobile,Banjarmasin,South Kalimantan,ID,LT-GRN,"Loop Tote, Sea-green",Sea-green,1,189000,,0,18000,207000,shipping_method,,,instagram / bio_link,ig_batik_reel,17902562330559770,/products/loop-tote-sea-green,194,11,delivery_time_too_long,2026-08-29 22:02:44,true,true,2026-08-30 21:02:44,false,false,,,abandoned,,,,https://loopcycle.example/checkouts/c/3504557871748/recover,utm_bio_link
3076612996202,2026-08-29 23:22:51,2026-08-29 23:46:51,,c***@gmail.com,+62-8**-****-1175,true,desktop,Malang,East Java,ID,LT-GRN,"Loop Tote, Sea-green",Sea-green,3,567000,,0,0,567000,shipping_method,,,instagram / bio_link,ig_always_on,,/products/loop-tote-sea-green,469,2,unexpected_shipping_cost,2026-08-30 00:22:51,false,false,2026-08-30 23:22:51,true,false,,,abandoned,,,,https://loopcycle.example/checkouts/c/3076612996202/recover,
3514699136111,2026-08-30 07:28:42,2026-08-30 07:38:42,,a***@gmail.com,+62-8**-****-1171,true,mobile,Bandung,West Java,ID,LT-GRN,"Loop Tote, Sea-green",Sea-green,1,189000,,0,25000,214000,shipping_method,,,instagram / bio_link,ig_batik_reel,17902562330559770,/products/loop-tote-sea-green,194,9,distracted_or_session_ended,2026-08-30 08:28:42,true,false,2026-08-31 07:28:42,false,false,,,abandoned,,,,https://loopcycle.example/checkouts/c/3514699136111/recover,utm_bio_link
3504272281435,2026-08-30 08:12:31,2026-08-30 08:32:31,,a***@gmail.com,+62-8**-****-9078,true,mobile,Bekasi,West Java,ID,LT-GRN,"Loop Tote, Sea-green",Sea-green,1,189000,,0,,189000,contact_info,,,instagram / bio_link,ig_batik_reel,17902562330559770,/products/loop-tote-sea-green,730,11,just_browsing_or_comparing,2026-08-30 09:12:31,true,false,2026-08-31 08:12:31,false,false,,,abandoned,,,,https://loopcycle.example/checkouts/c/3504272281435/recover,utm_bio_link
3510754968792,2026-08-30 08:55:32,2026-08-30 09:17:32,,i***@gmail.com,,true,mobile,Bogor,West Java,ID,LT-GRN,"Loop Tote, Sea-green",Sea-green,1,189000,,0,32000,221000,shipping_method,,,instagram / bio_link,ig_batik_reel,17902562330559770,/products/loop-tote-sea-green,274,3,waiting_for_promo_code,2026-08-30 09:55:32,false,false,2026-08-31 08:55:32,false,false,,,abandoned,,,,https://loopcycle.example/checkouts/c/3510754968792/recover,utm_bio_link
3037993445383,2026-08-30 09:05:50,2026-08-30 09:10:50,,r***@gmail.com,,true,mobile,Cirebon,West Java,ID,LT-IND,"Loop Tote, Indigo",Indigo,2,378000,,0,0,378000,shipping_method,,,instagram / bio_link,ig_batik_reel,17902562330559770,/products/loop-tote-indigo,892,8,waiting_for_promo_code,2026-08-30 10:05:50,false,false,2026-08-31 09:05:50,false,false,,,abandoned,,,,https://loopcycle.example/checkouts/c/3037993445383/recover,utm_bio_link
3217507530461,2026-08-30 12:22:50,2026-08-30 12:25:50,,g***@gmail.com,+62-8**-****-3870,false,mobile,Jakarta,DKI Jakarta,ID,LT-GRN,"Loop Tote, Sea-green",Sea-green,1,189000,,0,,189000,contact_info,,,instagram / bio_link,ig_process_impact_p16,17901296159799218,/products/loop-tote-sea-green,887,9,distracted_or_session_ended,2026-08-30 13:22:50,false,false,2026-08-31 12:22:50,true,false,2026-08-30 14:22:50,false,abandoned,,,,https://loopcycle.example/checkouts/c/3217507530461/recover,utm_bio_link
3226443562341,2026-08-30 12:53:40,2026-08-30 13:14:40,,,+62-8**-****-3482,false,mobile,Bekasi,West Java,ID,LT-GRN,"Loop Tote, Sea-green",Sea-green,1,189000,,0,,189000,contact_info,,,instagram / bio_link,ig_batik_reel,17902562330559770,/products/loop-tote-sea-green,318,9,just_browsing_or_comparing,,,,,,,,,abandoned,,,,https://loopcycle.example/checkouts/c/3226443562341/recover,utm_bio_link
3290866127163,2026-08-30 12:58:08,2026-08-30 13:19:08,,a***@gmail.com,,true,mobile,Bekasi,West Java,ID,LT-GRN,"Loop Tote, Sea-green",Sea-green,1,189000,,0,15000,204000,payment_method_selected,Bank transfer (VA),,instagram / bio_link,ig_process_impact_p16,17901296159799218,/products/loop-tote-sea-green,433,11,waiting_for_voucher,2026-08-30 13:58:08,true,true,2026-08-31 12:58:08,true,false,,,abandoned,,,,https://loopcycle.example/checkouts/c/3290866127163/recover,utm_bio_link
3594315963316,2026-08-30 14:06:48,2026-08-30 14:08:48,C001351,l***@gmail.com,,true,desktop,Surabaya,East Java,ID,LT-IND,"Loop Tote, Indigo",Indigo,1,189000,,0,15000,204000,payment_attempted_failed,OVO,timeout,instagram / bio_link,ig_batik_reel,17902562330559770,/products/loop-tote-indigo,101,4,payment_failed,2026-08-30 15:06:48,true,false,,,,2026-08-30 16:06:48,true,recovered,whatsapp,#LT10423,2026-08-30 20:01:53,https://loopcycle.example/checkouts/c/3594315963316/recover,utm_bio_link
3143287182081,2026-08-30 14:52:56,2026-08-30 15:06:56,,,+62-8**-****-4810,false,mobile,Semarang,Central Java,ID,LT-SND,"Loop Tote, Sand",Sand,1,189000,,0,25000,214000,payment_method_selected,QRIS,,instagram / bio_link,ig_batik_reel,17902562330559770,/products/loop-tote-sand,787,8,checking_marketplace_price,,,,,,,2026-08-30 16:52:56,false,abandoned,,,,https://loopcycle.example/checkouts/c/3143287182081/recover,utm_bio_link
3047513373830,2026-08-30 18:00:22,2026-08-30 18:04:22,,t***@gmail.com,,true,desktop,Jakarta,DKI Jakarta,ID,LT-IND,"Loop Tote, Indigo",Indigo,2,378000,,0,,378000,contact_info,,,direct,,,/products/loop-tote-indigo,258,8,distracted_or_session_ended,2026-08-30 19:00:22,false,false,2026-08-31 18:00:22,false,false,,,abandoned,,,,https://loopcycle.example/checkouts/c/3047513373830/recover,
3729230731241,2026-08-30 18:16:04,2026-08-30 18:36:04,,n***@gmail.com,+62-8**-****-6080,true,mobile,Surabaya,East Java,ID,LT-SND,"Loop Tote, Sand",Sand,1,189000,,0,40000,229000,payment_method_selected,Bank transfer (VA),,instagram / bio_link,ig_batik_reel,17902562330559770,/products/loop-tote-sand,769,5,waiting_for_voucher,2026-08-30 19:16:04,false,false,2026-08-31 18:16:04,true,false,,,abandoned,,,,https://loopcycle.example/checkouts/c/3729230731241/recover,utm_bio_link
3273080295937,2026-08-30 19:07:12,2026-08-30 19:09:12,,l***@gmail.com,+62-8**-****-1989,true,mobile,Garut,West Java,ID,LT-IND,"Loop Tote, Indigo",Indigo,1,189000,,0,18000,207000,shipping_method,,,instagram / bio_link,ig_batik_reel,17902562330559770,/products/loop-tote-indigo,889,5,unexpected_shipping_cost,2026-08-30 20:07:12,false,false,2026-08-31 19:07:12,true,false,2026-08-30 21:07:12,true,abandoned,,,,https://loopcycle.example/checkouts/c/3273080295937/recover,utm_bio_link
3971584279300,2026-08-30 19:19:08,2026-08-30 19:42:08,,m***@gmail.com,,true,desktop,Banjarmasin,South Kalimantan,ID,LT-SND,"Loop Tote, Sand",Sand,1,189000,,0,15000,204000,payment_attempted_failed,OVO,timeout,instagram / bio_link,ig_batik_reel,17902562330559770,/products/loop-tote-sand,291,7,payment_failed,2026-08-30 20:19:08,false,false,2026-08-31 19:19:08,false,false,,,abandoned,,,,https://loopcycle.example/checkouts/c/3971584279300/recover,utm_bio_link
3579288235098,2026-08-30 19:21:10,2026-08-30 19:22:10,,w***@gmail.com,+62-8**-****-9435,true,mobile,Sukabumi,West Java,ID,LT-SND,"Loop Tote, Sand",Sand,1,189000,,0,,189000,contact_info,,,instagram / bio_link,ig_batik_reel,17902562330559770,/products/loop-tote-sand,278,5,distracted_or_session_ended,2026-08-30 20:21:10,true,false,2026-08-31 19:21:10,false,false,,,abandoned,,,,https://loopcycle.example/checkouts/c/3579288235098/recover,utm_bio_link
3043208316734,2026-08-30 19:38:35,2026-08-30 19:43:35,,e***@gmail.com,+62-8**-****-9101,false,mobile,Jakarta,DKI Jakarta,ID,LT-GRN,"Loop Tote, Sea-green",Sea-green,1,189000,,0,,189000,contact_info,,,instagram / bio_link,ig_batik_reel,17902562330559770,/products/loop-tote-sea-green,201,4,account_or_form_friction,2026-08-30 20:38:35,true,true,2026-08-31 19:38:35,false,false,2026-08-30 21:38:35,false,abandoned,,,,https://loopcycle.example/checkouts/c/3043208316734/recover,utm_bio_link
3830487698491,2026-08-30 20:48:25,2026-08-30 21:08:25,,l***@icloud.com,+62-8**-****-1639,false,mobile,Bandung,West Java,ID,LT-GRN,"Loop Tote, Sea-green",Sea-green,2,378000,,0,,378000,contact_info,,,instagram / bio_link,ig_process_impact_p16,17901296159799218,/products/loop-tote-sea-green,842,3,just_browsing_or_comparing,2026-08-30 21:48:25,false,false,2026-08-31 20:48:25,false,false,2026-08-30 22:48:25,false,abandoned,,,,https://loopcycle.example/checkouts/c/3830487698491/recover,utm_bio_link
3060847262701,2026-08-30 21:13:18,2026-08-30 21:24:18,,n***@gmail.com,+62-8**-****-1640,true,mobile,Medan,North Sumatra,ID,LT-SND,"Loop Tote, Sand",Sand,1,189000,,0,,189000,contact_info,,,instagram / bio_link,ig_batik_reel,17902562330559770,/products/loop-tote-sand,438,7,distracted_or_session_ended,2026-08-30 22:13:18,true,false,2026-08-31 21:13:18,false,false,,,abandoned,,,,https://loopcycle.example/checkouts/c/3060847262701/recover,utm_bio_link
3023412134321,2026-08-30 22:15:39,2026-08-30 22:37:39,,i***@gmail.com,+62-8**-****-8889,true,mobile,Karawang,West Java,ID,LT-IND,"Loop Tote, Indigo",Indigo,1,189000,,0,18000,207000,payment_attempted_failed,ShopeePay,timeout,instagram / bio_link,ig_batik_reel,17902562330559770,/products/loop-tote-indigo,370,4,payment_failed,2026-08-30 23:15:39,false,false,2026-08-31 22:15:39,true,false,,,abandoned,,,,https://loopcycle.example/checkouts/c/3023412134321/recover,utm_bio_link
3167763411434,2026-08-31 05:47:20,2026-08-31 06:00:20,,k***@gmail.com,,true,mobile,Jakarta,DKI Jakarta,ID,LT-IND,"Loop Tote, Indigo",Indigo,2,378000,,0,0,378000,payment_attempted_failed,GoPay,insufficient_balance,instagram / bio_link,ig_always_on,,/products/loop-tote-indigo,550,6,payment_failed,2026-08-31 06:47:20,false,false,2026-09-01 05:47:20,false,false,,,abandoned,,,,https://loopcycle.example/checkouts/c/3167763411434/recover,
3925172269479,2026-08-31 05:56:31,2026-08-31 06:18:31,,n***@yahoo.co.id,,false,mobile,Semarang,Central Java,ID,LT-IND,"Loop Tote, Indigo",Indigo,1,189000,,0,,189000,contact_info,,,instagram / bio_link,ig_batik_reel,17902562330559770,/products/loop-tote-indigo,628,8,distracted_or_session_ended,2026-08-31 06:56:31,false,false,2026-09-01 05:56:31,false,false,,,abandoned,,,,https://loopcycle.example/checkouts/c/3925172269479/recover,utm_bio_link
3476425770098,2026-08-31 07:32:50,2026-08-31 07:52:50,,n***@gmail.com,+62-8**-****-6276,false,mobile,Jakarta,DKI Jakarta,ID,LT-GRN,"Loop Tote, Sea-green",Sea-green,1,189000,,0,32000,221000,shipping_method,,,instagram / bio_link,ig_batik_reel,17902562330559770,/products/loop-tote-sea-green,644,5,unexpected_shipping_cost,2026-08-31 08:32:50,false,false,2026-09-01 07:32:50,false,false,,,abandoned,,,,https://loopcycle.example/checkouts/c/3476425770098/recover,utm_bio_link
3778943261902,2026-08-31 10:14:18,2026-08-31 10:39:18,,m***@gmail.com,+62-8**-****-9782,false,mobile,Bandung,West Java,ID,LT-GRN,"Loop Tote, Sea-green",Sea-green,1,189000,,0,15000,204000,shipping_method,,,instagram / bio_link,ig_batik_reel,17902562330559770,/products/loop-tote-sea-green,842,5,unexpected_shipping_cost,2026-08-31 11:14:18,true,true,2026-09-01 10:14:18,false,false,2026-08-31 12:14:18,true,abandoned,,,,https://loopcycle.example/checkouts/c/3778943261902/recover,utm_bio_link
3110549094579,2026-08-31 12:34:24,2026-08-31 12:54:24,,f***@gmail.com,+62-8**-****-7215,false,mobile,Garut,West Java,ID,LT-IND,"Loop Tote, Indigo",Indigo,1,189000,,0,32000,221000,shipping_method,,,instagram / bio_link,ig_batik_reel,17902562330559770,/products/loop-tote-indigo,55,10,delivery_time_too_long,2026-08-31 13:34:24,true,true,2026-09-01 12:34:24,false,false,2026-08-31 14:34:24,false,abandoned,,,,https://loopcycle.example/checkouts/c/3110549094579/recover,utm_bio_link
3369157181105,2026-08-31 13:14:16,2026-08-31 13:39:16,,b***@gmail.com,+62-8**-****-9184,false,mobile,Bekasi,West Java,ID,LT-SND,"Loop Tote, Sand",Sand,2,378000,,0,0,378000,shipping_method,,,instagram / bio_link,ig_batik_reel,17902562330559770,/products/loop-tote-sand,267,4,unexpected_shipping_cost,2026-08-31 14:14:16,true,false,2026-09-01 13:14:16,true,true,,,abandoned,,,,https://loopcycle.example/checkouts/c/3369157181105/recover,utm_bio_link
3618132666813,2026-08-31 13:57:30,2026-08-31 14:14:30,,b***@gmail.com,,true,mobile,Jakarta,DKI Jakarta,ID,LT-GRN,"Loop Tote, Sea-green",Sea-green,3,567000,,0,0,567000,payment_method_selected,Credit card,,instagram / bio_link,ig_batik_reel,17902562330559770,/products/loop-tote-sea-green,700,3,preferred_payment_unavailable,2026-08-31 14:57:30,true,false,2026-09-01 13:57:30,false,false,,,abandoned,,,,https://loopcycle.example/checkouts/c/3618132666813/recover,utm_bio_link
3066302377010,2026-08-31 15:55:44,2026-08-31 16:17:44,C001368,d***@hotmail.com,+62-8**-****-5406,false,mobile,Bekasi,West Java,ID,LT-IND,"Loop Tote, Indigo",Indigo,1,189000,,0,32000,221000,payment_attempted_failed,QRIS,qris_expired,instagram / bio_link,ig_batik_reel,17902562330559770,/products/loop-tote-indigo,428,5,payment_failed,2026-08-31 16:55:44,false,false,,,,2026-08-31 17:55:44,true,recovered,organic,#LT10435,2026-08-31 19:44:32,https://loopcycle.example/checkouts/c/3066302377010/recover,utm_bio_link
3505062150621,2026-08-31 16:59:52,2026-08-31 17:22:52,,i***@proton.me,+62-8**-****-7033,true,mobile,Surabaya,East Java,ID,LT-GRN,"Loop Tote, Sea-green",Sea-green,1,189000,,0,25000,214000,payment_method_selected,Bank transfer (VA),,instagram / bio_link,ig_batik_reel,17902562330559770,/products/loop-tote-sea-green,685,4,checking_marketplace_price,2026-08-31 17:59:52,false,false,2026-09-01 16:59:52,false,false,,,abandoned,,,,https://loopcycle.example/checkouts/c/3505062150621/recover,utm_bio_link
3561995144981,2026-08-31 17:04:18,2026-08-31 17:06:18,,k***@gmail.com,+62-8**-****-8660,false,mobile,Depok,West Java,ID,LT-GRN,"Loop Tote, Sea-green",Sea-green,1,189000,,0,,189000,contact_info,,,instagram / bio_link,ig_batik_reel,17902562330559770,/products/loop-tote-sea-green,133,8,just_browsing_or_comparing,2026-08-31 18:04:18,true,false,2026-09-01 17:04:18,false,false,,,abandoned,,,,https://loopcycle.example/checkouts/c/3561995144981/recover,utm_bio_link
3000229758296,2026-08-31 18:01:22,2026-08-31 18:20:22,,s***@gmail.com,+62-8**-****-2147,false,mobile,Bekasi,West Java,ID,LT-GRN,"Loop Tote, Sea-green",Sea-green,2,378000,,0,0,378000,payment_method_selected,QRIS,,instagram / bio_link,ig_batik_reel,17902562330559770,/products/loop-tote-sea-green,656,5,preferred_payment_unavailable,2026-08-31 19:01:22,false,false,2026-09-01 18:01:22,false,false,2026-08-31 20:01:22,true,abandoned,,,,https://loopcycle.example/checkouts/c/3000229758296/recover,utm_bio_link
3231093377435,2026-08-31 18:16:43,2026-08-31 18:25:43,,,+62-8**-****-4031,false,mobile,Garut,West Java,ID,LT-GRN,"Loop Tote, Sea-green",Sea-green,1,189000,,0,,189000,contact_info,,,instagram / bio_link,ig_batik_reel,17902562330559770,/products/loop-tote-sea-green,797,11,distracted_or_session_ended,,,,,,,,,abandoned,,,,https://loopcycle.example/checkouts/c/3231093377435/recover,utm_bio_link
3214536204289,2026-08-31 18:19:37,2026-08-31 18:21:37,,y***@gmail.com,+62-8**-****-6653,true,mobile,Medan,North Sumatra,ID,LT-IND,"Loop Tote, Indigo",Indigo,1,189000,,0,15000,204000,payment_attempted_failed,Bank transfer (VA),va_expired,instagram / bio_link,ig_batik_reel,17902562330559770,/products/loop-tote-indigo,529,4,payment_failed,2026-08-31 19:19:37,true,false,2026-09-01 18:19:37,false,false,2026-08-31 20:19:37,false,abandoned,,,,https://loopcycle.example/checkouts/c/3214536204289/recover,utm_bio_link
3972501226522,2026-08-31 19:56:59,2026-08-31 19:58:59,,c***@gmail.com,,true,mobile,Cianjur,West Java,ID,LT-GRN,"Loop Tote, Sea-green",Sea-green,1,189000,,0,25000,214000,shipping_method,,,whatsapp,,,/products/loop-tote-sea-green,605,3,unexpected_shipping_cost,2026-08-31 20:56:59,false,false,2026-09-01 19:56:59,true,false,,,abandoned,,,,https://loopcycle.example/checkouts/c/3972501226522/recover,
3307771069840,2026-08-31 20:00:14,2026-08-31 20:08:14,,,+62-8**-****-2109,false,mobile,Bandung,West Java,ID,LT-GRN,"Loop Tote, Sea-green",Sea-green,1,189000,NEWSLETTER5,9500,32000,211500,shipping_method,,,instagram / bio_link,ig_batik_reel,17902562330559770,/products/loop-tote-sea-green,515,5,delivery_time_too_long,,,,,,,2026-08-31 22:00:14,false,abandoned,,,,https://loopcycle.example/checkouts/c/3307771069840/recover,utm_bio_link
3365747727246,2026-08-31 21:41:15,2026-08-31 21:52:15,,i***@gmail.com,,true,mobile,Jakarta,DKI Jakarta,ID,LT-IND,"Loop Tote, Indigo",Indigo,3,567000,,0,0,567000,payment_attempted_failed,QRIS,qris_expired,instagram / bio_link,ig_batik_reel,17902562330559770,/products/loop-tote-indigo,790,6,payment_failed,2026-08-31 22:41:15,false,false,2026-09-01 21:41:15,false,false,,,abandoned,,,,https://loopcycle.example/checkouts/c/3365747727246/recover,utm_bio_link
3044385769420,2026-09-01 08:32:58,2026-09-01 08:55:58,,,+62-8**-****-3955,false,mobile,Bandung,West Java,ID,LT-GRN,"Loop Tote, Sea-green",Sea-green,1,189000,,0,32000,221000,shipping_method,,,whatsapp,,,/products/loop-tote-sea-green,688,9,distracted_or_session_ended,,,,,,,2026-09-01 10:32:58,false,abandoned,,,,https://loopcycle.example/checkouts/c/3044385769420/recover,
3776606763055,2026-09-01 08:56:49,2026-09-01 09:21:49,,e***@gmail.com,+62-8**-****-2817,false,mobile,Depok,West Java,ID,LT-GRN,"Loop Tote, Sea-green",Sea-green,2,378000,,0,0,378000,payment_method_selected,GoPay,,whatsapp,,,/products/loop-tote-sea-green,839,10,waiting_for_voucher,2026-09-01 09:56:49,true,false,2026-09-02 08:56:49,false,false,,,abandoned,,,,https://loopcycle.example/checkouts/c/3776606763055/recover,
3389143625732,2026-09-01 09:46:34,2026-09-01 10:11:34,,o***@gmail.com,+62-8**-****-9876,true,mobile,Tasikmalaya,West Java,ID,LT-SND,"Loop Tote, Sand",Sand,3,567000,,0,0,567000,payment_attempted_failed,Bank transfer (VA),va_expired,instagram / bio_link,ig_batik_reel,17902562330559770,/products/loop-tote-sand,346,9,payment_failed,2026-09-01 10:46:34,false,false,2026-09-02 09:46:34,false,false,,,abandoned,,,,https://loopcycle.example/checkouts/c/3389143625732/recover,utm_bio_link
3195755604270,2026-09-01 10:00:41,2026-09-01 10:18:41,,n***@gmail.com,+62-8**-****-4403,false,mobile,Depok,West Java,ID,LT-GRN,"Loop Tote, Sea-green",Sea-green,1,189000,,0,15000,204000,shipping_method,,,direct,,,/products/loop-tote-sea-green,343,7,unexpected_shipping_cost,2026-09-01 11:00:41,false,false,2026-09-02 10:00:41,false,false,2026-09-01 12:00:41,false,abandoned,,,,https://loopcycle.example/checkouts/c/3195755604270/recover,
3982336461613,2026-09-01 10:17:54,2026-09-01 10:40:54,,j***@gmail.com,,true,mobile,Malang,East Java,ID,LT-SND,"Loop Tote, Sand",Sand,4,756000,,0,,756000,contact_info,,,instagram / bio_link,ig_batik_reel,17902562330559770,/products/loop-tote-sand,137,7,account_or_form_friction,2026-09-01 11:17:54,true,true,2026-09-02 10:17:54,false,false,,,abandoned,,,,https://loopcycle.example/checkouts/c/3982336461613/recover,utm_bio_link
3314186056251,2026-09-01 15:09:22,2026-09-01 15:32:22,,n***@yahoo.co.id,+62-8**-****-5746,false,tablet,Subang,West Java,ID,LT-GRN,"Loop Tote, Sea-green",Sea-green,1,189000,,0,,189000,contact_info,,,instagram / bio_link,ig_batik_reel,17902562330559770,/products/loop-tote-sea-green,289,7,distracted_or_session_ended,2026-09-01 16:09:22,false,false,2026-09-02 15:09:22,false,false,,,abandoned,,,,https://loopcycle.example/checkouts/c/3314186056251/recover,utm_bio_link
3072281675265,2026-09-01 16:27:02,2026-09-01 16:47:02,,i***@gmail.com,,false,mobile,Bandung,West Java,ID,LT-GRN,"Loop Tote, Sea-green",Sea-green,2,378000,,0,0,378000,payment_method_selected,Bank transfer (VA),,whatsapp,,,/products/loop-tote-sea-green,534,8,waiting_for_voucher,2026-09-01 17:27:02,false,false,2026-09-02 16:27:02,true,false,,,abandoned,,,,https://loopcycle.example/checkouts/c/3072281675265/recover,
3490604346559,2026-09-01 17:52:35,2026-09-01 18:10:35,,f***@outlook.com,,true,desktop,Depok,West Java,ID,LT-GRN,"Loop Tote, Sea-green",Sea-green,3,567000,,0,0,567000,payment_attempted_failed,QRIS,qris_expired,instagram / bio_link,ig_batik_reel,17902562330559770,/products/loop-tote-sea-green,437,6,payment_failed,2026-09-01 18:52:35,false,false,2026-09-02 17:52:35,true,false,,,abandoned,,,,https://loopcycle.example/checkouts/c/3490604346559/recover,utm_bio_link
3102989802428,2026-09-01 18:44:05,2026-09-01 18:58:05,,j***@gmail.com,,true,mobile,Solo,Central Java,ID,LT-GRN,"Loop Tote, Sea-green",Sea-green,1,189000,,0,25000,214000,shipping_method,,,instagram / bio_link,ig_process_impact_p16,17901296159799218,/products/loop-tote-sea-green,766,9,unexpected_shipping_cost,2026-09-01 19:44:05,true,false,2026-09-02 18:44:05,true,false,,,abandoned,,,,https://loopcycle.example/checkouts/c/3102989802428/recover,utm_bio_link
3281062876834,2026-09-01 19:12:33,2026-09-01 19:27:33,,m***@gmail.com,+62-8**-****-7498,false,mobile,Semarang,Central Java,ID,LT-GRN,"Loop Tote, Sea-green",Sea-green,1,189000,,0,,189000,contact_info,,,instagram / bio_link,ig_batik_reel,17902562330559770,/products/loop-tote-sea-green,300,11,wanted_other_colour,2026-09-01 20:12:33,true,true,2026-09-02 19:12:33,false,false,,,abandoned,,,,https://loopcycle.example/checkouts/c/3281062876834/recover,utm_bio_link
3257403001793,2026-09-01 20:16:29,2026-09-01 20:26:29,,w***@gmail.com,,true,mobile,Bandung,West Java,ID,LT-GRN,"Loop Tote, Sea-green",Sea-green,1,189000,,0,15000,204000,payment_attempted_failed,Credit card,card_declined,direct,,,/products/loop-tote-sea-green,577,7,payment_failed,2026-09-01 21:16:29,false,false,2026-09-02 20:16:29,false,false,,,abandoned,,,,https://loopcycle.example/checkouts/c/3257403001793/recover,
3445130304143,2026-09-01 20:55:15,2026-09-01 20:58:15,,m***@gmail.com,+62-8**-****-2355,true,desktop,Jakarta,DKI Jakarta,ID,LT-SND,"Loop Tote, Sand",Sand,1,189000,,0,32000,221000,payment_attempted_failed,ShopeePay,insufficient_balance,instagram / bio_link,ig_batik_reel,17902562330559770,/products/loop-tote-sand,680,9,payment_failed,2026-09-01 21:55:15,false,false,2026-09-02 20:55:15,false,false,2026-09-01 22:55:15,false,abandoned,,,,https://loopcycle.example/checkouts/c/3445130304143/recover,utm_bio_link
3603691096402,2026-09-02 01:17:24,2026-09-02 01:27:24,,,+62-8**-****-8002,false,mobile,Bandung,West Java,ID,LT-GRN,"Loop Tote, Sea-green",Sea-green,1,189000,,0,32000,221000,shipping_method,,,whatsapp,,,/products/loop-tote-sea-green,301,4,unexpected_shipping_cost,,,,,,,2026-09-02 03:17:24,false,abandoned,,,,https://loopcycle.example/checkouts/c/3603691096402/recover,
3890432732889,2026-09-02 06:18:18,2026-09-02 06:30:18,C001433,,+62-8**-****-9484,false,mobile,Bandung,West Java,ID,LT-GRN,"Loop Tote, Sea-green",Sea-green,1,189000,,0,32000,221000,payment_method_selected,QRIS,,google / organic,,,/products/loop-tote-sea-green,657,10,payment_page_expired,,,,,,,2026-09-02 08:18:18,false,recovered,email,#LT10457,2026-09-03 16:08:06,https://loopcycle.example/checkouts/c/3890432732889/recover,
3591483537313,2026-09-02 13:04:27,2026-09-02 13:06:27,,d***@outlook.com,,false,mobile,Bandung,West Java,ID,LT-SND,"Loop Tote, Sand",Sand,1,189000,,0,40000,229000,payment_method_selected,Credit card,,google / organic,,,/products/loop-tote-sand,283,10,waiting_for_voucher,2026-09-02 14:04:27,true,false,2026-09-03 13:04:27,true,true,,,abandoned,,,,https://loopcycle.example/checkouts/c/3591483537313/recover,
3599301963453,2026-09-02 16:00:02,2026-09-02 16:19:02,,c***@gmail.com,,true,mobile,Batam,Riau Islands,ID,LT-IND,"Loop Tote, Indigo",Indigo,1,189000,,0,18000,207000,payment_attempted_failed,ShopeePay,timeout,whatsapp,,,/products/loop-tote-indigo,743,3,payment_failed,2026-09-02 17:00:02,true,false,2026-09-03 16:00:02,false,false,,,abandoned,,,,https://loopcycle.example/checkouts/c/3599301963453/recover,
3851169889645,2026-09-02 21:54:24,2026-09-02 22:01:24,,m***@gmail.com,+62-8**-****-1808,true,mobile,Medan,North Sumatra,ID,LT-GRN,"Loop Tote, Sea-green",Sea-green,1,189000,,0,15000,204000,payment_method_selected,GoPay,,instagram / bio_link,ig_process_impact_p17,17909597409818323,/products/loop-tote-sea-green,537,6,payment_page_expired,2026-09-02 22:54:24,false,false,2026-09-03 21:54:24,true,true,,,abandoned,,,,https://loopcycle.example/checkouts/c/3851169889645/recover,utm_bio_link
3347937569995,2026-09-03 03:10:17,2026-09-03 03:33:17,C001585,d***@icloud.com,+62-8**-****-1436,true,mobile,Depok,West Java,ID,LT-BTK,Loop Tote Batik Limited Edition,Batik Parang,2,498000,,0,0,498000,shipping_method,OVO,,instagram / bio_link,ig_batik_reel,17902562330559770,/products/loop-tote-batik-limited-edition,503,8,unexpected_shipping_cost,2026-09-03 04:10:17,false,false,2026-09-04 03:10:17,true,true,,,recovered,email,#LT10537,2026-09-04 12:48:53,https://loopcycle.example/checkouts/c/3347937569995/recover,sku_match
3708683511095,2026-09-03 04:07:47,2026-09-03 04:27:47,C001681,r***@gmail.com,,true,desktop,Bandung,West Java,ID,LT-BTK,Loop Tote Batik Limited Edition,Batik Parang,1,249000,,0,32000,281000,payment_method_selected,Bank transfer (VA),,instagram / bio_link,ig_batik_reel,17902562330559770,/products/loop-tote-batik-limited-edition,819,9,payment_page_expired,2026-09-03 05:07:47,false,false,2026-09-04 04:07:47,true,true,,,recovered,email,#LT10585,2026-09-04 16:07:07,https://loopcycle.example/checkouts/c/3708683511095/recover,sku_match
3906008138241,2026-09-03 04:24:34,2026-09-03 04:40:34,C001673,,+62-8**-****-4588,false,mobile,Jakarta,DKI Jakarta,ID,LT-BTK,Loop Tote Batik Limited Edition,Batik Parang,1,249000,,0,18000,267000,payment_attempted_failed,GoPay,insufficient_balance,instagram / bio_link,ig_batik_reel,17902562330559770,/products/loop-tote-batik-limited-edition,447,6,payment_failed,,,,,,,2026-09-03 06:24:34,true,recovered,email,#LT10581,2026-09-04 15:43:06,https://loopcycle.example/checkouts/c/3906008138241/recover,sku_match
3622745500754,2026-09-03 05:46:47,2026-09-03 06:10:47,C001441,y***@yahoo.co.id,,false,mobile,Cianjur,West Java,ID,LT-GRN,"Loop Tote, Sea-green",Sea-green,1,189000,,0,18000,207000,payment_attempted_failed,Bank transfer (VA),va_expired,instagram / bio_link,ig_batik_reel,17902562330559770,/products/loop-tote-sea-green,350,5,payment_failed,2026-09-03 06:46:47,true,true,,,,,,recovered,email,#LT10461,2026-09-03 20:53:48,https://loopcycle.example/checkouts/c/3622745500754/recover,utm_bio_link
3297339092727,2026-09-03 06:34:19,2026-09-03 06:58:19,,a***@gmail.com,+62-8**-****-7962,false,mobile,Medan,North Sumatra,ID,LT-SND,"Loop Tote, Sand",Sand,1,189000,,0,15000,204000,shipping_method,,,instagram / bio_link,ig_behind_the_scenes_p18,17906745675922616,/products/loop-tote-sand,777,6,unexpected_shipping_cost,2026-09-03 07:34:19,true,false,2026-09-04 06:34:19,false,false,2026-09-03 08:34:19,false,abandoned,,,,https://loopcycle.example/checkouts/c/3297339092727/recover,utm_bio_link
3799691879634,2026-09-03 07:42:08,2026-09-03 07:58:08,C001456,m***@gmail.com,+62-8**-****-4141,true,desktop,Tangerang,Banten,ID,LT-BTK,Loop Tote Batik Limited Edition,Batik Parang,1,249000,,0,15000,264000,payment_attempted_failed,GoPay,insufficient_balance,instagram / bio_link,ig_batik_reel,17902562330559770,/products/loop-tote-batik-limited-edition,466,11,payment_failed,2026-09-03 08:42:08,true,false,2026-09-04 07:42:08,true,true,2026-09-03 09:42:08,false,recovered,email,#LT10467,2026-09-04 10:05:31,https://loopcycle.example/checkouts/c/3799691879634/recover,sku_match
3884104255155,2026-09-03 09:47:11,2026-09-03 09:56:11,,b***@gmail.com,,false,mobile,Bandung,West Java,ID,LT-SND,"Loop Tote, Sand",Sand,2,378000,,0,0,378000,payment_attempted_failed,Credit card,3ds_failed,instagram / bio_link,ig_process_impact_p16,17901296159799218,/products/loop-tote-sand,240,8,payment_failed,2026-09-03 10:47:11,true,false,2026-09-04 09:47:11,false,false,,,abandoned,,,,https://loopcycle.example/checkouts/c/3884104255155/recover,utm_bio_link
3384327678180,2026-09-03 10:22:35,2026-09-03 10:38:35,,h***@gmail.com,,false,desktop,Subang,West Java,ID,LT-GRN,"Loop Tote, Sea-green",Sea-green,2,378000,,0,0,378000,payment_method_selected,OVO,,instagram / bio_link,ig_batik_reel,17902562330559770,/products/loop-tote-sea-green,881,5,waiting_for_voucher,2026-09-03 11:22:35,false,false,2026-09-04 10:22:35,false,false,,,abandoned,,,,https://loopcycle.example/checkouts/c/3384327678180/recover,utm_bio_link
3118545707203,2026-09-03 10:43:41,2026-09-03 11:08:41,C001314,t***@gmail.com,+62-8**-****-8940,true,mobile,Bandung,West Java,ID,LT-BTK,Loop Tote Batik Limited Edition,Batik Parang,1,249000,,0,18000,267000,payment_attempted_failed,GoPay,insufficient_balance,instagram / bio_link,ig_batik_reel,17902562330559770,/products/loop-tote-batik-limited-edition,380,11,payment_failed,2026-09-03 11:43:41,false,false,2026-09-04 10:43:41,false,false,2026-09-03 12:43:41,true,recovered,whatsapp,#LT10523,2026-09-04 12:18:48,https://loopcycle.example/checkouts/c/3118545707203/recover,sku_match
3708876521815,2026-09-03 11:07:59,2026-09-03 11:13:59,,o***@outlook.com,+62-8**-****-7281,false,mobile,Bogor,West Java,ID,LT-SND,"Loop Tote, Sand",Sand,1,189000,,0,,189000,contact_info,,,instagram / bio_link,ig_process_impact_p17,17909597409818323,/products/loop-tote-sand,271,11,wanted_other_colour,2026-09-03 12:07:59,true,false,2026-09-04 11:07:59,true,false,,,abandoned,,,,https://loopcycle.example/checkouts/c/3708876521815/recover,utm_bio_link
3373067668284,2026-09-03 12:31:29,2026-09-03 12:50:29,,n***@hotmail.com,+62-8**-****-4606,true,mobile,Tangerang,Banten,ID,LT-IND,"Loop Tote, Indigo",Indigo,1,189000,,0,18000,207000,shipping_method,,,instagram / bio_link,ig_batik_reel,17902562330559770,/products/loop-tote-indigo,169,3,unexpected_shipping_cost,2026-09-03 13:31:29,false,false,2026-09-04 12:31:29,true,false,2026-09-03 14:31:29,false,abandoned,,,,https://loopcycle.example/checkouts/c/3373067668284/recover,utm_bio_link
3273614496414,2026-09-03 12:55:44,2026-09-03 13:10:44,C001615,,+62-8**-****-2864,false,mobile,Subang,West Java,ID,LT-BTK,Loop Tote Batik Limited Edition,Batik Kawung,1,249000,,0,32000,281000,payment_attempted_failed,Bank transfer (VA),va_expired,instagram / bio_link,ig_batik_reel,17902562330559770,/products/loop-tote-batik-limited-edition,315,8,payment_failed,,,,,,,2026-09-03 14:55:44,true,recovered,whatsapp,#LT10556,2026-09-04 13:38:23,https://loopcycle.example/checkouts/c/3273614496414/recover,sku_match
3547332512198,2026-09-03 15:40:51,2026-09-03 16:00:51,,m***@icloud.com,+62-8**-****-4426,true,mobile,Bekasi,West Java,ID,LT-IND,"Loop Tote, Indigo",Indigo,1,189000,,0,,189000,contact_info,,,instagram / bio_link,ig_batik_reel,17902562330559770,/products/loop-tote-indigo,78,4,distracted_or_session_ended,2026-09-03 16:40:51,false,false,2026-09-04 15:40:51,false,false,2026-09-03 17:40:51,false,abandoned,,,,https://loopcycle.example/checkouts/c/3547332512198/recover,utm_bio_link
3318260235187,2026-09-03 16:07:40,2026-09-03 16:21:40,C001783,,+62-8**-****-4290,false,mobile,Jakarta,DKI Jakarta,ID,LT-BTK,Loop Tote Batik Limited Edition,Batik Parang,1,249000,,0,25000,274000,payment_method_selected,GoPay,,instagram / bio_link,ig_batik_reel,17902562330559770,/products/loop-tote-batik-limited-edition,403,3,preferred_payment_unavailable,,,,,,,2026-09-03 18:07:40,false,recovered,email,#LT10640,2026-09-04 21:37:42,https://loopcycle.example/checkouts/c/3318260235187/recover,sku_match
3332114724421,2026-09-03 16:32:28,2026-09-03 16:38:28,C001676,o***@outlook.com,,true,mobile,Bekasi,West Java,ID,LT-BTK,Loop Tote Batik Limited Edition,Batik Kawung,1,249000,,0,40000,289000,payment_method_selected,QRIS,,instagram / bio_link,ig_batik_reel,17902562330559770,/products/loop-tote-batik-limited-edition,267,3,checking_marketplace_price,2026-09-03 17:32:28,true,true,,,,,,recovered,email,#LT10583,2026-09-04 15:50:28,https://loopcycle.example/checkouts/c/3332114724421/recover,sku_match
3555740695673,2026-09-03 16:41:31,2026-09-03 16:49:31,C001691,y***@yahoo.co.id,,false,mobile,Jakarta,DKI Jakarta,ID,LT-BTK,Loop Tote Batik Limited Edition,Batik Kawung,1,249000,,0,18000,267000,payment_attempted_failed,QRIS,qris_expired,instagram / bio_link,ig_batik_reel,17902562330559770,/products/loop-tote-batik-limited-edition,218,5,payment_failed,2026-09-03 17:41:31,true,true,,,,,,recovered,email,#LT10592,2026-09-04 16:24:16,https://loopcycle.example/checkouts/c/3555740695673/recover,sku_match
3522455074807,2026-09-03 17:46:17,2026-09-03 18:10:17,C001508,g***@gmail.com,,true,mobile,Bandung,West Java,ID,LT-BTK,Loop Tote Batik Limited Edition,Batik Parang,1,249000,,0,15000,264000,payment_attempted_failed,QRIS,qris_expired,instagram / bio_link,ig_batik_reel,17902562330559770,/products/loop-tote-batik-limited-edition,81,8,payment_failed,2026-09-03 18:46:17,false,false,2026-09-04 17:46:17,true,true,,,recovered,email,#LT10613,2026-09-04 18:43:21,https://loopcycle.example/checkouts/c/3522455074807/recover,sku_match
3239350767438,2026-09-03 18:02:49,2026-09-03 18:08:49,C000705,s***@gmail.com,,true,mobile,Makassar,South Sulawesi,ID,LT-BTK,Loop Tote Batik Limited Edition,Batik Parang,1,249000,NEWSLETTER5,12500,25000,261500,payment_attempted_failed,QRIS,qris_expired,instagram / bio_link,ig_batik_reel,17902562330559770,/products/loop-tote-batik-limited-edition,483,5,payment_failed,2026-09-03 19:02:49,false,false,2026-09-04 18:02:49,true,true,,,recovered,email,#LT10641,2026-09-04 22:21:40,https://loopcycle.example/checkouts/c/3239350767438/recover,sku_match
3356445410240,2026-09-03 19:14:09,2026-09-03 19:16:09,C001548,,+62-8**-****-5425,false,desktop,Bogor,West Java,ID,LT-BTK,Loop Tote Batik Limited Edition,Batik Parang,1,249000,,0,40000,289000,payment_method_selected,Credit card,,instagram / bio_link,ig_batik_reel,17902562330559770,/products/loop-tote-batik-limited-edition,297,8,payment_page_expired,,,,,,,2026-09-03 21:14:09,true,recovered,whatsapp,#LT10515,2026-09-04 12:01:18,https://loopcycle.example/checkouts/c/3356445410240/recover,sku_match
3154334289845,2026-09-03 19:26:42,2026-09-03 19:47:42,,r***@gmail.com,,false,mobile,Jakarta,DKI Jakarta,ID,LT-IND,"Loop Tote, Indigo",Indigo,1,189000,,0,25000,214000,shipping_method,,,instagram / bio_link,ig_batik_reel,17902562330559770,/products/loop-tote-indigo,828,8,unexpected_shipping_cost,2026-09-03 20:26:42,false,false,2026-09-04 19:26:42,false,false,,,abandoned,,,,https://loopcycle.example/checkouts/c/3154334289845/recover,utm_bio_link
3610544954348,2026-09-03 20:16:34,2026-09-03 20:26:34,C001710,,+62-8**-****-2596,false,mobile,Depok,West Java,ID,LT-BTK,Loop Tote Batik Limited Edition,Batik Parang,1,249000,,0,0,249000,payment_attempted_failed,Credit card,3ds_failed,instagram / bio_link,ig_always_on,,/products/loop-tote-batik-limited-edition,680,3,payment_failed,,,,,,,2026-09-03 22:16:34,true,recovered,whatsapp,#LT10599,2026-09-04 17:05:37,https://loopcycle.example/checkouts/c/3610544954348/recover,
3062069567404,2026-09-03 21:10:11,2026-09-03 21:18:11,,r***@outlook.com,,true,mobile,Semarang,Central Java,ID,LT-GRN,"Loop Tote, Sea-green",Sea-green,1,189000,,0,,189000,contact_info,,,instagram / bio_link,ig_batik_reel,17902562330559770,/products/loop-tote-sea-green,629,10,distracted_or_session_ended,2026-09-03 22:10:11,false,false,2026-09-04 21:10:11,false,false,,,abandoned,,,,https://loopcycle.example/checkouts/c/3062069567404/recover,utm_bio_link
3603164525494,2026-09-03 21:43:21,2026-09-03 22:01:21,C001464,y***@gmail.com,,false,mobile,Bekasi,West Java,ID,LT-BTK,Loop Tote Batik Limited Edition,Batik Kawung,1,249000,,0,15000,264000,payment_attempted_failed,Bank transfer (VA),va_expired,instagram / bio_link,ig_batik_reel,17902562330559770,/products/loop-tote-batik-limited-edition,274,4,payment_failed,2026-09-03 22:43:21,false,false,,,,2026-09-03 23:43:21,true,recovered,whatsapp,#LT10471,2026-09-04 10:16:14,https://loopcycle.example/checkouts/c/3603164525494/recover,sku_match
3113550671458,2026-09-03 21:44:36,2026-09-03 22:06:36,,w***@gmail.com,+62-8**-****-3801,false,mobile,Depok,West Java,ID,LT-SND,"Loop Tote, Sand",Sand,1,189000,,0,32000,221000,shipping_method,,,instagram / bio_link,ig_process_impact_p17,17909597409818323,/products/loop-tote-sand,426,11,delivery_time_too_long,2026-09-03 22:44:36,true,false,2026-09-04 21:44:36,false,false,2026-09-03 23:44:36,false,abandoned,,,,https://loopcycle.example/checkouts/c/3113550671458/recover,utm_bio_link
3844227129676,2026-09-03 22:27:56,2026-09-03 22:35:56,,m***@gmail.com,+62-8**-****-2777,false,mobile,Jakarta,DKI Jakarta,ID,LT-SND,"Loop Tote, Sand",Sand,1,189000,,0,18000,207000,payment_attempted_failed,Bank transfer (VA),va_expired,instagram / bio_link,ig_batik_reel,17902562330559770,/products/loop-tote-sand,828,2,payment_failed,2026-09-03 23:27:56,false,false,2026-09-04 22:27:56,false,false,2026-09-04 00:27:56,true,abandoned,,,,https://loopcycle.example/checkouts/c/3844227129676/recover,utm_bio_link
3842532952100,2026-09-03 22:29:09,2026-09-03 22:43:09,,f***@gmail.com,,false,mobile,Bekasi,West Java,ID,LT-IND,"Loop Tote, Indigo",Indigo,1,189000,,0,15000,204000,payment_attempted_failed,Credit card,card_declined,instagram / bio_link,ig_process_impact_p16,17901296159799218,/products/loop-tote-indigo,864,2,payment_failed,2026-09-03 23:29:09,true,false,2026-09-04 22:29:09,false,false,,,abandoned,,,,https://loopcycle.example/checkouts/c/3842532952100/recover,utm_bio_link
3485705295237,2026-09-03 22:33:02,2026-09-03 22:37:02,,n***@hotmail.com,+62-8**-****-8702,true,mobile,Tasikmalaya,West Java,ID,LT-GRN,"Loop Tote, Sea-green",Sea-green,1,189000,,0,32000,221000,payment_attempted_failed,QRIS,qris_expired,google / organic,,,/products/loop-tote-sea-green,51,5,payment_failed,2026-09-03 23:33:02,true,false,2026-09-04 22:33:02,false,false,,,abandoned,,,,https://loopcycle.example/checkouts/c/3485705295237/recover,
3336481168913,2026-09-03 22:56:56,2026-09-03 23:04:56,C000387,s***@yahoo.co.id,+62-8**-****-9518,true,desktop,Cimahi,West Java,ID,LT-BTK,Loop Tote Batik Limited Edition,Batik Parang,2,498000,,0,0,498000,payment_method_selected,GoPay,,instagram / bio_link,ig_batik_reel,17902562330559770,/products/loop-tote-batik-limited-edition,44,11,preferred_payment_unavailable,2026-09-03 23:56:56,true,true,,,,2026-09-04 00:56:56,true,recovered,whatsapp,#LT10536,2026-09-04 12:43:39,https://loopcycle.example/checkouts/c/3336481168913/recover,sku_match
3666299365308,2026-09-04 00:21:16,2026-09-04 00:23:16,,w***@outlook.com,+62-8**-****-5367,false,mobile,Tasikmalaya,West Java,ID,LT-SND,"Loop Tote, Sand",Sand,1,189000,,0,32000,221000,payment_attempted_failed,Bank transfer (VA),va_expired,instagram / bio_link,ig_batik_reel,17902562330559770,/products/loop-tote-sand,264,3,payment_failed,2026-09-04 01:21:16,false,false,2026-09-05 00:21:16,true,true,,,abandoned,,,,https://loopcycle.example/checkouts/c/3666299365308/recover,utm_bio_link
3443446407852,2026-09-04 00:28:40,2026-09-04 00:48:40,,e***@gmail.com,,true,desktop,Makassar,South Sulawesi,ID,LT-BTK,Loop Tote Batik Limited Edition,Batik Kawung,1,249000,,0,15000,264000,payment_attempted_failed,Bank transfer (VA),va_expired,instagram / bio_link,ig_batik_reel,17902562330559770,/products/loop-tote-batik-limited-edition,408,4,payment_failed,2026-09-04 01:28:40,true,false,2026-09-05 00:28:40,true,false,,,abandoned,,,,https://loopcycle.example/checkouts/c/3443446407852/recover,sku_match
3631121800767,2026-09-04 00:33:50,2026-09-04 00:35:50,,,+62-8**-****-2702,false,mobile,Sukabumi,West Java,ID,LT-GRN,"Loop Tote, Sea-green",Sea-green,1,189000,,0,32000,221000,shipping_method,,,instagram / bio_link,ig_batik_reel,17902562330559770,/products/loop-tote-sea-green,222,4,distracted_or_session_ended,,,,,,,2026-09-04 02:33:50,false,abandoned,,,,https://loopcycle.example/checkouts/c/3631121800767/recover,utm_bio_link
3615925520572,2026-09-04 00:44:41,2026-09-04 00:50:41,C001459,p***@gmail.com,,true,desktop,Jakarta,DKI Jakarta,ID,LT-BTK,Loop Tote Batik Limited Edition,Batik Kawung,1,249000,,0,18000,267000,payment_method_selected,GoPay,,instagram / bio_link,ig_batik_reel,17902562330559770,/products/loop-tote-batik-limited-edition,834,8,preferred_payment_unavailable,2026-09-04 01:44:41,true,true,,,,,,recovered,email,#LT10468,2026-09-04 10:08:36,https://loopcycle.example/checkouts/c/3615925520572/recover,sku_match
3759839449411,2026-09-04 01:24:25,2026-09-04 01:39:25,,e***@gmail.com,+62-8**-****-9232,true,mobile,Surabaya,East Java,ID,LT-BTK,Loop Tote Batik Limited Edition,Batik Kawung,1,249000,,0,,249000,contact_info,,,instagram / bio_link,ig_batik_reel,17902562330559770,/products/loop-tote-batik-limited-edition,614,8,just_browsing_or_comparing,2026-09-04 02:24:25,true,true,2026-09-05 01:24:25,false,false,2026-09-04 03:24:25,false,abandoned,,,,https://loopcycle.example/checkouts/c/3759839449411/recover,sku_match
3990937688324,2026-09-04 01:40:36,2026-09-04 01:52:36,,n***@icloud.com,,true,mobile,Cirebon,West Java,ID,LT-BTK,Loop Tote Batik Limited Edition,Batik Kawung,1,249000,,0,32000,281000,payment_attempted_failed,Bank transfer (VA),va_expired,direct,,,/products/loop-tote-batik-limited-edition,240,2,payment_failed,2026-09-04 02:40:36,true,false,2026-09-05 01:40:36,true,false,,,abandoned,,,,https://loopcycle.example/checkouts/c/3990937688324/recover,
3083790230499,2026-09-04 01:50:09,2026-09-04 02:01:09,,o***@gmail.com,+62-8**-****-3626,true,desktop,Cimahi,West Java,ID,LT-SND,"Loop Tote, Sand",Sand,1,189000,,0,18000,207000,shipping_method,,,instagram / bio_link,ig_always_on,,/products/loop-tote-sand,774,5,unexpected_shipping_cost,2026-09-04 02:50:09,false,false,2026-09-05 01:50:09,true,false,,,abandoned,,,,https://loopcycle.example/checkouts/c/3083790230499/recover,
3234621129548,2026-09-04 01:58:12,2026-09-04 02:10:12,C001507,b***@proton.me,+62-8**-****-5066,true,mobile,Jakarta,DKI Jakarta,ID,LT-BTK,Loop Tote Batik Limited Edition,Batik Kawung,1,249000,NEWSLETTER5,12500,25000,261500,payment_attempted_failed,GoPay,insufficient_balance,instagram / bio_link,ig_batik_reel,17902562330559770,/products/loop-tote-batik-limited-edition,276,6,payment_failed,2026-09-04 02:58:12,true,false,,,,2026-09-04 03:58:12,true,recovered,whatsapp,#LT10496,2026-09-04 11:01:21,https://loopcycle.example/checkouts/c/3234621129548/recover,sku_match
3408820828963,2026-09-04 02:15:04,2026-09-04 02:25:04,,r***@gmail.com,+62-8**-****-3649,true,mobile,Jakarta,DKI Jakarta,ID,LT-BTK,Loop Tote Batik Limited Edition,Batik Kawung,1,249000,,0,25000,274000,shipping_method,,,instagram / bio_link,ig_batik_reel,17902562330559770,/products/loop-tote-batik-limited-edition,377,6,delivery_time_too_long,2026-09-04 03:15:04,true,true,2026-09-05 02:15:04,true,false,,,abandoned,,,,https://loopcycle.example/checkouts/c/3408820828963/recover,sku_match
3085938326229,2026-09-04 03:12:51,2026-09-04 03:19:51,,f***@gmail.com,,true,mobile,Jakarta,DKI Jakarta,ID,LT-IND,"Loop Tote, Indigo",Indigo,2,378000,,0,0,378000,payment_attempted_failed,GoPay,insufficient_balance,instagram / bio_link,ig_always_on,,/products/loop-tote-indigo,854,4,payment_failed,2026-09-04 04:12:51,true,true,2026-09-05 03:12:51,false,false,,,abandoned,,,,https://loopcycle.example/checkouts/c/3085938326229/recover,
3621884379310,2026-09-04 03:53:04,2026-09-04 04:17:04,,,+62-8**-****-1446,false,mobile,Bogor,West Java,ID,LT-BTK,Loop Tote Batik Limited Edition,Batik Parang,1,249000,,0,18000,267000,payment_method_selected,GoPay,,instagram / bio_link,ig_batik_reel,17902562330559770,/products/loop-tote-batik-limited-edition,192,8,preferred_payment_unavailable,,,,,,,,,abandoned,,,,https://loopcycle.example/checkouts/c/3621884379310/recover,sku_match
3384798028317,2026-09-04 04:52:42,2026-09-04 04:59:42,,,+62-8**-****-9083,false,mobile,Jakarta,DKI Jakarta,ID,LT-BTK,Loop Tote Batik Limited Edition,Batik Kawung,1,249000,,0,40000,289000,shipping_method,,,instagram / bio_link,ig_batik_reel,17902562330559770,/products/loop-tote-batik-limited-edition,138,7,unexpected_shipping_cost,,,,,,,,,abandoned,,,,https://loopcycle.example/checkouts/c/3384798028317/recover,utm_bio_link
3564851745877,2026-09-04 06:09:07,2026-09-04 06:18:07,C001596,c***@outlook.com,,true,mobile,Cianjur,West Java,ID,LT-BTK,Loop Tote Batik Limited Edition,Batik Kawung,1,249000,,0,40000,289000,payment_attempted_failed,Credit card,card_declined,instagram / bio_link,ig_batik_reel,17902562330559770,/products/loop-tote-batik-limited-edition,114,6,payment_failed,2026-09-04 07:09:07,true,true,,,,,,recovered,email,#LT10543,2026-09-04 13:07:41,https://loopcycle.example/checkouts/c/3564851745877/recover,sku_match
3549878173745,2026-09-04 06:12:18,2026-09-04 06:17:18,,a***@gmail.com,,true,mobile,Banjarmasin,South Kalimantan,ID,LT-BTK,Loop Tote Batik Limited Edition,Batik Parang,1,249000,,0,25000,274000,payment_method_selected,ShopeePay,,instagram / bio_link,ig_batik_reel,17902562330559770,/products/loop-tote-batik-limited-edition,767,6,preferred_payment_unavailable,2026-09-04 07:12:18,true,false,2026-09-05 06:12:18,true,true,,,abandoned,,,,https://loopcycle.example/checkouts/c/3549878173745/recover,sku_match
3197075061763,2026-09-04 06:14:20,2026-09-04 06:34:20,,p***@gmail.com,+62-8**-****-5424,false,mobile,Sukabumi,West Java,ID,LT-BTK,Loop Tote Batik Limited Edition,Batik Parang,1,249000,,0,15000,264000,shipping_method,,,instagram / bio_link,ig_batik_reel,17902562330559770,/products/loop-tote-batik-limited-edition,666,6,waiting_for_promo_code,2026-09-04 07:14:20,true,true,2026-09-05 06:14:20,true,false,2026-09-04 08:14:20,true,abandoned,,,,https://loopcycle.example/checkouts/c/3197075061763/recover,sku_match
3719618808572,2026-09-04 06:14:51,2026-09-04 06:34:51,,s***@gmail.com,,true,mobile,Tasikmalaya,West Java,ID,LT-IND,"Loop Tote, Indigo",Indigo,1,189000,,0,18000,207000,payment_method_selected,ShopeePay,,instagram / bio_link,ig_batik_reel,17902562330559770,/products/loop-tote-indigo,411,6,preferred_payment_unavailable,2026-09-04 07:14:51,false,false,2026-09-05 06:14:51,true,false,,,abandoned,,,,https://loopcycle.example/checkouts/c/3719618808572/recover,utm_bio_link
3896422587483,2026-09-04 06:19:32,2026-09-04 06:38:32,,p***@gmail.com,+62-8**-****-1532,true,mobile,Cimahi,West Java,ID,LT-BTK,Loop Tote Batik Limited Edition,Batik Parang,1,249000,,0,15000,264000,payment_method_selected,QRIS,,instagram / bio_link,ig_batik_reel,17902562330559770,/products/loop-tote-batik-limited-edition,294,5,site_slow_or_error,2026-09-04 07:19:32,false,false,2026-09-05 06:19:32,false,false,,,abandoned,,,,https://loopcycle.example/checkouts/c/3896422587483/recover,sku_match
3973836341504,2026-09-04 06:24:49,2026-09-04 06:47:49,,,+62-8**-****-5885,false,mobile,Palembang,South Sumatra,ID,LT-BTK,Loop Tote Batik Limited Edition,Batik Parang,1,249000,,0,15000,264000,shipping_method,,,instagram / bio_link,ig_batik_reel,17902562330559770,/products/loop-tote-batik-limited-edition,765,4,unexpected_shipping_cost,,,,,,,,,abandoned,,,,https://loopcycle.example/checkouts/c/3973836341504/recover,sku_match
3245621983099,2026-09-04 06:26:48,2026-09-04 06:31:48,,,+62-8**-****-3449,false,mobile,Tasikmalaya,West Java,ID,LT-BTK,Loop Tote Batik Limited Edition,Batik Parang,1,249000,,0,40000,289000,shipping_method,,,instagram / bio_link,ig_batik_reel,17902562330559770,/products/loop-tote-batik-limited-edition,237,2,unexpected_shipping_cost,,,,,,,,,abandoned,,,,https://loopcycle.example/checkouts/c/3245621983099/recover,sku_match
3974202816771,2026-09-04 06:30:54,2026-09-04 06:52:54,,a***@gmail.com,+62-8**-****-5506,true,mobile,Subang,West Java,ID,LT-IND,"Loop Tote, Indigo",Indigo,1,189000,,0,,189000,contact_info,,,instagram / bio_link,ig_always_on,,/products/loop-tote-indigo,638,4,account_or_form_friction,2026-09-04 07:30:54,false,false,2026-09-05 06:30:54,false,false,,,abandoned,,,,https://loopcycle.example/checkouts/c/3974202816771/recover,
3603351542584,2026-09-04 06:36:09,2026-09-04 06:41:09,,e***@gmail.com,+62-8**-****-3811,true,mobile,Jakarta,DKI Jakarta,ID,LT-BTK,Loop Tote Batik Limited Edition,Batik Kawung,1,249000,,0,18000,267000,payment_method_selected,ShopeePay,,instagram / bio_link,ig_batik_reel,17902562330559770,/products/loop-tote-batik-limited-edition,246,4,checking_marketplace_price,2026-09-04 07:36:09,true,false,2026-09-05 06:36:09,false,false,,,abandoned,,,,https://loopcycle.example/checkouts/c/3603351542584/recover,sku_match
3878217352298,2026-09-04 06:37:32,2026-09-04 06:41:32,,r***@hotmail.com,+62-8**-****-3972,false,mobile,Cianjur,West Java,ID,LT-BTK,Loop Tote Batik Limited Edition,Batik Parang,1,249000,,0,15000,264000,payment_method_selected,OVO,,instagram / bio_link,ig_batik_reel,17902562330559770,/products/loop-tote-batik-limited-edition,629,8,waiting_for_voucher,2026-09-04 07:37:32,false,false,2026-09-05 06:37:32,false,false,,,abandoned,,,,https://loopcycle.example/checkouts/c/3878217352298/recover,sku_match
3259448348438,2026-09-04 07:03:19,2026-09-04 07:24:19,,n***@gmail.com,+62-8**-****-6608,false,tablet,Depok,West Java,ID,LT-BTK,Loop Tote Batik Limited Edition,Batik Kawung,1,249000,,0,18000,267000,shipping_method,,,instagram / bio_link,ig_batik_reel,17902562330559770,/products/loop-tote-batik-limited-edition,898,9,delivery_time_too_long,2026-09-04 08:03:19,true,true,2026-09-05 07:03:19,true,true,2026-09-04 09:03:19,false,abandoned,,,,https://loopcycle.example/checkouts/c/3259448348438/recover,sku_match
3620911660553,2026-09-04 07:04:08,2026-09-04 07:18:08,,p***@yahoo.co.id,+62-8**-****-9755,true,desktop,Semarang,Central Java,ID,LT-GRN,"Loop Tote, Sea-green",Sea-green,1,189000,,0,,189000,contact_info,,,instagram / bio_link,ig_always_on,,/products/loop-tote-sea-green,876,7,just_browsing_or_comparing,2026-09-04 08:04:08,true,false,2026-09-05 07:04:08,true,false,2026-09-04 09:04:08,false,abandoned,,,,https://loopcycle.example/checkouts/c/3620911660553/recover,
3707252289084,2026-09-04 07:18:10,2026-09-04 07:27:10,,o***@icloud.com,,false,mobile,Jakarta,DKI Jakarta,ID,LT-BTK,Loop Tote Batik Limited Edition,Batik Kawung,1,249000,,0,15000,264000,payment_method_selected,GoPay,,instagram / bio_link,ig_batik_reel,17902562330559770,/products/loop-tote-batik-limited-edition,788,8,site_slow_or_error,2026-09-04 08:18:10,false,false,2026-09-05 07:18:10,true,false,,,abandoned,,,,https://loopcycle.example/checkouts/c/3707252289084/recover,sku_match
3595373602311,2026-09-04 07:19:09,2026-09-04 07:20:09,,y***@gmail.com,+62-8**-****-3299,true,desktop,Depok,West Java,ID,LT-SND,"Loop Tote, Sand",Sand,1,189000,,0,40000,229000,payment_method_selected,Credit card,,instagram / bio_link,ig_always_on,,/products/loop-tote-sand,644,4,site_slow_or_error,2026-09-04 08:19:09,true,false,2026-09-05 07:19:09,false,false,2026-09-04 09:19:09,false,abandoned,,,,https://loopcycle.example/checkouts/c/3595373602311/recover,
3928260081333,2026-09-04 07:20:19,2026-09-04 07:32:19,,w***@gmail.com,+62-8**-****-7633,true,mobile,Garut,West Java,ID,LT-BTK,Loop Tote Batik Limited Edition,Batik Kawung,1,249000,,0,,249000,contact_info,,,instagram / bio_link,ig_batik_reel,17902562330559770,/products/loop-tote-batik-limited-edition,202,5,just_browsing_or_comparing,2026-09-04 08:20:19,true,false,2026-09-05 07:20:19,false,false,,,abandoned,,,,https://loopcycle.example/checkouts/c/3928260081333/recover,utm_bio_link
3476046307386,2026-09-04 07:24:52,2026-09-04 07:33:52,C001450,n***@gmail.com,,true,mobile,Balikpapan,East Kalimantan,ID,LT-BTK,Loop Tote Batik Limited Edition,Batik Parang,1,249000,,0,25000,274000,shipping_method,QRIS,,instagram / bio_link,ig_batik_reel,17902562330559770,/products/loop-tote-batik-limited-edition,461,6,unexpected_shipping_cost,2026-09-04 08:24:52,false,false,,,,,,recovered,organic,#LT10463,2026-09-04 10:01:43,https://loopcycle.example/checkouts/c/3476046307386/recover,sku_match
3644042712413,2026-09-04 07:31:41,2026-09-04 07:49:41,,c***@gmail.com,,false,mobile,Jakarta,DKI Jakarta,ID,LT-IND,"Loop Tote, Indigo",Indigo,1,189000,,0,18000,207000,payment_attempted_failed,GoPay,timeout,instagram / bio_link,ig_always_on,,/products/loop-tote-indigo,468,10,payment_failed,2026-09-04 08:31:41,false,false,2026-09-05 07:31:41,false,false,,,abandoned,,,,https://loopcycle.example/checkouts/c/3644042712413/recover,
3320590733366,2026-09-04 07:41:21,2026-09-04 07:58:21,,,+62-8**-****-8382,false,mobile,Jakarta,DKI Jakarta,ID,LT-BTK,Loop Tote Batik Limited Edition,Batik Parang,1,249000,,0,18000,267000,payment_attempted_failed,QRIS,qris_expired,instagram / bio_link,ig_batik_reel,17902562330559770,/products/loop-tote-batik-limited-edition,124,8,payment_failed,,,,,,,,,abandoned,,,,https://loopcycle.example/checkouts/c/3320590733366/recover,sku_match
3013242560879,2026-09-04 07:41:30,2026-09-04 08:04:30,,k***@yahoo.co.id,+62-8**-****-4978,true,desktop,Manado,North Sulawesi,ID,LT-BTK,Loop Tote Batik Limited Edition,Batik Parang,1,249000,,0,32000,281000,payment_method_selected,GoPay,,instagram / bio_link,ig_batik_reel,17902562330559770,/products/loop-tote-batik-limited-edition,611,2,payment_page_expired,2026-09-04 08:41:30,false,false,2026-09-05 07:41:30,false,false,2026-09-04 09:41:30,false,abandoned,,,,https://loopcycle.example/checkouts/c/3013242560879/recover,sku_match
3372211042770,2026-09-04 07:48:44,2026-09-04 07:49:44,,k***@gmail.com,,false,mobile,Balikpapan,East Kalimantan,ID,LT-BTK,Loop Tote Batik Limited Edition,Batik Parang,1,249000,,0,18000,267000,payment_attempted_failed,Credit card,card_declined,instagram / bio_link,ig_batik_reel,17902562330559770,/products/loop-tote-batik-limited-edition,663,10,payment_failed,2026-09-04 08:48:44,false,false,2026-09-05 07:48:44,true,false,,,abandoned,,,,https://loopcycle.example/checkouts/c/3372211042770/recover,sku_match
3026558897608,2026-09-04 07:52:28,2026-09-04 08:13:28,,b***@gmail.com,,false,tablet,Jakarta,DKI Jakarta,ID,LT-GRN,"Loop Tote, Sea-green",Sea-green,1,189000,,0,18000,207000,payment_attempted_failed,GoPay,gateway_timeout,instagram / bio_link,ig_behind_the_scenes_p18,17906745675922616,/products/loop-tote-sea-green,435,2,payment_failed,2026-09-04 08:52:28,true,false,2026-09-05 07:52:28,false,false,,,abandoned,,,,https://loopcycle.example/checkouts/c/3026558897608/recover,utm_bio_link
3154251114714,2026-09-04 08:00:59,2026-09-04 08:14:59,,j***@icloud.com,+62-8**-****-6068,false,mobile,Pekanbaru,Riau,ID,LT-SND,"Loop Tote, Sand",Sand,1,189000,,0,15000,204000,shipping_method,,,instagram / bio_link,ig_batik_reel,17902562330559770,/products/loop-tote-sand,184,5,unexpected_shipping_cost,2026-09-04 09:00:59,true,false,2026-09-05 08:00:59,true,false,2026-09-04 10:00:59,false,abandoned,,,,https://loopcycle.example/checkouts/c/3154251114714/recover,utm_bio_link
3603460887545,2026-09-04 08:02:19,2026-09-04 08:18:19,,y***@proton.me,+62-8**-****-9872,true,mobile,Banjarmasin,South Kalimantan,ID,LT-BTK,Loop Tote Batik Limited Edition,Batik Kawung,2,498000,,0,0,498000,payment_method_selected,Bank transfer (VA),,instagram / bio_link,ig_batik_reel,17902562330559770,/products/loop-tote-batik-limited-edition,766,4,site_slow_or_error,2026-09-04 09:02:19,false,false,2026-09-05 08:02:19,false,false,,,abandoned,,,,https://loopcycle.example/checkouts/c/3603460887545/recover,sku_match
3627377648528,2026-09-04 08:04:17,2026-09-04 08:06:17,C001453,,+62-8**-****-8413,false,desktop,Bekasi,West Java,ID,LT-BTK,Loop Tote Batik Limited Edition,Batik Parang,1,249000,,0,15000,264000,payment_attempted_failed,Credit card,card_declined,instagram / bio_link,ig_batik_reel,17902562330559770,/products/loop-tote-batik-limited-edition,660,4,payment_failed,,,,,,,,,recovered,email,#LT10466,2026-09-04 10:03:30,https://loopcycle.example/checkouts/c/3627377648528/recover,sku_match
3874728267312,2026-09-04 08:10:02,2026-09-04 08:19:02,,f***@proton.me,,false,mobile,Depok,West Java,ID,LT-GRN,"Loop Tote, Sea-green",Sea-green,1,189000,,0,15000,204000,payment_attempted_failed,GoPay,insufficient_balance,instagram / bio_link,ig_always_on,,/products/loop-tote-sea-green,94,10,payment_failed,2026-09-04 09:10:02,true,false,2026-09-05 08:10:02,false,false,,,abandoned,,,,https://loopcycle.example/checkouts/c/3874728267312/recover,
3126615743771,2026-09-04 08:18:48,2026-09-04 08:31:48,,h***@outlook.com,,true,mobile,Bekasi,West Java,ID,LT-BTK,Loop Tote Batik Limited Edition,Batik Kawung,1,249000,,0,,249000,contact_info,,,instagram / bio_link,ig_batik_reel,17902562330559770,/products/loop-tote-batik-limited-edition,151,6,site_slow_or_error,2026-09-04 09:18:48,false,false,2026-09-05 08:18:48,false,false,,,abandoned,,,,https://loopcycle.example/checkouts/c/3126615743771/recover,sku_match
3978584713289,2026-09-04 08:30:32,2026-09-04 08:39:32,,a***@gmail.com,+62-8**-****-8665,false,mobile,Jakarta,DKI Jakarta,ID,LT-BTK,Loop Tote Batik Limited Edition,Batik Kawung,1,249000,,0,18000,267000,shipping_method,,,instagram / bio_link,ig_batik_reel,17902562330559770,/products/loop-tote-batik-limited-edition,448,8,unexpected_shipping_cost,2026-09-04 09:30:32,false,false,2026-09-05 08:30:32,true,true,,,abandoned,,,,https://loopcycle.example/checkouts/c/3978584713289/recover,sku_match
3175903518351,2026-09-04 08:33:59,2026-09-04 08:46:59,,d***@gmail.com,,true,mobile,Jakarta,DKI Jakarta,ID,LT-IND,"Loop Tote, Indigo",Indigo,1,189000,,0,,189000,contact_info,,,instagram / bio_link,ig_batik_reel,17902562330559770,/products/loop-tote-indigo,736,7,just_browsing_or_comparing,2026-09-04 09:33:59,true,false,2026-09-05 08:33:59,true,false,,,abandoned,,,,https://loopcycle.example/checkouts/c/3175903518351/recover,utm_bio_link
3915143418686,2026-09-04 08:34:05,2026-09-04 08:59:05,,g***@gmail.com,+62-8**-****-5193,true,mobile,Banjarmasin,South Kalimantan,ID,LT-BTK,Loop Tote Batik Limited Edition,Batik Parang,1,249000,,0,,249000,contact_info,,,instagram / bio_link,ig_batik_reel,17902562330559770,/products/loop-tote-batik-limited-edition,592,11,site_slow_or_error,2026-09-04 09:34:05,true,false,2026-09-05 08:34:05,true,false,2026-09-04 10:34:05,false,abandoned,,,,https://loopcycle.example/checkouts/c/3915143418686/recover,sku_match
3110634814207,2026-09-04 08:37:53,2026-09-04 08:54:53,,m***@icloud.com,+62-8**-****-4400,false,desktop,Bandung,West Java,ID,LT-BTK,Loop Tote Batik Limited Edition,Batik Kawung,1,249000,,0,40000,289000,payment_attempted_failed,ShopeePay,gateway_timeout,instagram / bio_link,ig_batik_reel,17902562330559770,/products/loop-tote-batik-limited-edition,623,2,payment_failed,2026-09-04 09:37:53,false,false,2026-09-05 08:37:53,true,true,,,abandoned,,,,https://loopcycle.example/checkouts/c/3110634814207/recover,sku_match
3261264506498,2026-09-04 08:39:20,2026-09-04 08:48:20,,c***@gmail.com,,true,mobile,Jakarta,DKI Jakarta,ID,LT-BTK,Loop Tote Batik Limited Edition,Batik Parang,1,249000,,0,32000,281000,payment_method_selected,QRIS,,instagram / bio_link,ig_batik_reel,17902562330559770,/products/loop-tote-batik-limited-edition,535,11,site_slow_or_error,2026-09-04 09:39:20,false,false,2026-09-05 08:39:20,true,false,,,abandoned,,,,https://loopcycle.example/checkouts/c/3261264506498/recover,sku_match
3077345116495,2026-09-04 08:41:17,2026-09-04 08:43:17,,m***@gmail.com,+62-8**-****-3326,true,desktop,Tangerang,Banten,ID,LT-BTK,Loop Tote Batik Limited Edition,Batik Kawung,1,249000,,0,40000,289000,shipping_method,,,instagram / bio_link,ig_batik_reel,17902562330559770,/products/loop-tote-batik-limited-edition,304,6,unexpected_shipping_cost,2026-09-04 09:41:17,false,false,2026-09-05 08:41:17,false,false,2026-09-04 10:41:17,false,abandoned,,,,https://loopcycle.example/checkouts/c/3077345116495/recover,sku_match
3450456376643,2026-09-04 08:44:03,2026-09-04 08:49:03,,h***@gmail.com,,true,mobile,Semarang,Central Java,ID,LT-SND,"Loop Tote, Sand",Sand,1,189000,,0,18000,207000,shipping_method,,,instagram / bio_link,ig_batik_reel,17902562330559770,/products/loop-tote-sand,874,4,unexpected_shipping_cost,2026-09-04 09:44:03,true,false,2026-09-05 08:44:03,false,false,,,abandoned,,,,https://loopcycle.example/checkouts/c/3450456376643/recover,utm_bio_link
3224981653183,2026-09-04 08:45:59,2026-09-04 08:47:59,,f***@gmail.com,,true,mobile,Bandung,West Java,ID,LT-SND,"Loop Tote, Sand",Sand,1,189000,,0,15000,204000,shipping_method,,,instagram / bio_link,ig_process_impact_p16,17901296159799218,/products/loop-tote-sand,702,7,distracted_or_session_ended,2026-09-04 09:45:59,false,false,2026-09-05 08:45:59,false,false,,,abandoned,,,,https://loopcycle.example/checkouts/c/3224981653183/recover,utm_bio_link
3047760427139,2026-09-04 08:46:35,2026-09-04 09:01:35,,b***@outlook.com,,false,desktop,Cimahi,West Java,ID,LT-BTK,Loop Tote Batik Limited Edition,Batik Parang,1,249000,,0,18000,267000,shipping_method,,,instagram / bio_link,ig_batik_reel,17902562330559770,/products/loop-tote-batik-limited-edition,177,8,unexpected_shipping_cost,2026-09-04 09:46:35,false,false,2026-09-05 08:46:35,true,false,,,abandoned,,,,https://loopcycle.example/checkouts/c/3047760427139/recover,sku_match
3662391547047,2026-09-04 08:49:26,2026-09-04 09:01:26,,d***@outlook.com,+62-8**-****-9151,true,desktop,Bandung,West Java,ID,LT-GRN,"Loop Tote, Sea-green",Sea-green,1,189000,,0,15000,204000,shipping_method,,,instagram / bio_link,ig_always_on,,/products/loop-tote-sea-green,349,5,waiting_for_promo_code,2026-09-04 09:49:26,false,false,2026-09-05 08:49:26,false,false,,,abandoned,,,,https://loopcycle.example/checkouts/c/3662391547047/recover,
3474279101645,2026-09-04 08:50:15,2026-09-04 09:03:15,,,+62-8**-****-5795,false,mobile,Cirebon,West Java,ID,LT-BTK,Loop Tote Batik Limited Edition,Batik Parang,1,249000,,0,40000,289000,payment_method_selected,Credit card,,instagram / bio_link,ig_batik_reel,17902562330559770,/products/loop-tote-batik-limited-edition,727,8,site_slow_or_error,,,,,,,,,abandoned,,,,https://loopcycle.example/checkouts/c/3474279101645/recover,sku_match
3856994816689,2026-09-04 08:55:09,2026-09-04 08:57:09,,h***@hotmail.com,,false,mobile,Medan,North Sumatra,ID,LT-IND,"Loop Tote, Indigo",Indigo,1,189000,,0,,189000,contact_info,,,instagram / bio_link,ig_always_on,,/products/loop-tote-indigo,407,10,site_slow_or_error,2026-09-04 09:55:09,true,false,2026-09-05 08:55:09,false,false,,,abandoned,,,,https://loopcycle.example/checkouts/c/3856994816689/recover,
3551863578171,2026-09-04 08:55:56,2026-09-04 09:19:56,,f***@gmail.com,,false,mobile,Bandung,West Java,ID,LT-GRN,"Loop Tote, Sea-green",Sea-green,3,567000,,0,0,567000,shipping_method,,,instagram / bio_link,ig_always_on,,/products/loop-tote-sea-green,402,3,unexpected_shipping_cost,2026-09-04 09:55:56,true,false,2026-09-05 08:55:56,false,false,,,abandoned,,,,https://loopcycle.example/checkouts/c/3551863578171/recover,
3381499369165,2026-09-04 09:05:04,2026-09-04 09:09:04,,g***@outlook.com,,true,desktop,Bekasi,West Java,ID,LT-BTK,Loop Tote Batik Limited Edition,Batik Kawung,1,249000,,0,25000,274000,payment_attempted_failed,GoPay,insufficient_balance,instagram / bio_link,ig_batik_reel,17902562330559770,/products/loop-tote-batik-limited-edition,807,5,payment_failed,2026-09-04 10:05:04,false,false,2026-09-05 09:05:04,true,false,,,abandoned,,,,https://loopcycle.example/checkouts/c/3381499369165/recover,sku_match
3108283637408,2026-09-04 09:05:07,2026-09-04 09:20:07,C001690,,+62-8**-****-3178,false,mobile,Bekasi,West Java,ID,LT-BTK,Loop Tote Batik Limited Edition,Batik Kawung,1,249000,,0,32000,281000,payment_attempted_failed,QRIS,qris_expired,instagram / bio_link,ig_batik_reel,17902562330559770,/products/loop-tote-batik-limited-edition,108,11,payment_failed,,,,,,,2026-09-04 11:05:07,true,recovered,whatsapp,#LT10591,2026-09-04 16:23:33,https://loopcycle.example/checkouts/c/3108283637408/recover,sku_match
3370954222205,2026-09-04 09:05:53,2026-09-04 09:25:53,,,+62-8**-****-3905,false,mobile,Jakarta,DKI Jakarta,ID,LT-BTK,Loop Tote Batik Limited Edition,Batik Parang,1,249000,,0,,249000,contact_info,,,instagram / bio_link,ig_batik_reel,17902562330559770,/products/loop-tote-batik-limited-edition,77,8,site_slow_or_error,,,,,,,,,abandoned,,,,https://loopcycle.example/checkouts/c/3370954222205/recover,sku_match
3656790644153,2026-09-04 09:06:05,2026-09-04 09:12:05,,b***@outlook.com,,false,mobile,Subang,West Java,ID,LT-BTK,Loop Tote Batik Limited Edition,Batik Parang,1,249000,,0,40000,289000,shipping_method,,,instagram / bio_link,ig_batik_reel,17902562330559770,/products/loop-tote-batik-limited-edition,763,3,unexpected_shipping_cost,2026-09-04 10:06:05,false,false,2026-09-05 09:06:05,true,false,,,abandoned,,,,https://loopcycle.example/checkouts/c/3656790644153/recover,sku_match
3762795952389,2026-09-04 09:13:11,2026-09-04 09:24:11,,c***@outlook.com,,true,mobile,Bandung,West Java,ID,LT-BTK,Loop Tote Batik Limited Edition,Batik Parang,1,249000,,0,40000,289000,shipping_method,,,instagram / bio_link,ig_batik_reel,17902562330559770,/products/loop-tote-batik-limited-edition,786,9,unexpected_shipping_cost,2026-09-04 10:13:11,false,false,2026-09-05 09:13:11,true,true,,,abandoned,,,,https://loopcycle.example/checkouts/c/3762795952389/recover,sku_match
3154425544283,2026-09-04 09:13:22,2026-09-04 09:37:22,,t***@gmail.com,,true,mobile,Bandung,West Java,ID,LT-BTK,Loop Tote Batik Limited Edition,Batik Kawung,1,249000,,0,32000,281000,shipping_method,,,instagram / bio_link,ig_batik_reel,17902562330559770,/products/loop-tote-batik-limited-edition,752,3,unexpected_shipping_cost,2026-09-04 10:13:22,true,false,2026-09-05 09:13:22,false,false,,,abandoned,,,,https://loopcycle.example/checkouts/c/3154425544283/recover,sku_match
3092374216812,2026-09-04 09:15:45,2026-09-04 09:24:45,,h***@hotmail.com,,true,mobile,Depok,West Java,ID,LT-BTK,Loop Tote Batik Limited Edition,Batik Kawung,1,249000,,0,40000,289000,payment_attempted_failed,QRIS,qris_expired,instagram / bio_link,ig_batik_reel,17902562330559770,/products/loop-tote-batik-limited-edition,385,4,payment_failed,2026-09-04 10:15:45,false,false,2026-09-05 09:15:45,false,false,,,abandoned,,,,https://loopcycle.example/checkouts/c/3092374216812/recover,sku_match
3121367189651,2026-09-04 09:18:44,2026-09-04 09:34:44,,d***@gmail.com,+62-8**-****-4864,true,mobile,Bandung,West Java,ID,LT-GRN,"Loop Tote, Sea-green",Sea-green,4,756000,,0,0,756000,payment_method_selected,Bank transfer (VA),,instagram / bio_link,ig_always_on,,/products/loop-tote-sea-green,50,10,waiting_for_voucher,2026-09-04 10:18:44,false,false,2026-09-05 09:18:44,true,false,,,abandoned,,,,https://loopcycle.example/checkouts/c/3121367189651/recover,
3289891085942,2026-09-04 09:19:50,2026-09-04 09:25:50,,m***@gmail.com,,false,mobile,Bogor,West Java,ID,LT-GRN,"Loop Tote, Sea-green",Sea-green,1,189000,,0,25000,214000,shipping_method,,,whatsapp,,,/products/loop-tote-sea-green,424,9,unexpected_shipping_cost,2026-09-04 10:19:50,false,false,2026-09-05 09:19:50,true,false,,,abandoned,,,,https://loopcycle.example/checkouts/c/3289891085942/recover,
3498034007260,2026-09-04 09:25:12,2026-09-04 09:44:12,,,+62-8**-****-4053,false,mobile,Bandung,West Java,ID,LT-BTK,Loop Tote Batik Limited Edition,Batik Kawung,1,249000,,0,40000,289000,shipping_method,,,instagram / bio_link,ig_batik_reel,17902562330559770,/products/loop-tote-batik-limited-edition,399,7,unexpected_shipping_cost,,,,,,,2026-09-04 11:25:12,true,abandoned,,,,https://loopcycle.example/checkouts/c/3498034007260/recover,sku_match
3764997176750,2026-09-04 09:27:21,2026-09-04 09:31:21,,a***@gmail.com,,false,mobile,Bogor,West Java,ID,LT-SND,"Loop Tote, Sand",Sand,2,378000,,0,,378000,contact_info,,,instagram / bio_link,ig_always_on,,/products/loop-tote-sand,260,3,site_slow_or_error,2026-09-04 10:27:21,false,false,2026-09-05 09:27:21,false,false,,,abandoned,,,,https://loopcycle.example/checkouts/c/3764997176750/recover,
3894192245108,2026-09-04 09:27:51,2026-09-04 09:37:51,,i***@gmail.com,+62-8**-****-8738,true,desktop,Jakarta,DKI Jakarta,ID,LT-BTK,Loop Tote Batik Limited Edition,Batik Parang,1,249000,,0,25000,274000,payment_method_selected,OVO,,instagram / bio_link,ig_batik_reel,17902562330559770,/products/loop-tote-batik-limited-edition,659,2,site_slow_or_error,2026-09-04 10:27:51,false,false,2026-09-05 09:27:51,false,false,,,abandoned,,,,https://loopcycle.example/checkouts/c/3894192245108/recover,sku_match
3436843781618,2026-09-04 09:27:53,2026-09-04 09:50:53,,m***@hotmail.com,+62-8**-****-2372,false,desktop,Depok,West Java,ID,LT-BTK,Loop Tote Batik Limited Edition,Batik Kawung,1,249000,,0,40000,289000,payment_method_selected,QRIS,,instagram / bio_link,ig_batik_reel,17902562330559770,/products/loop-tote-batik-limited-edition,456,9,site_slow_or_error,2026-09-04 10:27:53,true,true,2026-09-05 09:27:53,true,true,,,abandoned,,,,https://loopcycle.example/checkouts/c/3436843781618/recover,sku_match
3981413381195,2026-09-04 09:28:27,2026-09-04 09:45:27,,,+62-8**-****-6790,false,mobile,Garut,West Java,ID,LT-SND,"Loop Tote, Sand",Sand,3,567000,,0,,567000,contact_info,,,instagram / bio_link,ig_always_on,,/products/loop-tote-sand,732,5,just_browsing_or_comparing,,,,,,,,,abandoned,,,,https://loopcycle.example/checkouts/c/3981413381195/recover,
3034027381009,2026-09-04 09:32:00,2026-09-04 09:40:00,,c***@gmail.com,,true,mobile,Jakarta,DKI Jakarta,ID,LT-BTK,Loop Tote Batik Limited Edition,Batik Kawung,1,249000,,0,25000,274000,payment_method_selected,Credit card,,instagram / bio_link,ig_batik_reel,17902562330559770,/products/loop-tote-batik-limited-edition,461,11,site_slow_or_error,2026-09-04 10:32:00,false,false,2026-09-05 09:32:00,false,false,,,abandoned,,,,https://loopcycle.example/checkouts/c/3034027381009/recover,sku_match
3589640342865,2026-09-04 09:39:18,2026-09-04 09:47:18,,p***@icloud.com,+62-8**-****-4198,false,mobile,Bekasi,West Java,ID,LT-SND,"Loop Tote, Sand",Sand,1,189000,,0,32000,221000,shipping_method,,,instagram / bio_link,ig_always_on,,/products/loop-tote-sand,638,6,unexpected_shipping_cost,2026-09-04 10:39:18,false,false,2026-09-05 09:39:18,true,true,,,abandoned,,,,https://loopcycle.example/checkouts/c/3589640342865/recover,
3210705144956,2026-09-04 09:41:57,2026-09-04 09:42:57,,a***@proton.me,,false,mobile,Bekasi,West Java,ID,LT-BTK,Loop Tote Batik Limited Edition,Batik Parang,1,249000,,0,18000,267000,payment_method_selected,QRIS,,instagram / bio_link,ig_batik_reel,17902562330559770,/products/loop-tote-batik-limited-edition,205,11,checking_marketplace_price,2026-09-04 10:41:57,true,true,2026-09-05 09:41:57,true,false,,,abandoned,,,,https://loopcycle.example/checkouts/c/3210705144956/recover,sku_match
3324524480768,2026-09-04 09:42:43,2026-09-04 09:47:43,,h***@gmail.com,,true,mobile,Medan,North Sumatra,ID,LT-BTK,Loop Tote Batik Limited Edition,Batik Kawung,1,249000,,0,,249000,contact_info,,,instagram / bio_link,ig_batik_reel,17902562330559770,/products/loop-tote-batik-limited-edition,158,8,just_browsing_or_comparing,2026-09-04 10:42:43,true,false,2026-09-05 09:42:43,false,false,,,abandoned,,,,https://loopcycle.example/checkouts/c/3324524480768/recover,sku_match
3298362810806,2026-09-04 09:47:19,2026-09-04 09:53:19,,n***@gmail.com,,true,mobile,Depok,West Java,ID,LT-BTK,Loop Tote Batik Limited Edition,Batik Parang,1,249000,,0,18000,267000,shipping_method,,,instagram / bio_link,ig_batik_reel,17902562330559770,/products/loop-tote-batik-limited-edition,643,2,unexpected_shipping_cost,2026-09-04 10:47:19,false,false,2026-09-05 09:47:19,false,false,,,abandoned,,,,https://loopcycle.example/checkouts/c/3298362810806/recover,sku_match
3455670064260,2026-09-04 09:51:23,2026-09-04 10:03:23,,o***@gmail.com,+62-8**-****-1864,true,tablet,Bandung,West Java,ID,LT-IND,"Loop Tote, Indigo",Indigo,1,189000,,0,,189000,contact_info,,,instagram / bio_link,ig_always_on,,/products/loop-tote-indigo,332,2,wanted_other_colour,2026-09-04 10:51:23,true,false,2026-09-05 09:51:23,false,false,2026-09-04 11:51:23,false,abandoned,,,,https://loopcycle.example/checkouts/c/3455670064260/recover,
3319707138354,2026-09-04 10:09:00,2026-09-04 10:34:00,,a***@gmail.com,+62-8**-****-4951,true,mobile,Subang,West Java,ID,LT-GRN,"Loop Tote, Sea-green",Sea-green,1,189000,,0,32000,221000,payment_method_selected,QRIS,,instagram / bio_link,ig_always_on,,/products/loop-tote-sea-green,689,3,site_slow_or_error,2026-09-04 11:09:00,false,false,2026-09-05 10:09:00,true,false,,,abandoned,,,,https://loopcycle.example/checkouts/c/3319707138354/recover,
3761136240849,2026-09-04 10:10:58,2026-09-04 10:32:58,,m***@yahoo.co.id,+62-8**-****-9655,false,mobile,Bandung,West Java,ID,LT-SND,"Loop Tote, Sand",Sand,1,189000,,0,15000,204000,shipping_method,,,instagram / bio_link,ig_process_impact_p17,17909597409818323,/products/loop-tote-sand,645,8,distracted_or_session_ended,2026-09-04 11:10:58,true,true,2026-09-05 10:10:58,true,false,,,abandoned,,,,https://loopcycle.example/checkouts/c/3761136240849/recover,utm_bio_link
3170615023635,2026-09-04 10:11:22,2026-09-04 10:19:22,,i***@gmail.com,,true,mobile,Cianjur,West Java,ID,LT-BTK,Loop Tote Batik Limited Edition,Batik Parang,1,249000,,0,25000,274000,shipping_method,,,instagram / bio_link,ig_batik_reel,17902562330559770,/products/loop-tote-batik-limited-edition,501,4,waiting_for_promo_code,2026-09-04 11:11:22,false,false,2026-09-05 10:11:22,false,false,,,abandoned,,,,https://loopcycle.example/checkouts/c/3170615023635/recover,sku_match
3717013654150,2026-09-04 10:16:01,2026-09-04 10:18:01,,m***@icloud.com,+62-8**-****-8836,true,mobile,Garut,West Java,ID,LT-BTK,Loop Tote Batik Limited Edition,Batik Parang,1,249000,,0,40000,289000,payment_method_selected,Credit card,,instagram / bio_link,ig_batik_reel,17902562330559770,/products/loop-tote-batik-limited-edition,634,3,site_slow_or_error,2026-09-04 11:16:01,false,false,2026-09-05 10:16:01,true,false,,,abandoned,,,,https://loopcycle.example/checkouts/c/3717013654150/recover,sku_match
3828115946615,2026-09-04 10:17:02,2026-09-04 10:30:02,,n***@gmail.com,,true,mobile,Jakarta,DKI Jakarta,ID,LT-BTK,Loop Tote Batik Limited Edition,Batik Parang,1,249000,,0,,249000,contact_info,,,instagram / bio_link,ig_batik_reel,17902562330559770,/products/loop-tote-batik-limited-edition,193,3,wanted_other_colour,2026-09-04 11:17:02,false,false,2026-09-05 10:17:02,false,false,,,abandoned,,,,https://loopcycle.example/checkouts/c/3828115946615/recover,sku_match
3877608079292,2026-09-04 10:21:48,2026-09-04 10:34:48,,a***@proton.me,+62-8**-****-8717,true,desktop,Bekasi,West Java,ID,LT-IND,"Loop Tote, Indigo",Indigo,2,378000,,0,0,378000,shipping_method,,,instagram / bio_link,ig_process_impact_p16,17901296159799218,/products/loop-tote-indigo,242,7,unexpected_shipping_cost,2026-09-04 11:21:48,false,false,2026-09-05 10:21:48,false,false,2026-09-04 12:21:48,true,abandoned,,,,https://loopcycle.example/checkouts/c/3877608079292/recover,utm_bio_link
3945194925819,2026-09-04 10:22:47,2026-09-04 10:37:47,,,+62-8**-****-8116,false,mobile,Makassar,South Sulawesi,ID,LT-BTK,Loop Tote Batik Limited Edition,Batik Parang,1,249000,,0,25000,274000,payment_method_selected,QRIS,,instagram / bio_link,ig_batik_reel,17902562330559770,/products/loop-tote-batik-limited-edition,744,7,waiting_for_voucher,,,,,,,,,abandoned,,,,https://loopcycle.example/checkouts/c/3945194925819/recover,sku_match
3274734141303,2026-09-04 10:23:42,2026-09-04 10:39:42,,r***@gmail.com,+62-8**-****-6080,true,mobile,Bekasi,West Java,ID,LT-BTK,Loop Tote Batik Limited Edition,Batik Parang,1,249000,,0,15000,264000,payment_method_selected,QRIS,,instagram / bio_link,ig_batik_reel,17902562330559770,/products/loop-tote-batik-limited-edition,267,9,waiting_for_voucher,2026-09-04 11:23:42,false,false,2026-09-05 10:23:42,false,false,,,abandoned,,,,https://loopcycle.example/checkouts/c/3274734141303/recover,sku_match
3627820671070,2026-09-04 10:26:55,2026-09-04 10:35:55,,,+62-8**-****-9097,false,mobile,Subang,West Java,ID,LT-BTK,Loop Tote Batik Limited Edition,Batik Kawung,1,249000,,0,15000,264000,payment_method_selected,Credit card,,instagram / bio_link,ig_batik_reel,17902562330559770,/products/loop-tote-batik-limited-edition,623,3,site_slow_or_error,,,,,,,,,abandoned,,,,https://loopcycle.example/checkouts/c/3627820671070/recover,sku_match
3256681126202,2026-09-04 10:30:17,2026-09-04 10:54:17,,a***@proton.me,+62-8**-****-9695,true,mobile,Bekasi,West Java,ID,LT-IND,"Loop Tote, Indigo",Indigo,1,189000,,0,40000,229000,payment_method_selected,QRIS,,instagram / bio_link,ig_always_on,,/products/loop-tote-indigo,553,5,site_slow_or_error,2026-09-04 11:30:17,false,false,2026-09-05 10:30:17,false,false,,,abandoned,,,,https://loopcycle.example/checkouts/c/3256681126202/recover,
3894591835306,2026-09-04 10:32:33,2026-09-04 10:49:33,,e***@gmail.com,+62-8**-****-6234,false,mobile,Jakarta,DKI Jakarta,ID,LT-BTK,Loop Tote Batik Limited Edition,Batik Kawung,1,249000,,0,32000,281000,payment_method_selected,Credit card,,instagram / bio_link,ig_always_on,,/products/loop-tote-batik-limited-edition,57,5,site_slow_or_error,2026-09-04 11:32:33,false,false,2026-09-05 10:32:33,false,false,2026-09-04 12:32:33,false,abandoned,,,,https://loopcycle.example/checkouts/c/3894591835306/recover,
3013544703835,2026-09-04 10:34:57,2026-09-04 10:52:57,,k***@gmail.com,,true,tablet,Karawang,West Java,ID,LT-BTK,Loop Tote Batik Limited Edition,Batik Kawung,1,249000,,0,40000,289000,payment_method_selected,Credit card,,instagram / bio_link,ig_batik_reel,17902562330559770,/products/loop-tote-batik-limited-edition,875,6,payment_page_expired,2026-09-04 11:34:57,true,false,2026-09-05 10:34:57,false,false,,,abandoned,,,,https://loopcycle.example/checkouts/c/3013544703835/recover,sku_match
3534106151062,2026-09-04 10:35:28,2026-09-04 10:47:28,,,+62-8**-****-9634,false,mobile,Garut,West Java,ID,LT-BTK,Loop Tote Batik Limited Edition,Batik Parang,1,249000,,0,40000,289000,payment_method_selected,QRIS,,instagram / bio_link,ig_batik_reel,17902562330559770,/products/loop-tote-batik-limited-edition,577,10,waiting_for_voucher,,,,,,,2026-09-04 12:35:28,false,abandoned,,,,https://loopcycle.example/checkouts/c/3534106151062/recover,sku_match
3785520849097,2026-09-04 10:36:33,2026-09-04 10:56:33,,y***@gmail.com,+62-8**-****-5057,false,mobile,Cimahi,West Java,ID,LT-SND,"Loop Tote, Sand",Sand,1,189000,,0,,189000,contact_info,,,instagram / bio_link,ig_always_on,,/products/loop-tote-sand,834,10,site_slow_or_error,2026-09-04 11:36:33,true,false,2026-09-05 10:36:33,false,false,2026-09-04 12:36:33,false,abandoned,,,,https://loopcycle.example/checkouts/c/3785520849097/recover,
3938091542286,2026-09-04 10:37:51,2026-09-04 10:56:51,,g***@gmail.com,,true,desktop,Depok,West Java,ID,LT-IND,"Loop Tote, Indigo",Indigo,1,189000,,0,25000,214000,shipping_method,,,instagram / bio_link,ig_process_impact_p17,17909597409818323,/products/loop-tote-indigo,193,8,unexpected_shipping_cost,2026-09-04 11:37:51,false,false,2026-09-05 10:37:51,false,false,,,abandoned,,,,https://loopcycle.example/checkouts/c/3938091542286/recover,utm_bio_link
3182211720052,2026-09-04 10:38:56,2026-09-04 10:49:56,,p***@gmail.com,+62-8**-****-2130,true,mobile,Surabaya,East Java,ID,LT-GRN,"Loop Tote, Sea-green",Sea-green,1,189000,NEWSLETTER5,9500,25000,204500,payment_method_selected,Bank transfer (VA),,direct,,,/products/loop-tote-sea-green,733,6,site_slow_or_error,2026-09-04 11:38:56,true,true,2026-09-05 10:38:56,false,false,,,abandoned,,,,https://loopcycle.example/checkouts/c/3182211720052/recover,
3523711610266,2026-09-04 10:41:35,2026-09-04 10:44:35,,m***@outlook.com,,false,mobile,Subang,West Java,ID,LT-BTK,Loop Tote Batik Limited Edition,Batik Parang,1,249000,,0,32000,281000,payment_method_selected,QRIS,,instagram / bio_link,ig_batik_reel,17902562330559770,/products/loop-tote-batik-limited-edition,549,3,waiting_for_voucher,2026-09-04 11:41:35,false,false,2026-09-05 10:41:35,true,true,,,abandoned,,,,https://loopcycle.example/checkouts/c/3523711610266/recover,sku_match
3883900729844,2026-09-04 10:42:53,2026-09-04 10:49:53,,,+62-8**-****-4287,false,desktop,Bandung,West Java,ID,LT-IND,"Loop Tote, Indigo",Indigo,1,189000,,0,32000,221000,payment_attempted_failed,Credit card,gateway_timeout,instagram / bio_link,ig_always_on,,/products/loop-tote-indigo,526,10,payment_failed,,,,,,,,,abandoned,,,,https://loopcycle.example/checkouts/c/3883900729844/recover,
3912754717544,2026-09-04 10:43:12,2026-09-04 11:00:12,,a***@gmail.com,+62-8**-****-2974,true,desktop,Depok,West Java,ID,LT-BTK,Loop Tote Batik Limited Edition,Batik Parang,1,249000,,0,18000,267000,payment_method_selected,Credit card,,instagram / bio_link,ig_batik_reel,17902562330559770,/products/loop-tote-batik-limited-edition,701,10,site_slow_or_error,2026-09-04 11:43:12,false,false,2026-09-05 10:43:12,false,false,2026-09-04 12:43:12,false,abandoned,,,,https://loopcycle.example/checkouts/c/3912754717544/recover,sku_match
3436479185122,2026-09-04 10:44:08,2026-09-04 10:55:08,,s***@gmail.com,,true,mobile,Depok,West Java,ID,LT-BTK,Loop Tote Batik Limited Edition,Batik Parang,1,249000,,0,18000,267000,shipping_method,,,instagram / bio_link,ig_batik_reel,17902562330559770,/products/loop-tote-batik-limited-edition,559,6,delivery_time_too_long,2026-09-04 11:44:08,false,false,2026-09-05 10:44:08,true,false,,,abandoned,,,,https://loopcycle.example/checkouts/c/3436479185122/recover,sku_match
3308082785978,2026-09-04 10:44:12,2026-09-04 11:00:12,C001745,,+62-8**-****-7915,false,mobile,Cimahi,West Java,ID,LT-BTK,Loop Tote Batik Limited Edition,Batik Parang,2,498000,,0,0,498000,payment_method_selected,QRIS,,instagram / bio_link,ig_batik_reel,17902562330559770,/products/loop-tote-batik-limited-edition,75,4,checking_marketplace_price,,,,,,,2026-09-04 12:44:12,true,recovered,whatsapp,#LT10614,2026-09-04 18:54:32,https://loopcycle.example/checkouts/c/3308082785978/recover,sku_match
3747565977097,2026-09-04 10:53:53,2026-09-04 10:56:53,,s***@gmail.com,+62-8**-****-8735,true,mobile,Jakarta,DKI Jakarta,ID,LT-GRN,"Loop Tote, Sea-green",Sea-green,1,189000,,0,,189000,contact_info,,,instagram / bio_link,ig_always_on,,/products/loop-tote-sea-green,559,4,distracted_or_session_ended,2026-09-04 11:53:53,false,false,2026-09-05 10:53:53,true,false,,,abandoned,,,,https://loopcycle.example/checkouts/c/3747565977097/recover,
3057585395288,2026-09-04 10:55:10,2026-09-04 10:56:10,,t***@proton.me,,true,tablet,Medan,North Sumatra,ID,LT-GRN,"Loop Tote, Sea-green",Sea-green,1,189000,,0,40000,229000,shipping_method,,,instagram / bio_link,ig_always_on,,/products/loop-tote-sea-green,516,4,unexpected_shipping_cost,2026-09-04 11:55:10,false,false,2026-09-05 10:55:10,false,false,,,abandoned,,,,https://loopcycle.example/checkouts/c/3057585395288/recover,
3772058482664,2026-09-04 10:55:41,2026-09-04 11:18:41,,,+62-8**-****-8377,false,desktop,Depok,West Java,ID,LT-SND,"Loop Tote, Sand",Sand,2,378000,,0,0,378000,payment_method_selected,Bank transfer (VA),,instagram / bio_link,ig_process_impact_p17,17909597409818323,/products/loop-tote-sand,192,6,site_slow_or_error,,,,,,,,,abandoned,,,,https://loopcycle.example/checkouts/c/3772058482664/recover,utm_bio_link
3786889201563,2026-09-04 10:56:37,2026-09-04 11:09:37,,w***@gmail.com,+62-8**-****-1976,true,mobile,Bekasi,West Java,ID,LT-BTK,Loop Tote Batik Limited Edition,Batik Parang,1,249000,,0,,249000,contact_info,,,instagram / bio_link,ig_batik_reel,17902562330559770,/products/loop-tote-batik-limited-edition,206,3,just_browsing_or_comparing,2026-09-04 11:56:37,false,false,2026-09-05 10:56:37,false,false,2026-09-04 12:56:37,true,abandoned,,,,https://loopcycle.example/checkouts/c/3786889201563/recover,sku_match
3037904251754,2026-09-04 10:58:27,2026-09-04 11:16:27,,,+62-8**-****-1997,false,mobile,Denpasar,Bali,ID,LT-IND,"Loop Tote, Indigo",Indigo,1,189000,NEWSLETTER5,9500,40000,219500,payment_attempted_failed,OVO,gateway_timeout,instagram / bio_link,ig_always_on,,/products/loop-tote-indigo,625,6,payment_failed,,,,,,,,,abandoned,,,,https://loopcycle.example/checkouts/c/3037904251754/recover,
3642813805333,2026-09-04 10:58:36,2026-09-04 11:01:36,,j***@gmail.com,,false,mobile,Jakarta,DKI Jakarta,ID,LT-BTK,Loop Tote Batik Limited Edition,Batik Kawung,1,249000,,0,15000,264000,payment_attempted_failed,Bank transfer (VA),va_expired,instagram / bio_link,ig_always_on,,/products/loop-tote-batik-limited-edition,292,7,payment_failed,2026-09-04 11:58:36,true,true,2026-09-05 10:58:36,false,false,,,abandoned,,,,https://loopcycle.example/checkouts/c/3642813805333/recover,
3430685233113,2026-09-04 11:01:22,2026-09-04 11:23:22,C001639,,+62-8**-****-4147,false,mobile,Garut,West Java,ID,LT-BTK,Loop Tote Batik Limited Edition,Batik Parang,1,249000,,0,0,249000,payment_method_selected,GoPay,,instagram / bio_link,ig_batik_reel,17902562330559770,/products/loop-tote-batik-limited-edition,534,4,checking_marketplace_price,,,,,,,2026-09-04 13:01:22,true,recovered,whatsapp,#LT10568,2026-09-04 14:08:59,https://loopcycle.example/checkouts/c/3430685233113/recover,sku_match
3744244562853,2026-09-04 11:02:39,2026-09-04 11:10:39,,e***@gmail.com,+62-8**-****-6314,false,mobile,Bandung,West Java,ID,LT-BTK,Loop Tote Batik Limited Edition,Batik Parang,2,498000,,0,0,498000,payment_method_selected,OVO,,instagram / bio_link,ig_batik_reel,17902562330559770,/products/loop-tote-batik-limited-edition,664,4,preferred_payment_unavailable,2026-09-04 12:02:39,false,false,2026-09-05 11:02:39,false,false,2026-09-04 13:02:39,false,abandoned,,,,https://loopcycle.example/checkouts/c/3744244562853/recover,sku_match
3030532492862,2026-09-04 11:05:30,2026-09-04 11:07:30,,s***@gmail.com,,true,mobile,Cimahi,West Java,ID,LT-BTK,Loop Tote Batik Limited Edition,Batik Parang,1,249000,,0,25000,274000,shipping_method,,,instagram / bio_link,ig_batik_reel,17902562330559770,/products/loop-tote-batik-limited-edition,688,7,unexpected_shipping_cost,2026-09-04 12:05:30,false,false,2026-09-05 11:05:30,false,false,,,abandoned,,,,https://loopcycle.example/checkouts/c/3030532492862/recover,sku_match
3002550095281,2026-09-04 11:05:50,2026-09-04 11:21:50,,,+62-8**-****-5553,false,mobile,Bandung,West Java,ID,LT-BTK,Loop Tote Batik Limited Edition,Batik Kawung,1,249000,,0,,249000,contact_info,,,instagram / bio_link,ig_batik_reel,17902562330559770,/products/loop-tote-batik-limited-edition,688,6,site_slow_or_error,,,,,,,2026-09-04 13:05:50,false,abandoned,,,,https://loopcycle.example/checkouts/c/3002550095281/recover,sku_match
3146237819389,2026-09-04 11:08:59,2026-09-04 11:11:59,,c***@gmail.com,,true,mobile,Bekasi,West Java,ID,LT-BTK,Loop Tote Batik Limited Edition,Batik Kawung,1,249000,,0,25000,274000,shipping_method,,,instagram / bio_link,ig_batik_reel,17902562330559770,/products/loop-tote-batik-limited-edition,87,5,delivery_time_too_long,2026-09-04 12:08:59,false,false,2026-09-05 11:08:59,true,false,,,abandoned,,,,https://loopcycle.example/checkouts/c/3146237819389/recover,sku_match
3599371156346,2026-09-04 11:10:35,2026-09-04 11:20:35,,s***@gmail.com,,false,desktop,Bandung,West Java,ID,LT-BTK,Loop Tote Batik Limited Edition,Batik Kawung,1,249000,,0,32000,281000,payment_attempted_failed,QRIS,qris_expired,instagram / bio_link,ig_batik_reel,17902562330559770,/products/loop-tote-batik-limited-edition,488,2,payment_failed,2026-09-04 12:10:35,false,false,2026-09-05 11:10:35,true,true,,,abandoned,,,,https://loopcycle.example/checkouts/c/3599371156346/recover,sku_match
3749794231304,2026-09-04 11:11:03,2026-09-04 11:26:03,,k***@gmail.com,,true,mobile,Bandung,West Java,ID,LT-BTK,Loop Tote Batik Limited Edition,Batik Kawung,1,249000,,0,32000,281000,shipping_method,,,instagram / bio_link,ig_batik_reel,17902562330559770,/products/loop-tote-batik-limited-edition,195,11,delivery_time_too_long,2026-09-04 12:11:03,true,false,2026-09-05 11:11:03,false,false,,,abandoned,,,,https://loopcycle.example/checkouts/c/3749794231304/recover,sku_match
3193005601368,2026-09-04 11:13:26,2026-09-04 11:37:26,,b***@gmail.com,+62-8**-****-1297,true,mobile,Bandung,West Java,ID,LT-BTK,Loop Tote Batik Limited Edition,Batik Kawung,1,249000,,0,40000,289000,shipping_method,,,instagram / bio_link,ig_batik_reel,17902562330559770,/products/loop-tote-batik-limited-edition,286,4,unexpected_shipping_cost,2026-09-04 12:13:26,true,true,2026-09-05 11:13:26,true,false,,,abandoned,,,,https://loopcycle.example/checkouts/c/3193005601368/recover,sku_match
3356674247507,2026-09-04 11:17:00,2026-09-04 11:40:00,,,+62-8**-****-8002,false,mobile,Bekasi,West Java,ID,LT-BTK,Loop Tote Batik Limited Edition,Batik Kawung,1,249000,NEWSLETTER5,12500,32000,268500,payment_attempted_failed,ShopeePay,gateway_timeout,instagram / bio_link,ig_batik_reel,17902562330559770,/products/loop-tote-batik-limited-edition,655,4,payment_failed,,,,,,,2026-09-04 13:17:00,true,abandoned,,,,https://loopcycle.example/checkouts/c/3356674247507/recover,sku_match
3022601313830,2026-09-04 11:17:25,2026-09-04 11:38:25,,e***@gmail.com,+62-8**-****-9709,false,mobile,Karawang,West Java,ID,LT-GRN,"Loop Tote, Sea-green",Sea-green,3,567000,,0,0,567000,payment_method_selected,Bank transfer (VA),,instagram / bio_link,ig_always_on,,/products/loop-tote-sea-green,656,11,payment_page_expired,2026-09-04 12:17:25,false,false,2026-09-05 11:17:25,false,false,,,abandoned,,,,https://loopcycle.example/checkouts/c/3022601313830/recover,
3645479673045,2026-09-04 11:17:54,2026-09-04 11:32:54,,d***@gmail.com,,true,mobile,Bandung,West Java,ID,LT-BTK,Loop Tote Batik Limited Edition,Batik Parang,1,249000,,0,,249000,contact_info,,,instagram / bio_link,ig_batik_reel,17902562330559770,/products/loop-tote-batik-limited-edition,599,10,distracted_or_session_ended,2026-09-04 12:17:54,true,false,2026-09-05 11:17:54,false,false,,,abandoned,,,,https://loopcycle.example/checkouts/c/3645479673045/recover,sku_match
3029593516322,2026-09-04 11:22:33,2026-09-04 11:37:33,,r***@gmail.com,+62-8**-****-2855,true,mobile,Cirebon,West Java,ID,LT-BTK,Loop Tote Batik Limited Edition,Batik Parang,1,249000,,0,32000,281000,shipping_method,,,instagram / bio_link,ig_batik_reel,17902562330559770,/products/loop-tote-batik-limited-edition,559,4,distracted_or_session_ended,2026-09-04 12:22:33,false,false,2026-09-05 11:22:33,false,false,,,abandoned,,,,https://loopcycle.example/checkouts/c/3029593516322/recover,sku_match
3232546450929,2026-09-04 11:27:55,2026-09-04 11:47:55,,h***@gmail.com,,true,mobile,Bekasi,West Java,ID,LT-BTK,Loop Tote Batik Limited Edition,Batik Kawung,1,249000,,0,,249000,contact_info,,,instagram / bio_link,ig_batik_reel,17902562330559770,/products/loop-tote-batik-limited-edition,755,8,site_slow_or_error,2026-09-04 12:27:55,true,false,2026-09-05 11:27:55,true,false,,,abandoned,,,,https://loopcycle.example/checkouts/c/3232546450929/recover,sku_match
3050980525535,2026-09-04 11:28:19,2026-09-04 11:39:19,,g***@gmail.com,+62-8**-****-7209,true,mobile,Tangerang,Banten,ID,LT-SND,"Loop Tote, Sand",Sand,1,189000,,0,18000,207000,payment_method_selected,OVO,,instagram / bio_link,ig_always_on,,/products/loop-tote-sand,534,9,site_slow_or_error,2026-09-04 12:28:19,false,false,2026-09-05 11:28:19,false,false,,,abandoned,,,,https://loopcycle.example/checkouts/c/3050980525535/recover,
3996004105793,2026-09-04 11:29:21,2026-09-04 11:42:21,,,+62-8**-****-7534,false,mobile,Surabaya,East Java,ID,LT-GRN,"Loop Tote, Sea-green",Sea-green,1,189000,,0,32000,221000,payment_attempted_failed,GoPay,gateway_timeout,instagram / bio_link,ig_always_on,,/products/loop-tote-sea-green,285,7,payment_failed,,,,,,,,,abandoned,,,,https://loopcycle.example/checkouts/c/3996004105793/recover,
3108344602686,2026-09-04 11:32:13,2026-09-04 11:53:13,,y***@icloud.com,,true,mobile,Bandung,West Java,ID,LT-IND,"Loop Tote, Indigo",Indigo,1,189000,,0,15000,204000,shipping_method,,,instagram / bio_link,ig_always_on,,/products/loop-tote-indigo,595,10,delivery_time_too_long,2026-09-04 12:32:13,false,false,2026-09-05 11:32:13,false,false,,,abandoned,,,,https://loopcycle.example/checkouts/c/3108344602686/recover,
3086981007956,2026-09-04 11:33:15,2026-09-04 11:51:15,,t***@gmail.com,+62-8**-****-5217,false,mobile,Bandung,West Java,ID,LT-GRN,"Loop Tote, Sea-green",Sea-green,1,189000,,0,40000,229000,payment_method_selected,OVO,,google / organic,,,/products/loop-tote-sea-green,812,11,site_slow_or_error,2026-09-04 12:33:15,false,false,2026-09-05 11:33:15,true,false,2026-09-04 13:33:15,false,abandoned,,,,https://loopcycle.example/checkouts/c/3086981007956/recover,
3931711715969,2026-09-04 11:36:03,2026-09-04 11:47:03,,h***@gmail.com,+62-8**-****-2689,true,desktop,Bandung,West Java,ID,LT-IND,"Loop Tote, Indigo",Indigo,1,189000,,0,25000,214000,payment_method_selected,ShopeePay,,instagram / bio_link,ig_process_impact_p16,17901296159799218,/products/loop-tote-indigo,738,3,preferred_payment_unavailable,2026-09-04 12:36:03,true,true,2026-09-05 11:36:03,true,false,2026-09-04 13:36:03,false,abandoned,,,,https://loopcycle.example/checkouts/c/3931711715969/recover,utm_bio_link
3136203274365,2026-09-04 11:37:03,2026-09-04 11:49:03,,f***@proton.me,+62-8**-****-7044,true,mobile,Garut,West Java,ID,LT-IND,"Loop Tote, Indigo",Indigo,3,567000,,0,,567000,contact_info,,,instagram / bio_link,ig_always_on,,/products/loop-tote-indigo,544,5,just_browsing_or_comparing,2026-09-04 12:37:03,true,false,2026-09-05 11:37:03,true,false,,,abandoned,,,,https://loopcycle.example/checkouts/c/3136203274365/recover,
3130730621886,2026-09-04 11:37:24,2026-09-04 11:41:24,,d***@gmail.com,+62-8**-****-9696,false,mobile,Jakarta,DKI Jakarta,ID,LT-BTK,Loop Tote Batik Limited Edition,Batik Parang,1,249000,,0,40000,289000,shipping_method,,,instagram / bio_link,ig_batik_reel,17902562330559770,/products/loop-tote-batik-limited-edition,270,11,unexpected_shipping_cost,2026-09-04 12:37:24,true,false,2026-09-05 11:37:24,false,false,,,abandoned,,,,https://loopcycle.example/checkouts/c/3130730621886/recover,sku_match
3265835343460,2026-09-04 11:37:48,2026-09-04 11:42:48,C001756,c***@gmail.com,+62-8**-****-4618,true,desktop,Bandung,West Java,ID,LT-BTK,Loop Tote Batik Limited Edition,Batik Kawung,1,249000,,0,40000,289000,payment_method_selected,QRIS,,instagram / bio_link,ig_batik_reel,17902562330559770,/products/loop-tote-batik-limited-edition,569,6,waiting_for_voucher,2026-09-04 12:37:48,false,false,,,,2026-09-04 13:37:48,true,recovered,whatsapp,#LT10622,2026-09-04 19:37:03,https://loopcycle.example/checkouts/c/3265835343460/recover,sku_match
3340031643332,2026-09-04 11:38:03,2026-09-04 11:50:03,,d***@gmail.com,,true,desktop,Tangerang,Banten,ID,LT-BTK,Loop Tote Batik Limited Edition,Batik Kawung,1,249000,,0,32000,281000,payment_method_selected,QRIS,,instagram / bio_link,ig_batik_reel,17902562330559770,/products/loop-tote-batik-limited-edition,780,2,payment_page_expired,2026-09-04 12:38:03,false,false,2026-09-05 11:38:03,false,false,,,abandoned,,,,https://loopcycle.example/checkouts/c/3340031643332/recover,sku_match
3540999907949,2026-09-04 11:44:46,2026-09-04 11:48:46,,k***@hotmail.com,,false,mobile,Sukabumi,West Java,ID,LT-SND,"Loop Tote, Sand",Sand,1,189000,,0,25000,214000,payment_attempted_failed,Bank transfer (VA),gateway_timeout,instagram / bio_link,ig_always_on,,/products/loop-tote-sand,498,3,payment_failed,2026-09-04 12:44:46,true,false,2026-09-05 11:44:46,false,false,,,abandoned,,,,https://loopcycle.example/checkouts/c/3540999907949/recover,
3487687416783,2026-09-04 11:47:42,2026-09-04 11:49:42,,t***@gmail.com,,true,mobile,Bandung,West Java,ID,LT-BTK,Loop Tote Batik Limited Edition,Batik Kawung,2,498000,,0,0,498000,payment_method_selected,Bank transfer (VA),,instagram / bio_link,ig_batik_reel,17902562330559770,/products/loop-tote-batik-limited-edition,485,5,site_slow_or_error,2026-09-04 12:47:42,true,false,2026-09-05 11:47:42,false,false,,,abandoned,,,,https://loopcycle.example/checkouts/c/3487687416783/recover,sku_match
3234780036961,2026-09-04 11:54:09,2026-09-04 12:14:09,,g***@proton.me,,true,mobile,Jakarta,DKI Jakarta,ID,LT-BTK,Loop Tote Batik Limited Edition,Batik Parang,1,249000,,0,40000,289000,shipping_method,,,instagram / bio_link,ig_batik_reel,17902562330559770,/products/loop-tote-batik-limited-edition,745,8,unexpected_shipping_cost,2026-09-04 12:54:09,false,false,2026-09-05 11:54:09,false,false,,,abandoned,,,,https://loopcycle.example/checkouts/c/3234780036961/recover,sku_match
3541274025258,2026-09-04 11:54:25,2026-09-04 12:07:25,,r***@gmail.com,,true,mobile,Garut,West Java,ID,LT-BTK,Loop Tote Batik Limited Edition,Batik Parang,1,249000,,0,15000,264000,payment_method_selected,Bank transfer (VA),,instagram / bio_link,ig_batik_reel,17902562330559770,/products/loop-tote-batik-limited-edition,300,5,payment_page_expired,2026-09-04 12:54:25,true,false,2026-09-05 11:54:25,false,false,,,abandoned,,,,https://loopcycle.example/checkouts/c/3541274025258/recover,sku_match
3149497913765,2026-09-04 12:02:23,2026-09-04 12:11:23,,i***@gmail.com,,false,desktop,Garut,West Java,ID,LT-SND,"Loop Tote, Sand",Sand,1,189000,NEWSLETTER5,9500,32000,211500,shipping_method,,,instagram / bio_link,ig_always_on,,/products/loop-tote-sand,815,6,waiting_for_promo_code,2026-09-04 13:02:23,false,false,2026-09-05 12:02:23,true,false,,,abandoned,,,,https://loopcycle.example/checkouts/c/3149497913765/recover,
3678996179889,2026-09-04 12:03:12,2026-09-04 12:14:12,C000378,h***@gmail.com,+62-8**-****-2680,true,mobile,Bogor,West Java,ID,LT-BTK,Loop Tote Batik Limited Edition,Batik Parang,1,249000,,0,32000,281000,payment_method_selected,GoPay,,instagram / bio_link,ig_always_on,,/products/loop-tote-batik-limited-edition,41,7,checking_marketplace_price,2026-09-04 13:03:12,true,false,,,,,,recovered,organic,#LT10578,2026-09-04 15:15:57,https://loopcycle.example/checkouts/c/3678996179889/recover,
3680205082746,2026-09-04 12:08:47,2026-09-04 12:25:47,,p***@gmail.com,,true,mobile,Surabaya,East Java,ID,LT-BTK,Loop Tote Batik Limited Edition,Batik Parang,1,249000,,0,25000,274000,shipping_method,,,instagram / bio_link,ig_batik_reel,17902562330559770,/products/loop-tote-batik-limited-edition,459,4,distracted_or_session_ended,2026-09-04 13:08:47,false,false,2026-09-05 12:08:47,false,false,,,abandoned,,,,https://loopcycle.example/checkouts/c/3680205082746/recover,sku_match
3634631961064,2026-09-04 12:10:27,2026-09-04 12:11:27,,w***@gmail.com,+62-8**-****-4000,true,mobile,Jakarta,DKI Jakarta,ID,LT-BTK,Loop Tote Batik Limited Edition,Batik Kawung,1,249000,,0,18000,267000,shipping_method,,,google / organic,,,/products/loop-tote-batik-limited-edition,196,5,unexpected_shipping_cost,2026-09-04 13:10:27,false,false,2026-09-05 12:10:27,true,false,2026-09-04 14:10:27,false,abandoned,,,,https://loopcycle.example/checkouts/c/3634631961064/recover,
3283099262490,2026-09-04 12:11:57,2026-09-04 12:27:57,,g***@gmail.com,,true,tablet,Cirebon,West Java,ID,LT-BTK,Loop Tote Batik Limited Edition,Batik Parang,1,249000,,0,40000,289000,shipping_method,,,instagram / bio_link,ig_batik_reel,17902562330559770,/products/loop-tote-batik-limited-edition,358,11,unexpected_shipping_cost,2026-09-04 13:11:57,true,false,2026-09-05 12:11:57,false,false,,,abandoned,,,,https://loopcycle.example/checkouts/c/3283099262490/recover,sku_match
3047029637805,2026-09-04 12:12:03,2026-09-04 12:32:03,,,+62-8**-****-7437,false,mobile,Garut,West Java,ID,LT-IND,"Loop Tote, Indigo",Indigo,1,189000,,0,18000,207000,shipping_method,,,instagram / bio_link,ig_always_on,,/products/loop-tote-indigo,251,10,unexpected_shipping_cost,,,,,,,2026-09-04 14:12:03,false,abandoned,,,,https://loopcycle.example/checkouts/c/3047029637805/recover,
3067083532945,2026-09-04 12:12:54,2026-09-04 12:37:54,,,+62-8**-****-6568,false,desktop,Palembang,South Sumatra,ID,LT-IND,"Loop Tote, Indigo",Indigo,1,189000,,0,15000,204000,payment_method_selected,Credit card,,instagram / bio_link,ig_always_on,,/products/loop-tote-indigo,697,11,preferred_payment_unavailable,,,,,,,,,abandoned,,,,https://loopcycle.example/checkouts/c/3067083532945/recover,
3631987186371,2026-09-04 12:13:15,2026-09-04 12:27:15,,y***@gmail.com,+62-8**-****-6532,true,mobile,Bekasi,West Java,ID,LT-BTK,Loop Tote Batik Limited Edition,Batik Kawung,1,249000,,0,,249000,contact_info,,,instagram / bio_link,ig_batik_reel,17902562330559770,/products/loop-tote-batik-limited-edition,157,3,just_browsing_or_comparing,2026-09-04 13:13:15,false,false,2026-09-05 12:13:15,false,false,2026-09-04 14:13:15,false,abandoned,,,,https://loopcycle.example/checkouts/c/3631987186371/recover,sku_match
3652287575117,2026-09-04 12:14:53,2026-09-04 12:30:53,,y***@gmail.com,+62-8**-****-1678,true,desktop,Depok,West Java,ID,LT-BTK,Loop Tote Batik Limited Edition,Batik Parang,1,249000,,0,18000,267000,payment_method_selected,ShopeePay,,instagram / bio_link,ig_batik_reel,17902562330559770,/products/loop-tote-batik-limited-edition,667,6,preferred_payment_unavailable,2026-09-04 13:14:53,false,false,2026-09-05 12:14:53,false,false,,,abandoned,,,,https://loopcycle.example/checkouts/c/3652287575117/recover,sku_match
3808048640148,2026-09-04 12:15:40,2026-09-04 12:19:40,,j***@gmail.com,,false,mobile,Cimahi,West Java,ID,LT-BTK,Loop Tote Batik Limited Edition,Batik Parang,1,249000,,0,25000,274000,payment_attempted_failed,QRIS,qris_expired,instagram / bio_link,ig_batik_reel,17902562330559770,/products/loop-tote-batik-limited-edition,518,9,payment_failed,2026-09-04 13:15:40,false,false,2026-09-05 12:15:40,false,false,,,abandoned,,,,https://loopcycle.example/checkouts/c/3808048640148/recover,sku_match
3748455504249,2026-09-04 12:17:30,2026-09-04 12:26:30,,w***@yahoo.co.id,+62-8**-****-3868,false,mobile,Jakarta,DKI Jakarta,ID,LT-GRN,"Loop Tote, Sea-green",Sea-green,2,378000,,0,0,378000,shipping_method,,,direct,,,/products/loop-tote-sea-green,496,10,unexpected_shipping_cost,2026-09-04 13:17:30,false,false,2026-09-05 12:17:30,true,false,2026-09-04 14:17:30,false,abandoned,,,,https://loopcycle.example/checkouts/c/3748455504249/recover,
3645076298811,2026-09-04 12:18:16,2026-09-04 12:34:16,,y***@gmail.com,+62-8**-****-5849,false,mobile,Jakarta,DKI Jakarta,ID,LT-SND,"Loop Tote, Sand",Sand,2,378000,,0,0,378000,payment_method_selected,ShopeePay,,instagram / bio_link,ig_always_on,,/products/loop-tote-sand,781,4,site_slow_or_error,2026-09-04 13:18:16,false,false,2026-09-05 12:18:16,true,false,,,abandoned,,,,https://loopcycle.example/checkouts/c/3645076298811/recover,
3514498646493,2026-09-04 12:19:31,2026-09-04 12:39:31,,t***@gmail.com,+62-8**-****-5073,true,mobile,Jakarta,DKI Jakarta,ID,LT-GRN,"Loop Tote, Sea-green",Sea-green,1,189000,,0,18000,207000,shipping_method,,,instagram / bio_link,ig_always_on,,/products/loop-tote-sea-green,898,6,delivery_time_too_long,2026-09-04 13:19:31,false,false,2026-09-05 12:19:31,false,false,2026-09-04 14:19:31,false,abandoned,,,,https://loopcycle.example/checkouts/c/3514498646493/recover,
3851864224228,2026-09-04 12:21:40,2026-09-04 12:44:40,,e***@hotmail.com,+62-8**-****-5006,false,mobile,Bekasi,West Java,ID,LT-IND,"Loop Tote, Indigo",Indigo,2,378000,,0,,378000,contact_info,,,instagram / bio_link,ig_always_on,,/products/loop-tote-indigo,517,11,distracted_or_session_ended,2026-09-04 13:21:40,false,false,2026-09-05 12:21:40,true,true,,,abandoned,,,,https://loopcycle.example/checkouts/c/3851864224228/recover,
3055602081902,2026-09-04 12:21:43,2026-09-04 12:31:43,,,+62-8**-****-3178,false,mobile,Cimahi,West Java,ID,LT-SND,"Loop Tote, Sand",Sand,3,567000,,0,,567000,contact_info,,,instagram / bio_link,ig_always_on,,/products/loop-tote-sand,692,2,distracted_or_session_ended,,,,,,,2026-09-04 14:21:43,false,abandoned,,,,https://loopcycle.example/checkouts/c/3055602081902/recover,
3768052126950,2026-09-04 12:22:42,2026-09-04 12:33:42,,,+62-8**-****-1299,false,desktop,Cianjur,West Java,ID,LT-BTK,Loop Tote Batik Limited Edition,Batik Parang,1,249000,,0,,249000,contact_info,,,instagram / bio_link,ig_batik_reel,17902562330559770,/products/loop-tote-batik-limited-edition,897,10,distracted_or_session_ended,,,,,,,,,abandoned,,,,https://loopcycle.example/checkouts/c/3768052126950/recover,sku_match
3643706972789,2026-09-04 12:26:50,2026-09-04 12:31:50,,,+62-8**-****-7027,false,desktop,Jakarta,DKI Jakarta,ID,LT-IND,"Loop Tote, Indigo",Indigo,1,189000,,0,,189000,contact_info,,,instagram / bio_link,ig_process_impact_p16,17901296159799218,/products/loop-tote-indigo,589,6,account_or_form_friction,,,,,,,,,abandoned,,,,https://loopcycle.example/checkouts/c/3643706972789/recover,utm_bio_link
3160336546861,2026-09-04 12:29:22,2026-09-04 12:36:22,,y***@gmail.com,+62-8**-****-8192,true,mobile,Pekanbaru,Riau,ID,LT-SND,"Loop Tote, Sand",Sand,1,189000,,0,,189000,contact_info,,,instagram / bio_link,ig_always_on,,/products/loop-tote-sand,142,4,just_browsing_or_comparing,2026-09-04 13:29:22,false,false,2026-09-05 12:29:22,true,true,,,abandoned,,,,https://loopcycle.example/checkouts/c/3160336546861/recover,
3353125662395,2026-09-04 12:29:45,2026-09-04 12:45:45,,c***@gmail.com,,true,mobile,Cimahi,West Java,ID,LT-GRN,"Loop Tote, Sea-green",Sea-green,1,189000,,0,,189000,contact_info,,,instagram / bio_link,ig_always_on,,/products/loop-tote-sea-green,317,3,site_slow_or_error,2026-09-04 13:29:45,true,true,2026-09-05 12:29:45,true,false,,,abandoned,,,,https://loopcycle.example/checkouts/c/3353125662395/recover,
3237606620463,2026-09-04 12:32:49,2026-09-04 12:49:49,,b***@gmail.com,,true,desktop,Malang,East Java,ID,LT-BTK,Loop Tote Batik Limited Edition,Batik Parang,1,249000,,0,,249000,contact_info,,,instagram / bio_link,ig_batik_reel,17902562330559770,/products/loop-tote-batik-limited-edition,764,9,site_slow_or_error,2026-09-04 13:32:49,false,false,2026-09-05 12:32:49,false,false,,,abandoned,,,,https://loopcycle.example/checkouts/c/3237606620463/recover,sku_match
3717598032576,2026-09-04 12:33:54,2026-09-04 12:39:54,,m***@gmail.com,+62-8**-****-3571,true,mobile,Bandar Lampung,Lampung,ID,LT-BTK,Loop Tote Batik Limited Edition,Batik Kawung,1,249000,,0,18000,267000,shipping_method,,,instagram / bio_link,ig_batik_reel,17902562330559770,/products/loop-tote-batik-limited-edition,704,9,distracted_or_session_ended,2026-09-04 13:33:54,false,false,2026-09-05 12:33:54,true,false,,,abandoned,,,,https://loopcycle.example/checkouts/c/3717598032576/recover,sku_match
3021124867379,2026-09-04 12:35:49,2026-09-04 12:40:49,,y***@gmail.com,+62-8**-****-8316,false,mobile,Depok,West Java,ID,LT-GRN,"Loop Tote, Sea-green",Sea-green,1,189000,,0,18000,207000,shipping_method,,,instagram / bio_link,ig_process_impact_p16,17901296159799218,/products/loop-tote-sea-green,41,10,delivery_time_too_long,2026-09-04 13:35:49,false,false,2026-09-05 12:35:49,false,false,2026-09-04 14:35:49,false,abandoned,,,,https://loopcycle.example/checkouts/c/3021124867379/recover,utm_bio_link
3051281512658,2026-09-04 12:36:29,2026-09-04 12:58:29,,o***@icloud.com,,false,mobile,Jakarta,DKI Jakarta,ID,LT-BTK,Loop Tote Batik Limited Edition,Batik Kawung,2,498000,,0,,498000,contact_info,,,instagram / bio_link,ig_batik_reel,17902562330559770,/products/loop-tote-batik-limited-edition,60,11,site_slow_or_error,2026-09-04 13:36:29,true,true,2026-09-05 12:36:29,false,false,,,abandoned,,,,https://loopcycle.example/checkouts/c/3051281512658/recover,sku_match
3949241937012,2026-09-04 12:40:46,2026-09-04 13:05:46,,l***@gmail.com,+62-8**-****-8248,false,desktop,Banjarmasin,South Kalimantan,ID,LT-BTK,Loop Tote Batik Limited Edition,Batik Kawung,1,249000,,0,25000,274000,shipping_method,,,instagram / bio_link,ig_batik_reel,17902562330559770,/products/loop-tote-batik-limited-edition,317,5,distracted_or_session_ended,2026-09-04 13:40:46,false,false,2026-09-05 12:40:46,false,false,,,abandoned,,,,https://loopcycle.example/checkouts/c/3949241937012/recover,sku_match
3701824044115,2026-09-04 12:41:11,2026-09-04 12:54:11,,r***@outlook.com,,true,mobile,Bandung,West Java,ID,LT-BTK,Loop Tote Batik Limited Edition,Batik Parang,1,249000,,0,,249000,contact_info,,,instagram / bio_link,ig_batik_reel,17902562330559770,/products/loop-tote-batik-limited-edition,322,6,just_browsing_or_comparing,2026-09-04 13:41:11,true,false,2026-09-05 12:41:11,false,false,,,abandoned,,,,https://loopcycle.example/checkouts/c/3701824044115/recover,sku_match
3879914420637,2026-09-04 12:41:57,2026-09-04 12:48:57,,c***@proton.me,,false,desktop,Jakarta,DKI Jakarta,ID,LT-BTK,Loop Tote Batik Limited Edition,Batik Kawung,1,249000,,0,25000,274000,shipping_method,,,instagram / bio_link,ig_batik_reel,17902562330559770,/products/loop-tote-batik-limited-edition,410,2,distracted_or_session_ended,2026-09-04 13:41:57,false,false,2026-09-05 12:41:57,false,false,,,abandoned,,,,https://loopcycle.example/checkouts/c/3879914420637/recover,sku_match
3527982733106,2026-09-04 12:50:38,2026-09-04 13:10:38,,h***@gmail.com,+62-8**-****-2305,false,mobile,Denpasar,Bali,ID,LT-BTK,Loop Tote Batik Limited Edition,Batik Parang,2,498000,,0,0,498000,payment_attempted_failed,QRIS,qris_expired,instagram / bio_link,ig_batik_reel,17902562330559770,/products/loop-tote-batik-limited-edition,83,11,payment_failed,2026-09-04 13:50:38,false,false,2026-09-05 12:50:38,false,false,,,abandoned,,,,https://loopcycle.example/checkouts/c/3527982733106/recover,sku_match
3386292819372,2026-09-04 12:52:49,2026-09-04 13:01:49,,c***@gmail.com,+62-8**-****-5618,true,mobile,Jakarta,DKI Jakarta,ID,LT-IND,"Loop Tote, Indigo",Indigo,1,189000,,0,32000,221000,shipping_method,,,google / organic,,,/products/loop-tote-indigo,262,7,unexpected_shipping_cost,2026-09-04 13:52:49,true,true,2026-09-05 12:52:49,false,false,,,abandoned,,,,https://loopcycle.example/checkouts/c/3386292819372/recover,
3440117292112,2026-09-04 12:56:45,2026-09-04 13:06:45,,o***@proton.me,+62-8**-****-4818,true,mobile,Depok,West Java,ID,LT-BTK,Loop Tote Batik Limited Edition,Batik Parang,1,249000,,0,18000,267000,shipping_method,,,instagram / bio_link,ig_batik_reel,17902562330559770,/products/loop-tote-batik-limited-edition,788,9,unexpected_shipping_cost,2026-09-04 13:56:45,true,false,2026-09-05 12:56:45,false,false,,,abandoned,,,,https://loopcycle.example/checkouts/c/3440117292112/recover,sku_match
3822546186421,2026-09-04 13:00:53,2026-09-04 13:02:53,,y***@gmail.com,,false,mobile,Pekanbaru,Riau,ID,LT-BTK,Loop Tote Batik Limited Edition,Batik Parang,1,249000,,0,25000,274000,payment_method_selected,Bank transfer (VA),,instagram / bio_link,ig_batik_reel,17902562330559770,/products/loop-tote-batik-limited-edition,592,9,payment_page_expired,2026-09-04 14:00:53,false,false,2026-09-05 13:00:53,false,false,,,abandoned,,,,https://loopcycle.example/checkouts/c/3822546186421/recover,sku_match
3869491713956,2026-09-04 13:02:40,2026-09-04 13:07:40,,,+62-8**-****-1283,false,desktop,Bandung,West Java,ID,LT-BTK,Loop Tote Batik Limited Edition,Batik Parang,1,249000,,0,25000,274000,shipping_method,,,instagram / bio_link,ig_batik_reel,17902562330559770,/products/loop-tote-batik-limited-edition,269,3,unexpected_shipping_cost,,,,,,,2026-09-04 15:02:40,false,abandoned,,,,https://loopcycle.example/checkouts/c/3869491713956/recover,sku_match
3368001325915,2026-09-04 13:03:38,2026-09-04 13:19:38,,d***@icloud.com,,true,desktop,Semarang,Central Java,ID,LT-IND,"Loop Tote, Indigo",Indigo,1,189000,,0,15000,204000,payment_method_selected,Credit card,,instagram / bio_link,ig_always_on,,/products/loop-tote-indigo,886,9,checking_marketplace_price,2026-09-04 14:03:38,false,false,2026-09-05 13:03:38,false,false,,,abandoned,,,,https://loopcycle.example/checkouts/c/3368001325915/recover,
3194429654000,2026-09-04 13:12:53,2026-09-04 13:14:53,,g***@gmail.com,,true,mobile,Depok,West Java,ID,LT-BTK,Loop Tote Batik Limited Edition,Batik Parang,1,249000,,0,40000,289000,shipping_method,,,google / organic,,,/products/loop-tote-batik-limited-edition,148,3,unexpected_shipping_cost,2026-09-04 14:12:53,false,false,2026-09-05 13:12:53,false,false,,,abandoned,,,,https://loopcycle.example/checkouts/c/3194429654000/recover,
3514365968233,2026-09-04 13:13:10,2026-09-04 13:26:10,,e***@gmail.com,,true,mobile,Bekasi,West Java,ID,LT-IND,"Loop Tote, Indigo",Indigo,3,567000,,0,,567000,contact_info,,,instagram / bio_link,ig_always_on,,/products/loop-tote-indigo,527,3,distracted_or_session_ended,2026-09-04 14:13:10,false,false,2026-09-05 13:13:10,false,false,,,abandoned,,,,https://loopcycle.example/checkouts/c/3514365968233/recover,
3498635340821,2026-09-04 13:13:35,2026-09-04 13:22:35,,k***@hotmail.com,,false,mobile,Bandung,West Java,ID,LT-BTK,Loop Tote Batik Limited Edition,Batik Parang,1,249000,NEWSLETTER5,12500,25000,261500,shipping_method,,,instagram / bio_link,ig_batik_reel,17902562330559770,/products/loop-tote-batik-limited-edition,616,9,unexpected_shipping_cost,2026-09-04 14:13:35,false,false,2026-09-05 13:13:35,false,false,,,abandoned,,,,https://loopcycle.example/checkouts/c/3498635340821/recover,sku_match
3732306717017,2026-09-04 13:14:36,2026-09-04 13:19:36,,w***@gmail.com,+62-8**-****-5641,true,mobile,Cimahi,West Java,ID,LT-BTK,Loop Tote Batik Limited Edition,Batik Kawung,1,249000,,0,,249000,contact_info,,,instagram / bio_link,ig_batik_reel,17902562330559770,/products/loop-tote-batik-limited-edition,874,11,site_slow_or_error,2026-09-04 14:14:36,false,false,2026-09-05 13:14:36,true,false,2026-09-04 15:14:36,true,abandoned,,,,https://loopcycle.example/checkouts/c/3732306717017/recover,sku_match
3204878620183,2026-09-04 13:16:43,2026-09-04 13:20:43,,a***@outlook.com,,true,mobile,Bandung,West Java,ID,LT-BTK,Loop Tote Batik Limited Edition,Batik Parang,1,249000,,0,,249000,contact_info,,,instagram / bio_link,ig_batik_reel,17902562330559770,/products/loop-tote-batik-limited-edition,422,2,site_slow_or_error,2026-09-04 14:16:43,false,false,2026-09-05 13:16:43,false,false,,,abandoned,,,,https://loopcycle.example/checkouts/c/3204878620183/recover,sku_match
3844032885442,2026-09-04 13:20:09,2026-09-04 13:27:09,,g***@gmail.com,,true,tablet,Cimahi,West Java,ID,LT-GRN,"Loop Tote, Sea-green",Sea-green,3,567000,,0,0,567000,payment_method_selected,ShopeePay,,instagram / bio_link,ig_always_on,,/products/loop-tote-sea-green,231,5,preferred_payment_unavailable,2026-09-04 14:20:09,false,false,2026-09-05 13:20:09,false,false,,,abandoned,,,,https://loopcycle.example/checkouts/c/3844032885442/recover,
3951801233624,2026-09-04 13:20:11,2026-09-04 13:32:11,,f***@gmail.com,+62-8**-****-7945,true,mobile,Depok,West Java,ID,LT-BTK,Loop Tote Batik Limited Edition,Batik Kawung,1,249000,,0,40000,289000,shipping_method,,,instagram / bio_link,ig_batik_reel,17902562330559770,/products/loop-tote-batik-limited-edition,130,9,unexpected_shipping_cost,2026-09-04 14:20:11,true,false,2026-09-05 13:20:11,false,false,2026-09-04 15:20:11,false,abandoned,,,,https://loopcycle.example/checkouts/c/3951801233624/recover,sku_match
3110584878028,2026-09-04 13:26:19,2026-09-04 13:34:19,,e***@gmail.com,,false,desktop,Bogor,West Java,ID,LT-BTK,Loop Tote Batik Limited Edition,Batik Kawung,2,498000,,0,0,498000,payment_attempted_failed,Credit card,gateway_timeout,instagram / bio_link,ig_batik_reel,17902562330559770,/products/loop-tote-batik-limited-edition,390,4,payment_failed,2026-09-04 14:26:19,false,false,2026-09-05 13:26:19,false,false,,,abandoned,,,,https://loopcycle.example/checkouts/c/3110584878028/recover,sku_match
3594967261491,2026-09-04 13:26:25,2026-09-04 13:33:25,,j***@gmail.com,,false,mobile,Semarang,Central Java,ID,LT-GRN,"Loop Tote, Sea-green",Sea-green,2,378000,,0,0,378000,payment_method_selected,QRIS,,instagram / bio_link,ig_always_on,,/products/loop-tote-sea-green,70,5,preferred_payment_unavailable,2026-09-04 14:26:25,false,false,2026-09-05 13:26:25,false,false,,,abandoned,,,,https://loopcycle.example/checkouts/c/3594967261491/recover,
3815262006494,2026-09-04 13:27:39,2026-09-04 13:42:39,,r***@yahoo.co.id,,true,mobile,Denpasar,Bali,ID,LT-BTK,Loop Tote Batik Limited Edition,Batik Kawung,1,249000,,0,18000,267000,shipping_method,,,instagram / bio_link,ig_batik_reel,17902562330559770,/products/loop-tote-batik-limited-edition,812,2,unexpected_shipping_cost,2026-09-04 14:27:39,true,true,2026-09-05 13:27:39,false,false,,,abandoned,,,,https://loopcycle.example/checkouts/c/3815262006494/recover,sku_match
3278920576143,2026-09-04 13:27:47,2026-09-04 13:50:47,,m***@gmail.com,+62-8**-****-6684,true,mobile,Bandung,West Java,ID,LT-SND,"Loop Tote, Sand",Sand,1,189000,,0,,189000,contact_info,,,instagram / bio_link,ig_always_on,,/products/loop-tote-sand,153,10,site_slow_or_error,2026-09-04 14:27:47,true,false,2026-09-05 13:27:47,false,false,2026-09-04 15:27:47,false,abandoned,,,,https://loopcycle.example/checkouts/c/3278920576143/recover,
3927911319230,2026-09-04 13:30:41,2026-09-04 13:34:41,,w***@gmail.com,+62-8**-****-7409,false,mobile,Cimahi,West Java,ID,LT-BTK,Loop Tote Batik Limited Edition,Batik Parang,1,249000,,0,,249000,contact_info,,,instagram / bio_link,ig_batik_reel,17902562330559770,/products/loop-tote-batik-limited-edition,872,5,site_slow_or_error,2026-09-04 14:30:41,true,true,2026-09-05 13:30:41,true,true,2026-09-04 15:30:41,false,abandoned,,,,https://loopcycle.example/checkouts/c/3927911319230/recover,sku_match
3584088855839,2026-09-04 13:35:39,2026-09-04 13:37:39,C001840,d***@gmail.com,,false,mobile,Jakarta,DKI Jakarta,ID,LT-BTK,Loop Tote Batik Limited Edition,Batik Parang,2,498000,,0,0,498000,shipping_method,QRIS,,instagram / bio_link,ig_batik_reel,17902562330559770,/products/loop-tote-batik-limited-edition,516,9,delivery_time_too_long,2026-09-04 14:35:39,true,true,,,,,,recovered,email,#LT10673,2026-09-05 12:15:23,https://loopcycle.example/checkouts/c/3584088855839/recover,sku_match
3736153375325,2026-09-04 13:38:37,2026-09-04 14:02:37,,,+62-8**-****-1951,false,mobile,Jakarta,DKI Jakarta,ID,LT-SND,"Loop Tote, Sand",Sand,1,189000,,0,,189000,contact_info,,,instagram / bio_link,ig_always_on,,/products/loop-tote-sand,873,2,site_slow_or_error,,,,,,,,,abandoned,,,,https://loopcycle.example/checkouts/c/3736153375325/recover,
3568312949341,2026-09-04 13:51:40,2026-09-04 14:08:40,,w***@gmail.com,,true,mobile,Banjarmasin,South Kalimantan,ID,LT-BTK,Loop Tote Batik Limited Edition,Batik Parang,2,498000,NEWSLETTER5,25000,0,473000,payment_method_selected,Bank transfer (VA),,instagram / bio_link,ig_batik_reel,17902562330559770,/products/loop-tote-batik-limited-edition,699,10,site_slow_or_error,2026-09-04 14:51:40,false,false,2026-09-05 13:51:40,false,false,,,abandoned,,,,https://loopcycle.example/checkouts/c/3568312949341/recover,sku_match
3220545417977,2026-09-04 13:52:12,2026-09-04 14:06:12,,m***@gmail.com,,true,mobile,Bogor,West Java,ID,LT-IND,"Loop Tote, Indigo",Indigo,1,189000,,0,40000,229000,payment_attempted_failed,ShopeePay,timeout,instagram / bio_link,ig_process_impact_p17,17909597409818323,/products/loop-tote-indigo,677,10,payment_failed,2026-09-04 14:52:12,false,false,2026-09-05 13:52:12,true,false,,,abandoned,,,,https://loopcycle.example/checkouts/c/3220545417977/recover,utm_bio_link
3237593274248,2026-09-04 13:53:53,2026-09-04 14:07:53,,i***@gmail.com,,true,desktop,Balikpapan,East Kalimantan,ID,LT-BTK,Loop Tote Batik Limited Edition,Batik Kawung,1,249000,,0,,249000,contact_info,,,instagram / bio_link,ig_batik_reel,17902562330559770,/products/loop-tote-batik-limited-edition,377,11,account_or_form_friction,2026-09-04 14:53:53,true,false,2026-09-05 13:53:53,true,true,,,abandoned,,,,https://loopcycle.example/checkouts/c/3237593274248/recover,sku_match
3780628662157,2026-09-04 13:54:03,2026-09-04 13:58:03,,t***@gmail.com,,true,mobile,Subang,West Java,ID,LT-BTK,Loop Tote Batik Limited Edition,Batik Parang,1,249000,,0,18000,267000,payment_attempted_failed,ShopeePay,gateway_timeout,instagram / bio_link,ig_batik_reel,17902562330559770,/products/loop-tote-batik-limited-edition,754,7,payment_failed,2026-09-04 14:54:03,true,true,2026-09-05 13:54:03,true,true,,,abandoned,,,,https://loopcycle.example/checkouts/c/3780628662157/recover,sku_match
3196393394939,2026-09-04 13:55:29,2026-09-04 14:14:29,,b***@gmail.com,,true,mobile,Depok,West Java,ID,LT-BTK,Loop Tote Batik Limited Edition,Batik Kawung,1,249000,,0,40000,289000,shipping_method,,,google / organic,,,/products/loop-tote-batik-limited-edition,264,6,unexpected_shipping_cost,2026-09-04 14:55:29,true,false,2026-09-05 13:55:29,false,false,,,abandoned,,,,https://loopcycle.example/checkouts/c/3196393394939/recover,
3292155443693,2026-09-04 13:56:30,2026-09-04 14:16:30,,e***@gmail.com,+62-8**-****-9905,true,mobile,Bandung,West Java,ID,LT-GRN,"Loop Tote, Sea-green",Sea-green,1,189000,,0,,189000,contact_info,,,instagram / bio_link,ig_always_on,,/products/loop-tote-sea-green,732,4,wanted_other_colour,2026-09-04 14:56:30,true,false,2026-09-05 13:56:30,false,false,2026-09-04 15:56:30,false,abandoned,,,,https://loopcycle.example/checkouts/c/3292155443693/recover,
3963923327789,2026-09-04 14:01:05,2026-09-04 14:12:05,,,+62-8**-****-1088,false,tablet,Garut,West Java,ID,LT-GRN,"Loop Tote, Sea-green",Sea-green,1,189000,,0,15000,204000,shipping_method,,,instagram / bio_link,ig_always_on,,/products/loop-tote-sea-green,282,7,waiting_for_promo_code,,,,,,,2026-09-04 16:01:05,true,abandoned,,,,https://loopcycle.example/checkouts/c/3963923327789/recover,
3494581042263,2026-09-04 14:05:52,2026-09-04 14:09:52,,f***@gmail.com,+62-8**-****-8954,true,mobile,Depok,West Java,ID,LT-BTK,Loop Tote Batik Limited Edition,Batik Parang,2,498000,,0,0,498000,shipping_method,,,instagram / bio_link,ig_batik_reel,17902562330559770,/products/loop-tote-batik-limited-edition,784,8,delivery_time_too_long,2026-09-04 15:05:52,false,false,2026-09-05 14:05:52,false,false,2026-09-04 16:05:52,false,abandoned,,,,https://loopcycle.example/checkouts/c/3494581042263/recover,sku_match
3668903046746,2026-09-04 14:07:10,2026-09-04 14:09:10,,b***@gmail.com,+62-8**-****-9973,true,mobile,South Tangerang,Banten,ID,LT-BTK,Loop Tote Batik Limited Edition,Batik Parang,2,498000,,0,0,498000,shipping_method,,,direct,,,/products/loop-tote-batik-limited-edition,687,4,delivery_time_too_long,2026-09-04 15:07:10,false,false,2026-09-05 14:07:10,false,false,2026-09-04 16:07:10,false,abandoned,,,,https://loopcycle.example/checkouts/c/3668903046746/recover,
3910389838237,2026-09-04 14:10:35,2026-09-04 14:11:35,,d***@gmail.com,,true,mobile,Bandung,West Java,ID,LT-BTK,Loop Tote Batik Limited Edition,Batik Kawung,1,249000,,0,32000,281000,payment_method_selected,QRIS,,instagram / bio_link,ig_batik_reel,17902562330559770,/products/loop-tote-batik-limited-edition,365,3,checking_marketplace_price,2026-09-04 15:10:35,false,false,2026-09-05 14:10:35,true,false,,,abandoned,,,,https://loopcycle.example/checkouts/c/3910389838237/recover,sku_match
3896994380251,2026-09-04 14:14:39,2026-09-04 14:32:39,,t***@gmail.com,+62-8**-****-7128,true,mobile,Depok,West Java,ID,LT-SND,"Loop Tote, Sand",Sand,1,189000,,0,40000,229000,shipping_method,,,instagram / bio_link,ig_always_on,,/products/loop-tote-sand,211,11,distracted_or_session_ended,2026-09-04 15:14:39,false,false,2026-09-05 14:14:39,false,false,2026-09-04 16:14:39,false,abandoned,,,,https://loopcycle.example/checkouts/c/3896994380251/recover,
3162517596059,2026-09-04 14:19:31,2026-09-04 14:35:31,,k***@gmail.com,,false,desktop,Depok,West Java,ID,LT-GRN,"Loop Tote, Sea-green",Sea-green,1,189000,,0,25000,214000,shipping_method,,,instagram / bio_link,ig_always_on,,/products/loop-tote-sea-green,318,10,unexpected_shipping_cost,2026-09-04 15:19:31,false,false,2026-09-05 14:19:31,false,false,,,abandoned,,,,https://loopcycle.example/checkouts/c/3162517596059/recover,
3431939887765,2026-09-04 14:23:21,2026-09-04 14:48:21,,b***@gmail.com,,true,desktop,Bandung,West Java,ID,LT-SND,"Loop Tote, Sand",Sand,1,189000,,0,15000,204000,shipping_method,,,instagram / bio_link,ig_always_on,,/products/loop-tote-sand,808,10,distracted_or_session_ended,2026-09-04 15:23:21,false,false,2026-09-05 14:23:21,false,false,,,abandoned,,,,https://loopcycle.example/checkouts/c/3431939887765/recover,
3305107676711,2026-09-04 14:29:00,2026-09-04 14:48:00,,r***@icloud.com,,false,desktop,Denpasar,Bali,ID,LT-GRN,"Loop Tote, Sea-green",Sea-green,1,189000,,0,15000,204000,payment_method_selected,Bank transfer (VA),,instagram / bio_link,ig_always_on,,/products/loop-tote-sea-green,664,10,site_slow_or_error,2026-09-04 15:29:00,false,false,2026-09-05 14:29:00,false,false,,,abandoned,,,,https://loopcycle.example/checkouts/c/3305107676711/recover,
3813559358723,2026-09-04 14:31:04,2026-09-04 14:56:04,,c***@hotmail.com,+62-8**-****-3284,false,mobile,Bekasi,West Java,ID,LT-GRN,"Loop Tote, Sea-green",Sea-green,1,189000,,0,,189000,contact_info,,,instagram / bio_link,ig_always_on,,/products/loop-tote-sea-green,119,10,just_browsing_or_comparing,2026-09-04 15:31:04,false,false,2026-09-05 14:31:04,false,false,,,abandoned,,,,https://loopcycle.example/checkouts/c/3813559358723/recover,
3227583416217,2026-09-04 14:31:56,2026-09-04 14:39:56,,j***@gmail.com,+62-8**-****-5584,true,desktop,Garut,West Java,ID,LT-BTK,Loop Tote Batik Limited Edition,Batik Kawung,1,249000,,0,25000,274000,payment_method_selected,Credit card,,instagram / bio_link,ig_batik_reel,17902562330559770,/products/loop-tote-batik-limited-edition,313,10,payment_page_expired,2026-09-04 15:31:56,true,false,2026-09-05 14:31:56,false,false,,,abandoned,,,,https://loopcycle.example/checkouts/c/3227583416217/recover,sku_match
3845769026439,2026-09-04 14:33:06,2026-09-04 14:41:06,,,+62-8**-****-8104,false,mobile,Surabaya,East Java,ID,LT-BTK,Loop Tote Batik Limited Edition,Batik Parang,1,249000,,0,25000,274000,shipping_method,,,instagram / bio_link,ig_batik_reel,17902562330559770,/products/loop-tote-batik-limited-edition,378,6,unexpected_shipping_cost,,,,,,,2026-09-04 16:33:06,false,abandoned,,,,https://loopcycle.example/checkouts/c/3845769026439/recover,sku_match
3261487379302,2026-09-04 14:34:22,2026-09-04 14:38:22,,b***@yahoo.co.id,,true,desktop,Tangerang,Banten,ID,LT-GRN,"Loop Tote, Sea-green",Sea-green,1,189000,,0,40000,229000,shipping_method,,,instagram / bio_link,ig_always_on,,/products/loop-tote-sea-green,307,8,unexpected_shipping_cost,2026-09-04 15:34:22,true,true,2026-09-05 14:34:22,false,false,,,abandoned,,,,https://loopcycle.example/checkouts/c/3261487379302/recover,
3020751205037,2026-09-04 14:36:08,2026-09-04 14:45:08,,k***@hotmail.com,+62-8**-****-8306,false,mobile,Karawang,West Java,ID,LT-GRN,"Loop Tote, Sea-green",Sea-green,2,378000,,0,0,378000,payment_method_selected,Bank transfer (VA),,instagram / bio_link,ig_behind_the_scenes_p18,17906745675922616,/products/loop-tote-sea-green,272,4,site_slow_or_error,2026-09-04 15:36:08,false,false,2026-09-05 14:36:08,false,false,,,abandoned,,,,https://loopcycle.example/checkouts/c/3020751205037/recover,utm_bio_link
3797661044527,2026-09-04 14:39:57,2026-09-04 14:42:57,,w***@outlook.com,,true,mobile,Semarang,Central Java,ID,LT-GRN,"Loop Tote, Sea-green",Sea-green,1,189000,,0,,189000,contact_info,,,instagram / bio_link,ig_always_on,,/products/loop-tote-sea-green,442,2,site_slow_or_error,2026-09-04 15:39:57,false,false,2026-09-05 14:39:57,false,false,,,abandoned,,,,https://loopcycle.example/checkouts/c/3797661044527/recover,
3748105261550,2026-09-04 14:40:21,2026-09-04 14:41:21,,c***@gmail.com,,false,mobile,Jakarta,DKI Jakarta,ID,LT-BTK,Loop Tote Batik Limited Edition,Batik Parang,1,249000,,0,40000,289000,shipping_method,,,instagram / bio_link,ig_batik_reel,17902562330559770,/products/loop-tote-batik-limited-edition,430,7,distracted_or_session_ended,2026-09-04 15:40:21,false,false,2026-09-05 14:40:21,false,false,,,abandoned,,,,https://loopcycle.example/checkouts/c/3748105261550/recover,sku_match
3895551082607,2026-09-04 14:41:29,2026-09-04 15:04:29,,i***@gmail.com,+62-8**-****-1358,false,mobile,Tangerang,Banten,ID,LT-BTK,Loop Tote Batik Limited Edition,Batik Parang,1,249000,,0,25000,274000,payment_method_selected,Bank transfer (VA),,instagram / bio_link,ig_batik_reel,17902562330559770,/products/loop-tote-batik-limited-edition,553,11,payment_page_expired,2026-09-04 15:41:29,false,false,2026-09-05 14:41:29,false,false,,,abandoned,,,,https://loopcycle.example/checkouts/c/3895551082607/recover,sku_match
3591512954717,2026-09-04 14:45:10,2026-09-04 14:48:10,,k***@gmail.com,+62-8**-****-2760,false,mobile,Cimahi,West Java,ID,LT-BTK,Loop Tote Batik Limited Edition,Batik Kawung,1,249000,,0,,249000,contact_info,,,instagram / bio_link,ig_batik_reel,17902562330559770,/products/loop-tote-batik-limited-edition,891,8,just_browsing_or_comparing,2026-09-04 15:45:10,false,false,2026-09-05 14:45:10,true,false,2026-09-04 16:45:10,false,abandoned,,,,https://loopcycle.example/checkouts/c/3591512954717/recover,sku_match
3381856780495,2026-09-04 14:46:23,2026-09-04 14:53:23,,e***@gmail.com,,false,desktop,Surabaya,East Java,ID,LT-IND,"Loop Tote, Indigo",Indigo,1,189000,,0,32000,221000,payment_method_selected,QRIS,,instagram / bio_link,ig_always_on,,/products/loop-tote-indigo,634,10,payment_page_expired,2026-09-04 15:46:23,true,true,2026-09-05 14:46:23,false,false,,,abandoned,,,,https://loopcycle.example/checkouts/c/3381856780495/recover,
3492109725145,2026-09-04 14:47:36,2026-09-04 15:07:36,,,+62-8**-****-6657,false,mobile,Jakarta,DKI Jakarta,ID,LT-GRN,"Loop Tote, Sea-green",Sea-green,1,189000,,0,32000,221000,shipping_method,,,instagram / bio_link,ig_always_on,,/products/loop-tote-sea-green,293,5,delivery_time_too_long,,,,,,,2026-09-04 16:47:36,false,abandoned,,,,https://loopcycle.example/checkouts/c/3492109725145/recover,
3708270836684,2026-09-04 14:49:51,2026-09-04 15:07:51,,s***@proton.me,,true,mobile,Jakarta,DKI Jakarta,ID,LT-SND,"Loop Tote, Sand",Sand,1,189000,,0,25000,214000,payment_method_selected,Credit card,,instagram / bio_link,ig_always_on,,/products/loop-tote-sand,667,6,preferred_payment_unavailable,2026-09-04 15:49:51,true,true,2026-09-05 14:49:51,false,false,,,abandoned,,,,https://loopcycle.example/checkouts/c/3708270836684/recover,
3075675194448,2026-09-04 14:50:08,2026-09-04 15:09:08,,l***@gmail.com,+62-8**-****-1126,true,mobile,Makassar,South Sulawesi,ID,LT-BTK,Loop Tote Batik Limited Edition,Batik Kawung,1,249000,,0,18000,267000,payment_attempted_failed,GoPay,timeout,instagram / bio_link,ig_batik_reel,17902562330559770,/products/loop-tote-batik-limited-edition,334,6,payment_failed,2026-09-04 15:50:08,false,false,2026-09-05 14:50:08,false,false,2026-09-04 16:50:08,false,abandoned,,,,https://loopcycle.example/checkouts/c/3075675194448/recover,sku_match
3955648570710,2026-09-04 14:53:11,2026-09-04 15:10:11,,p***@gmail.com,,true,desktop,Jakarta,DKI Jakarta,ID,LT-GRN,"Loop Tote, Sea-green",Sea-green,1,189000,,0,,189000,contact_info,,,instagram / bio_link,ig_behind_the_scenes_p18,17906745675922616,/products/loop-tote-sea-green,245,7,wanted_other_colour,2026-09-04 15:53:11,true,false,2026-09-05 14:53:11,false,false,,,abandoned,,,,https://loopcycle.example/checkouts/c/3955648570710/recover,utm_bio_link
3398581432614,2026-09-04 14:55:34,2026-09-04 15:19:34,,t***@gmail.com,+62-8**-****-4070,true,mobile,Jakarta,DKI Jakarta,ID,LT-BTK,Loop Tote Batik Limited Edition,Batik Parang,1,249000,,0,40000,289000,payment_attempted_failed,GoPay,timeout,instagram / bio_link,ig_batik_reel,17902562330559770,/products/loop-tote-batik-limited-edition,690,10,payment_failed,2026-09-04 15:55:34,false,false,2026-09-05 14:55:34,false,false,,,abandoned,,,,https://loopcycle.example/checkouts/c/3398581432614/recover,sku_match
3620898288934,2026-09-04 14:56:26,2026-09-04 15:17:26,,e***@gmail.com,+62-8**-****-6455,true,mobile,Bekasi,West Java,ID,LT-IND,"Loop Tote, Indigo",Indigo,1,189000,,0,18000,207000,shipping_method,,,newsletter,,,/products/loop-tote-indigo,456,9,unexpected_shipping_cost,2026-09-04 15:56:26,true,true,2026-09-05 14:56:26,false,false,,,abandoned,,,,https://loopcycle.example/checkouts/c/3620898288934/recover,
3866562546295,2026-09-04 14:58:03,2026-09-04 15:01:03,,,+62-8**-****-9317,false,mobile,Bandung,West Java,ID,LT-BTK,Loop Tote Batik Limited Edition,Batik Kawung,1,249000,,0,18000,267000,shipping_method,,,instagram / bio_link,ig_batik_reel,17902562330559770,/products/loop-tote-batik-limited-edition,640,10,unexpected_shipping_cost,,,,,,,2026-09-04 16:58:03,false,abandoned,,,,https://loopcycle.example/checkouts/c/3866562546295/recover,sku_match
3726096970568,2026-09-04 15:00:37,2026-09-04 15:01:37,,p***@gmail.com,,true,mobile,Cimahi,West Java,ID,LT-BTK,Loop Tote Batik Limited Edition,Batik Kawung,1,249000,,0,32000,281000,payment_method_selected,ShopeePay,,instagram / bio_link,ig_batik_reel,17902562330559770,/products/loop-tote-batik-limited-edition,840,4,site_slow_or_error,2026-09-04 16:00:37,true,false,2026-09-05 15:00:37,false,false,,,abandoned,,,,https://loopcycle.example/checkouts/c/3726096970568/recover,sku_match
3638136948252,2026-09-04 15:02:32,2026-09-04 15:22:32,,d***@gmail.com,+62-8**-****-7263,true,mobile,Pekanbaru,Riau,ID,LT-SND,"Loop Tote, Sand",Sand,1,189000,,0,25000,214000,payment_attempted_failed,Bank transfer (VA),va_expired,instagram / bio_link,ig_always_on,,/products/loop-tote-sand,400,7,payment_failed,2026-09-04 16:02:32,false,false,2026-09-05 15:02:32,false,false,2026-09-04 17:02:32,true,abandoned,,,,https://loopcycle.example/checkouts/c/3638136948252/recover,
3258162915775,2026-09-04 15:02:54,2026-09-04 15:04:54,,p***@gmail.com,+62-8**-****-5980,false,mobile,Yogyakarta,DI Yogyakarta,ID,LT-SND,"Loop Tote, Sand",Sand,1,189000,,0,,189000,contact_info,,,instagram / bio_link,ig_always_on,,/products/loop-tote-sand,366,8,site_slow_or_error,2026-09-04 16:02:54,false,false,2026-09-05 15:02:54,false,false,2026-09-04 17:02:54,false,abandoned,,,,https://loopcycle.example/checkouts/c/3258162915775/recover,
3182534520186,2026-09-04 15:03:13,2026-09-04 15:16:13,,i***@gmail.com,+62-8**-****-1472,false,mobile,Depok,West Java,ID,LT-BTK,Loop Tote Batik Limited Edition,Batik Kawung,1,249000,,0,40000,289000,payment_attempted_failed,QRIS,qris_expired,instagram / bio_link,ig_batik_reel,17902562330559770,/products/loop-tote-batik-limited-edition,465,11,payment_failed,2026-09-04 16:03:13,false,false,2026-09-05 15:03:13,true,false,2026-09-04 17:03:13,false,abandoned,,,,https://loopcycle.example/checkouts/c/3182534520186/recover,sku_match
3863967339592,2026-09-04 15:04:02,2026-09-04 15:24:02,,,+62-8**-****-7127,false,mobile,Bandung,West Java,ID,LT-BTK,Loop Tote Batik Limited Edition,Batik Kawung,1,249000,,0,32000,281000,shipping_method,,,instagram / bio_link,ig_always_on,,/products/loop-tote-batik-limited-edition,674,6,delivery_time_too_long,,,,,,,,,abandoned,,,,https://loopcycle.example/checkouts/c/3863967339592/recover,
3066621937397,2026-09-04 15:04:43,2026-09-04 15:29:43,,e***@gmail.com,+62-8**-****-2654,true,mobile,Jakarta,DKI Jakarta,ID,LT-BTK,Loop Tote Batik Limited Edition,Batik Kawung,1,249000,,0,32000,281000,payment_attempted_failed,GoPay,gateway_timeout,instagram / bio_link,ig_batik_reel,17902562330559770,/products/loop-tote-batik-limited-edition,683,2,payment_failed,2026-09-04 16:04:43,false,false,2026-09-05 15:04:43,false,false,,,abandoned,,,,https://loopcycle.example/checkouts/c/3066621937397/recover,sku_match
3119811967042,2026-09-04 15:04:57,2026-09-04 15:29:57,,,+62-8**-****-8441,false,mobile,Malang,East Java,ID,LT-BTK,Loop Tote Batik Limited Edition,Batik Kawung,1,249000,,0,15000,264000,payment_method_selected,GoPay,,instagram / bio_link,ig_batik_reel,17902562330559770,/products/loop-tote-batik-limited-edition,370,9,site_slow_or_error,,,,,,,,,abandoned,,,,https://loopcycle.example/checkouts/c/3119811967042/recover,sku_match
3256441855373,2026-09-04 15:07:00,2026-09-04 15:09:00,,,+62-8**-****-8479,false,mobile,Bogor,West Java,ID,LT-BTK,Loop Tote Batik Limited Edition,Batik Parang,1,249000,,0,18000,267000,payment_attempted_failed,QRIS,gateway_timeout,instagram / bio_link,ig_always_on,,/products/loop-tote-batik-limited-edition,187,3,payment_failed,,,,,,,2026-09-04 17:07:00,false,abandoned,,,,https://loopcycle.example/checkouts/c/3256441855373/recover,
3228466173040,2026-09-04 15:09:17,2026-09-04 15:30:17,,i***@yahoo.co.id,+62-8**-****-9501,false,mobile,Bekasi,West Java,ID,LT-BTK,Loop Tote Batik Limited Edition,Batik Parang,1,249000,,0,18000,267000,payment_method_selected,GoPay,,instagram / bio_link,ig_batik_reel,17902562330559770,/products/loop-tote-batik-limited-edition,231,9,site_slow_or_error,2026-09-04 16:09:17,true,false,2026-09-05 15:09:17,false,false,2026-09-04 17:09:17,false,abandoned,,,,https://loopcycle.example/checkouts/c/3228466173040/recover,sku_match
3804048838045,2026-09-04 15:10:24,2026-09-04 15:14:24,,t***@gmail.com,,false,mobile,Jakarta,DKI Jakarta,ID,LT-SND,"Loop Tote, Sand",Sand,2,378000,,0,0,378000,shipping_method,,,instagram / bio_link,ig_always_on,,/products/loop-tote-sand,563,5,unexpected_shipping_cost,2026-09-04 16:10:24,false,false,2026-09-05 15:10:24,false,false,,,abandoned,,,,https://loopcycle.example/checkouts/c/3804048838045/recover,
3408139518787,2026-09-04 15:11:25,2026-09-04 15:35:25,,,+62-8**-****-7241,false,desktop,Depok,West Java,ID,LT-BTK,Loop Tote Batik Limited Edition,Batik Kawung,1,249000,,0,18000,267000,shipping_method,,,instagram / bio_link,ig_batik_reel,17902562330559770,/products/loop-tote-batik-limited-edition,485,11,distracted_or_session_ended,,,,,,,2026-09-04 17:11:25,true,abandoned,,,,https://loopcycle.example/checkouts/c/3408139518787/recover,sku_match
3214635544392,2026-09-04 15:12:26,2026-09-04 15:25:26,,,+62-8**-****-7263,false,mobile,Bandung,West Java,ID,LT-BTK,Loop Tote Batik Limited Edition,Batik Kawung,1,249000,,0,40000,289000,payment_method_selected,Credit card,,instagram / bio_link,ig_batik_reel,17902562330559770,/products/loop-tote-batik-limited-edition,687,2,waiting_for_voucher,,,,,,,,,abandoned,,,,https://loopcycle.example/checkouts/c/3214635544392/recover,sku_match
3728369681086,2026-09-04 15:14:12,2026-09-04 15:28:12,,f***@gmail.com,,false,mobile,Cimahi,West Java,ID,LT-BTK,Loop Tote Batik Limited Edition,Batik Parang,1,249000,,0,25000,274000,shipping_method,,,instagram / bio_link,ig_batik_reel,17902562330559770,/products/loop-tote-batik-limited-edition,808,10,delivery_time_too_long,2026-09-04 16:14:12,true,false,2026-09-05 15:14:12,true,false,,,abandoned,,,,https://loopcycle.example/checkouts/c/3728369681086/recover,sku_match
3422102496372,2026-09-04 15:16:00,2026-09-04 15:30:00,,,+62-8**-****-4808,false,mobile,Jakarta,DKI Jakarta,ID,LT-BTK,Loop Tote Batik Limited Edition,Batik Kawung,1,249000,,0,18000,267000,payment_method_selected,GoPay,,instagram / bio_link,ig_batik_reel,17902562330559770,/products/loop-tote-batik-limited-edition,120,9,preferred_payment_unavailable,,,,,,,2026-09-04 17:16:00,false,abandoned,,,,https://loopcycle.example/checkouts/c/3422102496372/recover,sku_match
3360222078768,2026-09-04 15:19:09,2026-09-04 15:44:09,,c***@gmail.com,,true,mobile,Depok,West Java,ID,LT-SND,"Loop Tote, Sand",Sand,2,378000,,0,0,378000,shipping_method,,,instagram / bio_link,ig_always_on,,/products/loop-tote-sand,773,6,distracted_or_session_ended,2026-09-04 16:19:09,true,false,2026-09-05 15:19:09,true,false,,,abandoned,,,,https://loopcycle.example/checkouts/c/3360222078768/recover,
3826451939655,2026-09-04 15:21:48,2026-09-04 15:39:48,,s***@gmail.com,+62-8**-****-1629,true,mobile,Bandung,West Java,ID,LT-GRN,"Loop Tote, Sea-green",Sea-green,1,189000,,0,40000,229000,payment_method_selected,QRIS,,instagram / bio_link,ig_always_on,,/products/loop-tote-sea-green,308,5,waiting_for_voucher,2026-09-04 16:21:48,true,true,2026-09-05 15:21:48,true,false,2026-09-04 17:21:48,false,abandoned,,,,https://loopcycle.example/checkouts/c/3826451939655/recover,
3439299765735,2026-09-04 15:22:05,2026-09-04 15:44:05,,w***@gmail.com,,false,mobile,Palembang,South Sumatra,ID,LT-BTK,Loop Tote Batik Limited Edition,Batik Parang,1,249000,,0,32000,281000,shipping_method,,,instagram / bio_link,ig_batik_reel,17902562330559770,/products/loop-tote-batik-limited-edition,787,3,distracted_or_session_ended,2026-09-04 16:22:05,false,false,2026-09-05 15:22:05,false,false,,,abandoned,,,,https://loopcycle.example/checkouts/c/3439299765735/recover,sku_match
3440099328816,2026-09-04 15:24:37,2026-09-04 15:39:37,,s***@outlook.com,,false,mobile,Bandung,West Java,ID,LT-IND,"Loop Tote, Indigo",Indigo,1,189000,,0,,189000,contact_info,,,direct,,,/products/loop-tote-indigo,206,8,distracted_or_session_ended,2026-09-04 16:24:37,true,false,2026-09-05 15:24:37,false,false,,,abandoned,,,,https://loopcycle.example/checkouts/c/3440099328816/recover,
3428988766375,2026-09-04 15:31:49,2026-09-04 15:51:49,,w***@gmail.com,+62-8**-****-9942,false,mobile,Jakarta,DKI Jakarta,ID,LT-GRN,"Loop Tote, Sea-green",Sea-green,1,189000,,0,,189000,contact_info,,,instagram / bio_link,ig_always_on,,/products/loop-tote-sea-green,700,8,just_browsing_or_comparing,2026-09-04 16:31:49,true,false,2026-09-05 15:31:49,false,false,2026-09-04 17:31:49,true,abandoned,,,,https://loopcycle.example/checkouts/c/3428988766375/recover,
3220133465652,2026-09-04 15:33:28,2026-09-04 15:58:28,,t***@yahoo.co.id,,false,mobile,Bekasi,West Java,ID,LT-SND,"Loop Tote, Sand",Sand,1,189000,,0,18000,207000,payment_attempted_failed,Bank transfer (VA),va_expired,instagram / bio_link,ig_always_on,,/products/loop-tote-sand,450,4,payment_failed,2026-09-04 16:33:28,false,false,2026-09-05 15:33:28,false,false,,,abandoned,,,,https://loopcycle.example/checkouts/c/3220133465652/recover,
3678027311203,2026-09-04 15:36:31,2026-09-04 15:38:31,,l***@gmail.com,,true,mobile,Jakarta,DKI Jakarta,ID,LT-BTK,Loop Tote Batik Limited Edition,Batik Parang,1,249000,,0,32000,281000,payment_method_selected,Bank transfer (VA),,instagram / bio_link,ig_batik_reel,17902562330559770,/products/loop-tote-batik-limited-edition,127,2,checking_marketplace_price,2026-09-04 16:36:31,false,false,2026-09-05 15:36:31,false,false,,,abandoned,,,,https://loopcycle.example/checkouts/c/3678027311203/recover,sku_match
3111401854025,2026-09-04 15:42:20,2026-09-04 16:03:20,,w***@gmail.com,+62-8**-****-6249,false,mobile,Jakarta,DKI Jakarta,ID,LT-BTK,Loop Tote Batik Limited Edition,Batik Kawung,1,249000,,0,32000,281000,shipping_method,,,instagram / bio_link,ig_batik_reel,17902562330559770,/products/loop-tote-batik-limited-edition,598,3,distracted_or_session_ended,2026-09-04 16:42:20,true,false,2026-09-05 15:42:20,false,false,2026-09-04 17:42:20,false,abandoned,,,,https://loopcycle.example/checkouts/c/3111401854025/recover,sku_match
3830993330814,2026-09-04 15:44:17,2026-09-04 15:58:17,,n***@gmail.com,+62-8**-****-3536,false,mobile,Jakarta,DKI Jakarta,ID,LT-SND,"Loop Tote, Sand",Sand,2,378000,,0,0,378000,payment_method_selected,Bank transfer (VA),,instagram / bio_link,ig_always_on,,/products/loop-tote-sand,263,7,checking_marketplace_price,2026-09-04 16:44:17,false,false,2026-09-05 15:44:17,false,false,,,abandoned,,,,https://loopcycle.example/checkouts/c/3830993330814/recover,
3444685828909,2026-09-04 15:50:29,2026-09-04 16:11:29,,s***@gmail.com,,true,mobile,Depok,West Java,ID,LT-BTK,Loop Tote Batik Limited Edition,Batik Kawung,2,498000,,0,,498000,contact_info,,,instagram / bio_link,ig_batik_reel,17902562330559770,/products/loop-tote-batik-limited-edition,303,7,distracted_or_session_ended,2026-09-04 16:50:29,false,false,2026-09-05 15:50:29,false,false,,,abandoned,,,,https://loopcycle.example/checkouts/c/3444685828909/recover,sku_match
3436655565028,2026-09-04 15:51:29,2026-09-04 16:16:29,,k***@gmail.com,,true,mobile,Jakarta,DKI Jakarta,ID,LT-BTK,Loop Tote Batik Limited Edition,Batik Parang,1,249000,,0,15000,264000,payment_method_selected,QRIS,,instagram / bio_link,ig_batik_reel,17902562330559770,/products/loop-tote-batik-limited-edition,145,6,site_slow_or_error,2026-09-04 16:51:29,true,false,2026-09-05 15:51:29,false,false,,,abandoned,,,,https://loopcycle.example/checkouts/c/3436655565028/recover,sku_match
3251563071615,2026-09-04 15:57:56,2026-09-04 16:02:56,,s***@gmail.com,+62-8**-****-6244,false,desktop,Depok,West Java,ID,LT-BTK,Loop Tote Batik Limited Edition,Batik Parang,1,249000,,0,,249000,contact_info,,,instagram / bio_link,ig_batik_reel,17902562330559770,/products/loop-tote-batik-limited-edition,74,5,just_browsing_or_comparing,2026-09-04 16:57:56,true,true,2026-09-05 15:57:56,false,false,,,abandoned,,,,https://loopcycle.example/checkouts/c/3251563071615/recover,sku_match
3374668198852,2026-09-04 15:58:39,2026-09-04 16:07:39,,h***@gmail.com,,true,mobile,Subang,West Java,ID,LT-BTK,Loop Tote Batik Limited Edition,Batik Kawung,1,249000,,0,,249000,contact_info,,,instagram / bio_link,ig_batik_reel,17902562330559770,/products/loop-tote-batik-limited-edition,358,10,site_slow_or_error,2026-09-04 16:58:39,true,false,2026-09-05 15:58:39,false,false,,,abandoned,,,,https://loopcycle.example/checkouts/c/3374668198852/recover,sku_match
3672099735451,2026-09-04 16:05:27,2026-09-04 16:10:27,,f***@yahoo.co.id,+62-8**-****-6108,false,mobile,Medan,North Sumatra,ID,LT-SND,"Loop Tote, Sand",Sand,1,189000,,0,15000,204000,payment_method_selected,QRIS,,instagram / bio_link,ig_always_on,,/products/loop-tote-sand,503,4,payment_page_expired,2026-09-04 17:05:27,false,false,2026-09-05 16:05:27,true,false,,,abandoned,,,,https://loopcycle.example/checkouts/c/3672099735451/recover,
3854443827242,2026-09-04 16:05:34,2026-09-04 16:08:34,,l***@icloud.com,+62-8**-****-7124,false,mobile,Bogor,West Java,ID,LT-BTK,Loop Tote Batik Limited Edition,Batik Kawung,1,249000,,0,32000,281000,payment_method_selected,OVO,,instagram / bio_link,ig_batik_reel,17902562330559770,/products/loop-tote-batik-limited-edition,563,9,waiting_for_voucher,2026-09-04 17:05:34,false,false,2026-09-05 16:05:34,false,false,,,abandoned,,,,https://loopcycle.example/checkouts/c/3854443827242/recover,sku_match
3886897201073,2026-09-04 16:08:21,2026-09-04 16:20:21,C001770,d***@gmail.com,,true,mobile,Bandung,West Java,ID,LT-BTK,Loop Tote Batik Limited Edition,Batik Parang,1,249000,,0,0,249000,payment_method_selected,Credit card,,instagram / bio_link,ig_batik_reel,17902562330559770,/products/loop-tote-batik-limited-edition,117,10,checking_marketplace_price,2026-09-04 17:08:21,false,false,,,,2026-09-04 18:08:21,true,recovered,whatsapp,#LT10631,2026-09-04 20:38:56,https://loopcycle.example/checkouts/c/3886897201073/recover,sku_match
3495448137108,2026-09-04 16:08:56,2026-09-04 16:26:56,,n***@yahoo.co.id,+62-8**-****-6909,true,desktop,Jakarta,DKI Jakarta,ID,LT-SND,"Loop Tote, Sand",Sand,1,189000,,0,40000,229000,payment_attempted_failed,QRIS,qris_expired,instagram / bio_link,ig_always_on,,/products/loop-tote-sand,538,4,payment_failed,2026-09-04 17:08:56,false,false,2026-09-05 16:08:56,false,false,2026-09-04 18:08:56,false,abandoned,,,,https://loopcycle.example/checkouts/c/3495448137108/recover,
3547030506380,2026-09-04 16:10:34,2026-09-04 16:16:34,,c***@yahoo.co.id,+62-8**-****-1795,true,mobile,Bandung,West Java,ID,LT-IND,"Loop Tote, Indigo",Indigo,1,189000,,0,18000,207000,payment_attempted_failed,Credit card,card_declined,instagram / bio_link,ig_always_on,,/products/loop-tote-indigo,92,5,payment_failed,2026-09-04 17:10:34,false,false,2026-09-05 16:10:34,false,false,2026-09-04 18:10:34,true,abandoned,,,,https://loopcycle.example/checkouts/c/3547030506380/recover,
3043402843401,2026-09-04 16:10:49,2026-09-04 16:20:49,,,+62-8**-****-5137,false,mobile,Bekasi,West Java,ID,LT-GRN,"Loop Tote, Sea-green",Sea-green,1,189000,,0,40000,229000,payment_attempted_failed,ShopeePay,timeout,instagram / bio_link,ig_always_on,,/products/loop-tote-sea-green,245,3,payment_failed,,,,,,,,,abandoned,,,,https://loopcycle.example/checkouts/c/3043402843401/recover,
3459671064198,2026-09-04 16:14:16,2026-09-04 16:18:16,,p***@gmail.com,+62-8**-****-8265,false,mobile,Bandung,West Java,ID,LT-BTK,Loop Tote Batik Limited Edition,Batik Kawung,1,249000,,0,,249000,contact_info,,,instagram / bio_link,ig_batik_reel,17902562330559770,/products/loop-tote-batik-limited-edition,452,11,site_slow_or_error,2026-09-04 17:14:16,false,false,2026-09-05 16:14:16,false,false,,,abandoned,,,,https://loopcycle.example/checkouts/c/3459671064198/recover,sku_match
3499898104662,2026-09-04 16:15:08,2026-09-04 16:17:08,,k***@gmail.com,+62-8**-****-1827,true,desktop,Jakarta,DKI Jakarta,ID,LT-GRN,"Loop Tote, Sea-green",Sea-green,1,189000,,0,40000,229000,payment_method_selected,ShopeePay,,instagram / bio_link,ig_always_on,,/products/loop-tote-sea-green,531,11,checking_marketplace_price,2026-09-04 17:15:08,true,false,2026-09-05 16:15:08,false,false,,,abandoned,,,,https://loopcycle.example/checkouts/c/3499898104662/recover,
3147266476122,2026-09-04 16:18:18,2026-09-04 16:31:18,C001782,y***@gmail.com,+62-8**-****-5649,true,mobile,Bandung,West Java,ID,LT-BTK,Loop Tote Batik Limited Edition,Batik Kawung,1,249000,,0,18000,267000,payment_method_selected,Bank transfer (VA),,instagram / bio_link,ig_batik_reel,17902562330559770,/products/loop-tote-batik-limited-edition,285,7,preferred_payment_unavailable,2026-09-04 17:18:18,true,false,,,,,,recovered,organic,#LT10638,2026-09-04 21:31:34,https://loopcycle.example/checkouts/c/3147266476122/recover,sku_match
3628354928337,2026-09-04 16:18:34,2026-09-04 16:33:34,,m***@gmail.com,+62-8**-****-6859,true,mobile,Depok,West Java,ID,LT-BTK,Loop Tote Batik Limited Edition,Batik Kawung,2,498000,,0,0,498000,shipping_method,,,instagram / bio_link,ig_batik_reel,17902562330559770,/products/loop-tote-batik-limited-edition,201,7,delivery_time_too_long,2026-09-04 17:18:34,false,false,2026-09-05 16:18:34,false,false,2026-09-04 18:18:34,true,abandoned,,,,https://loopcycle.example/checkouts/c/3628354928337/recover,sku_match
3004621261370,2026-09-04 16:19:36,2026-09-04 16:41:36,,s***@proton.me,,false,mobile,Medan,North Sumatra,ID,LT-BTK,Loop Tote Batik Limited Edition,Batik Parang,1,249000,,0,,249000,contact_info,,,instagram / bio_link,ig_batik_reel,17902562330559770,/products/loop-tote-batik-limited-edition,319,3,account_or_form_friction,2026-09-04 17:19:36,true,true,2026-09-05 16:19:36,false,false,,,abandoned,,,,https://loopcycle.example/checkouts/c/3004621261370/recover,sku_match
3987003248263,2026-09-04 16:23:11,2026-09-04 16:45:11,,e***@yahoo.co.id,+62-8**-****-7955,false,mobile,Semarang,Central Java,ID,LT-BTK,Loop Tote Batik Limited Edition,Batik Parang,1,249000,,0,25000,274000,shipping_method,,,instagram / bio_link,ig_batik_reel,17902562330559770,/products/loop-tote-batik-limited-edition,89,9,unexpected_shipping_cost,2026-09-04 17:23:11,false,false,2026-09-05 16:23:11,false,false,,,abandoned,,,,https://loopcycle.example/checkouts/c/3987003248263/recover,sku_match
3836526044337,2026-09-04 16:23:33,2026-09-04 16:47:33,,n***@gmail.com,+62-8**-****-4893,true,mobile,Bogor,West Java,ID,LT-BTK,Loop Tote Batik Limited Edition,Batik Kawung,1,249000,,0,15000,264000,shipping_method,,,instagram / bio_link,ig_batik_reel,17902562330559770,/products/loop-tote-batik-limited-edition,766,10,unexpected_shipping_cost,2026-09-04 17:23:33,false,false,2026-09-05 16:23:33,false,false,2026-09-04 18:23:33,false,abandoned,,,,https://loopcycle.example/checkouts/c/3836526044337/recover,sku_match
3968499035951,2026-09-04 16:27:16,2026-09-04 16:42:16,,o***@gmail.com,+62-8**-****-9764,false,desktop,Bandung,West Java,ID,LT-SND,"Loop Tote, Sand",Sand,2,378000,NEWSLETTER5,19000,0,359000,shipping_method,,,instagram / bio_link,ig_always_on,,/products/loop-tote-sand,671,11,waiting_for_promo_code,2026-09-04 17:27:16,true,false,2026-09-05 16:27:16,false,false,,,abandoned,,,,https://loopcycle.example/checkouts/c/3968499035951/recover,
3385110325181,2026-09-04 16:33:38,2026-09-04 16:41:38,,m***@gmail.com,+62-8**-****-2627,false,mobile,Subang,West Java,ID,LT-BTK,Loop Tote Batik Limited Edition,Batik Kawung,1,249000,,0,15000,264000,payment_method_selected,Credit card,,instagram / bio_link,ig_always_on,,/products/loop-tote-batik-limited-edition,539,9,payment_page_expired,2026-09-04 17:33:38,true,false,2026-09-05 16:33:38,false,false,,,abandoned,,,,https://loopcycle.example/checkouts/c/3385110325181/recover,
3929065862467,2026-09-04 16:34:54,2026-09-04 16:35:54,,y***@yahoo.co.id,+62-8**-****-8789,true,mobile,Bandung,West Java,ID,LT-SND,"Loop Tote, Sand",Sand,1,189000,,0,15000,204000,payment_attempted_failed,Credit card,3ds_failed,instagram / bio_link,ig_always_on,,/products/loop-tote-sand,333,4,payment_failed,2026-09-04 17:34:54,false,false,2026-09-05 16:34:54,false,false,,,abandoned,,,,https://loopcycle.example/checkouts/c/3929065862467/recover,
3968756196105,2026-09-04 16:35:08,2026-09-04 16:44:08,,s***@gmail.com,,false,mobile,Jakarta,DKI Jakarta,ID,LT-IND,"Loop Tote, Indigo",Indigo,2,378000,,0,0,378000,payment_method_selected,QRIS,,instagram / bio_link,ig_process_impact_p17,17909597409818323,/products/loop-tote-indigo,649,11,waiting_for_voucher,2026-09-04 17:35:08,false,false,2026-09-05 16:35:08,false,false,,,abandoned,,,,https://loopcycle.example/checkouts/c/3968756196105/recover,utm_bio_link
3823561186993,2026-09-04 16:37:00,2026-09-04 16:51:00,,e***@gmail.com,,true,mobile,Cimahi,West Java,ID,LT-BTK,Loop Tote Batik Limited Edition,Batik Kawung,1,249000,,0,,249000,contact_info,,,instagram / bio_link,ig_batik_reel,17902562330559770,/products/loop-tote-batik-limited-edition,389,4,account_or_form_friction,2026-09-04 17:37:00,true,false,2026-09-05 16:37:00,false,false,,,abandoned,,,,https://loopcycle.example/checkouts/c/3823561186993/recover,sku_match
3341400360242,2026-09-04 16:37:12,2026-09-04 16:45:12,,,+62-8**-****-1218,false,mobile,Bekasi,West Java,ID,LT-SND,"Loop Tote, Sand",Sand,1,189000,,0,40000,229000,payment_method_selected,Credit card,,instagram / bio_link,ig_always_on,,/products/loop-tote-sand,521,4,preferred_payment_unavailable,,,,,,,2026-09-04 18:37:12,false,abandoned,,,,https://loopcycle.example/checkouts/c/3341400360242/recover,
3148738766571,2026-09-04 16:41:06,2026-09-04 16:48:06,,f***@yahoo.co.id,,true,mobile,Cimahi,West Java,ID,LT-BTK,Loop Tote Batik Limited Edition,Batik Parang,2,498000,,0,,498000,contact_info,,,instagram / bio_link,ig_batik_reel,17902562330559770,/products/loop-tote-batik-limited-edition,356,9,site_slow_or_error,2026-09-04 17:41:06,true,false,2026-09-05 16:41:06,true,false,,,abandoned,,,,https://loopcycle.example/checkouts/c/3148738766571/recover,sku_match
3056871228382,2026-09-04 16:42:35,2026-09-04 16:50:35,,,+62-8**-****-1451,false,mobile,Bekasi,West Java,ID,LT-BTK,Loop Tote Batik Limited Edition,Batik Kawung,1,249000,,0,40000,289000,payment_attempted_failed,QRIS,qris_expired,direct,,,/products/loop-tote-batik-limited-edition,823,3,payment_failed,,,,,,,,,abandoned,,,,https://loopcycle.example/checkouts/c/3056871228382/recover,
3425964748582,2026-09-04 16:46:17,2026-09-04 17:09:17,,p***@gmail.com,+62-8**-****-3543,false,mobile,Padang,West Sumatra,ID,LT-SND,"Loop Tote, Sand",Sand,2,378000,,0,0,378000,payment_method_selected,OVO,,instagram / bio_link,ig_always_on,,/products/loop-tote-sand,308,10,site_slow_or_error,2026-09-04 17:46:17,false,false,2026-09-05 16:46:17,false,false,2026-09-04 18:46:17,false,abandoned,,,,https://loopcycle.example/checkouts/c/3425964748582/recover,
3757008798612,2026-09-04 16:46:45,2026-09-04 16:51:45,,p***@outlook.com,,true,mobile,Depok,West Java,ID,LT-SND,"Loop Tote, Sand",Sand,1,189000,,0,32000,221000,payment_method_selected,Bank transfer (VA),,instagram / bio_link,ig_always_on,,/products/loop-tote-sand,129,2,site_slow_or_error,2026-09-04 17:46:45,false,false,2026-09-05 16:46:45,false,false,,,abandoned,,,,https://loopcycle.example/checkouts/c/3757008798612/recover,
3558172793861,2026-09-04 16:51:46,2026-09-04 17:16:46,,k***@gmail.com,+62-8**-****-4018,false,mobile,Cirebon,West Java,ID,LT-BTK,Loop Tote Batik Limited Edition,Batik Parang,1,249000,,0,32000,281000,payment_attempted_failed,Bank transfer (VA),va_expired,instagram / bio_link,ig_batik_reel,17902562330559770,/products/loop-tote-batik-limited-edition,706,5,payment_failed,2026-09-04 17:51:46,false,false,2026-09-05 16:51:46,false,false,2026-09-04 18:51:46,false,abandoned,,,,https://loopcycle.example/checkouts/c/3558172793861/recover,sku_match
3372096263694,2026-09-04 16:52:12,2026-09-04 17:13:12,,r***@gmail.com,+62-8**-****-3109,false,mobile,Cimahi,West Java,ID,LT-BTK,Loop Tote Batik Limited Edition,Batik Parang,1,249000,,0,32000,281000,payment_method_selected,OVO,,instagram / bio_link,ig_batik_reel,17902562330559770,/products/loop-tote-batik-limited-edition,440,3,payment_page_expired,2026-09-04 17:52:12,false,false,2026-09-05 16:52:12,true,false,,,abandoned,,,,https://loopcycle.example/checkouts/c/3372096263694/recover,sku_match
3139463978764,2026-09-04 16:54:46,2026-09-04 17:12:46,,,+62-8**-****-1278,false,mobile,Cirebon,West Java,ID,LT-GRN,"Loop Tote, Sea-green",Sea-green,1,189000,,0,25000,214000,shipping_method,,,instagram / bio_link,ig_always_on,,/products/loop-tote-sea-green,527,8,delivery_time_too_long,,,,,,,,,abandoned,,,,https://loopcycle.example/checkouts/c/3139463978764/recover,
3698351399149,2026-09-04 16:55:35,2026-09-04 17:07:35,,l***@gmail.com,+62-8**-****-3604,false,mobile,Jakarta,DKI Jakarta,ID,LT-BTK,Loop Tote Batik Limited Edition,Batik Kawung,2,498000,,0,0,498000,payment_attempted_failed,Credit card,3ds_failed,instagram / bio_link,ig_batik_reel,17902562330559770,/products/loop-tote-batik-limited-edition,283,2,payment_failed,2026-09-04 17:55:35,false,false,2026-09-05 16:55:35,true,false,2026-09-04 18:55:35,false,abandoned,,,,https://loopcycle.example/checkouts/c/3698351399149/recover,sku_match
3010098310364,2026-09-04 16:59:16,2026-09-04 17:00:16,,h***@gmail.com,+62-8**-****-9528,false,mobile,Denpasar,Bali,ID,LT-BTK,Loop Tote Batik Limited Edition,Batik Parang,2,498000,,0,0,498000,shipping_method,,,instagram / bio_link,ig_batik_reel,17902562330559770,/products/loop-tote-batik-limited-edition,490,4,unexpected_shipping_cost,2026-09-04 17:59:16,false,false,2026-09-05 16:59:16,false,false,2026-09-04 18:59:16,true,abandoned,,,,https://loopcycle.example/checkouts/c/3010098310364/recover,sku_match
3492644293658,2026-09-04 17:00:44,2026-09-04 17:18:44,,k***@gmail.com,+62-8**-****-7265,true,mobile,Bandung,West Java,ID,LT-GRN,"Loop Tote, Sea-green",Sea-green,3,567000,,0,,567000,contact_info,,,instagram / bio_link,ig_always_on,,/products/loop-tote-sea-green,263,9,account_or_form_friction,2026-09-04 18:00:44,true,true,2026-09-05 17:00:44,false,false,2026-09-04 19:00:44,false,abandoned,,,,https://loopcycle.example/checkouts/c/3492644293658/recover,
3117200045414,2026-09-04 17:05:02,2026-09-04 17:15:02,,s***@gmail.com,,true,mobile,Cimahi,West Java,ID,LT-GRN,"Loop Tote, Sea-green",Sea-green,4,756000,,0,,756000,contact_info,,,instagram / bio_link,ig_always_on,,/products/loop-tote-sea-green,90,9,distracted_or_session_ended,2026-09-04 18:05:02,false,false,2026-09-05 17:05:02,false,false,,,abandoned,,,,https://loopcycle.example/checkouts/c/3117200045414/recover,
3244607615214,2026-09-04 17:07:32,2026-09-04 17:11:32,,w***@gmail.com,,false,mobile,Depok,West Java,ID,LT-BTK,Loop Tote Batik Limited Edition,Batik Kawung,1,249000,,0,25000,274000,shipping_method,,,instagram / bio_link,ig_batik_reel,17902562330559770,/products/loop-tote-batik-limited-edition,684,8,distracted_or_session_ended,2026-09-04 18:07:32,false,false,2026-09-05 17:07:32,false,false,,,abandoned,,,,https://loopcycle.example/checkouts/c/3244607615214/recover,sku_match
3876841266076,2026-09-04 17:10:21,2026-09-04 17:11:21,,w***@gmail.com,+62-8**-****-2867,true,mobile,Bandung,West Java,ID,LT-BTK,Loop Tote Batik Limited Edition,Batik Parang,2,498000,,0,0,498000,payment_attempted_failed,QRIS,qris_expired,instagram / bio_link,ig_batik_reel,17902562330559770,/products/loop-tote-batik-limited-edition,111,10,payment_failed,2026-09-04 18:10:21,false,false,2026-09-05 17:10:21,true,false,,,abandoned,,,,https://loopcycle.example/checkouts/c/3876841266076/recover,sku_match
3622092454691,2026-09-04 17:12:03,2026-09-04 17:17:03,,d***@proton.me,,false,mobile,Jakarta,DKI Jakarta,ID,LT-IND,"Loop Tote, Indigo",Indigo,2,378000,,0,,378000,contact_info,,,instagram / bio_link,ig_always_on,,/products/loop-tote-indigo,634,8,site_slow_or_error,2026-09-04 18:12:03,false,false,2026-09-05 17:12:03,true,false,,,abandoned,,,,https://loopcycle.example/checkouts/c/3622092454691/recover,
3421774925458,2026-09-04 17:14:30,2026-09-04 17:16:30,,o***@gmail.com,,true,mobile,Jakarta,DKI Jakarta,ID,LT-BTK,Loop Tote Batik Limited Edition,Batik Parang,1,249000,,0,18000,267000,shipping_method,,,instagram / bio_link,ig_batik_reel,17902562330559770,/products/loop-tote-batik-limited-edition,59,7,unexpected_shipping_cost,2026-09-04 18:14:30,true,true,2026-09-05 17:14:30,false,false,,,abandoned,,,,https://loopcycle.example/checkouts/c/3421774925458/recover,sku_match
3859737518593,2026-09-04 17:20:40,2026-09-04 17:25:40,,e***@hotmail.com,,true,mobile,Bandung,West Java,ID,LT-GRN,"Loop Tote, Sea-green",Sea-green,1,189000,,0,40000,229000,shipping_method,,,instagram / bio_link,ig_always_on,,/products/loop-tote-sea-green,871,7,unexpected_shipping_cost,2026-09-04 18:20:40,false,false,2026-09-05 17:20:40,false,false,,,abandoned,,,,https://loopcycle.example/checkouts/c/3859737518593/recover,
3261803434208,2026-09-04 17:21:32,2026-09-04 17:34:32,C001753,w***@gmail.com,,true,mobile,Bandung,West Java,ID,LT-BTK,Loop Tote Batik Limited Edition,Batik Kawung,1,249000,,0,18000,267000,payment_method_selected,QRIS,,instagram / bio_link,ig_batik_reel,17902562330559770,/products/loop-tote-batik-limited-edition,360,10,preferred_payment_unavailable,2026-09-04 18:21:32,true,true,,,,,,recovered,organic,#LT10620,2026-09-04 19:33:39,https://loopcycle.example/checkouts/c/3261803434208/recover,sku_match
3914070859141,2026-09-04 17:24:46,2026-09-04 17:35:46,,k***@proton.me,+62-8**-****-7468,true,mobile,Bandung,West Java,ID,LT-GRN,"Loop Tote, Sea-green",Sea-green,1,189000,,0,,189000,contact_info,,,instagram / bio_link,ig_always_on,,/products/loop-tote-sea-green,447,2,site_slow_or_error,2026-09-04 18:24:46,true,false,2026-09-05 17:24:46,true,false,,,abandoned,,,,https://loopcycle.example/checkouts/c/3914070859141/recover,
3685607207170,2026-09-04 17:29:06,2026-09-04 17:54:06,,k***@gmail.com,+62-8**-****-6102,false,mobile,Cimahi,West Java,ID,LT-BTK,Loop Tote Batik Limited Edition,Batik Kawung,1,249000,,0,,249000,contact_info,,,instagram / bio_link,ig_batik_reel,17902562330559770,/products/loop-tote-batik-limited-edition,561,4,site_slow_or_error,2026-09-04 18:29:06,true,false,2026-09-05 17:29:06,false,false,,,abandoned,,,,https://loopcycle.example/checkouts/c/3685607207170/recover,sku_match
3376810777504,2026-09-04 17:29:27,2026-09-04 17:32:27,,m***@gmail.com,,true,desktop,Garut,West Java,ID,LT-IND,"Loop Tote, Indigo",Indigo,1,189000,,0,18000,207000,payment_attempted_failed,QRIS,qris_expired,instagram / bio_link,ig_always_on,,/products/loop-tote-indigo,614,3,payment_failed,2026-09-04 18:29:27,false,false,2026-09-05 17:29:27,false,false,,,abandoned,,,,https://loopcycle.example/checkouts/c/3376810777504/recover,
3320678470846,2026-09-04 17:30:16,2026-09-04 17:44:16,,i***@gmail.com,+62-8**-****-9403,true,mobile,Jakarta,DKI Jakarta,ID,LT-GRN,"Loop Tote, Sea-green",Sea-green,1,189000,,0,25000,214000,payment_method_selected,QRIS,,instagram / bio_link,ig_always_on,,/products/loop-tote-sea-green,527,7,waiting_for_voucher,2026-09-04 18:30:16,true,false,2026-09-05 17:30:16,true,false,,,abandoned,,,,https://loopcycle.example/checkouts/c/3320678470846/recover,
3438525426032,2026-09-04 17:33:33,2026-09-04 17:50:33,,m***@gmail.com,+62-8**-****-2428,false,mobile,Tasikmalaya,West Java,ID,LT-BTK,Loop Tote Batik Limited Edition,Batik Kawung,1,249000,,0,25000,274000,shipping_method,,,instagram / bio_link,ig_batik_reel,17902562330559770,/products/loop-tote-batik-limited-edition,761,6,unexpected_shipping_cost,2026-09-04 18:33:33,true,false,2026-09-05 17:33:33,true,false,2026-09-04 19:33:33,false,abandoned,,,,https://loopcycle.example/checkouts/c/3438525426032/recover,sku_match
3608661758750,2026-09-04 17:39:08,2026-09-04 17:54:08,,n***@gmail.com,,false,mobile,Padang,West Sumatra,ID,LT-BTK,Loop Tote Batik Limited Edition,Batik Kawung,1,249000,,0,25000,274000,payment_attempted_failed,GoPay,gateway_timeout,instagram / bio_link,ig_batik_reel,17902562330559770,/products/loop-tote-batik-limited-edition,256,5,payment_failed,2026-09-04 18:39:08,true,false,2026-09-05 17:39:08,true,false,,,abandoned,,,,https://loopcycle.example/checkouts/c/3608661758750/recover,sku_match
3618898781520,2026-09-04 17:42:43,2026-09-04 17:49:43,,b***@gmail.com,,false,mobile,Jakarta,DKI Jakarta,ID,LT-BTK,Loop Tote Batik Limited Edition,Batik Parang,1,249000,,0,,249000,contact_info,,,instagram / bio_link,ig_batik_reel,17902562330559770,/products/loop-tote-batik-limited-edition,600,11,distracted_or_session_ended,2026-09-04 18:42:43,false,false,2026-09-05 17:42:43,false,false,,,abandoned,,,,https://loopcycle.example/checkouts/c/3618898781520/recover,sku_match
3815419126911,2026-09-04 17:42:45,2026-09-04 17:44:45,,a***@gmail.com,,false,mobile,South Tangerang,Banten,ID,LT-BTK,Loop Tote Batik Limited Edition,Batik Parang,1,249000,,0,25000,274000,payment_method_selected,Bank transfer (VA),,instagram / bio_link,ig_batik_reel,17902562330559770,/products/loop-tote-batik-limited-edition,364,7,preferred_payment_unavailable,2026-09-04 18:42:45,false,false,2026-09-05 17:42:45,false,false,,,abandoned,,,,https://loopcycle.example/checkouts/c/3815419126911/recover,sku_match
3158332276070,2026-09-04 17:44:50,2026-09-04 17:57:50,,s***@gmail.com,,true,mobile,Semarang,Central Java,ID,LT-SND,"Loop Tote, Sand",Sand,1,189000,NEWSLETTER5,9500,15000,194500,payment_method_selected,Credit card,,instagram / bio_link,ig_process_impact_p16,17901296159799218,/products/loop-tote-sand,183,11,checking_marketplace_price,2026-09-04 18:44:50,true,false,2026-09-05 17:44:50,false,false,,,abandoned,,,,https://loopcycle.example/checkouts/c/3158332276070/recover,utm_bio_link
3698428485931,2026-09-04 17:47:20,2026-09-04 18:11:20,,y***@hotmail.com,,true,mobile,Denpasar,Bali,ID,LT-BTK,Loop Tote Batik Limited Edition,Batik Parang,1,249000,,0,18000,267000,payment_method_selected,QRIS,,instagram / bio_link,ig_batik_reel,17902562330559770,/products/loop-tote-batik-limited-edition,877,2,site_slow_or_error,2026-09-04 18:47:20,false,false,2026-09-05 17:47:20,false,false,,,abandoned,,,,https://loopcycle.example/checkouts/c/3698428485931/recover,sku_match
3906809107652,2026-09-04 17:47:43,2026-09-04 18:12:43,,g***@outlook.com,,true,desktop,Depok,West Java,ID,LT-BTK,Loop Tote Batik Limited Edition,Batik Parang,1,249000,,0,32000,281000,payment_method_selected,Bank transfer (VA),,instagram / bio_link,ig_batik_reel,17902562330559770,/products/loop-tote-batik-limited-edition,80,11,preferred_payment_unavailable,2026-09-04 18:47:43,true,false,2026-09-05 17:47:43,false,false,,,abandoned,,,,https://loopcycle.example/checkouts/c/3906809107652/recover,sku_match
3002675053159,2026-09-04 17:48:31,2026-09-04 17:49:31,,a***@gmail.com,,false,mobile,Jakarta,DKI Jakarta,ID,LT-IND,"Loop Tote, Indigo",Indigo,1,189000,,0,25000,214000,shipping_method,,,instagram / bio_link,ig_always_on,,/products/loop-tote-indigo,549,10,unexpected_shipping_cost,2026-09-04 18:48:31,false,false,2026-09-05 17:48:31,false,false,,,abandoned,,,,https://loopcycle.example/checkouts/c/3002675053159/recover,
3000666562840,2026-09-04 17:49:32,2026-09-04 18:05:32,,l***@gmail.com,+62-8**-****-7855,false,mobile,Subang,West Java,ID,LT-SND,"Loop Tote, Sand",Sand,1,189000,,0,,189000,contact_info,,,instagram / bio_link,ig_always_on,,/products/loop-tote-sand,145,8,just_browsing_or_comparing,2026-09-04 18:49:32,true,false,2026-09-05 17:49:32,false,false,,,abandoned,,,,https://loopcycle.example/checkouts/c/3000666562840/recover,
3800371272279,2026-09-04 17:49:58,2026-09-04 17:52:58,,w***@icloud.com,,false,mobile,Bandung,West Java,ID,LT-BTK,Loop Tote Batik Limited Edition,Batik Parang,1,249000,,0,18000,267000,payment_method_selected,GoPay,,instagram / bio_link,ig_batik_reel,17902562330559770,/products/loop-tote-batik-limited-edition,730,8,waiting_for_voucher,2026-09-04 18:49:58,true,false,2026-09-05 17:49:58,true,false,,,abandoned,,,,https://loopcycle.example/checkouts/c/3800371272279/recover,sku_match
3617580637942,2026-09-04 17:54:04,2026-09-04 18:12:04,,f***@gmail.com,+62-8**-****-9007,false,mobile,Makassar,South Sulawesi,ID,LT-BTK,Loop Tote Batik Limited Edition,Batik Parang,1,249000,,0,32000,281000,payment_method_selected,Credit card,,instagram / bio_link,ig_batik_reel,17902562330559770,/products/loop-tote-batik-limited-edition,256,8,waiting_for_voucher,2026-09-04 18:54:04,true,false,2026-09-05 17:54:04,true,false,2026-09-04 19:54:04,false,abandoned,,,,https://loopcycle.example/checkouts/c/3617580637942/recover,sku_match
3109398636147,2026-09-04 17:55:11,2026-09-04 18:10:11,,n***@gmail.com,,true,mobile,Surabaya,East Java,ID,LT-BTK,Loop Tote Batik Limited Edition,Batik Parang,1,249000,,0,25000,274000,shipping_method,,,instagram / bio_link,ig_batik_reel,17902562330559770,/products/loop-tote-batik-limited-edition,187,2,delivery_time_too_long,2026-09-04 18:55:11,true,true,2026-09-05 17:55:11,false,false,,,abandoned,,,,https://loopcycle.example/checkouts/c/3109398636147/recover,sku_match
3639500990991,2026-09-04 17:56:10,2026-09-04 18:20:10,,e***@gmail.com,+62-8**-****-6925,true,mobile,Jakarta,DKI Jakarta,ID,LT-BTK,Loop Tote Batik Limited Edition,Batik Kawung,1,249000,,0,32000,281000,payment_method_selected,Bank transfer (VA),,instagram / bio_link,ig_batik_reel,17902562330559770,/products/loop-tote-batik-limited-edition,410,11,checking_marketplace_price,2026-09-04 18:56:10,true,false,2026-09-05 17:56:10,false,false,2026-09-04 19:56:10,false,abandoned,,,,https://loopcycle.example/checkouts/c/3639500990991/recover,sku_match
3669864764834,2026-09-04 17:56:22,2026-09-04 18:18:22,,c***@icloud.com,+62-8**-****-8979,true,mobile,Jakarta,DKI Jakarta,ID,LT-GRN,"Loop Tote, Sea-green",Sea-green,1,189000,,0,25000,214000,shipping_method,,,instagram / bio_link,ig_always_on,,/products/loop-tote-sea-green,492,9,unexpected_shipping_cost,2026-09-04 18:56:22,true,false,2026-09-05 17:56:22,true,false,2026-09-04 19:56:22,false,abandoned,,,,https://loopcycle.example/checkouts/c/3669864764834/recover,
3440450071813,2026-09-04 18:02:15,2026-09-04 18:14:15,,,+62-8**-****-4894,false,mobile,Jakarta,DKI Jakarta,ID,LT-IND,"Loop Tote, Indigo",Indigo,1,189000,NEWSLETTER5,9500,32000,211500,shipping_method,,,instagram / bio_link,ig_always_on,,/products/loop-tote-indigo,375,9,distracted_or_session_ended,,,,,,,2026-09-04 20:02:15,false,abandoned,,,,https://loopcycle.example/checkouts/c/3440450071813/recover,
3947325416905,2026-09-04 18:02:19,2026-09-04 18:05:19,,r***@gmail.com,+62-8**-****-9059,true,mobile,Depok,West Java,ID,LT-GRN,"Loop Tote, Sea-green",Sea-green,2,378000,,0,,378000,contact_info,,,instagram / bio_link,ig_always_on,,/products/loop-tote-sea-green,691,4,site_slow_or_error,2026-09-04 19:02:19,false,false,2026-09-05 18:02:19,false,false,,,abandoned,,,,https://loopcycle.example/checkouts/c/3947325416905/recover,
3318808041930,2026-09-04 18:03:17,2026-09-04 18:05:17,,d***@gmail.com,+62-8**-****-3176,false,desktop,Balikpapan,East Kalimantan,ID,LT-BTK,Loop Tote Batik Limited Edition,Batik Parang,1,249000,,0,40000,289000,shipping_method,,,instagram / bio_link,ig_always_on,,/products/loop-tote-batik-limited-edition,672,5,delivery_time_too_long,2026-09-04 19:03:17,false,false,2026-09-05 18:03:17,false,false,2026-09-04 20:03:17,false,abandoned,,,,https://loopcycle.example/checkouts/c/3318808041930/recover,
3541604596657,2026-09-04 18:12:12,2026-09-04 18:37:12,,p***@outlook.com,,true,mobile,Garut,West Java,ID,LT-IND,"Loop Tote, Indigo",Indigo,1,189000,,0,,189000,contact_info,,,instagram / bio_link,ig_always_on,,/products/loop-tote-indigo,804,7,just_browsing_or_comparing,2026-09-04 19:12:12,false,false,2026-09-05 18:12:12,false,false,,,abandoned,,,,https://loopcycle.example/checkouts/c/3541604596657/recover,
3560895842799,2026-09-04 18:14:06,2026-09-04 18:24:06,,p***@gmail.com,,false,desktop,Subang,West Java,ID,LT-BTK,Loop Tote Batik Limited Edition,Batik Parang,2,498000,,0,0,498000,payment_method_selected,ShopeePay,,instagram / bio_link,ig_batik_reel,17902562330559770,/products/loop-tote-batik-limited-edition,364,11,preferred_payment_unavailable,2026-09-04 19:14:06,true,false,2026-09-05 18:14:06,false,false,,,abandoned,,,,https://loopcycle.example/checkouts/c/3560895842799/recover,sku_match
3090374272725,2026-09-04 18:14:21,2026-09-04 18:19:21,,k***@gmail.com,,false,mobile,Bekasi,West Java,ID,LT-BTK,Loop Tote Batik Limited Edition,Batik Parang,1,249000,,0,18000,267000,shipping_method,,,instagram / bio_link,ig_batik_reel,17902562330559770,/products/loop-tote-batik-limited-edition,222,7,unexpected_shipping_cost,2026-09-04 19:14:21,true,false,2026-09-05 18:14:21,true,false,,,abandoned,,,,https://loopcycle.example/checkouts/c/3090374272725/recover,sku_match
3264113176773,2026-09-04 18:14:24,2026-09-04 18:30:24,,d***@gmail.com,,false,mobile,Bandar Lampung,Lampung,ID,LT-BTK,Loop Tote Batik Limited Edition,Batik Parang,1,249000,,0,25000,274000,shipping_method,,,instagram / bio_link,ig_batik_reel,17902562330559770,/products/loop-tote-batik-limited-edition,884,8,unexpected_shipping_cost,2026-09-04 19:14:24,false,false,2026-09-05 18:14:24,false,false,,,abandoned,,,,https://loopcycle.example/checkouts/c/3264113176773/recover,sku_match
3316393685278,2026-09-04 18:16:05,2026-09-04 18:18:05,,o***@gmail.com,,true,mobile,Bandung,West Java,ID,LT-GRN,"Loop Tote, Sea-green",Sea-green,1,189000,,0,15000,204000,shipping_method,,,instagram / bio_link,ig_always_on,,/products/loop-tote-sea-green,289,8,distracted_or_session_ended,2026-09-04 19:16:05,false,false,2026-09-05 18:16:05,true,false,,,abandoned,,,,https://loopcycle.example/checkouts/c/3316393685278/recover,
3154112694608,2026-09-04 18:17:04,2026-09-04 18:39:04,,t***@gmail.com,,false,tablet,Pekanbaru,Riau,ID,LT-IND,"Loop Tote, Indigo",Indigo,1,189000,,0,18000,207000,payment_attempted_failed,GoPay,insufficient_balance,instagram / bio_link,ig_always_on,,/products/loop-tote-indigo,324,2,payment_failed,2026-09-04 19:17:04,false,false,2026-09-05 18:17:04,true,false,,,abandoned,,,,https://loopcycle.example/checkouts/c/3154112694608/recover,
3694974043940,2026-09-04 18:17:25,2026-09-04 18:30:25,,c***@gmail.com,+62-8**-****-2529,false,mobile,Bandung,West Java,ID,LT-IND,"Loop Tote, Indigo",Indigo,1,189000,,0,18000,207000,shipping_method,,,instagram / bio_link,ig_always_on,,/products/loop-tote-indigo,708,11,unexpected_shipping_cost,2026-09-04 19:17:25,true,false,2026-09-05 18:17:25,false,false,,,abandoned,,,,https://loopcycle.example/checkouts/c/3694974043940/recover,
3729581225629,2026-09-04 18:17:26,2026-09-04 18:34:26,,b***@gmail.com,,true,mobile,Depok,West Java,ID,LT-SND,"Loop Tote, Sand",Sand,1,189000,,0,25000,214000,shipping_method,,,instagram / bio_link,ig_always_on,,/products/loop-tote-sand,127,3,unexpected_shipping_cost,2026-09-04 19:17:26,true,false,2026-09-05 18:17:26,false,false,,,abandoned,,,,https://loopcycle.example/checkouts/c/3729581225629/recover,
3047337078689,2026-09-04 18:17:54,2026-09-04 18:36:54,,y***@icloud.com,+62-8**-****-2109,true,mobile,Garut,West Java,ID,LT-BTK,Loop Tote Batik Limited Edition,Batik Parang,1,249000,,0,,249000,contact_info,,,instagram / bio_link,ig_batik_reel,17902562330559770,/products/loop-tote-batik-limited-edition,730,10,site_slow_or_error,2026-09-04 19:17:54,false,false,2026-09-05 18:17:54,true,false,2026-09-04 20:17:54,false,abandoned,,,,https://loopcycle.example/checkouts/c/3047337078689/recover,sku_match
3577244575008,2026-09-04 18:18:11,2026-09-04 18:38:11,,p***@icloud.com,+62-8**-****-2691,true,mobile,Jakarta,DKI Jakarta,ID,LT-BTK,Loop Tote Batik Limited Edition,Batik Parang,2,498000,,0,,498000,contact_info,,,instagram / bio_link,ig_batik_reel,17902562330559770,/products/loop-tote-batik-limited-edition,738,5,just_browsing_or_comparing,2026-09-04 19:18:11,true,false,2026-09-05 18:18:11,false,false,,,abandoned,,,,https://loopcycle.example/checkouts/c/3577244575008/recover,sku_match
3813485241094,2026-09-04 18:19:22,2026-09-04 18:39:22,,,+62-8**-****-5659,false,desktop,Bogor,West Java,ID,LT-SND,"Loop Tote, Sand",Sand,1,189000,,0,25000,214000,shipping_method,,,instagram / bio_link,ig_always_on,,/products/loop-tote-sand,529,10,unexpected_shipping_cost,,,,,,,,,abandoned,,,,https://loopcycle.example/checkouts/c/3813485241094/recover,
3155482762555,2026-09-04 18:23:46,2026-09-04 18:46:46,,,+62-8**-****-6484,false,mobile,Bandung,West Java,ID,LT-GRN,"Loop Tote, Sea-green",Sea-green,3,567000,,0,,567000,contact_info,,,instagram / bio_link,ig_always_on,,/products/loop-tote-sea-green,231,2,account_or_form_friction,,,,,,,,,abandoned,,,,https://loopcycle.example/checkouts/c/3155482762555/recover,
3673153104820,2026-09-04 18:25:27,2026-09-04 18:49:27,,m***@proton.me,,false,mobile,Bogor,West Java,ID,LT-GRN,"Loop Tote, Sea-green",Sea-green,1,189000,,0,40000,229000,payment_method_selected,QRIS,,instagram / bio_link,ig_always_on,,/products/loop-tote-sea-green,420,7,preferred_payment_unavailable,2026-09-04 19:25:27,true,false,2026-09-05 18:25:27,false,false,,,abandoned,,,,https://loopcycle.example/checkouts/c/3673153104820/recover,
3602786860998,2026-09-04 18:27:49,2026-09-04 18:36:49,,h***@yahoo.co.id,+62-8**-****-3708,true,mobile,Depok,West Java,ID,LT-BTK,Loop Tote Batik Limited Edition,Batik Parang,1,249000,,0,18000,267000,shipping_method,,,instagram / bio_link,ig_batik_reel,17902562330559770,/products/loop-tote-batik-limited-edition,414,2,unexpected_shipping_cost,2026-09-04 19:27:49,false,false,2026-09-05 18:27:49,false,false,2026-09-04 20:27:49,false,abandoned,,,,https://loopcycle.example/checkouts/c/3602786860998/recover,sku_match
3738262680806,2026-09-04 18:29:45,2026-09-04 18:43:45,,c***@yahoo.co.id,+62-8**-****-8886,true,mobile,Yogyakarta,DI Yogyakarta,ID,LT-BTK,Loop Tote Batik Limited Edition,Batik Kawung,1,249000,,0,18000,267000,shipping_method,,,instagram / bio_link,ig_batik_reel,17902562330559770,/products/loop-tote-batik-limited-edition,769,2,unexpected_shipping_cost,2026-09-04 19:29:45,false,false,2026-09-05 18:29:45,false,false,2026-09-04 20:29:45,false,abandoned,,,,https://loopcycle.example/checkouts/c/3738262680806/recover,sku_match
3904082070628,2026-09-04 18:32:26,2026-09-04 18:36:26,,m***@gmail.com,+62-8**-****-3685,false,mobile,Jakarta,DKI Jakarta,ID,LT-SND,"Loop Tote, Sand",Sand,1,189000,,0,15000,204000,payment_method_selected,Bank transfer (VA),,instagram / bio_link,ig_always_on,,/products/loop-tote-sand,781,2,checking_marketplace_price,2026-09-04 19:32:26,false,false,2026-09-05 18:32:26,false,false,2026-09-04 20:32:26,false,abandoned,,,,https://loopcycle.example/checkouts/c/3904082070628/recover,
3909327088646,2026-09-04 18:34:40,2026-09-04 18:36:40,,g***@gmail.com,,true,mobile,Bandung,West Java,ID,LT-BTK,Loop Tote Batik Limited Edition,Batik Kawung,1,249000,,0,,249000,contact_info,,,instagram / bio_link,ig_batik_reel,17902562330559770,/products/loop-tote-batik-limited-edition,195,2,wanted_other_colour,2026-09-04 19:34:40,false,false,2026-09-05 18:34:40,true,false,,,abandoned,,,,https://loopcycle.example/checkouts/c/3909327088646/recover,sku_match
3215490060557,2026-09-04 18:37:44,2026-09-04 18:53:44,,,+62-8**-****-1215,false,mobile,Depok,West Java,ID,LT-BTK,Loop Tote Batik Limited Edition,Batik Parang,1,249000,,0,40000,289000,payment_method_selected,Bank transfer (VA),,instagram / bio_link,ig_batik_reel,17902562330559770,/products/loop-tote-batik-limited-edition,774,7,waiting_for_voucher,,,,,,,2026-09-04 20:37:44,true,abandoned,,,,https://loopcycle.example/checkouts/c/3215490060557/recover,sku_match
3540646388586,2026-09-04 18:38:22,2026-09-04 18:46:22,,n***@gmail.com,+62-8**-****-5259,false,desktop,Cimahi,West Java,ID,LT-BTK,Loop Tote Batik Limited Edition,Batik Parang,1,249000,,0,40000,289000,shipping_method,,,instagram / bio_link,ig_batik_reel,17902562330559770,/products/loop-tote-batik-limited-edition,459,11,unexpected_shipping_cost,2026-09-04 19:38:22,false,false,2026-09-05 18:38:22,true,false,2026-09-04 20:38:22,false,abandoned,,,,https://loopcycle.example/checkouts/c/3540646388586/recover,sku_match
3882559946356,2026-09-04 18:38:46,2026-09-04 18:51:46,,m***@gmail.com,+62-8**-****-6805,true,desktop,Bandung,West Java,ID,LT-BTK,Loop Tote Batik Limited Edition,Batik Parang,2,498000,,0,0,498000,shipping_method,,,instagram / bio_link,ig_batik_reel,17902562330559770,/products/loop-tote-batik-limited-edition,178,9,unexpected_shipping_cost,2026-09-04 19:38:46,true,true,2026-09-05 18:38:46,true,true,2026-09-04 20:38:46,false,abandoned,,,,https://loopcycle.example/checkouts/c/3882559946356/recover,sku_match
3603470270986,2026-09-04 18:40:48,2026-09-04 18:43:48,,r***@hotmail.com,+62-8**-****-9282,true,desktop,Malang,East Java,ID,LT-BTK,Loop Tote Batik Limited Edition,Batik Kawung,2,498000,,0,,498000,contact_info,,,instagram / bio_link,ig_batik_reel,17902562330559770,/products/loop-tote-batik-limited-edition,782,5,distracted_or_session_ended,2026-09-04 19:40:48,true,true,2026-09-05 18:40:48,true,false,2026-09-04 20:40:48,false,abandoned,,,,https://loopcycle.example/checkouts/c/3603470270986/recover,sku_match
3317300100375,2026-09-04 18:41:13,2026-09-04 19:03:13,,n***@gmail.com,+62-8**-****-1560,false,mobile,Bandung,West Java,ID,LT-BTK,Loop Tote Batik Limited Edition,Batik Parang,1,249000,,0,15000,264000,payment_method_selected,Credit card,,whatsapp,,,/products/loop-tote-batik-limited-edition,421,4,site_slow_or_error,2026-09-04 19:41:13,false,false,2026-09-05 18:41:13,true,false,,,abandoned,,,,https://loopcycle.example/checkouts/c/3317300100375/recover,
3681206026395,2026-09-04 18:41:34,2026-09-04 18:47:34,,p***@proton.me,,false,tablet,South Tangerang,Banten,ID,LT-GRN,"Loop Tote, Sea-green",Sea-green,1,189000,,0,25000,214000,shipping_method,,,instagram / bio_link,ig_always_on,,/products/loop-tote-sea-green,696,11,distracted_or_session_ended,2026-09-04 19:41:34,false,false,2026-09-05 18:41:34,false,false,,,abandoned,,,,https://loopcycle.example/checkouts/c/3681206026395/recover,
3843427425889,2026-09-04 18:41:54,2026-09-04 19:00:54,,g***@icloud.com,+62-8**-****-3823,false,mobile,Bogor,West Java,ID,LT-BTK,Loop Tote Batik Limited Edition,Batik Parang,1,249000,,0,18000,267000,payment_method_selected,QRIS,,instagram / bio_link,ig_always_on,,/products/loop-tote-batik-limited-edition,712,5,checking_marketplace_price,2026-09-04 19:41:54,false,false,2026-09-05 18:41:54,false,false,2026-09-04 20:41:54,false,abandoned,,,,https://loopcycle.example/checkouts/c/3843427425889/recover,
3283865820613,2026-09-04 18:43:27,2026-09-04 19:01:27,,,+62-8**-****-9103,false,desktop,Pekanbaru,Riau,ID,LT-BTK,Loop Tote Batik Limited Edition,Batik Parang,1,249000,,0,18000,267000,shipping_method,,,instagram / bio_link,ig_batik_reel,17902562330559770,/products/loop-tote-batik-limited-edition,223,3,delivery_time_too_long,,,,,,,2026-09-04 20:43:27,false,abandoned,,,,https://loopcycle.example/checkouts/c/3283865820613/recover,sku_match
3312654724301,2026-09-04 18:48:37,2026-09-04 19:08:37,,j***@yahoo.co.id,,true,mobile,Bandung,West Java,ID,LT-IND,"Loop Tote, Indigo",Indigo,1,189000,,0,40000,229000,payment_attempted_failed,GoPay,gateway_timeout,instagram / bio_link,ig_always_on,,/products/loop-tote-indigo,271,8,payment_failed,2026-09-04 19:48:37,false,false,2026-09-05 18:48:37,false,false,,,abandoned,,,,https://loopcycle.example/checkouts/c/3312654724301/recover,
3684363440505,2026-09-04 18:49:14,2026-09-04 18:57:14,,r***@gmail.com,+62-8**-****-2814,true,mobile,Bandung,West Java,ID,LT-BTK,Loop Tote Batik Limited Edition,Batik Kawung,1,249000,,0,25000,274000,payment_attempted_failed,QRIS,gateway_timeout,instagram / bio_link,ig_batik_reel,17902562330559770,/products/loop-tote-batik-limited-edition,40,5,payment_failed,2026-09-04 19:49:14,true,true,2026-09-05 18:49:14,false,false,,,abandoned,,,,https://loopcycle.example/checkouts/c/3684363440505/recover,sku_match
3436111816040,2026-09-04 18:49:48,2026-09-04 19:14:48,,r***@gmail.com,+62-8**-****-8362,true,mobile,Cianjur,West Java,ID,LT-GRN,"Loop Tote, Sea-green",Sea-green,1,189000,,0,,189000,contact_info,,,instagram / bio_link,ig_always_on,,/products/loop-tote-sea-green,412,3,just_browsing_or_comparing,2026-09-04 19:49:48,false,false,2026-09-05 18:49:48,true,true,,,abandoned,,,,https://loopcycle.example/checkouts/c/3436111816040/recover,
3758330153226,2026-09-04 18:52:11,2026-09-04 19:10:11,,j***@proton.me,+62-8**-****-9006,true,desktop,Garut,West Java,ID,LT-GRN,"Loop Tote, Sea-green",Sea-green,1,189000,,0,,189000,contact_info,,,instagram / bio_link,ig_always_on,,/products/loop-tote-sea-green,242,9,distracted_or_session_ended,2026-09-04 19:52:11,true,false,2026-09-05 18:52:11,false,false,,,abandoned,,,,https://loopcycle.example/checkouts/c/3758330153226/recover,
3080752707803,2026-09-04 18:52:23,2026-09-04 19:04:23,,r***@gmail.com,,true,mobile,Garut,West Java,ID,LT-BTK,Loop Tote Batik Limited Edition,Batik Kawung,1,249000,,0,40000,289000,payment_attempted_failed,OVO,timeout,instagram / bio_link,ig_batik_reel,17902562330559770,/products/loop-tote-batik-limited-edition,276,7,payment_failed,2026-09-04 19:52:23,false,false,2026-09-05 18:52:23,false,false,,,abandoned,,,,https://loopcycle.example/checkouts/c/3080752707803/recover,sku_match
3634618510389,2026-09-04 18:52:44,2026-09-04 19:15:44,,h***@gmail.com,+62-8**-****-7835,true,mobile,Medan,North Sumatra,ID,LT-SND,"Loop Tote, Sand",Sand,1,189000,,0,,189000,contact_info,,,instagram / bio_link,ig_always_on,,/products/loop-tote-sand,486,6,just_browsing_or_comparing,2026-09-04 19:52:44,true,false,2026-09-05 18:52:44,true,false,,,abandoned,,,,https://loopcycle.example/checkouts/c/3634618510389/recover,
3428500357034,2026-09-04 18:55:19,2026-09-04 19:19:19,,t***@gmail.com,,true,mobile,Jakarta,DKI Jakarta,ID,LT-IND,"Loop Tote, Indigo",Indigo,4,756000,,0,,756000,contact_info,,,instagram / bio_link,ig_always_on,,/products/loop-tote-indigo,753,2,site_slow_or_error,2026-09-04 19:55:19,true,true,2026-09-05 18:55:19,true,false,,,abandoned,,,,https://loopcycle.example/checkouts/c/3428500357034/recover,
3575989952574,2026-09-04 18:59:03,2026-09-04 19:04:03,,y***@icloud.com,,false,mobile,Surabaya,East Java,ID,LT-GRN,"Loop Tote, Sea-green",Sea-green,2,378000,,0,,378000,contact_info,,,instagram / bio_link,ig_always_on,,/products/loop-tote-sea-green,794,3,site_slow_or_error,2026-09-04 19:59:03,false,false,2026-09-05 18:59:03,true,false,,,abandoned,,,,https://loopcycle.example/checkouts/c/3575989952574/recover,
3248766167439,2026-09-04 18:59:58,2026-09-04 19:24:58,,k***@gmail.com,+62-8**-****-3402,true,mobile,Banjarmasin,South Kalimantan,ID,LT-BTK,Loop Tote Batik Limited Edition,Batik Kawung,1,249000,,0,15000,264000,shipping_method,,,instagram / bio_link,ig_batik_reel,17902562330559770,/products/loop-tote-batik-limited-edition,836,9,unexpected_shipping_cost,2026-09-04 19:59:58,true,true,2026-09-05 18:59:58,false,false,2026-09-04 20:59:58,false,abandoned,,,,https://loopcycle.example/checkouts/c/3248766167439/recover,sku_match
3179137096243,2026-09-04 19:03:32,2026-09-04 19:26:32,,t***@gmail.com,+62-8**-****-4255,true,mobile,South Tangerang,Banten,ID,LT-BTK,Loop Tote Batik Limited Edition,Batik Parang,1,249000,,0,18000,267000,payment_method_selected,Bank transfer (VA),,instagram / bio_link,ig_batik_reel,17902562330559770,/products/loop-tote-batik-limited-edition,348,11,preferred_payment_unavailable,2026-09-04 20:03:32,true,false,2026-09-05 19:03:32,false,false,2026-09-04 21:03:32,true,abandoned,,,,https://loopcycle.example/checkouts/c/3179137096243/recover,sku_match
3156185499543,2026-09-04 19:04:25,2026-09-04 19:08:25,,,+62-8**-****-3927,false,mobile,Bandung,West Java,ID,LT-BTK,Loop Tote Batik Limited Edition,Batik Kawung,1,249000,,0,32000,281000,shipping_method,,,instagram / bio_link,ig_batik_reel,17902562330559770,/products/loop-tote-batik-limited-edition,153,10,waiting_for_promo_code,,,,,,,2026-09-04 21:04:25,false,abandoned,,,,https://loopcycle.example/checkouts/c/3156185499543/recover,sku_match
3343242634874,2026-09-04 19:04:27,2026-09-04 19:19:27,,e***@outlook.com,+62-8**-****-3982,false,mobile,Denpasar,Bali,ID,LT-GRN,"Loop Tote, Sea-green",Sea-green,1,189000,,0,25000,214000,shipping_method,,,google / organic,,,/products/loop-tote-sea-green,863,3,unexpected_shipping_cost,2026-09-04 20:04:27,true,false,2026-09-05 19:04:27,true,false,,,abandoned,,,,https://loopcycle.example/checkouts/c/3343242634874/recover,
3093655676220,2026-09-04 19:05:00,2026-09-04 19:06:00,,t***@gmail.com,+62-8**-****-2125,true,mobile,Medan,North Sumatra,ID,LT-IND,"Loop Tote, Indigo",Indigo,1,189000,,0,40000,229000,payment_attempted_failed,OVO,gateway_timeout,instagram / bio_link,ig_always_on,,/products/loop-tote-indigo,375,8,payment_failed,2026-09-04 20:05:00,true,false,2026-09-05 19:05:00,false,false,,,abandoned,,,,https://loopcycle.example/checkouts/c/3093655676220/recover,
3548311884337,2026-09-04 19:08:10,2026-09-04 19:16:10,,w***@hotmail.com,+62-8**-****-2420,false,mobile,Yogyakarta,DI Yogyakarta,ID,LT-BTK,Loop Tote Batik Limited Edition,Batik Kawung,1,249000,,0,32000,281000,payment_attempted_failed,QRIS,qris_expired,instagram / bio_link,ig_process_impact_p17,17909597409818323,/products/loop-tote-batik-limited-edition,196,3,payment_failed,2026-09-04 20:08:10,false,false,2026-09-05 19:08:10,false,false,2026-09-04 21:08:10,false,abandoned,,,,https://loopcycle.example/checkouts/c/3548311884337/recover,utm_bio_link
3490077321193,2026-09-04 19:08:56,2026-09-04 19:18:56,,o***@gmail.com,+62-8**-****-8445,true,mobile,Banjarmasin,South Kalimantan,ID,LT-BTK,Loop Tote Batik Limited Edition,Batik Kawung,1,249000,,0,15000,264000,payment_method_selected,GoPay,,instagram / bio_link,ig_batik_reel,17902562330559770,/products/loop-tote-batik-limited-edition,584,7,payment_page_expired,2026-09-04 20:08:56,true,false,2026-09-05 19:08:56,true,false,2026-09-04 21:08:56,true,abandoned,,,,https://loopcycle.example/checkouts/c/3490077321193/recover,sku_match
3505191189271,2026-09-04 19:10:02,2026-09-04 19:12:02,,a***@gmail.com,,true,mobile,Bogor,West Java,ID,LT-GRN,"Loop Tote, Sea-green",Sea-green,1,189000,,0,18000,207000,payment_attempted_failed,Bank transfer (VA),va_expired,instagram / bio_link,ig_process_impact_p17,17909597409818323,/products/loop-tote-sea-green,679,3,payment_failed,2026-09-04 20:10:02,false,false,2026-09-05 19:10:02,true,false,,,abandoned,,,,https://loopcycle.example/checkouts/c/3505191189271/recover,utm_bio_link
3921868190282,2026-09-04 19:10:41,2026-09-04 19:33:41,,p***@gmail.com,+62-8**-****-9597,true,mobile,Bogor,West Java,ID,LT-SND,"Loop Tote, Sand",Sand,1,189000,,0,18000,207000,shipping_method,,,instagram / bio_link,ig_always_on,,/products/loop-tote-sand,771,10,unexpected_shipping_cost,2026-09-04 20:10:41,false,false,2026-09-05 19:10:41,true,false,2026-09-04 21:10:41,false,abandoned,,,,https://loopcycle.example/checkouts/c/3921868190282/recover,
3038667107471,2026-09-04 19:14:25,2026-09-04 19:34:25,,y***@gmail.com,,true,mobile,Garut,West Java,ID,LT-SND,"Loop Tote, Sand",Sand,1,189000,,0,,189000,contact_info,,,instagram / bio_link,ig_always_on,,/products/loop-tote-sand,292,4,site_slow_or_error,2026-09-04 20:14:25,true,false,2026-09-05 19:14:25,false,false,,,abandoned,,,,https://loopcycle.example/checkouts/c/3038667107471/recover,
3525394580271,2026-09-04 19:20:01,2026-09-04 19:27:01,,m***@gmail.com,,false,tablet,Jakarta,DKI Jakarta,ID,LT-BTK,Loop Tote Batik Limited Edition,Batik Parang,1,249000,,0,,249000,contact_info,,,instagram / bio_link,ig_batik_reel,17902562330559770,/products/loop-tote-batik-limited-edition,247,4,distracted_or_session_ended,2026-09-04 20:20:01,false,false,2026-09-05 19:20:01,false,false,,,abandoned,,,,https://loopcycle.example/checkouts/c/3525394580271/recover,sku_match
3808824900245,2026-09-04 19:20:31,2026-09-04 19:28:31,,,+62-8**-****-7871,false,mobile,Bekasi,West Java,ID,LT-BTK,Loop Tote Batik Limited Edition,Batik Parang,1,249000,,0,32000,281000,payment_attempted_failed,GoPay,insufficient_balance,instagram / bio_link,ig_batik_reel,17902562330559770,/products/loop-tote-batik-limited-edition,347,2,payment_failed,,,,,,,2026-09-04 21:20:31,false,abandoned,,,,https://loopcycle.example/checkouts/c/3808824900245/recover,sku_match
3559647950791,2026-09-04 19:21:56,2026-09-04 19:36:56,,y***@hotmail.com,,false,desktop,Bogor,West Java,ID,LT-BTK,Loop Tote Batik Limited Edition,Batik Kawung,2,498000,,0,0,498000,shipping_method,,,instagram / bio_link,ig_batik_reel,17902562330559770,/products/loop-tote-batik-limited-edition,578,9,unexpected_shipping_cost,2026-09-04 20:21:56,true,false,2026-09-05 19:21:56,true,false,,,abandoned,,,,https://loopcycle.example/checkouts/c/3559647950791/recover,sku_match
3935834920413,2026-09-04 19:22:12,2026-09-04 19:37:12,,t***@icloud.com,+62-8**-****-8403,true,mobile,Depok,West Java,ID,LT-BTK,Loop Tote Batik Limited Edition,Batik Kawung,1,249000,,0,15000,264000,payment_attempted_failed,GoPay,timeout,instagram / bio_link,ig_batik_reel,17902562330559770,/products/loop-tote-batik-limited-edition,341,4,payment_failed,2026-09-04 20:22:12,true,true,2026-09-05 19:22:12,false,false,,,abandoned,,,,https://loopcycle.example/checkouts/c/3935834920413/recover,sku_match
3494488639508,2026-09-04 19:23:38,2026-09-04 19:26:38,,j***@gmail.com,+62-8**-****-7225,false,mobile,Medan,North Sumatra,ID,LT-GRN,"Loop Tote, Sea-green",Sea-green,1,189000,,0,25000,214000,payment_method_selected,Bank transfer (VA),,instagram / bio_link,ig_always_on,,/products/loop-tote-sea-green,390,7,site_slow_or_error,2026-09-04 20:23:38,true,false,2026-09-05 19:23:38,false,false,,,abandoned,,,,https://loopcycle.example/checkouts/c/3494488639508/recover,
3435810367013,2026-09-04 19:26:04,2026-09-04 19:39:04,,d***@gmail.com,,false,mobile,Tasikmalaya,West Java,ID,LT-SND,"Loop Tote, Sand",Sand,1,189000,,0,40000,229000,shipping_method,,,instagram / bio_link,ig_always_on,,/products/loop-tote-sand,414,10,distracted_or_session_ended,2026-09-04 20:26:04,false,false,2026-09-05 19:26:04,true,false,,,abandoned,,,,https://loopcycle.example/checkouts/c/3435810367013/recover,
3119994640118,2026-09-04 19:27:54,2026-09-04 19:31:54,,i***@gmail.com,,false,mobile,Garut,West Java,ID,LT-BTK,Loop Tote Batik Limited Edition,Batik Parang,1,249000,,0,40000,289000,payment_method_selected,Bank transfer (VA),,instagram / bio_link,ig_batik_reel,17902562330559770,/products/loop-tote-batik-limited-edition,802,7,payment_page_expired,2026-09-04 20:27:54,true,true,2026-09-05 19:27:54,false,false,,,abandoned,,,,https://loopcycle.example/checkouts/c/3119994640118/recover,sku_match
3857023432940,2026-09-04 19:28:17,2026-09-04 19:43:17,,a***@proton.me,,true,mobile,Bekasi,West Java,ID,LT-BTK,Loop Tote Batik Limited Edition,Batik Kawung,1,249000,,0,32000,281000,payment_method_selected,QRIS,,instagram / bio_link,ig_batik_reel,17902562330559770,/products/loop-tote-batik-limited-edition,819,8,site_slow_or_error,2026-09-04 20:28:17,false,false,2026-09-05 19:28:17,false,false,,,abandoned,,,,https://loopcycle.example/checkouts/c/3857023432940/recover,sku_match
3919731190782,2026-09-04 19:29:48,2026-09-04 19:33:48,,y***@gmail.com,+62-8**-****-4210,true,mobile,Bandung,West Java,ID,LT-GRN,"Loop Tote, Sea-green",Sea-green,1,189000,,0,,189000,contact_info,,,google / organic,,,/products/loop-tote-sea-green,373,4,site_slow_or_error,2026-09-04 20:29:48,false,false,2026-09-05 19:29:48,false,false,2026-09-04 21:29:48,false,abandoned,,,,https://loopcycle.example/checkouts/c/3919731190782/recover,
3835804417974,2026-09-04 19:32:20,2026-09-04 19:57:20,,g***@gmail.com,+62-8**-****-2208,false,mobile,Cimahi,West Java,ID,LT-BTK,Loop Tote Batik Limited Edition,Batik Kawung,1,249000,,0,15000,264000,payment_method_selected,Credit card,,instagram / bio_link,ig_batik_reel,17902562330559770,/products/loop-tote-batik-limited-edition,524,11,waiting_for_voucher,2026-09-04 20:32:20,false,false,2026-09-05 19:32:20,false,false,,,abandoned,,,,https://loopcycle.example/checkouts/c/3835804417974/recover,sku_match
3295024927925,2026-09-04 19:32:21,2026-09-04 19:52:21,,o***@gmail.com,+62-8**-****-3306,false,mobile,Jakarta,DKI Jakarta,ID,LT-BTK,Loop Tote Batik Limited Edition,Batik Kawung,1,249000,NEWSLETTER5,12500,32000,268500,shipping_method,,,instagram / bio_link,ig_always_on,,/products/loop-tote-batik-limited-edition,702,2,unexpected_shipping_cost,2026-09-04 20:32:21,false,false,2026-09-05 19:32:21,true,false,2026-09-04 21:32:21,false,abandoned,,,,https://loopcycle.example/checkouts/c/3295024927925/recover,
3331298177546,2026-09-04 19:33:06,2026-09-04 19:45:06,,n***@gmail.com,+62-8**-****-1873,true,mobile,Jakarta,DKI Jakarta,ID,LT-BTK,Loop Tote Batik Limited Edition,Batik Kawung,1,249000,,0,15000,264000,payment_method_selected,QRIS,,instagram / bio_link,ig_batik_reel,17902562330559770,/products/loop-tote-batik-limited-edition,330,3,checking_marketplace_price,2026-09-04 20:33:06,true,false,2026-09-05 19:33:06,false,false,,,abandoned,,,,https://loopcycle.example/checkouts/c/3331298177546/recover,sku_match
3605867248079,2026-09-04 19:36:44,2026-09-04 19:54:44,,t***@gmail.com,,true,mobile,Depok,West Java,ID,LT-IND,"Loop Tote, Indigo",Indigo,1,189000,,0,25000,214000,shipping_method,,,instagram / bio_link,ig_always_on,,/products/loop-tote-indigo,109,7,unexpected_shipping_cost,2026-09-04 20:36:44,true,true,2026-09-05 19:36:44,false,false,,,abandoned,,,,https://loopcycle.example/checkouts/c/3605867248079/recover,
3837363557860,2026-09-04 19:37:04,2026-09-04 19:39:04,,n***@outlook.com,+62-8**-****-6330,true,mobile,Depok,West Java,ID,LT-BTK,Loop Tote Batik Limited Edition,Batik Parang,1,249000,,0,18000,267000,payment_method_selected,Bank transfer (VA),,instagram / bio_link,ig_batik_reel,17902562330559770,/products/loop-tote-batik-limited-edition,296,11,payment_page_expired,2026-09-04 20:37:04,false,false,2026-09-05 19:37:04,false,false,2026-09-04 21:37:04,true,abandoned,,,,https://loopcycle.example/checkouts/c/3837363557860/recover,sku_match
3291023201983,2026-09-04 19:38:33,2026-09-04 19:42:33,,i***@proton.me,+62-8**-****-1458,false,mobile,Makassar,South Sulawesi,ID,LT-BTK,Loop Tote Batik Limited Edition,Batik Parang,1,249000,,0,,249000,contact_info,,,instagram / bio_link,ig_batik_reel,17902562330559770,/products/loop-tote-batik-limited-edition,139,10,just_browsing_or_comparing,2026-09-04 20:38:33,false,false,2026-09-05 19:38:33,false,false,,,abandoned,,,,https://loopcycle.example/checkouts/c/3291023201983/recover,sku_match
3420718950435,2026-09-04 19:39:59,2026-09-04 19:48:59,,,+62-8**-****-5503,false,mobile,Medan,North Sumatra,ID,LT-BTK,Loop Tote Batik Limited Edition,Batik Parang,1,249000,,0,32000,281000,shipping_method,,,instagram / bio_link,ig_batik_reel,17902562330559770,/products/loop-tote-batik-limited-edition,806,3,unexpected_shipping_cost,,,,,,,,,abandoned,,,,https://loopcycle.example/checkouts/c/3420718950435/recover,sku_match
3162999872541,2026-09-04 19:40:25,2026-09-04 19:49:25,,p***@yahoo.co.id,+62-8**-****-1144,true,mobile,Cirebon,West Java,ID,LT-BTK,Loop Tote Batik Limited Edition,Batik Kawung,1,249000,,0,,249000,contact_info,,,instagram / bio_link,ig_batik_reel,17902562330559770,/products/loop-tote-batik-limited-edition,802,8,site_slow_or_error,2026-09-04 20:40:25,false,false,2026-09-05 19:40:25,true,false,,,abandoned,,,,https://loopcycle.example/checkouts/c/3162999872541/recover,sku_match
3854469199357,2026-09-04 19:42:24,2026-09-04 20:01:24,,w***@gmail.com,,true,mobile,Garut,West Java,ID,LT-GRN,"Loop Tote, Sea-green",Sea-green,1,189000,,0,25000,214000,payment_attempted_failed,ShopeePay,timeout,instagram / bio_link,ig_always_on,,/products/loop-tote-sea-green,244,6,payment_failed,2026-09-04 20:42:24,false,false,2026-09-05 19:42:24,true,true,,,abandoned,,,,https://loopcycle.example/checkouts/c/3854469199357/recover,
3793304423712,2026-09-04 19:42:54,2026-09-04 20:01:54,,,+62-8**-****-4005,false,mobile,Cimahi,West Java,ID,LT-BTK,Loop Tote Batik Limited Edition,Batik Parang,1,249000,,0,,249000,contact_info,,,instagram / bio_link,ig_batik_reel,17902562330559770,/products/loop-tote-batik-limited-edition,794,2,wanted_other_colour,,,,,,,2026-09-04 21:42:54,true,abandoned,,,,https://loopcycle.example/checkouts/c/3793304423712/recover,sku_match
3103881320265,2026-09-04 19:43:45,2026-09-04 20:08:45,,d***@icloud.com,,true,desktop,Medan,North Sumatra,ID,LT-BTK,Loop Tote Batik Limited Edition,Batik Parang,2,498000,,0,,498000,contact_info,,,instagram / bio_link,ig_behind_the_scenes_p18,17906745675922616,/products/loop-tote-batik-limited-edition,835,5,distracted_or_session_ended,2026-09-04 20:43:45,true,false,2026-09-05 19:43:45,false,false,,,abandoned,,,,https://loopcycle.example/checkouts/c/3103881320265/recover,utm_bio_link
3974516190187,2026-09-04 19:44:49,2026-09-04 19:53:49,,g***@proton.me,+62-8**-****-1072,true,mobile,Pekanbaru,Riau,ID,LT-BTK,Loop Tote Batik Limited Edition,Batik Parang,1,249000,,0,,249000,contact_info,,,instagram / bio_link,ig_batik_reel,17902562330559770,/products/loop-tote-batik-limited-edition,527,7,distracted_or_session_ended,2026-09-04 20:44:49,false,false,2026-09-05 19:44:49,false,false,2026-09-04 21:44:49,false,abandoned,,,,https://loopcycle.example/checkouts/c/3974516190187/recover,sku_match
3560286401012,2026-09-04 19:45:07,2026-09-04 19:58:07,,p***@yahoo.co.id,,false,mobile,Bandung,West Java,ID,LT-BTK,Loop Tote Batik Limited Edition,Batik Kawung,1,249000,,0,15000,264000,shipping_method,,,instagram / bio_link,ig_always_on,,/products/loop-tote-batik-limited-edition,159,5,delivery_time_too_long,2026-09-04 20:45:07,true,false,2026-09-05 19:45:07,false,false,,,abandoned,,,,https://loopcycle.example/checkouts/c/3560286401012/recover,
3988902893576,2026-09-04 19:47:03,2026-09-04 20:07:03,,m***@yahoo.co.id,,true,mobile,Denpasar,Bali,ID,LT-BTK,Loop Tote Batik Limited Edition,Batik Parang,2,498000,,0,0,498000,shipping_method,,,instagram / bio_link,ig_batik_reel,17902562330559770,/products/loop-tote-batik-limited-edition,144,4,unexpected_shipping_cost,2026-09-04 20:47:03,true,false,2026-09-05 19:47:03,false,false,,,abandoned,,,,https://loopcycle.example/checkouts/c/3988902893576/recover,sku_match
3933192101704,2026-09-04 19:47:32,2026-09-04 19:52:32,,w***@yahoo.co.id,+62-8**-****-7069,true,desktop,Bandung,West Java,ID,LT-GRN,"Loop Tote, Sea-green",Sea-green,2,378000,,0,0,378000,shipping_method,,,google / organic,,,/products/loop-tote-sea-green,522,7,unexpected_shipping_cost,2026-09-04 20:47:32,true,true,2026-09-05 19:47:32,true,false,,,abandoned,,,,https://loopcycle.example/checkouts/c/3933192101704/recover,
3443406717854,2026-09-04 19:49:24,2026-09-04 19:56:24,,,+62-8**-****-7783,false,mobile,Bandung,West Java,ID,LT-GRN,"Loop Tote, Sea-green",Sea-green,1,189000,,0,40000,229000,shipping_method,,,instagram / bio_link,ig_behind_the_scenes_p18,17906745675922616,/products/loop-tote-sea-green,54,5,distracted_or_session_ended,,,,,,,2026-09-04 21:49:24,false,abandoned,,,,https://loopcycle.example/checkouts/c/3443406717854/recover,utm_bio_link
3165643140764,2026-09-04 19:50:13,2026-09-04 20:12:13,,e***@gmail.com,+62-8**-****-7081,true,desktop,Tasikmalaya,West Java,ID,LT-SND,"Loop Tote, Sand",Sand,1,189000,NEWSLETTER5,9500,25000,204500,shipping_method,,,instagram / bio_link,ig_always_on,,/products/loop-tote-sand,701,6,delivery_time_too_long,2026-09-04 20:50:13,false,false,2026-09-05 19:50:13,false,false,,,abandoned,,,,https://loopcycle.example/checkouts/c/3165643140764/recover,
3507326661469,2026-09-04 19:50:35,2026-09-04 20:11:35,,c***@yahoo.co.id,,true,mobile,Depok,West Java,ID,LT-BTK,Loop Tote Batik Limited Edition,Batik Kawung,1,249000,,0,18000,267000,shipping_method,,,instagram / bio_link,ig_batik_reel,17902562330559770,/products/loop-tote-batik-limited-edition,52,5,unexpected_shipping_cost,2026-09-04 20:50:35,true,false,2026-09-05 19:50:35,false,false,,,abandoned,,,,https://loopcycle.example/checkouts/c/3507326661469/recover,sku_match
3560079663324,2026-09-04 19:50:52,2026-09-04 20:05:52,,k***@gmail.com,+62-8**-****-3530,true,desktop,Bandung,West Java,ID,LT-GRN,"Loop Tote, Sea-green",Sea-green,1,189000,,0,32000,221000,payment_attempted_failed,Credit card,3ds_failed,instagram / bio_link,ig_always_on,,/products/loop-tote-sea-green,790,10,payment_failed,2026-09-04 20:50:52,true,false,2026-09-05 19:50:52,false,false,2026-09-04 21:50:52,false,abandoned,,,,https://loopcycle.example/checkouts/c/3560079663324/recover,
3443429281181,2026-09-04 19:50:56,2026-09-04 19:57:56,,c***@gmail.com,+62-8**-****-2248,true,mobile,Makassar,South Sulawesi,ID,LT-BTK,Loop Tote Batik Limited Edition,Batik Kawung,1,249000,,0,32000,281000,payment_method_selected,GoPay,,instagram / bio_link,ig_behind_the_scenes_p18,17906745675922616,/products/loop-tote-batik-limited-edition,826,3,site_slow_or_error,2026-09-04 20:50:56,false,false,2026-09-05 19:50:56,false,false,,,abandoned,,,,https://loopcycle.example/checkouts/c/3443429281181/recover,utm_bio_link
3534052661029,2026-09-04 19:52:33,2026-09-04 20:11:33,,d***@gmail.com,,true,desktop,Bogor,West Java,ID,LT-BTK,Loop Tote Batik Limited Edition,Batik Kawung,1,249000,,0,18000,267000,shipping_method,,,direct,,,/products/loop-tote-batik-limited-edition,631,2,delivery_time_too_long,2026-09-04 20:52:33,false,false,2026-09-05 19:52:33,false,false,,,abandoned,,,,https://loopcycle.example/checkouts/c/3534052661029/recover,
3668703449872,2026-09-04 19:52:38,2026-09-04 20:11:38,,f***@icloud.com,,true,mobile,Jakarta,DKI Jakarta,ID,LT-BTK,Loop Tote Batik Limited Edition,Batik Parang,1,249000,,0,,249000,contact_info,,,instagram / bio_link,ig_batik_reel,17902562330559770,/products/loop-tote-batik-limited-edition,654,4,just_browsing_or_comparing,2026-09-04 20:52:38,true,false,2026-09-05 19:52:38,false,false,,,abandoned,,,,https://loopcycle.example/checkouts/c/3668703449872/recover,sku_match
3955774363249,2026-09-04 19:53:37,2026-09-04 19:56:37,,y***@gmail.com,+62-8**-****-1223,true,mobile,Bekasi,West Java,ID,LT-BTK,Loop Tote Batik Limited Edition,Batik Kawung,1,249000,,0,25000,274000,shipping_method,,,instagram / bio_link,ig_batik_reel,17902562330559770,/products/loop-tote-batik-limited-edition,490,11,unexpected_shipping_cost,2026-09-04 20:53:37,false,false,2026-09-05 19:53:37,true,false,,,abandoned,,,,https://loopcycle.example/checkouts/c/3955774363249/recover,sku_match
3273333197324,2026-09-04 19:55:02,2026-09-04 20:15:02,,c***@yahoo.co.id,+62-8**-****-8208,true,mobile,Denpasar,Bali,ID,LT-GRN,"Loop Tote, Sea-green",Sea-green,1,189000,,0,,189000,contact_info,,,instagram / bio_link,ig_always_on,,/products/loop-tote-sea-green,870,8,distracted_or_session_ended,2026-09-04 20:55:02,false,false,2026-09-05 19:55:02,true,false,,,abandoned,,,,https://loopcycle.example/checkouts/c/3273333197324/recover,
3160496324823,2026-09-04 19:55:25,2026-09-04 20:00:25,,,+62-8**-****-7994,false,mobile,Denpasar,Bali,ID,LT-SND,"Loop Tote, Sand",Sand,1,189000,,0,32000,221000,shipping_method,,,instagram / bio_link,ig_always_on,,/products/loop-tote-sand,683,10,unexpected_shipping_cost,,,,,,,,,abandoned,,,,https://loopcycle.example/checkouts/c/3160496324823/recover,
3365443232191,2026-09-04 19:55:52,2026-09-04 20:07:52,,o***@outlook.com,+62-8**-****-5292,true,mobile,Cimahi,West Java,ID,LT-SND,"Loop Tote, Sand",Sand,1,189000,,0,,189000,contact_info,,,instagram / bio_link,ig_always_on,,/products/loop-tote-sand,360,6,just_browsing_or_comparing,2026-09-04 20:55:52,false,false,2026-09-05 19:55:52,false,false,,,abandoned,,,,https://loopcycle.example/checkouts/c/3365443232191/recover,
3927896936575,2026-09-04 19:57:28,2026-09-04 20:08:28,,w***@gmail.com,,true,mobile,Makassar,South Sulawesi,ID,LT-BTK,Loop Tote Batik Limited Edition,Batik Parang,1,249000,,0,15000,264000,payment_attempted_failed,GoPay,gateway_timeout,instagram / bio_link,ig_batik_reel,17902562330559770,/products/loop-tote-batik-limited-edition,720,7,payment_failed,2026-09-04 20:57:28,true,false,2026-09-05 19:57:28,false,false,,,abandoned,,,,https://loopcycle.example/checkouts/c/3927896936575/recover,sku_match
3296125746463,2026-09-04 19:58:47,2026-09-04 20:01:47,,i***@gmail.com,+62-8**-****-8126,true,mobile,Jakarta,DKI Jakarta,ID,LT-GRN,"Loop Tote, Sea-green",Sea-green,1,189000,,0,25000,214000,shipping_method,,,instagram / bio_link,ig_behind_the_scenes_p18,17906745675922616,/products/loop-tote-sea-green,88,9,unexpected_shipping_cost,2026-09-04 20:58:47,false,false,2026-09-05 19:58:47,false,false,,,abandoned,,,,https://loopcycle.example/checkouts/c/3296125746463/recover,utm_bio_link
3363058614253,2026-09-04 19:59:06,2026-09-04 20:09:06,,g***@gmail.com,,false,mobile,Garut,West Java,ID,LT-GRN,"Loop Tote, Sea-green",Sea-green,1,189000,,0,15000,204000,payment_attempted_failed,QRIS,qris_expired,instagram / bio_link,ig_always_on,,/products/loop-tote-sea-green,554,5,payment_failed,2026-09-04 20:59:06,true,false,2026-09-05 19:59:06,false,false,,,abandoned,,,,https://loopcycle.example/checkouts/c/3363058614253/recover,
3707617465495,2026-09-04 19:59:56,2026-09-04 20:12:56,,c***@gmail.com,+62-8**-****-2287,true,mobile,Subang,West Java,ID,LT-IND,"Loop Tote, Indigo",Indigo,1,189000,,0,,189000,contact_info,,,instagram / bio_link,ig_always_on,,/products/loop-tote-indigo,189,4,distracted_or_session_ended,2026-09-04 20:59:56,false,false,2026-09-05 19:59:56,false,false,,,abandoned,,,,https://loopcycle.example/checkouts/c/3707617465495/recover,
3504664667890,2026-09-04 20:03:44,2026-09-04 20:08:44,,,+62-8**-****-7809,false,mobile,Bekasi,West Java,ID,LT-BTK,Loop Tote Batik Limited Edition,Batik Parang,1,249000,,0,18000,267000,shipping_method,,,instagram / bio_link,ig_batik_reel,17902562330559770,/products/loop-tote-batik-limited-edition,388,9,delivery_time_too_long,,,,,,,,,abandoned,,,,https://loopcycle.example/checkouts/c/3504664667890/recover,sku_match
3466856512870,2026-09-04 20:04:32,2026-09-04 20:22:32,,s***@hotmail.com,+62-8**-****-5014,false,tablet,Jakarta,DKI Jakarta,ID,LT-SND,"Loop Tote, Sand",Sand,1,189000,,0,18000,207000,payment_method_selected,ShopeePay,,instagram / bio_link,ig_always_on,,/products/loop-tote-sand,875,4,payment_page_expired,2026-09-04 21:04:32,true,true,2026-09-05 20:04:32,false,false,2026-09-04 22:04:32,false,abandoned,,,,https://loopcycle.example/checkouts/c/3466856512870/recover,
3178572097653,2026-09-04 20:06:19,2026-09-04 20:10:19,,g***@gmail.com,,true,mobile,Jakarta,DKI Jakarta,ID,LT-IND,"Loop Tote, Indigo",Indigo,1,189000,,0,18000,207000,payment_method_selected,QRIS,,instagram / bio_link,ig_process_impact_p16,17901296159799218,/products/loop-tote-indigo,319,3,site_slow_or_error,2026-09-04 21:06:19,true,true,2026-09-05 20:06:19,false,false,,,abandoned,,,,https://loopcycle.example/checkouts/c/3178572097653/recover,utm_bio_link
3861660266112,2026-09-04 20:07:16,2026-09-04 20:19:16,,n***@gmail.com,,true,mobile,Bekasi,West Java,ID,LT-GRN,"Loop Tote, Sea-green",Sea-green,1,189000,,0,18000,207000,payment_method_selected,Bank transfer (VA),,instagram / bio_link,ig_always_on,,/products/loop-tote-sea-green,879,6,site_slow_or_error,2026-09-04 21:07:16,false,false,2026-09-05 20:07:16,false,false,,,abandoned,,,,https://loopcycle.example/checkouts/c/3861660266112/recover,
3773666157955,2026-09-04 20:09:13,2026-09-04 20:33:13,,g***@gmail.com,,true,mobile,Cirebon,West Java,ID,LT-BTK,Loop Tote Batik Limited Edition,Batik Kawung,1,249000,,0,,249000,contact_info,,,instagram / bio_link,ig_batik_reel,17902562330559770,/products/loop-tote-batik-limited-edition,535,8,distracted_or_session_ended,2026-09-04 21:09:13,false,false,2026-09-05 20:09:13,false,false,,,abandoned,,,,https://loopcycle.example/checkouts/c/3773666157955/recover,sku_match
3763372407877,2026-09-04 20:10:15,2026-09-04 20:13:15,,,+62-8**-****-4674,false,mobile,Cimahi,West Java,ID,LT-BTK,Loop Tote Batik Limited Edition,Batik Parang,1,249000,,0,,249000,contact_info,,,instagram / bio_link,ig_batik_reel,17902562330559770,/products/loop-tote-batik-limited-edition,533,7,just_browsing_or_comparing,,,,,,,,,abandoned,,,,https://loopcycle.example/checkouts/c/3763372407877/recover,sku_match
3886590576725,2026-09-04 20:10:32,2026-09-04 20:21:32,,s***@gmail.com,+62-8**-****-7476,true,desktop,Bandung,West Java,ID,LT-BTK,Loop Tote Batik Limited Edition,Batik Kawung,1,249000,,0,40000,289000,shipping_method,,,instagram / bio_link,ig_batik_reel,17902562330559770,/products/loop-tote-batik-limited-edition,710,7,delivery_time_too_long,2026-09-04 21:10:32,true,false,2026-09-05 20:10:32,false,false,2026-09-04 22:10:32,false,abandoned,,,,https://loopcycle.example/checkouts/c/3886590576725/recover,sku_match
3453793338896,2026-09-04 20:10:52,2026-09-04 20:34:52,,a***@gmail.com,,true,mobile,Bandung,West Java,ID,LT-BTK,Loop Tote Batik Limited Edition,Batik Kawung,1,249000,,0,40000,289000,shipping_method,,,instagram / bio_link,ig_always_on,,/products/loop-tote-batik-limited-edition,483,2,delivery_time_too_long,2026-09-04 21:10:52,false,false,2026-09-05 20:10:52,false,false,,,abandoned,,,,https://loopcycle.example/checkouts/c/3453793338896/recover,
3184211577574,2026-09-04 20:12:15,2026-09-04 20:24:15,,i***@icloud.com,+62-8**-****-1495,true,mobile,Jakarta,DKI Jakarta,ID,LT-BTK,Loop Tote Batik Limited Edition,Batik Kawung,1,249000,,0,,249000,contact_info,,,instagram / bio_link,ig_batik_reel,17902562330559770,/products/loop-tote-batik-limited-edition,280,7,site_slow_or_error,2026-09-04 21:12:15,false,false,2026-09-05 20:12:15,false,false,2026-09-04 22:12:15,false,abandoned,,,,https://loopcycle.example/checkouts/c/3184211577574/recover,sku_match
3059189492222,2026-09-04 20:16:07,2026-09-04 20:38:07,,p***@gmail.com,+62-8**-****-2538,true,mobile,Sukabumi,West Java,ID,LT-GRN,"Loop Tote, Sea-green",Sea-green,1,189000,,0,,189000,contact_info,,,instagram / bio_link,ig_process_impact_p16,17901296159799218,/products/loop-tote-sea-green,514,3,wanted_other_colour,2026-09-04 21:16:07,true,false,2026-09-05 20:16:07,false,false,,,abandoned,,,,https://loopcycle.example/checkouts/c/3059189492222/recover,utm_bio_link
3953681060507,2026-09-04 20:16:37,2026-09-04 20:34:37,,n***@hotmail.com,,true,mobile,Bandung,West Java,ID,LT-BTK,Loop Tote Batik Limited Edition,Batik Parang,1,249000,,0,40000,289000,payment_method_selected,Bank transfer (VA),,instagram / bio_link,ig_batik_reel,17902562330559770,/products/loop-tote-batik-limited-edition,210,6,site_slow_or_error,2026-09-04 21:16:37,true,false,2026-09-05 20:16:37,true,false,,,abandoned,,,,https://loopcycle.example/checkouts/c/3953681060507/recover,sku_match
3060870946115,2026-09-04 20:16:51,2026-09-04 20:26:51,,b***@gmail.com,+62-8**-****-8672,true,desktop,Bandung,West Java,ID,LT-GRN,"Loop Tote, Sea-green",Sea-green,1,189000,,0,18000,207000,shipping_method,,,direct,,,/products/loop-tote-sea-green,287,2,distracted_or_session_ended,2026-09-04 21:16:51,true,false,2026-09-05 20:16:51,false,false,,,abandoned,,,,https://loopcycle.example/checkouts/c/3060870946115/recover,
3617355194493,2026-09-04 20:23:02,2026-09-04 20:32:02,,j***@gmail.com,,false,mobile,Bogor,West Java,ID,LT-SND,"Loop Tote, Sand",Sand,1,189000,,0,18000,207000,payment_method_selected,Bank transfer (VA),,instagram / bio_link,ig_always_on,,/products/loop-tote-sand,550,9,site_slow_or_error,2026-09-04 21:23:02,true,false,2026-09-05 20:23:02,false,false,,,abandoned,,,,https://loopcycle.example/checkouts/c/3617355194493/recover,
3775456879328,2026-09-04 20:23:11,2026-09-04 20:30:11,,b***@gmail.com,+62-8**-****-2989,false,mobile,Yogyakarta,DI Yogyakarta,ID,LT-IND,"Loop Tote, Indigo",Indigo,1,189000,,0,15000,204000,payment_method_selected,QRIS,,instagram / bio_link,ig_always_on,,/products/loop-tote-indigo,410,6,waiting_for_voucher,2026-09-04 21:23:11,false,false,2026-09-05 20:23:11,false,false,2026-09-04 22:23:11,false,abandoned,,,,https://loopcycle.example/checkouts/c/3775456879328/recover,
3372494635666,2026-09-04 20:27:02,2026-09-04 20:51:02,,r***@gmail.com,+62-8**-****-6040,true,mobile,Garut,West Java,ID,LT-IND,"Loop Tote, Indigo",Indigo,1,189000,,0,40000,229000,payment_method_selected,QRIS,,instagram / bio_link,ig_always_on,,/products/loop-tote-indigo,61,11,checking_marketplace_price,2026-09-04 21:27:02,true,false,2026-09-05 20:27:02,false,false,,,abandoned,,,,https://loopcycle.example/checkouts/c/3372494635666/recover,
3834401041565,2026-09-04 20:27:15,2026-09-04 20:38:15,,d***@gmail.com,,false,desktop,Surabaya,East Java,ID,LT-BTK,Loop Tote Batik Limited Edition,Batik Kawung,2,498000,,0,,498000,contact_info,,,instagram / bio_link,ig_batik_reel,17902562330559770,/products/loop-tote-batik-limited-edition,706,10,just_browsing_or_comparing,2026-09-04 21:27:15,false,false,2026-09-05 20:27:15,true,false,,,abandoned,,,,https://loopcycle.example/checkouts/c/3834401041565/recover,sku_match
3630790615830,2026-09-04 20:28:07,2026-09-04 20:34:07,,,+62-8**-****-6204,false,mobile,Bandung,West Java,ID,LT-GRN,"Loop Tote, Sea-green",Sea-green,1,189000,,0,18000,207000,payment_method_selected,Bank transfer (VA),,instagram / bio_link,ig_process_impact_p17,17909597409818323,/products/loop-tote-sea-green,465,10,waiting_for_voucher,,,,,,,2026-09-04 22:28:07,false,abandoned,,,,https://loopcycle.example/checkouts/c/3630790615830/recover,utm_bio_link
3082511666601,2026-09-04 20:28:52,2026-09-04 20:36:52,,h***@gmail.com,+62-8**-****-4183,false,mobile,Jakarta,DKI Jakarta,ID,LT-SND,"Loop Tote, Sand",Sand,1,189000,,0,15000,204000,payment_method_selected,QRIS,,instagram / bio_link,ig_always_on,,/products/loop-tote-sand,666,5,payment_page_expired,2026-09-04 21:28:52,true,false,2026-09-05 20:28:52,false,false,2026-09-04 22:28:52,false,abandoned,,,,https://loopcycle.example/checkouts/c/3082511666601/recover,
3242575297280,2026-09-04 20:29:12,2026-09-04 20:43:12,,s***@gmail.com,+62-8**-****-2555,true,mobile,Denpasar,Bali,ID,LT-IND,"Loop Tote, Indigo",Indigo,1,189000,,0,40000,229000,shipping_method,,,direct,,,/products/loop-tote-indigo,434,5,delivery_time_too_long,2026-09-04 21:29:12,false,false,2026-09-05 20:29:12,true,false,2026-09-04 22:29:12,true,abandoned,,,,https://loopcycle.example/checkouts/c/3242575297280/recover,
3661167172258,2026-09-04 20:32:28,2026-09-04 20:54:28,,l***@gmail.com,,true,mobile,Batam,Riau Islands,ID,LT-GRN,"Loop Tote, Sea-green",Sea-green,1,189000,,0,15000,204000,payment_method_selected,Bank transfer (VA),,instagram / bio_link,ig_always_on,,/products/loop-tote-sea-green,886,6,checking_marketplace_price,2026-09-04 21:32:28,false,false,2026-09-05 20:32:28,true,false,,,abandoned,,,,https://loopcycle.example/checkouts/c/3661167172258/recover,
3126681150325,2026-09-04 20:32:28,2026-09-04 20:35:28,,t***@gmail.com,+62-8**-****-1471,false,mobile,Denpasar,Bali,ID,LT-BTK,Loop Tote Batik Limited Edition,Batik Kawung,1,249000,,0,32000,281000,payment_attempted_failed,Bank transfer (VA),va_expired,instagram / bio_link,ig_batik_reel,17902562330559770,/products/loop-tote-batik-limited-edition,191,3,payment_failed,2026-09-04 21:32:28,false,false,2026-09-05 20:32:28,false,false,,,abandoned,,,,https://loopcycle.example/checkouts/c/3126681150325/recover,sku_match
3945369162832,2026-09-04 20:36:43,2026-09-04 20:54:43,,,+62-8**-****-7641,false,mobile,Bandung,West Java,ID,LT-GRN,"Loop Tote, Sea-green",Sea-green,1,189000,,0,,189000,contact_info,,,instagram / bio_link,ig_behind_the_scenes_p18,17906745675922616,/products/loop-tote-sea-green,205,8,site_slow_or_error,,,,,,,2026-09-04 22:36:43,false,abandoned,,,,https://loopcycle.example/checkouts/c/3945369162832/recover,utm_bio_link
3329621501644,2026-09-04 20:38:47,2026-09-04 20:55:47,,l***@gmail.com,,true,mobile,Bandung,West Java,ID,LT-GRN,"Loop Tote, Sea-green",Sea-green,1,189000,,0,40000,229000,shipping_method,,,instagram / bio_link,ig_always_on,,/products/loop-tote-sea-green,273,4,unexpected_shipping_cost,2026-09-04 21:38:47,true,false,2026-09-05 20:38:47,false,false,,,abandoned,,,,https://loopcycle.example/checkouts/c/3329621501644/recover,
3443939706816,2026-09-04 20:38:48,2026-09-04 20:59:48,,c***@icloud.com,+62-8**-****-5730,false,mobile,Bandung,West Java,ID,LT-BTK,Loop Tote Batik Limited Edition,Batik Kawung,1,249000,,0,,249000,contact_info,,,instagram / bio_link,ig_batik_reel,17902562330559770,/products/loop-tote-batik-limited-edition,206,11,distracted_or_session_ended,2026-09-04 21:38:48,true,false,2026-09-05 20:38:48,false,false,2026-09-04 22:38:48,false,abandoned,,,,https://loopcycle.example/checkouts/c/3443939706816/recover,sku_match
3425503591416,2026-09-04 20:42:17,2026-09-04 21:02:17,,k***@gmail.com,,false,mobile,Cianjur,West Java,ID,LT-BTK,Loop Tote Batik Limited Edition,Batik Kawung,1,249000,,0,,249000,contact_info,,,instagram / bio_link,ig_batik_reel,17902562330559770,/products/loop-tote-batik-limited-edition,65,8,distracted_or_session_ended,2026-09-04 21:42:17,false,false,2026-09-05 20:42:17,true,false,,,abandoned,,,,https://loopcycle.example/checkouts/c/3425503591416/recover,sku_match
3824283691688,2026-09-04 20:43:27,2026-09-04 21:04:27,,a***@gmail.com,,true,desktop,Semarang,Central Java,ID,LT-BTK,Loop Tote Batik Limited Edition,Batik Parang,1,249000,,0,40000,289000,payment_method_selected,QRIS,,instagram / bio_link,ig_batik_reel,17902562330559770,/products/loop-tote-batik-limited-edition,801,5,waiting_for_voucher,2026-09-04 21:43:27,true,false,2026-09-05 20:43:27,false,false,,,abandoned,,,,https://loopcycle.example/checkouts/c/3824283691688/recover,sku_match
3692923237779,2026-09-04 20:46:29,2026-09-04 21:08:29,,n***@gmail.com,+62-8**-****-3349,false,mobile,Cianjur,West Java,ID,LT-IND,"Loop Tote, Indigo",Indigo,3,567000,,0,0,567000,payment_attempted_failed,QRIS,qris_expired,instagram / bio_link,ig_process_impact_p17,17909597409818323,/products/loop-tote-indigo,498,10,payment_failed,2026-09-04 21:46:29,true,false,2026-09-05 20:46:29,false,false,2026-09-04 22:46:29,true,abandoned,,,,https://loopcycle.example/checkouts/c/3692923237779/recover,utm_bio_link
3748233848843,2026-09-04 20:49:21,2026-09-04 20:55:21,,i***@gmail.com,+62-8**-****-4359,false,mobile,Bogor,West Java,ID,LT-BTK,Loop Tote Batik Limited Edition,Batik Parang,1,249000,,0,25000,274000,payment_method_selected,OVO,,instagram / bio_link,ig_batik_reel,17902562330559770,/products/loop-tote-batik-limited-edition,654,9,waiting_for_voucher,2026-09-04 21:49:21,true,true,2026-09-05 20:49:21,false,false,2026-09-04 22:49:21,false,abandoned,,,,https://loopcycle.example/checkouts/c/3748233848843/recover,sku_match
3620385877403,2026-09-04 20:49:25,2026-09-04 20:57:25,,i***@gmail.com,+62-8**-****-1590,true,desktop,Bandung,West Java,ID,LT-BTK,Loop Tote Batik Limited Edition,Batik Parang,1,249000,,0,18000,267000,shipping_method,,,instagram / bio_link,ig_batik_reel,17902562330559770,/products/loop-tote-batik-limited-edition,726,4,unexpected_shipping_cost,2026-09-04 21:49:25,false,false,2026-09-05 20:49:25,false,false,2026-09-04 22:49:25,false,abandoned,,,,https://loopcycle.example/checkouts/c/3620385877403/recover,sku_match
3783221453373,2026-09-04 20:49:34,2026-09-04 21:13:34,,h***@gmail.com,+62-8**-****-2718,true,mobile,Jakarta,DKI Jakarta,ID,LT-BTK,Loop Tote Batik Limited Edition,Batik Kawung,1,249000,,0,25000,274000,payment_method_selected,GoPay,,instagram / bio_link,ig_batik_reel,17902562330559770,/products/loop-tote-batik-limited-edition,379,9,site_slow_or_error,2026-09-04 21:49:34,true,false,2026-09-05 20:49:34,false,false,2026-09-04 22:49:34,false,abandoned,,,,https://loopcycle.example/checkouts/c/3783221453373/recover,sku_match
3589988961214,2026-09-04 20:52:08,2026-09-04 21:14:08,,g***@gmail.com,+62-8**-****-3703,false,mobile,Surabaya,East Java,ID,LT-GRN,"Loop Tote, Sea-green",Sea-green,1,189000,,0,40000,229000,payment_attempted_failed,Credit card,gateway_timeout,instagram / bio_link,ig_always_on,,/products/loop-tote-sea-green,314,5,payment_failed,2026-09-04 21:52:08,false,false,2026-09-05 20:52:08,false,false,,,abandoned,,,,https://loopcycle.example/checkouts/c/3589988961214/recover,
3574811896018,2026-09-04 20:53:13,2026-09-04 21:16:13,,e***@gmail.com,,true,mobile,Bogor,West Java,ID,LT-GRN,"Loop Tote, Sea-green",Sea-green,1,189000,,0,25000,214000,shipping_method,,,instagram / bio_link,ig_always_on,,/products/loop-tote-sea-green,897,10,unexpected_shipping_cost,2026-09-04 21:53:13,true,false,2026-09-05 20:53:13,false,false,,,abandoned,,,,https://loopcycle.example/checkouts/c/3574811896018/recover,
3533253695449,2026-09-04 20:53:47,2026-09-04 21:13:47,,l***@gmail.com,+62-8**-****-5975,true,desktop,Bandung,West Java,ID,LT-BTK,Loop Tote Batik Limited Edition,Batik Parang,1,249000,,0,18000,267000,payment_attempted_failed,QRIS,gateway_timeout,instagram / bio_link,ig_batik_reel,17902562330559770,/products/loop-tote-batik-limited-edition,237,5,payment_failed,2026-09-04 21:53:47,true,false,2026-09-05 20:53:47,false,false,,,abandoned,,,,https://loopcycle.example/checkouts/c/3533253695449/recover,sku_match
3452842958213,2026-09-04 20:54:07,2026-09-04 20:56:07,,,+62-8**-****-8233,false,mobile,Jakarta,DKI Jakarta,ID,LT-BTK,Loop Tote Batik Limited Edition,Batik Kawung,1,249000,,0,15000,264000,shipping_method,,,instagram / bio_link,ig_batik_reel,17902562330559770,/products/loop-tote-batik-limited-edition,805,4,unexpected_shipping_cost,,,,,,,,,abandoned,,,,https://loopcycle.example/checkouts/c/3452842958213/recover,sku_match
3530299246019,2026-09-04 20:54:40,2026-09-04 21:02:40,,w***@proton.me,,true,mobile,Malang,East Java,ID,LT-GRN,"Loop Tote, Sea-green",Sea-green,1,189000,,0,15000,204000,payment_method_selected,QRIS,,instagram / bio_link,ig_always_on,,/products/loop-tote-sea-green,565,8,waiting_for_voucher,2026-09-04 21:54:40,false,false,2026-09-05 20:54:40,true,false,,,abandoned,,,,https://loopcycle.example/checkouts/c/3530299246019/recover,
3556290221227,2026-09-04 20:55:45,2026-09-04 21:00:45,,p***@gmail.com,,true,mobile,Yogyakarta,DI Yogyakarta,ID,LT-BTK,Loop Tote Batik Limited Edition,Batik Kawung,1,249000,,0,18000,267000,shipping_method,,,instagram / bio_link,ig_batik_reel,17902562330559770,/products/loop-tote-batik-limited-edition,781,6,waiting_for_promo_code,2026-09-04 21:55:45,false,false,2026-09-05 20:55:45,false,false,,,abandoned,,,,https://loopcycle.example/checkouts/c/3556290221227/recover,sku_match
3513590468013,2026-09-04 20:58:14,2026-09-04 21:22:14,,n***@icloud.com,+62-8**-****-2208,true,mobile,Jakarta,DKI Jakarta,ID,LT-IND,"Loop Tote, Indigo",Indigo,2,378000,,0,0,378000,payment_method_selected,Bank transfer (VA),,instagram / bio_link,ig_process_impact_p17,17909597409818323,/products/loop-tote-indigo,596,8,site_slow_or_error,2026-09-04 21:58:14,false,false,2026-09-05 20:58:14,false,false,,,abandoned,,,,https://loopcycle.example/checkouts/c/3513590468013/recover,utm_bio_link
3627366119050,2026-09-04 20:58:56,2026-09-04 21:16:56,,,+62-8**-****-4783,false,mobile,Bekasi,West Java,ID,LT-BTK,Loop Tote Batik Limited Edition,Batik Kawung,1,249000,,0,,249000,contact_info,,,instagram / bio_link,ig_batik_reel,17902562330559770,/products/loop-tote-batik-limited-edition,209,4,just_browsing_or_comparing,,,,,,,,,abandoned,,,,https://loopcycle.example/checkouts/c/3627366119050/recover,sku_match
3992259197679,2026-09-04 20:59:35,2026-09-04 21:02:35,,c***@gmail.com,+62-8**-****-5544,false,desktop,Cianjur,West Java,ID,LT-BTK,Loop Tote Batik Limited Edition,Batik Kawung,1,249000,,0,15000,264000,payment_method_selected,Bank transfer (VA),,instagram / bio_link,ig_batik_reel,17902562330559770,/products/loop-tote-batik-limited-edition,819,3,checking_marketplace_price,2026-09-04 21:59:35,true,true,2026-09-05 20:59:35,false,false,2026-09-04 22:59:35,false,abandoned,,,,https://loopcycle.example/checkouts/c/3992259197679/recover,sku_match
3968405957770,2026-09-04 21:00:15,2026-09-04 21:02:15,,a***@gmail.com,,false,desktop,Surabaya,East Java,ID,LT-BTK,Loop Tote Batik Limited Edition,Batik Kawung,1,249000,NEWSLETTER5,12500,15000,251500,payment_method_selected,Bank transfer (VA),,instagram / bio_link,ig_batik_reel,17902562330559770,/products/loop-tote-batik-limited-edition,568,4,payment_page_expired,2026-09-04 22:00:15,true,false,2026-09-05 21:00:15,false,false,,,abandoned,,,,https://loopcycle.example/checkouts/c/3968405957770/recover,sku_match
3071132726632,2026-09-04 21:02:24,2026-09-04 21:24:24,,,+62-8**-****-7700,false,mobile,Denpasar,Bali,ID,LT-BTK,Loop Tote Batik Limited Edition,Batik Parang,2,498000,,0,0,498000,payment_method_selected,QRIS,,instagram / bio_link,ig_batik_reel,17902562330559770,/products/loop-tote-batik-limited-edition,602,10,site_slow_or_error,,,,,,,2026-09-04 23:02:24,false,abandoned,,,,https://loopcycle.example/checkouts/c/3071132726632/recover,sku_match
3604199125469,2026-09-04 21:04:32,2026-09-04 21:23:32,,s***@gmail.com,+62-8**-****-3235,false,mobile,Bogor,West Java,ID,LT-BTK,Loop Tote Batik Limited Edition,Batik Parang,1,249000,,0,40000,289000,payment_method_selected,QRIS,,instagram / bio_link,ig_batik_reel,17902562330559770,/products/loop-tote-batik-limited-edition,224,11,payment_page_expired,2026-09-04 22:04:32,true,false,2026-09-05 21:04:32,false,false,2026-09-04 23:04:32,false,abandoned,,,,https://loopcycle.example/checkouts/c/3604199125469/recover,sku_match
3183813949535,2026-09-04 21:07:17,2026-09-04 21:11:17,,,+62-8**-****-4212,false,desktop,Bandung,West Java,ID,LT-GRN,"Loop Tote, Sea-green",Sea-green,1,189000,,0,40000,229000,shipping_method,,,instagram / bio_link,ig_always_on,,/products/loop-tote-sea-green,595,9,unexpected_shipping_cost,,,,,,,,,abandoned,,,,https://loopcycle.example/checkouts/c/3183813949535/recover,
3019652759202,2026-09-04 21:09:03,2026-09-04 21:15:03,,d***@gmail.com,,true,mobile,Jakarta,DKI Jakarta,ID,LT-IND,"Loop Tote, Indigo",Indigo,2,378000,,0,,378000,contact_info,,,instagram / bio_link,ig_always_on,,/products/loop-tote-indigo,825,5,site_slow_or_error,2026-09-04 22:09:03,false,false,2026-09-05 21:09:03,false,false,,,abandoned,,,,https://loopcycle.example/checkouts/c/3019652759202/recover,
3956444602673,2026-09-04 21:09:53,2026-09-04 21:13:53,,k***@outlook.com,+62-8**-****-6609,false,desktop,Bekasi,West Java,ID,LT-BTK,Loop Tote Batik Limited Edition,Batik Kawung,1,249000,,0,40000,289000,shipping_method,,,instagram / bio_link,ig_batik_reel,17902562330559770,/products/loop-tote-batik-limited-edition,537,8,unexpected_shipping_cost,2026-09-04 22:09:53,true,true,2026-09-05 21:09:53,false,false,2026-09-04 23:09:53,false,abandoned,,,,https://loopcycle.example/checkouts/c/3956444602673/recover,sku_match
3495525661680,2026-09-04 21:10:05,2026-09-04 21:15:05,,a***@hotmail.com,+62-8**-****-8650,false,desktop,Depok,West Java,ID,LT-BTK,Loop Tote Batik Limited Edition,Batik Parang,1,249000,,0,15000,264000,payment_attempted_failed,QRIS,qris_expired,instagram / bio_link,ig_batik_reel,17902562330559770,/products/loop-tote-batik-limited-edition,184,11,payment_failed,2026-09-04 22:10:05,false,false,2026-09-05 21:10:05,false,false,2026-09-04 23:10:05,true,abandoned,,,,https://loopcycle.example/checkouts/c/3495525661680/recover,sku_match
3315187421439,2026-09-04 21:10:22,2026-09-04 21:18:22,,c***@gmail.com,+62-8**-****-3432,true,mobile,Bekasi,West Java,ID,LT-BTK,Loop Tote Batik Limited Edition,Batik Parang,1,249000,,0,32000,281000,payment_method_selected,Bank transfer (VA),,instagram / bio_link,ig_batik_reel,17902562330559770,/products/loop-tote-batik-limited-edition,669,11,preferred_payment_unavailable,2026-09-04 22:10:22,false,false,2026-09-05 21:10:22,false,false,,,abandoned,,,,https://loopcycle.example/checkouts/c/3315187421439/recover,sku_match
3337664291378,2026-09-04 21:12:29,2026-09-04 21:31:29,,p***@proton.me,+62-8**-****-4106,false,mobile,Tasikmalaya,West Java,ID,LT-BTK,Loop Tote Batik Limited Edition,Batik Kawung,1,249000,,0,40000,289000,payment_attempted_failed,Bank transfer (VA),va_expired,whatsapp,,,/products/loop-tote-batik-limited-edition,624,5,payment_failed,2026-09-04 22:12:29,false,false,2026-09-05 21:12:29,false,false,2026-09-04 23:12:29,false,abandoned,,,,https://loopcycle.example/checkouts/c/3337664291378/recover,
3619626504670,2026-09-04 21:12:56,2026-09-04 21:23:56,,,+62-8**-****-4185,false,mobile,Bogor,West Java,ID,LT-BTK,Loop Tote Batik Limited Edition,Batik Kawung,1,249000,,0,40000,289000,payment_method_selected,GoPay,,instagram / bio_link,ig_batik_reel,17902562330559770,/products/loop-tote-batik-limited-edition,232,5,site_slow_or_error,,,,,,,,,abandoned,,,,https://loopcycle.example/checkouts/c/3619626504670/recover,sku_match
3075603873470,2026-09-04 21:13:23,2026-09-04 21:18:23,,l***@gmail.com,+62-8**-****-4013,false,mobile,Tasikmalaya,West Java,ID,LT-BTK,Loop Tote Batik Limited Edition,Batik Kawung,1,249000,,0,15000,264000,shipping_method,,,instagram / bio_link,ig_batik_reel,17902562330559770,/products/loop-tote-batik-limited-edition,541,3,distracted_or_session_ended,2026-09-04 22:13:23,true,false,2026-09-05 21:13:23,true,false,,,abandoned,,,,https://loopcycle.example/checkouts/c/3075603873470/recover,sku_match
3872614179553,2026-09-04 21:19:27,2026-09-04 21:40:27,,k***@gmail.com,,false,mobile,Yogyakarta,DI Yogyakarta,ID,LT-IND,"Loop Tote, Indigo",Indigo,2,378000,,0,,378000,contact_info,,,instagram / bio_link,ig_always_on,,/products/loop-tote-indigo,499,11,site_slow_or_error,2026-09-04 22:19:27,false,false,2026-09-05 21:19:27,true,false,,,abandoned,,,,https://loopcycle.example/checkouts/c/3872614179553/recover,
3155929763851,2026-09-04 21:24:48,2026-09-04 21:33:48,,j***@gmail.com,,true,desktop,Bandung,West Java,ID,LT-BTK,Loop Tote Batik Limited Edition,Batik Parang,1,249000,,0,18000,267000,payment_method_selected,GoPay,,instagram / bio_link,ig_batik_reel,17902562330559770,/products/loop-tote-batik-limited-edition,692,9,preferred_payment_unavailable,2026-09-04 22:24:48,true,false,2026-09-05 21:24:48,false,false,,,abandoned,,,,https://loopcycle.example/checkouts/c/3155929763851/recover,sku_match
3654660974596,2026-09-04 21:24:59,2026-09-04 21:48:59,,i***@icloud.com,+62-8**-****-1099,true,mobile,Yogyakarta,DI Yogyakarta,ID,LT-BTK,Loop Tote Batik Limited Edition,Batik Kawung,1,249000,,0,32000,281000,payment_attempted_failed,GoPay,gateway_timeout,instagram / bio_link,ig_batik_reel,17902562330559770,/products/loop-tote-batik-limited-edition,677,8,payment_failed,2026-09-04 22:24:59,false,false,2026-09-05 21:24:59,false,false,2026-09-04 23:24:59,false,abandoned,,,,https://loopcycle.example/checkouts/c/3654660974596/recover,sku_match
3298176908699,2026-09-04 21:27:12,2026-09-04 21:40:12,,f***@icloud.com,+62-8**-****-8074,true,mobile,Jakarta,DKI Jakarta,ID,LT-BTK,Loop Tote Batik Limited Edition,Batik Kawung,1,249000,,0,32000,281000,shipping_method,,,instagram / bio_link,ig_batik_reel,17902562330559770,/products/loop-tote-batik-limited-edition,573,3,unexpected_shipping_cost,2026-09-04 22:27:12,true,true,2026-09-05 21:27:12,false,false,,,abandoned,,,,https://loopcycle.example/checkouts/c/3298176908699/recover,sku_match
3680125208768,2026-09-04 21:28:58,2026-09-04 21:46:58,,n***@proton.me,,true,desktop,Bekasi,West Java,ID,LT-GRN,"Loop Tote, Sea-green",Sea-green,1,189000,,0,15000,204000,payment_method_selected,ShopeePay,,instagram / bio_link,ig_always_on,,/products/loop-tote-sea-green,328,3,checking_marketplace_price,2026-09-04 22:28:58,true,false,2026-09-05 21:28:58,false,false,,,abandoned,,,,https://loopcycle.example/checkouts/c/3680125208768/recover,
3748151339414,2026-09-04 21:29:08,2026-09-04 21:48:08,,,+62-8**-****-7087,false,desktop,Bandung,West Java,ID,LT-BTK,Loop Tote Batik Limited Edition,Batik Kawung,1,249000,,0,32000,281000,payment_method_selected,QRIS,,instagram / bio_link,ig_batik_reel,17902562330559770,/products/loop-tote-batik-limited-edition,189,4,waiting_for_voucher,,,,,,,2026-09-04 23:29:08,false,abandoned,,,,https://loopcycle.example/checkouts/c/3748151339414/recover,sku_match
3875003314509,2026-09-04 21:32:55,2026-09-04 21:45:55,,b***@proton.me,,true,mobile,Bandung,West Java,ID,LT-IND,"Loop Tote, Indigo",Indigo,1,189000,,0,,189000,contact_info,,,instagram / bio_link,ig_always_on,,/products/loop-tote-indigo,514,4,site_slow_or_error,2026-09-04 22:32:55,true,false,2026-09-05 21:32:55,true,false,,,abandoned,,,,https://loopcycle.example/checkouts/c/3875003314509/recover,
3269390587227,2026-09-04 21:34:22,2026-09-04 21:48:22,,f***@gmail.com,,true,mobile,Medan,North Sumatra,ID,LT-SND,"Loop Tote, Sand",Sand,1,189000,,0,,189000,contact_info,,,instagram / bio_link,ig_always_on,,/products/loop-tote-sand,883,3,site_slow_or_error,2026-09-04 22:34:22,true,false,2026-09-05 21:34:22,true,false,,,abandoned,,,,https://loopcycle.example/checkouts/c/3269390587227/recover,
3116330809380,2026-09-04 21:35:19,2026-09-04 21:56:19,,j***@gmail.com,,true,mobile,Banjarmasin,South Kalimantan,ID,LT-GRN,"Loop Tote, Sea-green",Sea-green,1,189000,,0,15000,204000,shipping_method,,,instagram / bio_link,ig_always_on,,/products/loop-tote-sea-green,672,2,unexpected_shipping_cost,2026-09-04 22:35:19,true,true,2026-09-05 21:35:19,false,false,,,abandoned,,,,https://loopcycle.example/checkouts/c/3116330809380/recover,
3752875327698,2026-09-04 21:35:28,2026-09-04 21:37:28,,k***@gmail.com,+62-8**-****-3282,true,mobile,Jakarta,DKI Jakarta,ID,LT-BTK,Loop Tote Batik Limited Edition,Batik Parang,1,249000,,0,40000,289000,shipping_method,,,instagram / bio_link,ig_batik_reel,17902562330559770,/products/loop-tote-batik-limited-edition,144,5,distracted_or_session_ended,2026-09-04 22:35:28,false,false,2026-09-05 21:35:28,true,true,,,abandoned,,,,https://loopcycle.example/checkouts/c/3752875327698/recover,sku_match
3708022914369,2026-09-04 21:36:19,2026-09-04 21:53:19,,o***@yahoo.co.id,+62-8**-****-4439,true,mobile,Cimahi,West Java,ID,LT-BTK,Loop Tote Batik Limited Edition,Batik Parang,1,249000,,0,25000,274000,shipping_method,,,instagram / bio_link,ig_batik_reel,17902562330559770,/products/loop-tote-batik-limited-edition,641,4,unexpected_shipping_cost,2026-09-04 22:36:19,true,false,2026-09-05 21:36:19,false,false,2026-09-04 23:36:19,false,abandoned,,,,https://loopcycle.example/checkouts/c/3708022914369/recover,sku_match
3737483315924,2026-09-04 21:39:02,2026-09-04 21:59:02,,,+62-8**-****-7048,false,mobile,Bandung,West Java,ID,LT-BTK,Loop Tote Batik Limited Edition,Batik Kawung,1,249000,,0,,249000,contact_info,,,instagram / bio_link,ig_batik_reel,17902562330559770,/products/loop-tote-batik-limited-edition,562,3,just_browsing_or_comparing,,,,,,,,,abandoned,,,,https://loopcycle.example/checkouts/c/3737483315924/recover,sku_match
3520700193860,2026-09-04 21:39:20,2026-09-04 21:42:20,,j***@gmail.com,,false,desktop,Karawang,West Java,ID,LT-BTK,Loop Tote Batik Limited Edition,Batik Parang,1,249000,,0,40000,289000,shipping_method,,,instagram / bio_link,ig_batik_reel,17902562330559770,/products/loop-tote-batik-limited-edition,64,7,unexpected_shipping_cost,2026-09-04 22:39:20,false,false,2026-09-05 21:39:20,false,false,,,abandoned,,,,https://loopcycle.example/checkouts/c/3520700193860/recover,sku_match
3929502708938,2026-09-04 21:39:58,2026-09-04 21:40:58,,c***@outlook.com,+62-8**-****-8890,false,mobile,Depok,West Java,ID,LT-BTK,Loop Tote Batik Limited Edition,Batik Kawung,1,249000,,0,15000,264000,payment_attempted_failed,ShopeePay,insufficient_balance,instagram / bio_link,ig_batik_reel,17902562330559770,/products/loop-tote-batik-limited-edition,804,9,payment_failed,2026-09-04 22:39:58,false,false,2026-09-05 21:39:58,false,false,2026-09-04 23:39:58,false,abandoned,,,,https://loopcycle.example/checkouts/c/3929502708938/recover,sku_match
3731976010594,2026-09-04 21:42:44,2026-09-04 21:53:44,,p***@gmail.com,+62-8**-****-6627,true,mobile,Bekasi,West Java,ID,LT-GRN,"Loop Tote, Sea-green",Sea-green,1,189000,,0,40000,229000,shipping_method,,,instagram / bio_link,ig_always_on,,/products/loop-tote-sea-green,691,3,unexpected_shipping_cost,2026-09-04 22:42:44,false,false,2026-09-05 21:42:44,true,true,,,abandoned,,,,https://loopcycle.example/checkouts/c/3731976010594/recover,
3380717300069,2026-09-04 21:42:55,2026-09-04 22:01:55,,,+62-8**-****-4059,false,desktop,Malang,East Java,ID,LT-IND,"Loop Tote, Indigo",Indigo,1,189000,,0,,189000,contact_info,,,instagram / bio_link,ig_always_on,,/products/loop-tote-indigo,811,2,wanted_other_colour,,,,,,,2026-09-04 23:42:55,true,abandoned,,,,https://loopcycle.example/checkouts/c/3380717300069/recover,
3891682681644,2026-09-04 21:43:15,2026-09-04 21:47:15,,n***@hotmail.com,,true,desktop,Balikpapan,East Kalimantan,ID,LT-GRN,"Loop Tote, Sea-green",Sea-green,1,189000,,0,,189000,contact_info,,,instagram / bio_link,ig_always_on,,/products/loop-tote-sea-green,429,7,just_browsing_or_comparing,2026-09-04 22:43:15,false,false,2026-09-05 21:43:15,false,false,,,abandoned,,,,https://loopcycle.example/checkouts/c/3891682681644/recover,
3976643189933,2026-09-04 21:46:33,2026-09-04 21:55:33,,p***@yahoo.co.id,,false,mobile,Cirebon,West Java,ID,LT-GRN,"Loop Tote, Sea-green",Sea-green,1,189000,,0,32000,221000,payment_attempted_failed,GoPay,timeout,instagram / bio_link,ig_behind_the_scenes_p18,17906745675922616,/products/loop-tote-sea-green,718,5,payment_failed,2026-09-04 22:46:33,true,false,2026-09-05 21:46:33,false,false,,,abandoned,,,,https://loopcycle.example/checkouts/c/3976643189933/recover,utm_bio_link
3739001059257,2026-09-04 21:47:35,2026-09-04 21:53:35,,,+62-8**-****-8554,false,mobile,Jakarta,DKI Jakarta,ID,LT-SND,"Loop Tote, Sand",Sand,1,189000,,0,18000,207000,payment_attempted_failed,OVO,insufficient_balance,instagram / bio_link,ig_process_impact_p16,17901296159799218,/products/loop-tote-sand,326,7,payment_failed,,,,,,,2026-09-04 23:47:35,false,abandoned,,,,https://loopcycle.example/checkouts/c/3739001059257/recover,utm_bio_link
3992576644276,2026-09-04 21:51:08,2026-09-04 22:13:08,,s***@gmail.com,,true,mobile,Jakarta,DKI Jakarta,ID,LT-GRN,"Loop Tote, Sea-green",Sea-green,1,189000,,0,32000,221000,shipping_method,,,instagram / bio_link,ig_always_on,,/products/loop-tote-sea-green,665,8,distracted_or_session_ended,2026-09-04 22:51:08,true,false,2026-09-05 21:51:08,true,false,,,abandoned,,,,https://loopcycle.example/checkouts/c/3992576644276/recover,
3399729072325,2026-09-04 21:58:49,2026-09-04 22:20:49,,n***@gmail.com,,false,desktop,Cianjur,West Java,ID,LT-SND,"Loop Tote, Sand",Sand,1,189000,,0,32000,221000,payment_method_selected,Bank transfer (VA),,instagram / bio_link,ig_always_on,,/products/loop-tote-sand,556,4,payment_page_expired,2026-09-04 22:58:49,false,false,2026-09-05 21:58:49,false,false,,,abandoned,,,,https://loopcycle.example/checkouts/c/3399729072325/recover,
3515406128071,2026-09-04 21:59:56,2026-09-04 22:05:56,,r***@gmail.com,+62-8**-****-6709,false,mobile,Bekasi,West Java,ID,LT-BTK,Loop Tote Batik Limited Edition,Batik Parang,1,249000,,0,15000,264000,shipping_method,,,direct,,,/products/loop-tote-batik-limited-edition,256,2,unexpected_shipping_cost,2026-09-04 22:59:56,false,false,2026-09-05 21:59:56,true,false,2026-09-04 23:59:56,false,abandoned,,,,https://loopcycle.example/checkouts/c/3515406128071/recover,
3055458342556,2026-09-04 22:00:52,2026-09-04 22:04:52,,s***@gmail.com,,true,mobile,Subang,West Java,ID,LT-BTK,Loop Tote Batik Limited Edition,Batik Parang,1,249000,,0,,249000,contact_info,,,instagram / bio_link,ig_batik_reel,17902562330559770,/products/loop-tote-batik-limited-edition,747,3,site_slow_or_error,2026-09-04 23:00:52,false,false,2026-09-05 22:00:52,true,true,,,abandoned,,,,https://loopcycle.example/checkouts/c/3055458342556/recover,sku_match
3980651456440,2026-09-04 22:04:10,2026-09-04 22:16:10,,w***@gmail.com,+62-8**-****-4977,true,mobile,Garut,West Java,ID,LT-GRN,"Loop Tote, Sea-green",Sea-green,1,189000,,0,18000,207000,payment_attempted_failed,Credit card,card_declined,instagram / bio_link,ig_always_on,,/products/loop-tote-sea-green,165,2,payment_failed,2026-09-04 23:04:10,false,false,2026-09-05 22:04:10,true,false,2026-09-05 00:04:10,true,abandoned,,,,https://loopcycle.example/checkouts/c/3980651456440/recover,
3032923279341,2026-09-04 22:09:38,2026-09-04 22:27:38,,e***@gmail.com,+62-8**-****-8334,true,mobile,Jakarta,DKI Jakarta,ID,LT-GRN,"Loop Tote, Sea-green",Sea-green,1,189000,,0,25000,214000,payment_method_selected,GoPay,,instagram / bio_link,ig_always_on,,/products/loop-tote-sea-green,579,11,site_slow_or_error,2026-09-04 23:09:38,false,false,2026-09-05 22:09:38,false,false,,,abandoned,,,,https://loopcycle.example/checkouts/c/3032923279341/recover,
3772087990274,2026-09-04 22:09:47,2026-09-04 22:17:47,,c***@gmail.com,+62-8**-****-2049,true,mobile,Bandung,West Java,ID,LT-GRN,"Loop Tote, Sea-green",Sea-green,3,567000,,0,0,567000,shipping_method,,,instagram / bio_link,ig_always_on,,/products/loop-tote-sea-green,508,9,unexpected_shipping_cost,2026-09-04 23:09:47,true,false,2026-09-05 22:09:47,false,false,2026-09-05 00:09:47,false,abandoned,,,,https://loopcycle.example/checkouts/c/3772087990274/recover,
3249403093402,2026-09-04 22:14:03,2026-09-04 22:18:03,,y***@yahoo.co.id,+62-8**-****-8945,false,mobile,Bandung,West Java,ID,LT-GRN,"Loop Tote, Sea-green",Sea-green,1,189000,,0,25000,214000,shipping_method,,,instagram / bio_link,ig_always_on,,/products/loop-tote-sea-green,296,6,delivery_time_too_long,2026-09-04 23:14:03,true,true,2026-09-05 22:14:03,false,false,,,abandoned,,,,https://loopcycle.example/checkouts/c/3249403093402/recover,
3819323123525,2026-09-04 22:14:57,2026-09-04 22:25:57,,p***@gmail.com,,true,desktop,Semarang,Central Java,ID,LT-GRN,"Loop Tote, Sea-green",Sea-green,1,189000,,0,,189000,contact_info,,,instagram / bio_link,ig_always_on,,/products/loop-tote-sea-green,850,8,just_browsing_or_comparing,2026-09-04 23:14:57,false,false,2026-09-05 22:14:57,false,false,,,abandoned,,,,https://loopcycle.example/checkouts/c/3819323123525/recover,
3274114393274,2026-09-04 22:17:55,2026-09-04 22:29:55,,h***@gmail.com,+62-8**-****-8849,false,mobile,Jakarta,DKI Jakarta,ID,LT-GRN,"Loop Tote, Sea-green",Sea-green,1,189000,,0,,189000,contact_info,,,instagram / bio_link,ig_always_on,,/products/loop-tote-sea-green,595,2,site_slow_or_error,2026-09-04 23:17:55,false,false,2026-09-05 22:17:55,false,false,,,abandoned,,,,https://loopcycle.example/checkouts/c/3274114393274/recover,
3858480090982,2026-09-04 22:18:12,2026-09-04 22:42:12,,a***@gmail.com,+62-8**-****-6322,false,mobile,Jakarta,DKI Jakarta,ID,LT-BTK,Loop Tote Batik Limited Edition,Batik Kawung,1,249000,,0,15000,264000,payment_method_selected,QRIS,,instagram / bio_link,ig_batik_reel,17902562330559770,/products/loop-tote-batik-limited-edition,147,2,waiting_for_voucher,2026-09-04 23:18:12,false,false,2026-09-05 22:18:12,false,false,,,abandoned,,,,https://loopcycle.example/checkouts/c/3858480090982/recover,sku_match
3498347906059,2026-09-04 22:22:13,2026-09-04 22:35:13,,w***@gmail.com,,false,mobile,Bogor,West Java,ID,LT-BTK,Loop Tote Batik Limited Edition,Batik Parang,1,249000,,0,,249000,contact_info,,,instagram / bio_link,ig_batik_reel,17902562330559770,/products/loop-tote-batik-limited-edition,419,5,just_browsing_or_comparing,2026-09-04 23:22:13,true,true,2026-09-05 22:22:13,true,false,,,abandoned,,,,https://loopcycle.example/checkouts/c/3498347906059/recover,sku_match
3891653136705,2026-09-04 22:24:26,2026-09-04 22:44:26,,d***@gmail.com,,true,mobile,Jakarta,DKI Jakarta,ID,LT-BTK,Loop Tote Batik Limited Edition,Batik Kawung,1,249000,,0,32000,281000,shipping_method,,,instagram / bio_link,ig_batik_reel,17902562330559770,/products/loop-tote-batik-limited-edition,86,5,unexpected_shipping_cost,2026-09-04 23:24:26,false,false,2026-09-05 22:24:26,true,true,,,abandoned,,,,https://loopcycle.example/checkouts/c/3891653136705/recover,sku_match
3146296490638,2026-09-04 22:24:50,2026-09-04 22:35:50,,w***@gmail.com,,true,mobile,Jakarta,DKI Jakarta,ID,LT-BTK,Loop Tote Batik Limited Edition,Batik Parang,1,249000,,0,,249000,contact_info,,,instagram / bio_link,ig_batik_reel,17902562330559770,/products/loop-tote-batik-limited-edition,716,9,account_or_form_friction,2026-09-04 23:24:50,true,false,2026-09-05 22:24:50,false,false,,,abandoned,,,,https://loopcycle.example/checkouts/c/3146296490638/recover,sku_match
3274117971313,2026-09-04 22:24:51,2026-09-04 22:44:51,,b***@gmail.com,,true,mobile,Jakarta,DKI Jakarta,ID,LT-GRN,"Loop Tote, Sea-green",Sea-green,4,756000,,0,0,756000,payment_attempted_failed,QRIS,gateway_timeout,instagram / bio_link,ig_process_impact_p17,17909597409818323,/products/loop-tote-sea-green,142,7,payment_failed,2026-09-04 23:24:51,true,false,2026-09-05 22:24:51,false,false,,,abandoned,,,,https://loopcycle.example/checkouts/c/3274117971313/recover,utm_bio_link
3877112349007,2026-09-04 22:27:03,2026-09-04 22:43:03,,j***@gmail.com,,true,mobile,Bandung,West Java,ID,LT-IND,"Loop Tote, Indigo",Indigo,1,189000,,0,32000,221000,shipping_method,,,instagram / bio_link,ig_always_on,,/products/loop-tote-indigo,415,10,distracted_or_session_ended,2026-09-04 23:27:03,true,false,2026-09-05 22:27:03,false,false,,,abandoned,,,,https://loopcycle.example/checkouts/c/3877112349007/recover,
3214515543708,2026-09-04 22:29:36,2026-09-04 22:33:36,,d***@gmail.com,+62-8**-****-2919,false,mobile,Bandung,West Java,ID,LT-SND,"Loop Tote, Sand",Sand,1,189000,,0,32000,221000,payment_method_selected,Bank transfer (VA),,instagram / bio_link,ig_process_impact_p16,17901296159799218,/products/loop-tote-sand,780,11,preferred_payment_unavailable,2026-09-04 23:29:36,true,false,2026-09-05 22:29:36,false,false,2026-09-05 00:29:36,false,abandoned,,,,https://loopcycle.example/checkouts/c/3214515543708/recover,utm_bio_link
3325124789383,2026-09-04 22:30:07,2026-09-04 22:52:07,,k***@gmail.com,,false,mobile,Bandung,West Java,ID,LT-BTK,Loop Tote Batik Limited Edition,Batik Kawung,1,249000,,0,,249000,contact_info,,,whatsapp,,,/products/loop-tote-batik-limited-edition,171,8,site_slow_or_error,2026-09-04 23:30:07,false,false,2026-09-05 22:30:07,false,false,,,abandoned,,,,https://loopcycle.example/checkouts/c/3325124789383/recover,
3004106041737,2026-09-04 22:32:41,2026-09-04 22:50:41,,h***@proton.me,+62-8**-****-6214,true,mobile,Subang,West Java,ID,LT-BTK,Loop Tote Batik Limited Edition,Batik Kawung,1,249000,,0,32000,281000,shipping_method,,,instagram / bio_link,ig_batik_reel,17902562330559770,/products/loop-tote-batik-limited-edition,62,4,unexpected_shipping_cost,2026-09-04 23:32:41,false,false,2026-09-05 22:32:41,false,false,,,abandoned,,,,https://loopcycle.example/checkouts/c/3004106041737/recover,sku_match
3639769873203,2026-09-04 22:37:19,2026-09-04 22:53:19,,i***@gmail.com,+62-8**-****-7928,false,mobile,Batam,Riau Islands,ID,LT-GRN,"Loop Tote, Sea-green",Sea-green,1,189000,,0,,189000,contact_info,,,instagram / bio_link,ig_always_on,,/products/loop-tote-sea-green,691,9,account_or_form_friction,2026-09-04 23:37:19,true,false,2026-09-05 22:37:19,false,false,,,abandoned,,,,https://loopcycle.example/checkouts/c/3639769873203/recover,
3183208453448,2026-09-04 22:39:37,2026-09-04 23:03:37,,h***@gmail.com,,false,mobile,Medan,North Sumatra,ID,LT-BTK,Loop Tote Batik Limited Edition,Batik Kawung,2,498000,,0,,498000,contact_info,,,instagram / bio_link,ig_batik_reel,17902562330559770,/products/loop-tote-batik-limited-edition,616,10,distracted_or_session_ended,2026-09-04 23:39:37,false,false,2026-09-05 22:39:37,false,false,,,abandoned,,,,https://loopcycle.example/checkouts/c/3183208453448/recover,sku_match
3924300697543,2026-09-04 22:40:33,2026-09-04 23:02:33,,,+62-8**-****-2976,false,desktop,Jakarta,DKI Jakarta,ID,LT-BTK,Loop Tote Batik Limited Edition,Batik Parang,1,249000,,0,15000,264000,payment_attempted_failed,Bank transfer (VA),gateway_timeout,instagram / bio_link,ig_batik_reel,17902562330559770,/products/loop-tote-batik-limited-edition,673,7,payment_failed,,,,,,,2026-09-05 00:40:33,false,abandoned,,,,https://loopcycle.example/checkouts/c/3924300697543/recover,sku_match
3387793381959,2026-09-04 22:40:53,2026-09-04 22:54:53,,y***@gmail.com,+62-8**-****-8012,true,mobile,Balikpapan,East Kalimantan,ID,LT-BTK,Loop Tote Batik Limited Edition,Batik Kawung,1,249000,,0,15000,264000,payment_attempted_failed,Bank transfer (VA),va_expired,instagram / bio_link,ig_batik_reel,17902562330559770,/products/loop-tote-batik-limited-edition,294,10,payment_failed,2026-09-04 23:40:53,false,false,2026-09-05 22:40:53,true,false,2026-09-05 00:40:53,false,abandoned,,,,https://loopcycle.example/checkouts/c/3387793381959/recover,sku_match
3585788125045,2026-09-04 22:43:57,2026-09-04 23:02:57,,,+62-8**-****-6392,false,mobile,Yogyakarta,DI Yogyakarta,ID,LT-BTK,Loop Tote Batik Limited Edition,Batik Parang,1,249000,,0,15000,264000,shipping_method,,,instagram / bio_link,ig_batik_reel,17902562330559770,/products/loop-tote-batik-limited-edition,201,7,unexpected_shipping_cost,,,,,,,2026-09-05 00:43:57,false,abandoned,,,,https://loopcycle.example/checkouts/c/3585788125045/recover,sku_match
3522171424783,2026-09-04 22:47:37,2026-09-04 22:59:37,,h***@gmail.com,,true,mobile,Medan,North Sumatra,ID,LT-BTK,Loop Tote Batik Limited Edition,Batik Parang,1,249000,,0,40000,289000,payment_method_selected,Bank transfer (VA),,instagram / bio_link,ig_batik_reel,17902562330559770,/products/loop-tote-batik-limited-edition,211,3,checking_marketplace_price,2026-09-04 23:47:37,true,false,2026-09-05 22:47:37,false,false,,,abandoned,,,,https://loopcycle.example/checkouts/c/3522171424783/recover,sku_match
3946973071496,2026-09-04 22:49:32,2026-09-04 23:07:32,,g***@outlook.com,,true,mobile,Medan,North Sumatra,ID,LT-BTK,Loop Tote Batik Limited Edition,Batik Parang,1,249000,,0,25000,274000,payment_attempted_failed,Credit card,card_declined,instagram / bio_link,ig_batik_reel,17902562330559770,/products/loop-tote-batik-limited-edition,254,2,payment_failed,2026-09-04 23:49:32,true,false,2026-09-05 22:49:32,true,false,,,abandoned,,,,https://loopcycle.example/checkouts/c/3946973071496/recover,sku_match
3362709618557,2026-09-04 22:50:00,2026-09-04 23:02:00,,m***@gmail.com,,true,desktop,Malang,East Java,ID,LT-BTK,Loop Tote Batik Limited Edition,Batik Parang,1,249000,,0,,249000,contact_info,,,instagram / bio_link,ig_batik_reel,17902562330559770,/products/loop-tote-batik-limited-edition,123,7,site_slow_or_error,2026-09-04 23:50:00,false,false,2026-09-05 22:50:00,false,false,,,abandoned,,,,https://loopcycle.example/checkouts/c/3362709618557/recover,sku_match
3719880616768,2026-09-04 22:52:57,2026-09-04 22:54:57,,d***@gmail.com,,true,desktop,Depok,West Java,ID,LT-BTK,Loop Tote Batik Limited Edition,Batik Kawung,1,249000,,0,25000,274000,payment_method_selected,QRIS,,instagram / bio_link,ig_batik_reel,17902562330559770,/products/loop-tote-batik-limited-edition,483,6,checking_marketplace_price,2026-09-04 23:52:57,true,false,2026-09-05 22:52:57,false,false,,,abandoned,,,,https://loopcycle.example/checkouts/c/3719880616768/recover,sku_match
3548304704602,2026-09-04 22:53:14,2026-09-04 23:16:14,,d***@yahoo.co.id,,true,mobile,Bandung,West Java,ID,LT-BTK,Loop Tote Batik Limited Edition,Batik Kawung,1,249000,,0,15000,264000,payment_attempted_failed,QRIS,qris_expired,instagram / bio_link,ig_batik_reel,17902562330559770,/products/loop-tote-batik-limited-edition,711,10,payment_failed,2026-09-04 23:53:14,false,false,2026-09-05 22:53:14,false,false,,,abandoned,,,,https://loopcycle.example/checkouts/c/3548304704602/recover,sku_match
3476418153626,2026-09-04 22:54:59,2026-09-04 23:19:59,,i***@gmail.com,+62-8**-****-6347,true,desktop,Bandung,West Java,ID,LT-GRN,"Loop Tote, Sea-green",Sea-green,1,189000,,0,25000,214000,payment_attempted_failed,Bank transfer (VA),va_expired,instagram / bio_link,ig_always_on,,/products/loop-tote-sea-green,180,7,payment_failed,2026-09-04 23:54:59,true,false,2026-09-05 22:54:59,true,false,2026-09-05 00:54:59,false,abandoned,,,,https://loopcycle.example/checkouts/c/3476418153626/recover,
3940311831127,2026-09-04 22:55:49,2026-09-04 22:58:49,,c***@gmail.com,+62-8**-****-6536,true,mobile,Subang,West Java,ID,LT-BTK,Loop Tote Batik Limited Edition,Batik Parang,1,249000,,0,,249000,contact_info,,,google / organic,,,/products/loop-tote-batik-limited-edition,753,7,distracted_or_session_ended,2026-09-04 23:55:49,false,false,2026-09-05 22:55:49,false,false,,,abandoned,,,,https://loopcycle.example/checkouts/c/3940311831127/recover,
3639600135811,2026-09-04 22:56:58,2026-09-04 23:19:58,,f***@gmail.com,+62-8**-****-7500,true,mobile,Banjarmasin,South Kalimantan,ID,LT-SND,"Loop Tote, Sand",Sand,2,378000,,0,0,378000,payment_method_selected,GoPay,,instagram / bio_link,ig_always_on,,/products/loop-tote-sand,373,8,site_slow_or_error,2026-09-04 23:56:58,false,false,2026-09-05 22:56:58,false,false,,,abandoned,,,,https://loopcycle.example/checkouts/c/3639600135811/recover,
3988705175600,2026-09-04 23:06:05,2026-09-04 23:19:05,,w***@gmail.com,,true,mobile,Bogor,West Java,ID,LT-BTK,Loop Tote Batik Limited Edition,Batik Parang,1,249000,,0,32000,281000,shipping_method,,,instagram / bio_link,ig_batik_reel,17902562330559770,/products/loop-tote-batik-limited-edition,740,3,unexpected_shipping_cost,2026-09-05 00:06:05,true,false,2026-09-05 23:06:05,true,true,,,abandoned,,,,https://loopcycle.example/checkouts/c/3988705175600/recover,sku_match
3005866975736,2026-09-04 23:06:23,2026-09-04 23:14:23,,p***@gmail.com,+62-8**-****-9815,false,mobile,Depok,West Java,ID,LT-BTK,Loop Tote Batik Limited Edition,Batik Parang,1,249000,,0,,249000,contact_info,,,instagram / bio_link,ig_batik_reel,17902562330559770,/products/loop-tote-batik-limited-edition,748,10,site_slow_or_error,2026-09-05 00:06:23,true,true,2026-09-05 23:06:23,false,false,2026-09-05 01:06:23,false,abandoned,,,,https://loopcycle.example/checkouts/c/3005866975736/recover,sku_match
3919565856396,2026-09-04 23:17:33,2026-09-04 23:29:33,,i***@gmail.com,+62-8**-****-7073,false,tablet,Jakarta,DKI Jakarta,ID,LT-BTK,Loop Tote Batik Limited Edition,Batik Kawung,1,249000,,0,,249000,contact_info,,,instagram / bio_link,ig_batik_reel,17902562330559770,/products/loop-tote-batik-limited-edition,321,6,wanted_other_colour,2026-09-05 00:17:33,false,false,2026-09-05 23:17:33,false,false,2026-09-05 01:17:33,false,abandoned,,,,https://loopcycle.example/checkouts/c/3919565856396/recover,sku_match
3166862276781,2026-09-04 23:18:40,2026-09-04 23:38:40,,g***@gmail.com,,true,mobile,Malang,East Java,ID,LT-BTK,Loop Tote Batik Limited Edition,Batik Kawung,2,498000,,0,0,498000,shipping_method,,,instagram / bio_link,ig_always_on,,/products/loop-tote-batik-limited-edition,426,8,unexpected_shipping_cost,2026-09-05 00:18:40,false,false,2026-09-05 23:18:40,false,false,,,abandoned,,,,https://loopcycle.example/checkouts/c/3166862276781/recover,
3052059310820,2026-09-04 23:21:32,2026-09-04 23:27:32,,,+62-8**-****-7448,false,mobile,Bekasi,West Java,ID,LT-BTK,Loop Tote Batik Limited Edition,Batik Parang,1,249000,NEWSLETTER5,12500,15000,251500,shipping_method,,,instagram / bio_link,ig_batik_reel,17902562330559770,/products/loop-tote-batik-limited-edition,273,7,unexpected_shipping_cost,,,,,,,,,abandoned,,,,https://loopcycle.example/checkouts/c/3052059310820/recover,sku_match
3573758451280,2026-09-04 23:36:55,2026-09-04 23:52:55,,b***@gmail.com,+62-8**-****-8247,false,mobile,Padang,West Sumatra,ID,LT-BTK,Loop Tote Batik Limited Edition,Batik Kawung,2,498000,,0,,498000,contact_info,,,instagram / bio_link,ig_batik_reel,17902562330559770,/products/loop-tote-batik-limited-edition,188,10,just_browsing_or_comparing,2026-09-05 00:36:55,false,false,2026-09-05 23:36:55,true,false,2026-09-05 01:36:55,false,abandoned,,,,https://loopcycle.example/checkouts/c/3573758451280/recover,sku_match
3735925869850,2026-09-04 23:44:35,2026-09-04 23:56:35,,t***@gmail.com,,true,desktop,Jakarta,DKI Jakarta,ID,LT-SND,"Loop Tote, Sand",Sand,1,189000,,0,32000,221000,shipping_method,,,instagram / bio_link,ig_always_on,,/products/loop-tote-sand,522,10,delivery_time_too_long,2026-09-05 00:44:35,false,false,2026-09-05 23:44:35,false,false,,,abandoned,,,,https://loopcycle.example/checkouts/c/3735925869850/recover,
3215847329239,2026-09-04 23:46:30,2026-09-05 00:10:30,,r***@hotmail.com,,false,mobile,Bandung,West Java,ID,LT-BTK,Loop Tote Batik Limited Edition,Batik Parang,1,249000,,0,,249000,contact_info,,,instagram / bio_link,ig_process_impact_p17,17909597409818323,/products/loop-tote-batik-limited-edition,241,4,distracted_or_session_ended,2026-09-05 00:46:30,true,false,2026-09-05 23:46:30,false,false,,,abandoned,,,,https://loopcycle.example/checkouts/c/3215847329239/recover,utm_bio_link
3943139770326,2026-09-04 23:46:58,2026-09-04 23:52:58,,,+62-8**-****-1054,false,desktop,Sukabumi,West Java,ID,LT-IND,"Loop Tote, Indigo",Indigo,1,189000,,0,,189000,contact_info,,,instagram / bio_link,ig_always_on,,/products/loop-tote-indigo,707,8,site_slow_or_error,,,,,,,2026-09-05 01:46:58,false,abandoned,,,,https://loopcycle.example/checkouts/c/3943139770326/recover,
3857504316536,2026-09-05 08:24:21,2026-09-05 08:37:21,,w***@gmail.com,,true,desktop,Jakarta,DKI Jakarta,ID,LT-BTK,Loop Tote Batik Limited Edition,Batik Kawung,1,249000,,0,18000,267000,payment_attempted_failed,GoPay,gateway_timeout,instagram / bio_link,ig_batik_reel,17902562330559770,/products/loop-tote-batik-limited-edition,153,10,payment_failed,2026-09-05 09:24:21,false,false,2026-09-06 08:24:21,false,false,,,abandoned,,,,https://loopcycle.example/checkouts/c/3857504316536/recover,sku_match
3052638081199,2026-09-05 09:46:30,2026-09-05 09:48:30,,,+62-8**-****-2240,false,mobile,Jakarta,DKI Jakarta,ID,LT-GRN,"Loop Tote, Sea-green",Sea-green,2,378000,,0,,378000,contact_info,,,instagram / bio_link,ig_always_on,,/products/loop-tote-sea-green,122,9,wanted_other_colour,,,,,,,2026-09-05 11:46:30,false,abandoned,,,,https://loopcycle.example/checkouts/c/3052638081199/recover,
3675527847828,2026-09-05 09:47:54,2026-09-05 10:00:54,,a***@hotmail.com,+62-8**-****-6882,true,mobile,Depok,West Java,ID,LT-BTK,Loop Tote Batik Limited Edition,Batik Kawung,1,249000,,0,18000,267000,shipping_method,,,whatsapp,,,/products/loop-tote-batik-limited-edition,433,5,distracted_or_session_ended,2026-09-05 10:47:54,true,false,2026-09-06 09:47:54,true,false,2026-09-05 11:47:54,false,abandoned,,,,https://loopcycle.example/checkouts/c/3675527847828/recover,
3163039751334,2026-09-05 10:22:58,2026-09-05 10:44:58,,m***@gmail.com,+62-8**-****-1794,false,mobile,Bekasi,West Java,ID,LT-BTK,Loop Tote Batik Limited Edition,Batik Parang,1,249000,,0,,249000,contact_info,,,instagram / bio_link,ig_batik_reel,17902562330559770,/products/loop-tote-batik-limited-edition,253,8,site_slow_or_error,2026-09-05 11:22:58,true,false,2026-09-06 10:22:58,true,false,2026-09-05 12:22:58,false,abandoned,,,,https://loopcycle.example/checkouts/c/3163039751334/recover,sku_match
3265604113490,2026-09-05 10:37:07,2026-09-05 10:55:07,,,+62-8**-****-2420,false,mobile,Batam,Riau Islands,ID,LT-GRN,"Loop Tote, Sea-green",Sea-green,1,189000,,0,25000,214000,payment_attempted_failed,Credit card,gateway_timeout,instagram / bio_link,ig_always_on,,/products/loop-tote-sea-green,439,3,payment_failed,,,,,,,2026-09-05 12:37:07,false,abandoned,,,,https://loopcycle.example/checkouts/c/3265604113490/recover,
3870887938878,2026-09-05 10:44:00,2026-09-05 10:46:00,,c***@gmail.com,,true,mobile,Cianjur,West Java,ID,LT-BTK,Loop Tote Batik Limited Edition,Batik Kawung,1,249000,,0,32000,281000,payment_attempted_failed,Bank transfer (VA),gateway_timeout,instagram / bio_link,ig_batik_reel,17902562330559770,/products/loop-tote-batik-limited-edition,448,10,payment_failed,2026-09-05 11:44:00,false,false,2026-09-06 10:44:00,true,false,,,abandoned,,,,https://loopcycle.example/checkouts/c/3870887938878/recover,sku_match
3730156298043,2026-09-05 11:44:00,2026-09-05 11:56:00,,,+62-8**-****-5441,false,desktop,Bandung,West Java,ID,LT-BTK,Loop Tote Batik Limited Edition,Batik Kawung,2,498000,NEWSLETTER5,25000,0,473000,payment_method_selected,Credit card,,instagram / bio_link,ig_batik_reel,17902562330559770,/products/loop-tote-batik-limited-edition,297,9,preferred_payment_unavailable,,,,,,,,,abandoned,,,,https://loopcycle.example/checkouts/c/3730156298043/recover,sku_match
3295028366677,2026-09-05 12:22:42,2026-09-05 12:44:42,,,+62-8**-****-1499,false,mobile,Yogyakarta,DI Yogyakarta,ID,LT-BTK,Loop Tote Batik Limited Edition,Batik Kawung,1,249000,,0,,249000,contact_info,,,instagram / bio_link,ig_batik_reel,17902562330559770,/products/loop-tote-batik-limited-edition,891,2,sold_out_or_stock_issue,,,,,,,2026-09-05 14:22:42,false,abandoned,,,,https://loopcycle.example/checkouts/c/3295028366677/recover,sku_match
3456947736052,2026-09-05 12:31:07,2026-09-05 12:46:07,,,+62-8**-****-1749,false,mobile,Jakarta,DKI Jakarta,ID,LT-BTK,Loop Tote Batik Limited Edition,Batik Parang,2,498000,,0,0,498000,shipping_method,,,instagram / bio_link,ig_batik_reel,17902562330559770,/products/loop-tote-batik-limited-edition,59,4,waiting_for_promo_code,,,,,,,2026-09-05 14:31:07,false,abandoned,,,,https://loopcycle.example/checkouts/c/3456947736052/recover,sku_match
3567154183651,2026-09-05 12:57:15,2026-09-05 13:11:15,,w***@gmail.com,,false,desktop,Karawang,West Java,ID,LT-SND,"Loop Tote, Sand",Sand,1,189000,,0,15000,204000,shipping_method,,,instagram / bio_link,ig_behind_the_scenes_p18,17906745675922616,/products/loop-tote-sand,555,7,waiting_for_promo_code,2026-09-05 13:57:15,true,false,2026-09-06 12:57:15,false,false,,,abandoned,,,,https://loopcycle.example/checkouts/c/3567154183651/recover,utm_bio_link
3862294542806,2026-09-05 13:48:25,2026-09-05 13:55:25,,g***@gmail.com,,false,desktop,Karawang,West Java,ID,LT-GRN,"Loop Tote, Sea-green",Sea-green,4,756000,,0,,756000,contact_info,,,instagram / bio_link,ig_b2b_partners_p19,17908838279664940,/products/loop-tote-sea-green,463,9,wanted_other_colour,2026-09-05 14:48:25,true,true,2026-09-06 13:48:25,false,false,,,abandoned,,,,https://loopcycle.example/checkouts/c/3862294542806/recover,utm_bio_link
3428765680541,2026-09-05 16:18:20,2026-09-05 16:41:20,,o***@yahoo.co.id,+62-8**-****-9580,true,mobile,Bandung,West Java,ID,LT-GRN,"Loop Tote, Sea-green",Sea-green,1,189000,,0,18000,207000,payment_method_selected,QRIS,,instagram / bio_link,ig_always_on,,/products/loop-tote-sea-green,807,9,site_slow_or_error,2026-09-05 17:18:20,false,false,2026-09-06 16:18:20,false,false,,,abandoned,,,,https://loopcycle.example/checkouts/c/3428765680541/recover,
3780607268114,2026-09-05 16:38:14,2026-09-05 16:39:14,,n***@gmail.com,+62-8**-****-7695,false,mobile,Denpasar,Bali,ID,LT-SND,"Loop Tote, Sand",Sand,1,189000,,0,40000,229000,payment_method_selected,Credit card,,instagram / bio_link,ig_always_on,,/products/loop-tote-sand,872,11,preferred_payment_unavailable,2026-09-05 17:38:14,true,true,2026-09-06 16:38:14,false,false,2026-09-05 18:38:14,true,abandoned,,,,https://loopcycle.example/checkouts/c/3780607268114/recover,
3125128101489,2026-09-05 16:53:58,2026-09-05 17:04:58,,a***@hotmail.com,,true,tablet,Bekasi,West Java,ID,LT-BTK,Loop Tote Batik Limited Edition,Batik Parang,1,249000,,0,25000,274000,payment_method_selected,ShopeePay,,instagram / bio_link,ig_batik_reel,17902562330559770,/products/loop-tote-batik-limited-edition,193,5,waiting_for_voucher,2026-09-05 17:53:58,true,false,2026-09-06 16:53:58,false,false,,,abandoned,,,,https://loopcycle.example/checkouts/c/3125128101489/recover,sku_match
3977553380177,2026-09-05 16:58:00,2026-09-05 17:16:00,,f***@gmail.com,+62-8**-****-5125,true,mobile,Bandung,West Java,ID,LT-BTK,Loop Tote Batik Limited Edition,Batik Parang,1,249000,,0,25000,274000,shipping_method,,,instagram / bio_link,ig_batik_reel,17902562330559770,/products/loop-tote-batik-limited-edition,361,9,unexpected_shipping_cost,2026-09-05 17:58:00,false,false,2026-09-06 16:58:00,false,false,2026-09-05 18:58:00,false,abandoned,,,,https://loopcycle.example/checkouts/c/3977553380177/recover,sku_match
3210668410945,2026-09-05 17:05:32,2026-09-05 17:17:32,,i***@icloud.com,,false,mobile,Depok,West Java,ID,LT-IND,"Loop Tote, Indigo",Indigo,1,189000,,0,32000,221000,payment_attempted_failed,Credit card,3ds_failed,instagram / bio_link,ig_b2b_partners_p19,17908838279664940,/products/loop-tote-indigo,207,10,payment_failed,2026-09-05 18:05:32,true,true,2026-09-06 17:05:32,false,false,,,abandoned,,,,https://loopcycle.example/checkouts/c/3210668410945/recover,utm_bio_link
3154850129090,2026-09-05 18:20:53,2026-09-05 18:35:53,,j***@gmail.com,+62-8**-****-5328,true,mobile,Makassar,South Sulawesi,ID,LT-BTK,Loop Tote Batik Limited Edition,Batik Parang,1,249000,,0,15000,264000,shipping_method,,,instagram / bio_link,ig_batik_reel,17902562330559770,/products/loop-tote-batik-limited-edition,142,4,delivery_time_too_long,2026-09-05 19:20:53,false,false,2026-09-06 18:20:53,true,false,2026-09-05 20:20:53,false,abandoned,,,,https://loopcycle.example/checkouts/c/3154850129090/recover,sku_match
3289577371331,2026-09-05 19:26:05,2026-09-05 19:41:05,,e***@gmail.com,+62-8**-****-9307,true,mobile,Depok,West Java,ID,LT-BTK,Loop Tote Batik Limited Edition,Batik Kawung,1,249000,,0,15000,264000,payment_attempted_failed,Credit card,3ds_failed,instagram / bio_link,ig_always_on,,/products/loop-tote-batik-limited-edition,346,8,payment_failed,2026-09-05 20:26:05,false,false,2026-09-06 19:26:05,false,false,,,abandoned,,,,https://loopcycle.example/checkouts/c/3289577371331/recover,
3161580374769,2026-09-05 20:01:08,2026-09-05 20:23:08,,,+62-8**-****-1608,false,mobile,Bandung,West Java,ID,LT-BTK,Loop Tote Batik Limited Edition,Batik Parang,1,249000,,0,,249000,contact_info,,,instagram / bio_link,ig_batik_reel,17902562330559770,/products/loop-tote-batik-limited-edition,662,10,distracted_or_session_ended,,,,,,,2026-09-05 22:01:08,false,abandoned,,,,https://loopcycle.example/checkouts/c/3161580374769/recover,sku_match
3468106948513,2026-09-05 20:03:32,2026-09-05 20:18:32,,w***@gmail.com,+62-8**-****-1572,true,desktop,Depok,West Java,ID,LT-BTK,Loop Tote Batik Limited Edition,Batik Parang,1,249000,,0,25000,274000,payment_method_selected,QRIS,,instagram / bio_link,ig_batik_reel,17902562330559770,/products/loop-tote-batik-limited-edition,55,5,payment_page_expired,2026-09-05 21:03:32,true,false,2026-09-06 20:03:32,false,false,,,abandoned,,,,https://loopcycle.example/checkouts/c/3468106948513/recover,sku_match
3401941270320,2026-09-05 20:23:52,2026-09-05 20:47:52,,l***@gmail.com,+62-8**-****-3347,false,mobile,Depok,West Java,ID,LT-BTK,Loop Tote Batik Limited Edition,Batik Parang,1,249000,,0,32000,281000,shipping_method,,,instagram / bio_link,ig_batik_reel,17902562330559770,/products/loop-tote-batik-limited-edition,589,11,sold_out_or_stock_issue,2026-09-05 21:23:52,false,false,2026-09-06 20:23:52,true,true,,,abandoned,,,,https://loopcycle.example/checkouts/c/3401941270320/recover,sku_match
3698535373089,2026-09-05 20:26:29,2026-09-05 20:28:29,,a***@yahoo.co.id,,false,mobile,Banjarmasin,South Kalimantan,ID,LT-BTK,Loop Tote Batik Limited Edition,Batik Parang,1,249000,,0,18000,267000,shipping_method,,,instagram / bio_link,ig_batik_reel,17902562330559770,/products/loop-tote-batik-limited-edition,710,3,unexpected_shipping_cost,2026-09-05 21:26:29,true,false,2026-09-06 20:26:29,false,false,,,abandoned,,,,https://loopcycle.example/checkouts/c/3698535373089/recover,sku_match
3386805560550,2026-09-05 20:27:45,2026-09-05 20:34:45,,a***@outlook.com,+62-8**-****-4382,true,desktop,Jakarta,DKI Jakarta,ID,LT-BTK,Loop Tote Batik Limited Edition,Batik Kawung,1,249000,,0,18000,267000,shipping_method,,,instagram / bio_link,ig_batik_reel,17902562330559770,/products/loop-tote-batik-limited-edition,415,3,sold_out_or_stock_issue,2026-09-05 21:27:45,false,false,2026-09-06 20:27:45,false,false,2026-09-05 22:27:45,false,abandoned,,,,https://loopcycle.example/checkouts/c/3386805560550/recover,sku_match
3134507427111,2026-09-05 20:30:33,2026-09-05 20:55:33,,j***@outlook.com,+62-8**-****-2696,true,mobile,Bekasi,West Java,ID,LT-SND,"Loop Tote, Sand",Sand,1,189000,,0,15000,204000,shipping_method,,,instagram / bio_link,ig_always_on,,/products/loop-tote-sand,501,8,delivery_time_too_long,2026-09-05 21:30:33,true,false,2026-09-06 20:30:33,false,false,,,abandoned,,,,https://loopcycle.example/checkouts/c/3134507427111/recover,
3418038123613,2026-09-05 20:31:50,2026-09-05 20:52:50,,y***@hotmail.com,+62-8**-****-6811,true,mobile,Jakarta,DKI Jakarta,ID,LT-BTK,Loop Tote Batik Limited Edition,Batik Kawung,1,249000,,0,,249000,contact_info,,,instagram / bio_link,ig_batik_reel,17902562330559770,/products/loop-tote-batik-limited-edition,349,8,just_browsing_or_comparing,2026-09-05 21:31:50,true,false,2026-09-06 20:31:50,true,false,2026-09-05 22:31:50,true,abandoned,,,,https://loopcycle.example/checkouts/c/3418038123613/recover,sku_match
3717217419227,2026-09-05 20:45:53,2026-09-05 20:58:53,,a***@hotmail.com,+62-8**-****-1989,false,desktop,Tasikmalaya,West Java,ID,LT-BTK,Loop Tote Batik Limited Edition,Batik Kawung,2,498000,,0,,498000,contact_info,,,newsletter,,,/products/loop-tote-batik-limited-edition,150,7,site_slow_or_error,2026-09-05 21:45:53,true,true,2026-09-06 20:45:53,true,false,,,abandoned,,,,https://loopcycle.example/checkouts/c/3717217419227/recover,
3659333664217,2026-09-05 20:46:46,2026-09-05 21:00:46,,y***@gmail.com,,true,mobile,Bekasi,West Java,ID,LT-GRN,"Loop Tote, Sea-green",Sea-green,1,189000,,0,25000,214000,payment_method_selected,GoPay,,instagram / bio_link,ig_b2b_partners_p19,17908838279664940,/products/loop-tote-sea-green,613,5,checking_marketplace_price,2026-09-05 21:46:46,false,false,2026-09-06 20:46:46,true,true,,,abandoned,,,,https://loopcycle.example/checkouts/c/3659333664217/recover,utm_bio_link
3038654904825,2026-09-05 21:33:37,2026-09-05 21:41:37,,n***@gmail.com,+62-8**-****-2245,true,mobile,Semarang,Central Java,ID,LT-BTK,Loop Tote Batik Limited Edition,Batik Parang,1,249000,,0,,249000,contact_info,,,instagram / bio_link,ig_batik_reel,17902562330559770,/products/loop-tote-batik-limited-edition,52,6,sold_out_or_stock_issue,2026-09-05 22:33:37,false,false,2026-09-06 21:33:37,true,false,2026-09-05 23:33:37,false,abandoned,,,,https://loopcycle.example/checkouts/c/3038654904825/recover,sku_match
3238680318568,2026-09-05 21:58:40,2026-09-05 22:08:40,,e***@gmail.com,+62-8**-****-4712,false,mobile,Solo,Central Java,ID,LT-BTK,Loop Tote Batik Limited Edition,Batik Kawung,1,249000,,0,15000,264000,payment_attempted_failed,QRIS,qris_expired,instagram / bio_link,ig_always_on,,/products/loop-tote-batik-limited-edition,396,6,payment_failed,2026-09-05 22:58:40,false,false,2026-09-06 21:58:40,false,false,2026-09-05 23:58:40,false,abandoned,,,,https://loopcycle.example/checkouts/c/3238680318568/recover,
3141031770905,2026-09-05 22:48:42,2026-09-05 23:13:42,,t***@gmail.com,,false,mobile,Denpasar,Bali,ID,LT-BTK,Loop Tote Batik Limited Edition,Batik Kawung,1,249000,,0,18000,267000,payment_method_selected,Bank transfer (VA),,instagram / bio_link,ig_batik_reel,17902562330559770,/products/loop-tote-batik-limited-edition,66,7,preferred_payment_unavailable,2026-09-05 23:48:42,false,false,2026-09-06 22:48:42,true,false,,,abandoned,,,,https://loopcycle.example/checkouts/c/3141031770905/recover,sku_match
3820512965404,2026-09-05 22:51:00,2026-09-05 22:58:00,,o***@yahoo.co.id,+62-8**-****-2028,true,desktop,Bandung,West Java,ID,LT-BTK,Loop Tote Batik Limited Edition,Batik Parang,1,249000,,0,,249000,contact_info,,,instagram / bio_link,ig_batik_reel,17902562330559770,/products/loop-tote-batik-limited-edition,531,2,account_or_form_friction,2026-09-05 23:51:00,false,false,2026-09-06 22:51:00,false,false,2026-09-06 00:51:00,false,abandoned,,,,https://loopcycle.example/checkouts/c/3820512965404/recover,sku_match
3909352976988,2026-09-05 22:53:10,2026-09-05 22:57:10,,k***@gmail.com,+62-8**-****-5528,false,mobile,Jakarta,DKI Jakarta,ID,LT-BTK,Loop Tote Batik Limited Edition,Batik Parang,1,249000,,0,25000,274000,payment_method_selected,QRIS,,instagram / bio_link,ig_batik_reel,17902562330559770,/products/loop-tote-batik-limited-edition,708,3,preferred_payment_unavailable,2026-09-05 23:53:10,false,false,2026-09-06 22:53:10,false,false,2026-09-06 00:53:10,false,abandoned,,,,https://loopcycle.example/checkouts/c/3909352976988/recover,sku_match
3379303602265,2026-09-05 23:17:53,2026-09-05 23:32:53,,w***@gmail.com,,false,desktop,Jakarta,DKI Jakarta,ID,LT-BTK,Loop Tote Batik Limited Edition,Batik Parang,1,249000,,0,,249000,contact_info,,,instagram / bio_link,ig_batik_reel,17902562330559770,/products/loop-tote-batik-limited-edition,42,9,distracted_or_session_ended,2026-09-06 00:17:53,false,false,2026-09-06 23:17:53,true,false,,,abandoned,,,,https://loopcycle.example/checkouts/c/3379303602265/recover,sku_match
3221539433061,2026-09-06 08:50:43,2026-09-06 08:52:43,,k***@gmail.com,+62-8**-****-4702,false,mobile,Bandung,West Java,ID,LT-GRN,"Loop Tote, Sea-green",Sea-green,1,189000,,0,18000,207000,shipping_method,,,google / organic,,,/products/loop-tote-sea-green,644,10,unexpected_shipping_cost,2026-09-06 09:50:43,true,false,2026-09-07 08:50:43,false,false,,,abandoned,,,,https://loopcycle.example/checkouts/c/3221539433061/recover,
3678167737462,2026-09-06 11:43:17,2026-09-06 12:03:17,C001863,w***@gmail.com,,true,mobile,Bogor,West Java,ID,LT-GRN,"Loop Tote, Sea-green",Sea-green,1,189000,NEWSLETTER5,9500,40000,219500,shipping_method,Bank transfer (VA),,newsletter,,,/products/loop-tote-sea-green,492,10,delivery_time_too_long,2026-09-06 12:43:17,true,false,,,,2026-09-06 13:43:17,true,recovered,whatsapp,#LT10679,2026-09-06 19:22:47,https://loopcycle.example/checkouts/c/3678167737462/recover,
3975633136335,2026-09-06 13:25:58,2026-09-06 13:45:58,,n***@gmail.com,,true,mobile,Jakarta,DKI Jakarta,ID,LT-GRN,"Loop Tote, Sea-green",Sea-green,1,189000,,0,,189000,contact_info,,,instagram / bio_link,ig_always_on,,/products/loop-tote-sea-green,385,11,just_browsing_or_comparing,2026-09-06 14:25:58,false,false,2026-09-07 13:25:58,false,false,,,abandoned,,,,https://loopcycle.example/checkouts/c/3975633136335/recover,
3488063820991,2026-09-06 13:35:52,2026-09-06 13:43:52,,w***@gmail.com,+62-8**-****-1066,true,mobile,Bekasi,West Java,ID,LT-IND,"Loop Tote, Indigo",Indigo,1,189000,,0,15000,204000,payment_attempted_failed,Bank transfer (VA),va_expired,instagram / bio_link,ig_always_on,,/products/loop-tote-indigo,443,6,payment_failed,2026-09-06 14:35:52,false,false,2026-09-07 13:35:52,false,false,2026-09-06 15:35:52,false,abandoned,,,,https://loopcycle.example/checkouts/c/3488063820991/recover,
3538864853554,2026-09-06 18:37:32,2026-09-06 18:59:32,C001871,e***@gmail.com,,true,desktop,Bandung,West Java,ID,LT-IND,"Loop Tote, Indigo",Indigo,1,189000,,0,0,189000,shipping_method,QRIS,,direct,,,/products/loop-tote-indigo,495,6,unexpected_shipping_cost,2026-09-06 19:37:32,true,false,,,,2026-09-06 20:37:32,true,recovered,whatsapp,#LT10684,2026-09-07 16:34:49,https://loopcycle.example/checkouts/c/3538864853554/recover,
3798290983904,2026-09-06 20:35:08,2026-09-06 20:39:08,,e***@gmail.com,+62-8**-****-3317,true,mobile,Banjarmasin,South Kalimantan,ID,LT-BTK,Loop Tote Batik Limited Edition,Batik Kawung,1,249000,,0,18000,267000,payment_method_selected,Credit card,,instagram / bio_link,ig_batik_reel,17902562330559770,/products/loop-tote-batik-limited-edition,729,2,sold_out_or_stock_issue,2026-09-06 21:35:08,true,false,2026-09-07 20:35:08,true,true,2026-09-06 22:35:08,true,abandoned,,,,https://loopcycle.example/checkouts/c/3798290983904/recover,sku_match
3808547902435,2026-09-06 22:25:57,2026-09-06 22:30:57,,w***@gmail.com,+62-8**-****-1260,true,mobile,Bandung,West Java,ID,LT-SND,"Loop Tote, Sand",Sand,2,378000,,0,,378000,contact_info,,,instagram / bio_link,ig_always_on,,/products/loop-tote-sand,144,11,distracted_or_session_ended,2026-09-06 23:25:57,false,false,2026-09-07 22:25:57,false,false,,,abandoned,,,,https://loopcycle.example/checkouts/c/3808547902435/recover,
3197995589826,2026-09-06 22:27:39,2026-09-06 22:38:39,,n***@gmail.com,,false,mobile,Bandung,West Java,ID,LT-GRN,"Loop Tote, Sea-green",Sea-green,1,189000,,0,18000,207000,payment_method_selected,GoPay,,instagram / bio_link,ig_always_on,,/products/loop-tote-sea-green,838,4,waiting_for_voucher,2026-09-06 23:27:39,true,false,2026-09-07 22:27:39,false,false,,,abandoned,,,,https://loopcycle.example/checkouts/c/3197995589826/recover,
3848653980217,2026-09-07 11:18:31,2026-09-07 11:38:31,,m***@gmail.com,,true,desktop,Bandung,West Java,ID,LT-BTK,Loop Tote Batik Limited Edition,Batik Parang,1,249000,,0,18000,267000,shipping_method,,,direct,,,/products/loop-tote-batik-limited-edition,722,10,unexpected_shipping_cost,2026-09-07 12:18:31,false,false,2026-09-08 11:18:31,false,false,,,abandoned,,,,https://loopcycle.example/checkouts/c/3848653980217/recover,
3247590953927,2026-09-07 12:33:22,2026-09-07 12:55:22,,c***@gmail.com,,true,mobile,Bandung,West Java,ID,LT-SND,"Loop Tote, Sand",Sand,1,189000,,0,,189000,contact_info,,,direct,,,/products/loop-tote-sand,123,10,just_browsing_or_comparing,2026-09-07 13:33:22,false,false,2026-09-08 12:33:22,false,false,,,abandoned,,,,https://loopcycle.example/checkouts/c/3247590953927/recover,
3733660112904,2026-09-07 13:26:08,2026-09-07 13:36:08,,i***@gmail.com,+62-8**-****-4427,false,mobile,Depok,West Java,ID,LT-GRN,"Loop Tote, Sea-green",Sea-green,3,567000,,0,0,567000,payment_method_selected,GoPay,,instagram / bio_link,ig_always_on,,/products/loop-tote-sea-green,827,2,payment_page_expired,2026-09-07 14:26:08,true,false,2026-09-08 13:26:08,false,false,2026-09-07 15:26:08,false,abandoned,,,,https://loopcycle.example/checkouts/c/3733660112904/recover,
3521169333755,2026-09-07 21:04:09,2026-09-07 21:10:09,,,+62-8**-****-2768,false,mobile,Semarang,Central Java,ID,LT-IND,"Loop Tote, Indigo",Indigo,1,189000,,0,,189000,contact_info,,,instagram / bio_link,ig_care_carousel,17905854025471212,/products/loop-tote-indigo,807,5,distracted_or_session_ended,,,,,,,,,abandoned,,,,https://loopcycle.example/checkouts/c/3521169333755/recover,utm_bio_link
3168386446337,2026-09-08 09:21:24,2026-09-08 09:25:24,,,+62-8**-****-4890,false,mobile,Bandung,West Java,ID,LT-BTK,Loop Tote Batik Limited Edition,Batik Kawung,1,249000,,0,40000,289000,payment_method_selected,QRIS,,direct,,,/products/loop-tote-batik-limited-edition,505,7,sold_out_or_stock_issue,,,,,,,2026-09-08 11:21:24,true,abandoned,,,,https://loopcycle.example/checkouts/c/3168386446337/recover,
3913207889104,2026-09-08 18:58:10,2026-09-08 19:01:10,,n***@icloud.com,,false,desktop,Depok,West Java,ID,LT-GRN,"Loop Tote, Sea-green",Sea-green,1,189000,,0,18000,207000,payment_attempted_failed,ShopeePay,timeout,instagram / bio_link,ig_care_carousel,17905854025471212,/products/loop-tote-sea-green,670,7,payment_failed,2026-09-08 19:58:10,false,false,2026-09-09 18:58:10,false,false,,,abandoned,,,,https://loopcycle.example/checkouts/c/3913207889104/recover,utm_bio_link
3201532983987,2026-09-08 19:50:26,2026-09-08 20:08:26,,r***@hotmail.com,+62-8**-****-1215,false,desktop,Depok,West Java,ID,LT-SND,"Loop Tote, Sand",Sand,1,189000,,0,15000,204000,shipping_method,,,direct,,,/products/loop-tote-sand,203,6,distracted_or_session_ended,2026-09-08 20:50:26,false,false,2026-09-09 19:50:26,false,false,,,abandoned,,,,https://loopcycle.example/checkouts/c/3201532983987/recover,
3621483180894,2026-09-08 21:02:26,2026-09-08 21:07:26,,o***@gmail.com,+62-8**-****-3998,false,desktop,Jakarta,DKI Jakarta,ID,LT-IND,"Loop Tote, Indigo",Indigo,1,189000,,0,40000,229000,payment_attempted_failed,QRIS,qris_expired,instagram / bio_link,ig_care_carousel,17905854025471212,/products/loop-tote-indigo,159,3,payment_failed,2026-09-08 22:02:26,false,false,2026-09-09 21:02:26,false,false,2026-09-08 23:02:26,false,abandoned,,,,https://loopcycle.example/checkouts/c/3621483180894/recover,utm_bio_link
3366630777483,2026-09-09 04:33:59,2026-09-09 04:40:59,C001939,n***@gmail.com,+62-8**-****-8797,true,mobile,Medan,North Sumatra,ID,LT-GRN,"Loop Tote, Sea-green",Sea-green,1,189000,,0,18000,207000,payment_method_selected,Bank transfer (VA),,newsletter,,,/products/loop-tote-sea-green,705,10,waiting_for_voucher,2026-09-09 05:33:59,true,true,,,,,,recovered,email,#LT10701,2026-09-09 22:23:16,https://loopcycle.example/checkouts/c/3366630777483/recover,
3340941510576,2026-09-09 05:11:43,2026-09-09 05:13:43,C001942,a***@gmail.com,+62-8**-****-4137,true,desktop,Cimahi,West Java,ID,LT-IND,"Loop Tote, Indigo",Indigo,1,189000,,0,0,189000,payment_attempted_failed,ShopeePay,timeout,instagram / bio_link,ig_care_carousel,17905854025471212,/products/loop-tote-indigo,897,4,payment_failed,2026-09-09 06:11:43,true,false,2026-09-10 05:11:43,true,true,,,recovered,email,#LT10703,2026-09-10 10:52:34,https://loopcycle.example/checkouts/c/3340941510576/recover,utm_bio_link
3614773691486,2026-09-09 07:17:53,2026-09-09 07:27:53,,j***@icloud.com,+62-8**-****-9410,true,mobile,Palembang,South Sumatra,ID,LT-GRN,"Loop Tote, Sea-green",Sea-green,2,378000,,0,0,378000,payment_attempted_failed,QRIS,qris_expired,newsletter,,,/products/loop-tote-sea-green,861,3,payment_failed,2026-09-09 08:17:53,false,false,2026-09-10 07:17:53,false,false,,,abandoned,,,,https://loopcycle.example/checkouts/c/3614773691486/recover,
3502409844800,2026-09-09 10:23:20,2026-09-09 10:37:20,,o***@gmail.com,,true,mobile,Jakarta,DKI Jakarta,ID,LT-GRN,"Loop Tote, Sea-green",Sea-green,1,189000,NEWSLETTER5,9500,18000,197500,payment_method_selected,OVO,,instagram / bio_link,ig_care_carousel,17905854025471212,/products/loop-tote-sea-green,73,4,payment_page_expired,2026-09-09 11:23:20,false,false,2026-09-10 10:23:20,false,false,,,abandoned,,,,https://loopcycle.example/checkouts/c/3502409844800/recover,utm_bio_link
3140640393908,2026-09-09 13:14:55,2026-09-09 13:25:55,,p***@gmail.com,+62-8**-****-1914,true,mobile,South Tangerang,Banten,ID,LT-IND,"Loop Tote, Indigo",Indigo,1,189000,,0,18000,207000,shipping_method,,,instagram / bio_link,ig_always_on,,/products/loop-tote-indigo,397,6,distracted_or_session_ended,2026-09-09 14:14:55,true,false,2026-09-10 13:14:55,false,false,,,abandoned,,,,https://loopcycle.example/checkouts/c/3140640393908/recover,
3130844433535,2026-09-09 13:59:11,2026-09-09 14:20:11,,g***@gmail.com,,false,mobile,Jakarta,DKI Jakarta,ID,LT-IND,"Loop Tote, Indigo",Indigo,1,189000,,0,32000,221000,payment_attempted_failed,Bank transfer (VA),va_expired,direct,,,/products/loop-tote-indigo,471,2,payment_failed,2026-09-09 14:59:11,false,false,2026-09-10 13:59:11,false,false,,,abandoned,,,,https://loopcycle.example/checkouts/c/3130844433535/recover,
3226564480524,2026-09-09 15:35:18,2026-09-09 15:45:18,,,+62-8**-****-3373,false,mobile,Depok,West Java,ID,LT-BTK,Loop Tote Batik Limited Edition,Batik Kawung,1,249000,,0,25000,274000,payment_attempted_failed,Bank transfer (VA),va_expired,whatsapp,,,/products/loop-tote-batik-limited-edition,223,9,payment_failed,,,,,,,,,abandoned,,,,https://loopcycle.example/checkouts/c/3226564480524/recover,
3863989614213,2026-09-09 18:05:57,2026-09-09 18:30:57,,p***@gmail.com,,true,mobile,Bandung,West Java,ID,LT-IND,"Loop Tote, Indigo",Indigo,1,189000,,0,,189000,contact_info,,,instagram / bio_link,ig_care_carousel,17905854025471212,/products/loop-tote-indigo,231,4,just_browsing_or_comparing,2026-09-09 19:05:57,false,false,2026-09-10 18:05:57,false,false,,,abandoned,,,,https://loopcycle.example/checkouts/c/3863989614213/recover,utm_bio_link
3110827791324,2026-09-09 18:10:16,2026-09-09 18:17:16,,,+62-8**-****-9289,false,mobile,Depok,West Java,ID,LT-SND,"Loop Tote, Sand",Sand,2,378000,,0,0,378000,shipping_method,,,instagram / bio_link,ig_care_carousel,17905854025471212,/products/loop-tote-sand,270,10,unexpected_shipping_cost,,,,,,,,,abandoned,,,,https://loopcycle.example/checkouts/c/3110827791324/recover,utm_bio_link
3916240490689,2026-09-09 18:40:58,2026-09-09 18:53:58,,h***@gmail.com,,true,mobile,Depok,West Java,ID,LT-SND,"Loop Tote, Sand",Sand,1,189000,,0,15000,204000,payment_method_selected,QRIS,,instagram / bio_link,ig_b2b_partners_p19,17908838279664940,/products/loop-tote-sand,409,10,waiting_for_voucher,2026-09-09 19:40:58,true,false,2026-09-10 18:40:58,false,false,,,abandoned,,,,https://loopcycle.example/checkouts/c/3916240490689/recover,utm_bio_link
3166547715504,2026-09-09 19:44:32,2026-09-09 19:49:32,,l***@gmail.com,+62-8**-****-6301,true,desktop,Bandung,West Java,ID,LT-GRN,"Loop Tote, Sea-green",Sea-green,1,189000,,0,15000,204000,payment_method_selected,Bank transfer (VA),,instagram / bio_link,ig_picker_stories_p21,17902783331106906,/products/loop-tote-sea-green,616,6,preferred_payment_unavailable,2026-09-09 20:44:32,false,false,2026-09-10 19:44:32,true,true,2026-09-09 21:44:32,false,abandoned,,,,https://loopcycle.example/checkouts/c/3166547715504/recover,utm_bio_link
3040626253570,2026-09-09 20:14:00,2026-09-09 20:25:00,,e***@gmail.com,+62-8**-****-2414,true,mobile,Jakarta,DKI Jakarta,ID,LT-IND,"Loop Tote, Indigo",Indigo,4,756000,,0,0,756000,shipping_method,,,instagram / bio_link,ig_care_carousel,17905854025471212,/products/loop-tote-indigo,227,4,unexpected_shipping_cost,2026-09-09 21:14:00,false,false,2026-09-10 20:14:00,false,false,2026-09-09 22:14:00,true,abandoned,,,,https://loopcycle.example/checkouts/c/3040626253570/recover,utm_bio_link
3368043620889,2026-09-09 20:16:31,2026-09-09 20:28:31,,t***@gmail.com,,false,mobile,Bogor,West Java,ID,LT-IND,"Loop Tote, Indigo",Indigo,1,189000,,0,,189000,contact_info,,,instagram / bio_link,ig_care_carousel,17905854025471212,/products/loop-tote-indigo,839,11,distracted_or_session_ended,2026-09-09 21:16:31,false,false,2026-09-10 20:16:31,false,false,,,abandoned,,,,https://loopcycle.example/checkouts/c/3368043620889/recover,utm_bio_link
3952416970686,2026-09-09 20:38:09,2026-09-09 20:59:09,,,+62-8**-****-9188,false,desktop,Subang,West Java,ID,LT-GRN,"Loop Tote, Sea-green",Sea-green,2,378000,NEWSLETTER5,19000,0,359000,payment_method_selected,QRIS,,direct,,,/products/loop-tote-sea-green,368,3,checking_marketplace_price,,,,,,,2026-09-09 22:38:09,false,abandoned,,,,https://loopcycle.example/checkouts/c/3952416970686/recover,
3375821229356,2026-09-10 06:30:59,2026-09-10 06:48:59,,y***@hotmail.com,,true,desktop,Solo,Central Java,ID,LT-GRN,"Loop Tote, Sea-green",Sea-green,1,189000,,0,32000,221000,payment_method_selected,Credit card,,instagram / bio_link,ig_always_on,,/products/loop-tote-sea-green,812,4,waiting_for_voucher,2026-09-10 07:30:59,true,false,2026-09-11 06:30:59,false,false,,,abandoned,,,,https://loopcycle.example/checkouts/c/3375821229356/recover,
3937788960216,2026-09-10 14:11:36,2026-09-10 14:20:36,,m***@proton.me,,false,mobile,Makassar,South Sulawesi,ID,LT-SND,"Loop Tote, Sand",Sand,1,189000,,0,18000,207000,payment_attempted_failed,GoPay,timeout,google / organic,,,/products/loop-tote-sand,535,6,payment_failed,2026-09-10 15:11:36,false,false,2026-09-11 14:11:36,false,false,,,abandoned,,,,https://loopcycle.example/checkouts/c/3937788960216/recover,
3733527275326,2026-09-10 17:25:01,2026-09-10 17:46:01,,,+62-8**-****-6234,false,mobile,Medan,North Sumatra,ID,LT-GRN,"Loop Tote, Sea-green",Sea-green,1,189000,,0,,189000,contact_info,,,google / organic,,,/products/loop-tote-sea-green,577,9,wanted_other_colour,,,,,,,2026-09-10 19:25:01,false,abandoned,,,,https://loopcycle.example/checkouts/c/3733527275326/recover,
3014023231689,2026-09-10 18:54:09,2026-09-10 18:56:09,,r***@gmail.com,+62-8**-****-1184,false,desktop,Bandung,West Java,ID,LT-SND,"Loop Tote, Sand",Sand,3,567000,,0,0,567000,payment_method_selected,Credit card,,instagram / bio_link,ig_picker_stories_p21,17902783331106906,/products/loop-tote-sand,521,6,preferred_payment_unavailable,2026-09-10 19:54:09,true,false,2026-09-11 18:54:09,true,false,,,abandoned,,,,https://loopcycle.example/checkouts/c/3014023231689/recover,utm_bio_link
3839550932535,2026-09-10 18:56:03,2026-09-10 19:01:03,,n***@gmail.com,,true,mobile,Bekasi,West Java,ID,LT-IND,"Loop Tote, Indigo",Indigo,1,189000,,0,15000,204000,shipping_method,,,direct,,,/products/loop-tote-indigo,818,10,unexpected_shipping_cost,2026-09-10 19:56:03,true,false,2026-09-11 18:56:03,false,false,,,abandoned,,,,https://loopcycle.example/checkouts/c/3839550932535/recover,
3054398169138,2026-09-10 19:44:42,2026-09-10 19:46:42,,c***@gmail.com,+62-8**-****-5634,true,mobile,Bandung,West Java,ID,LT-IND,"Loop Tote, Indigo",Indigo,1,189000,,0,40000,229000,payment_method_selected,QRIS,,instagram / bio_link,ig_always_on,,/products/loop-tote-indigo,435,5,checking_marketplace_price,2026-09-10 20:44:42,true,false,2026-09-11 19:44:42,false,false,2026-09-10 21:44:42,false,abandoned,,,,https://loopcycle.example/checkouts/c/3054398169138/recover,
3715395982986,2026-09-10 21:38:23,2026-09-10 21:57:23,,l***@gmail.com,+62-8**-****-6278,false,tablet,Jakarta,DKI Jakarta,ID,LT-IND,"Loop Tote, Indigo",Indigo,1,189000,,0,,189000,contact_info,,,instagram / bio_link,ig_picker_stories_p21,17902783331106906,/products/loop-tote-indigo,328,7,just_browsing_or_comparing,2026-09-10 22:38:23,true,false,2026-09-11 21:38:23,false,false,,,abandoned,,,,https://loopcycle.example/checkouts/c/3715395982986/recover,utm_bio_link
3696718225856,2026-09-10 21:52:25,2026-09-10 22:16:25,,b***@gmail.com,+62-8**-****-8975,false,desktop,Bogor,West Java,ID,LT-SND,"Loop Tote, Sand",Sand,1,189000,,0,32000,221000,payment_method_selected,ShopeePay,,direct,,,/products/loop-tote-sand,455,3,checking_marketplace_price,2026-09-10 22:52:25,false,false,2026-09-11 21:52:25,false,false,2026-09-10 23:52:25,false,abandoned,,,,https://loopcycle.example/checkouts/c/3696718225856/recover,
3147255038130,2026-09-10 21:57:06,2026-09-10 22:17:06,,l***@gmail.com,+62-8**-****-2291,false,desktop,Bandung,West Java,ID,LT-GRN,"Loop Tote, Sea-green",Sea-green,1,189000,,0,40000,229000,payment_attempted_failed,OVO,insufficient_balance,instagram / bio_link,ig_picker_stories_p21,17902783331106906,/products/loop-tote-sea-green,261,4,payment_failed,2026-09-10 22:57:06,false,false,2026-09-11 21:57:06,false,false,,,abandoned,,,,https://loopcycle.example/checkouts/c/3147255038130/recover,utm_bio_link
3403587197541,2026-09-10 22:05:53,2026-09-10 22:16:53,,,+62-8**-****-7426,false,mobile,Jakarta,DKI Jakarta,ID,LT-SND,"Loop Tote, Sand",Sand,1,189000,,0,32000,221000,shipping_method,,,instagram / bio_link,ig_always_on,,/products/loop-tote-sand,487,7,unexpected_shipping_cost,,,,,,,,,abandoned,,,,https://loopcycle.example/checkouts/c/3403587197541/recover,
3244784831611,2026-09-11 18:02:37,2026-09-11 18:05:37,C001994,t***@hotmail.com,+62-8**-****-5291,true,mobile,Jakarta,DKI Jakarta,ID,LT-GRN,"Loop Tote, Sea-green",Sea-green,1,189000,,0,32000,221000,payment_method_selected,GoPay,,google / organic,,,/products/loop-tote-sea-green,424,5,payment_page_expired,2026-09-11 19:02:37,true,false,2026-09-12 18:02:37,false,false,2026-09-11 20:02:37,true,recovered,whatsapp,#LT10719,2026-09-12 21:55:53,https://loopcycle.example/checkouts/c/3244784831611/recover,
3501693766456,2026-09-12 11:44:40,2026-09-12 11:45:40,,g***@gmail.com,+62-8**-****-3735,true,desktop,Depok,West Java,ID,LT-IND,"Loop Tote, Indigo",Indigo,3,567000,,0,0,567000,payment_attempted_failed,GoPay,timeout,newsletter,,,/products/loop-tote-indigo,809,4,payment_failed,2026-09-12 12:44:40,true,false,2026-09-13 11:44:40,true,false,2026-09-12 13:44:40,false,abandoned,,,,https://loopcycle.example/checkouts/c/3501693766456/recover,
3611240589134,2026-09-12 11:57:10,2026-09-12 12:01:10,,b***@gmail.com,+62-8**-****-5083,true,mobile,Cirebon,West Java,ID,LT-SND,"Loop Tote, Sand",Sand,1,189000,,0,15000,204000,shipping_method,,,google / organic,,,/products/loop-tote-sand,545,6,delivery_time_too_long,2026-09-12 12:57:10,true,false,2026-09-13 11:57:10,true,false,2026-09-12 13:57:10,false,abandoned,,,,https://loopcycle.example/checkouts/c/3611240589134/recover,
3067407597667,2026-09-12 12:13:42,2026-09-12 12:21:42,,b***@gmail.com,,true,mobile,Cirebon,West Java,ID,LT-IND,"Loop Tote, Indigo",Indigo,1,189000,,0,40000,229000,payment_attempted_failed,Bank transfer (VA),va_expired,google / organic,,,/products/loop-tote-indigo,82,10,payment_failed,2026-09-12 13:13:42,false,false,2026-09-13 12:13:42,false,false,,,abandoned,,,,https://loopcycle.example/checkouts/c/3067407597667/recover,
3362379471199,2026-09-12 15:39:02,2026-09-12 15:50:02,,j***@gmail.com,+62-8**-****-1114,true,mobile,Bandung,West Java,ID,LT-GRN,"Loop Tote, Sea-green",Sea-green,1,189000,,0,,189000,contact_info,,,direct,,,/products/loop-tote-sea-green,605,10,just_browsing_or_comparing,2026-09-12 16:39:02,false,false,2026-09-13 15:39:02,false,false,2026-09-12 17:39:02,false,abandoned,,,,https://loopcycle.example/checkouts/c/3362379471199/recover,
3354372702286,2026-09-12 15:51:29,2026-09-12 15:54:29,,i***@gmail.com,+62-8**-****-5204,true,mobile,Jakarta,DKI Jakarta,ID,LT-GRN,"Loop Tote, Sea-green",Sea-green,1,189000,,0,40000,229000,payment_method_selected,ShopeePay,,direct,,,/products/loop-tote-sea-green,804,11,payment_page_expired,2026-09-12 16:51:29,false,false,2026-09-13 15:51:29,true,true,,,abandoned,,,,https://loopcycle.example/checkouts/c/3354372702286/recover,
3832910876624,2026-09-12 16:53:45,2026-09-12 17:11:45,,i***@gmail.com,,false,desktop,Bogor,West Java,ID,LT-GRN,"Loop Tote, Sea-green",Sea-green,2,378000,,0,,378000,contact_info,,,google / organic,,,/products/loop-tote-sea-green,120,10,account_or_form_friction,2026-09-12 17:53:45,true,true,2026-09-13 16:53:45,false,false,,,abandoned,,,,https://loopcycle.example/checkouts/c/3832910876624/recover,
3607795075444,2026-09-12 20:38:19,2026-09-12 20:40:19,,,+62-8**-****-6028,false,mobile,Bekasi,West Java,ID,LT-SND,"Loop Tote, Sand",Sand,2,378000,,0,0,378000,payment_method_selected,Credit card,,direct,,,/products/loop-tote-sand,850,7,preferred_payment_unavailable,,,,,,,2026-09-12 22:38:19,false,abandoned,,,,https://loopcycle.example/checkouts/c/3607795075444/recover,
3923743098721,2026-09-13 09:31:03,2026-09-13 09:36:03,,h***@yahoo.co.id,+62-8**-****-2766,true,mobile,Garut,West Java,ID,LT-GRN,"Loop Tote, Sea-green",Sea-green,3,567000,,0,,567000,contact_info,,,google / organic,,,/products/loop-tote-sea-green,741,9,distracted_or_session_ended,2026-09-13 10:31:03,false,false,2026-09-14 09:31:03,false,false,,,abandoned,,,,https://loopcycle.example/checkouts/c/3923743098721/recover,
3147758428800,2026-09-13 10:12:11,2026-09-13 10:33:11,,r***@gmail.com,+62-8**-****-1973,false,mobile,Bekasi,West Java,ID,LT-SND,"Loop Tote, Sand",Sand,1,189000,,0,,189000,contact_info,,,instagram / bio_link,ig_always_on,,/products/loop-tote-sand,818,11,distracted_or_session_ended,2026-09-13 11:12:11,true,false,2026-09-14 10:12:11,false,false,2026-09-13 12:12:11,false,abandoned,,,,https://loopcycle.example/checkouts/c/3147758428800/recover,
3032801804777,2026-09-13 12:17:06,2026-09-13 12:42:06,,j***@gmail.com,,false,mobile,Depok,West Java,ID,LT-IND,"Loop Tote, Indigo",Indigo,1,189000,,0,,189000,contact_info,,,direct,,,/products/loop-tote-indigo,551,9,just_browsing_or_comparing,2026-09-13 13:17:06,true,false,2026-09-14 12:17:06,false,false,,,abandoned,,,,https://loopcycle.example/checkouts/c/3032801804777/recover,
3813390521761,2026-09-13 21:46:52,2026-09-13 21:59:52,,j***@gmail.com,,true,mobile,Cianjur,West Java,ID,LT-IND,"Loop Tote, Indigo",Indigo,1,189000,,0,25000,214000,shipping_method,,,google / organic,,,/products/loop-tote-indigo,319,7,delivery_time_too_long,2026-09-13 22:46:52,false,false,2026-09-14 21:46:52,true,false,,,abandoned,,,,https://loopcycle.example/checkouts/c/3813390521761/recover,
3707128547379,2026-09-13 21:52:19,2026-09-13 22:09:19,,r***@yahoo.co.id,,true,mobile,Bandung,West Java,ID,LT-IND,"Loop Tote, Indigo",Indigo,1,189000,,0,15000,204000,payment_method_selected,ShopeePay,,direct,,,/products/loop-tote-indigo,323,3,checking_marketplace_price,2026-09-13 22:52:19,true,false,2026-09-14 21:52:19,false,false,,,abandoned,,,,https://loopcycle.example/checkouts/c/3707128547379/recover,
3692873692814,2026-09-14 07:01:30,2026-09-14 07:09:30,C002028,w***@gmail.com,+62-8**-****-2765,false,mobile,Malang,East Java,ID,LT-IND,"Loop Tote, Indigo",Indigo,2,378000,,0,0,378000,payment_method_selected,ShopeePay,,direct,,,/products/loop-tote-indigo,249,10,payment_page_expired,2026-09-14 08:01:30,true,true,,,,2026-09-14 09:01:30,false,recovered,email,#LT10728,2026-09-14 20:34:42,https://loopcycle.example/checkouts/c/3692873692814/recover,
3199928795676,2026-09-14 14:33:41,2026-09-14 14:47:41,,p***@yahoo.co.id,+62-8**-****-3359,true,mobile,Bandung,West Java,ID,LT-BTK,Loop Tote Batik Limited Edition,Batik Parang,1,249000,,0,25000,274000,payment_method_selected,Bank transfer (VA),,direct,,,/products/loop-tote-batik-limited-edition,752,10,preferred_payment_unavailable,2026-09-14 15:33:41,true,false,2026-09-15 14:33:41,false,false,2026-09-14 16:33:41,false,abandoned,,,,https://loopcycle.example/checkouts/c/3199928795676/recover,
3047908782549,2026-09-14 14:56:41,2026-09-14 15:01:41,,,+62-8**-****-3843,false,desktop,Cianjur,West Java,ID,LT-IND,"Loop Tote, Indigo",Indigo,1,189000,,0,15000,204000,payment_attempted_failed,QRIS,qris_expired,google / organic,,,/products/loop-tote-indigo,52,11,payment_failed,,,,,,,,,abandoned,,,,https://loopcycle.example/checkouts/c/3047908782549/recover,
3449463157883,2026-09-14 21:30:41,2026-09-14 21:49:41,,a***@gmail.com,,false,mobile,Batam,Riau Islands,ID,LT-SND,"Loop Tote, Sand",Sand,1,189000,,0,18000,207000,payment_method_selected,Credit card,,direct,,,/products/loop-tote-sand,711,5,waiting_for_voucher,2026-09-14 22:30:41,false,false,2026-09-15 21:30:41,true,false,,,abandoned,,,,https://loopcycle.example/checkouts/c/3449463157883/recover,
3067092548651,2026-09-15 14:04:29,2026-09-15 14:05:29,,r***@outlook.com,,true,desktop,Bandung,West Java,ID,LT-GRN,"Loop Tote, Sea-green",Sea-green,2,378000,,0,0,378000,shipping_method,,,instagram / bio_link,ig_always_on,,/products/loop-tote-sea-green,98,5,delivery_time_too_long,2026-09-15 15:04:29,false,false,2026-09-16 14:04:29,false,false,,,abandoned,,,,https://loopcycle.example/checkouts/c/3067092548651/recover,
3113440674275,2026-09-15 18:05:37,2026-09-15 18:11:37,,,+62-8**-****-8432,false,mobile,Depok,West Java,ID,LT-GRN,"Loop Tote, Sea-green",Sea-green,2,378000,,0,0,378000,payment_method_selected,Bank transfer (VA),,direct,,,/products/loop-tote-sea-green,710,7,payment_page_expired,,,,,,,2026-09-15 20:05:37,false,abandoned,,,,https://loopcycle.example/checkouts/c/3113440674275/recover,
3653076214114,2026-09-15 19:00:44,2026-09-15 19:10:44,,a***@hotmail.com,,true,mobile,Tasikmalaya,West Java,ID,LT-IND,"Loop Tote, Indigo",Indigo,1,189000,,0,,189000,contact_info,,,instagram / bio_link,ig_always_on,,/products/loop-tote-indigo,304,4,distracted_or_session_ended,2026-09-15 20:00:44,false,false,2026-09-16 19:00:44,false,false,,,abandoned,,,,https://loopcycle.example/checkouts/c/3653076214114/recover,
3384298982997,2026-09-16 00:50:48,2026-09-16 01:12:48,C001794,y***@gmail.com,+62-8**-****-6753,true,mobile,Karawang,West Java,ID,LT-GFT,Loop Tote Gift Set,Indigo,1,299000,,0,25000,324000,shipping_method,Credit card,,direct,,,/products/loop-tote-gift-set,824,5,unexpected_shipping_cost,2026-09-16 01:50:48,false,false,,,,2026-09-16 02:50:48,true,recovered,whatsapp,#LT10743,2026-09-16 20:15:26,https://loopcycle.example/checkouts/c/3384298982997/recover,
3825487903111,2026-09-16 07:44:25,2026-09-16 07:48:25,,g***@outlook.com,+62-8**-****-8103,false,mobile,Depok,West Java,ID,LT-BTK,Loop Tote Batik Limited Edition,Batik Parang,1,249000,,0,,249000,contact_info,,,instagram / bio_link,ig_batik_reel,17902562330559770,/products/loop-tote-batik-limited-edition,550,7,distracted_or_session_ended,2026-09-16 08:44:25,true,false,2026-09-17 07:44:25,true,false,2026-09-16 09:44:25,false,abandoned,,,,https://loopcycle.example/checkouts/c/3825487903111/recover,sku_match
3955669314630,2026-09-16 09:16:40,2026-09-16 09:38:40,,o***@icloud.com,,false,desktop,Jakarta,DKI Jakarta,ID,LT-GRN,"Loop Tote, Sea-green",Sea-green,1,189000,,0,18000,207000,payment_attempted_failed,QRIS,qris_expired,direct,,,/products/loop-tote-sea-green,297,3,payment_failed,2026-09-16 10:16:40,true,true,2026-09-17 09:16:40,false,false,,,abandoned,,,,https://loopcycle.example/checkouts/c/3955669314630/recover,
3579302581516,2026-09-16 10:45:41,2026-09-16 11:03:41,,t***@gmail.com,+62-8**-****-4889,true,mobile,Bogor,West Java,ID,LT-GRN,"Loop Tote, Sea-green",Sea-green,1,189000,,0,18000,207000,shipping_method,,,instagram / bio_link,ig_always_on,,/products/loop-tote-sea-green,58,2,unexpected_shipping_cost,2026-09-16 11:45:41,true,false,2026-09-17 10:45:41,false,false,,,abandoned,,,,https://loopcycle.example/checkouts/c/3579302581516/recover,
3854075857691,2026-09-16 12:21:31,2026-09-16 12:25:31,,h***@yahoo.co.id,,false,mobile,Sukabumi,West Java,ID,LT-GRN,"Loop Tote, Sea-green",Sea-green,1,189000,,0,18000,207000,shipping_method,,,instagram / bio_link,ig_always_on,,/products/loop-tote-sea-green,732,5,waiting_for_promo_code,2026-09-16 13:21:31,true,false,2026-09-17 12:21:31,false,false,,,abandoned,,,,https://loopcycle.example/checkouts/c/3854075857691/recover,
3101028889994,2026-09-16 12:33:03,2026-09-16 12:34:03,,e***@gmail.com,,true,mobile,Depok,West Java,ID,LT-SND,"Loop Tote, Sand",Sand,2,378000,NEWSLETTER5,19000,,359000,contact_info,,,instagram / bio_link,ig_giftset_image,17909503295997091,/products/loop-tote-sand,244,3,wanted_other_colour,2026-09-16 13:33:03,false,false,2026-09-17 12:33:03,false,false,,,abandoned,,,,https://loopcycle.example/checkouts/c/3101028889994/recover,utm_bio_link
3241600390185,2026-09-16 13:47:09,2026-09-16 14:05:09,,d***@gmail.com,+62-8**-****-8634,true,mobile,Medan,North Sumatra,ID,LT-GRN,"Loop Tote, Sea-green",Sea-green,1,189000,,0,40000,229000,payment_method_selected,ShopeePay,,instagram / bio_link,ig_giftset_image,17909503295997091,/products/loop-tote-sea-green,446,8,checking_marketplace_price,2026-09-16 14:47:09,true,false,2026-09-17 13:47:09,false,false,2026-09-16 15:47:09,false,abandoned,,,,https://loopcycle.example/checkouts/c/3241600390185/recover,utm_bio_link
3607324032508,2026-09-16 14:03:54,2026-09-16 14:22:54,,g***@gmail.com,,true,mobile,Surabaya,East Java,ID,LT-GRN,"Loop Tote, Sea-green",Sea-green,1,189000,,0,40000,229000,payment_method_selected,QRIS,,direct,,,/products/loop-tote-sea-green,403,8,payment_page_expired,2026-09-16 15:03:54,false,false,2026-09-17 14:03:54,true,false,,,abandoned,,,,https://loopcycle.example/checkouts/c/3607324032508/recover,
3929169316364,2026-09-16 15:09:23,2026-09-16 15:29:23,,g***@gmail.com,,true,desktop,Jakarta,DKI Jakarta,ID,LT-GFT,Loop Tote Gift Set,Sea-green,1,299000,,0,40000,339000,shipping_method,,,instagram / bio_link,ig_giftset_image,17909503295997091,/products/loop-tote-gift-set,41,6,distracted_or_session_ended,2026-09-16 16:09:23,false,false,2026-09-17 15:09:23,true,false,,,abandoned,,,,https://loopcycle.example/checkouts/c/3929169316364/recover,sku_match
3914477058397,2026-09-16 15:47:54,2026-09-16 16:00:54,,w***@gmail.com,+62-8**-****-8386,true,mobile,Cirebon,West Java,ID,LT-SND,"Loop Tote, Sand",Sand,1,189000,,0,32000,221000,shipping_method,,,instagram / bio_link,ig_giftset_image,17909503295997091,/products/loop-tote-sand,881,10,unexpected_shipping_cost,2026-09-16 16:47:54,false,false,2026-09-17 15:47:54,false,false,,,abandoned,,,,https://loopcycle.example/checkouts/c/3914477058397/recover,utm_bio_link
3301767187004,2026-09-16 16:40:43,2026-09-16 16:59:43,,m***@gmail.com,,true,desktop,Cianjur,West Java,ID,LT-IND,"Loop Tote, Indigo",Indigo,1,189000,,0,25000,214000,shipping_method,,,instagram / bio_link,ig_giftset_image,17909503295997091,/products/loop-tote-indigo,260,7,unexpected_shipping_cost,2026-09-16 17:40:43,true,false,2026-09-17 16:40:43,true,false,,,abandoned,,,,https://loopcycle.example/checkouts/c/3301767187004/recover,utm_bio_link
3860482185214,2026-09-16 16:50:51,2026-09-16 17:03:51,,,+62-8**-****-7713,false,desktop,Cimahi,West Java,ID,LT-SND,"Loop Tote, Sand",Sand,1,189000,,0,25000,214000,payment_method_selected,QRIS,,direct,,,/products/loop-tote-sand,186,11,preferred_payment_unavailable,,,,,,,,,abandoned,,,,https://loopcycle.example/checkouts/c/3860482185214/recover,
3516583176401,2026-09-16 17:21:35,2026-09-16 17:44:35,,b***@gmail.com,+62-8**-****-8094,true,mobile,Semarang,Central Java,ID,LT-GRN,"Loop Tote, Sea-green",Sea-green,2,378000,,0,0,378000,payment_method_selected,Bank transfer (VA),,instagram / bio_link,ig_giftset_image,17909503295997091,/products/loop-tote-sea-green,703,9,checking_marketplace_price,2026-09-16 18:21:35,true,false,2026-09-17 17:21:35,true,false,,,abandoned,,,,https://loopcycle.example/checkouts/c/3516583176401/recover,utm_bio_link
3011260263792,2026-09-16 17:47:29,2026-09-16 17:58:29,,j***@gmail.com,+62-8**-****-3938,true,mobile,Bekasi,West Java,ID,LT-GRN,"Loop Tote, Sea-green",Sea-green,1,189000,,0,25000,214000,payment_attempted_failed,QRIS,qris_expired,instagram / bio_link,ig_giftset_image,17909503295997091,/products/loop-tote-sea-green,594,4,payment_failed,2026-09-16 18:47:29,false,false,2026-09-17 17:47:29,false,false,2026-09-16 19:47:29,false,abandoned,,,,https://loopcycle.example/checkouts/c/3011260263792/recover,utm_bio_link
3163134169105,2026-09-16 18:35:56,2026-09-16 18:36:56,,i***@outlook.com,,true,mobile,Bekasi,West Java,ID,LT-GFT,Loop Tote Gift Set,Sea-green,1,299000,,0,,299000,contact_info,,,instagram / bio_link,ig_giftset_image,17909503295997091,/products/loop-tote-gift-set,309,3,distracted_or_session_ended,2026-09-16 19:35:56,true,true,2026-09-17 18:35:56,false,false,,,abandoned,,,,https://loopcycle.example/checkouts/c/3163134169105/recover,sku_match
3957268973456,2026-09-16 18:36:38,2026-09-16 18:38:38,,l***@gmail.com,+62-8**-****-9140,false,mobile,South Tangerang,Banten,ID,LT-GFT,Loop Tote Gift Set,Sea-green,1,299000,,0,,299000,contact_info,,,instagram / bio_link,ig_giftset_image,17909503295997091,/products/loop-tote-gift-set,58,3,just_browsing_or_comparing,2026-09-16 19:36:38,true,false,2026-09-17 18:36:38,false,false,2026-09-16 20:36:38,false,abandoned,,,,https://loopcycle.example/checkouts/c/3957268973456/recover,utm_bio_link
3598606083741,2026-09-16 18:39:38,2026-09-16 18:44:38,,a***@gmail.com,+62-8**-****-6347,false,mobile,Surabaya,East Java,ID,LT-BTK,Loop Tote Batik Limited Edition,Batik Parang,1,249000,,0,,249000,contact_info,,,instagram / bio_link,ig_giftset_image,17909503295997091,/products/loop-tote-batik-limited-edition,171,6,sold_out_or_stock_issue,2026-09-16 19:39:38,false,false,2026-09-17 18:39:38,false,false,2026-09-16 20:39:38,false,abandoned,,,,https://loopcycle.example/checkouts/c/3598606083741/recover,utm_bio_link
3394151347200,2026-09-16 19:01:10,2026-09-16 19:18:10,,b***@hotmail.com,,true,desktop,South Tangerang,Banten,ID,LT-GRN,"Loop Tote, Sea-green",Sea-green,1,189000,,0,40000,229000,shipping_method,,,instagram / bio_link,ig_giftset_image,17909503295997091,/products/loop-tote-sea-green,160,6,unexpected_shipping_cost,2026-09-16 20:01:10,false,false,2026-09-17 19:01:10,false,false,,,abandoned,,,,https://loopcycle.example/checkouts/c/3394151347200/recover,utm_bio_link
3339635809892,2026-09-16 20:16:58,2026-09-16 20:24:58,,l***@gmail.com,+62-8**-****-8906,false,mobile,Semarang,Central Java,ID,LT-GRN,"Loop Tote, Sea-green",Sea-green,1,189000,,0,15000,204000,payment_attempted_failed,Bank transfer (VA),va_expired,instagram / bio_link,ig_giftset_image,17909503295997091,/products/loop-tote-sea-green,155,10,payment_failed,2026-09-16 21:16:58,true,false,2026-09-17 20:16:58,false,false,2026-09-16 22:16:58,false,abandoned,,,,https://loopcycle.example/checkouts/c/3339635809892/recover,utm_bio_link
3081022061399,2026-09-16 20:29:38,2026-09-16 20:54:38,,p***@gmail.com,+62-8**-****-7546,true,tablet,Tangerang,Banten,ID,LT-SND,"Loop Tote, Sand",Sand,1,189000,,0,15000,204000,payment_method_selected,OVO,,instagram / bio_link,ig_giftset_image,17909503295997091,/products/loop-tote-sand,320,3,payment_page_expired,2026-09-16 21:29:38,false,false,2026-09-17 20:29:38,false,false,,,abandoned,,,,https://loopcycle.example/checkouts/c/3081022061399/recover,utm_bio_link
3674460669615,2026-09-16 20:31:02,2026-09-16 20:36:02,,h***@gmail.com,,true,desktop,Bandung,West Java,ID,LT-GFT,Loop Tote Gift Set,Sea-green,1,299000,,0,15000,314000,payment_method_selected,QRIS,,instagram / bio_link,ig_giftset_image,17909503295997091,/products/loop-tote-gift-set,601,3,payment_page_expired,2026-09-16 21:31:02,true,false,2026-09-17 20:31:02,false,false,,,abandoned,,,,https://loopcycle.example/checkouts/c/3674460669615/recover,sku_match
3860836481555,2026-09-16 20:35:10,2026-09-16 20:46:10,,d***@gmail.com,+62-8**-****-8620,true,mobile,Bandung,West Java,ID,LT-BTK,Loop Tote Batik Limited Edition,Batik Kawung,2,498000,,0,0,498000,shipping_method,,,instagram / bio_link,ig_batik_reel,17902562330559770,/products/loop-tote-batik-limited-edition,416,9,delivery_time_too_long,2026-09-16 21:35:10,true,false,2026-09-17 20:35:10,false,false,,,abandoned,,,,https://loopcycle.example/checkouts/c/3860836481555/recover,sku_match
3677615861755,2026-09-16 21:42:48,2026-09-16 22:05:48,,i***@gmail.com,+62-8**-****-9230,true,mobile,Karawang,West Java,ID,LT-GFT,Loop Tote Gift Set,Sand,1,299000,,0,,299000,contact_info,,,instagram / bio_link,ig_giftset_image,17909503295997091,/products/loop-tote-gift-set,128,2,account_or_form_friction,2026-09-16 22:42:48,false,false,2026-09-17 21:42:48,false,false,2026-09-16 23:42:48,false,abandoned,,,,https://loopcycle.example/checkouts/c/3677615861755/recover,sku_match
3032473644655,2026-09-16 21:45:11,2026-09-16 22:09:11,,f***@gmail.com,+62-8**-****-3027,false,mobile,Medan,North Sumatra,ID,LT-SND,"Loop Tote, Sand",Sand,1,189000,,0,25000,214000,payment_attempted_failed,QRIS,qris_expired,instagram / bio_link,ig_giftset_image,17909503295997091,/products/loop-tote-sand,154,3,payment_failed,2026-09-16 22:45:11,false,false,2026-09-17 21:45:11,false,false,,,abandoned,,,,https://loopcycle.example/checkouts/c/3032473644655/recover,utm_bio_link
3317069735899,2026-09-16 22:43:57,2026-09-16 22:45:57,,c***@gmail.com,+62-8**-****-5483,false,mobile,Karawang,West Java,ID,LT-SND,"Loop Tote, Sand",Sand,1,189000,,0,18000,207000,shipping_method,,,instagram / bio_link,ig_always_on,,/products/loop-tote-sand,447,5,unexpected_shipping_cost,2026-09-16 23:43:57,true,false,2026-09-17 22:43:57,true,false,,,abandoned,,,,https://loopcycle.example/checkouts/c/3317069735899/recover,
3373936343261,2026-09-17 08:49:30,2026-09-17 09:11:30,,r***@gmail.com,+62-8**-****-6953,false,mobile,Garut,West Java,ID,LT-BTK,Loop Tote Batik Limited Edition,Batik Parang,1,249000,,0,18000,267000,payment_method_selected,Bank transfer (VA),,google / organic,,,/products/loop-tote-batik-limited-edition,183,3,checking_marketplace_price,2026-09-17 09:49:30,false,false,2026-09-18 08:49:30,false,false,2026-09-17 10:49:30,true,abandoned,,,,https://loopcycle.example/checkouts/c/3373936343261/recover,
3469398733622,2026-09-17 09:18:58,2026-09-17 09:28:58,,y***@gmail.com,+62-8**-****-9288,true,mobile,Jakarta,DKI Jakarta,ID,LT-SND,"Loop Tote, Sand",Sand,1,189000,,0,32000,221000,payment_method_selected,QRIS,,instagram / bio_link,ig_always_on,,/products/loop-tote-sand,282,6,waiting_for_voucher,2026-09-17 10:18:58,false,false,2026-09-18 09:18:58,true,true,2026-09-17 11:18:58,false,abandoned,,,,https://loopcycle.example/checkouts/c/3469398733622/recover,
3666551412159,2026-09-17 09:37:52,2026-09-17 09:43:52,,,+62-8**-****-8725,false,desktop,Bandung,West Java,ID,LT-IND,"Loop Tote, Indigo",Indigo,1,189000,,0,15000,204000,shipping_method,,,direct,ig_education_p25,17906998254854499,/products/loop-tote-indigo,466,2,waiting_for_promo_code,,,,,,,2026-09-17 11:37:52,false,abandoned,,,,https://loopcycle.example/checkouts/c/3666551412159/recover,utm_bio_link
3020242998008,2026-09-17 09:40:46,2026-09-17 10:03:46,C002111,r***@outlook.com,+62-8**-****-3504,false,mobile,Bandung,West Java,ID,LT-IND,"Loop Tote, Indigo",Indigo,1,189000,,0,25000,214000,payment_attempted_failed,Bank transfer (VA),va_expired,instagram / bio_link,ig_always_on,,/products/loop-tote-indigo,394,7,payment_failed,2026-09-17 10:40:46,true,false,,,,2026-09-17 11:40:46,true,recovered,whatsapp,#LT10755,2026-09-17 21:11:27,https://loopcycle.example/checkouts/c/3020242998008/recover,
3226877469428,2026-09-17 10:56:13,2026-09-17 11:16:13,,,+62-8**-****-2613,false,mobile,Batam,Riau Islands,ID,LT-BTK,Loop Tote Batik Limited Edition,Batik Kawung,1,249000,,0,,249000,contact_info,,,instagram / bio_link,ig_batik_reel,17902562330559770,/products/loop-tote-batik-limited-edition,342,5,sold_out_or_stock_issue,,,,,,,,,abandoned,,,,https://loopcycle.example/checkouts/c/3226877469428/recover,sku_match
3753969786611,2026-09-17 11:51:07,2026-09-17 12:08:07,,,+62-8**-****-7343,false,mobile,Depok,West Java,ID,LT-GRN,"Loop Tote, Sea-green",Sea-green,1,189000,,0,15000,204000,payment_method_selected,QRIS,,instagram / bio_link,ig_education_p25,17906998254854499,/products/loop-tote-sea-green,710,3,waiting_for_voucher,,,,,,,,,abandoned,,,,https://loopcycle.example/checkouts/c/3753969786611/recover,utm_bio_link
3409612909383,2026-09-17 12:38:25,2026-09-17 13:01:25,,g***@outlook.com,,false,mobile,Tangerang,Banten,ID,LT-GFT,Loop Tote Gift Set,Indigo,1,299000,,0,,299000,contact_info,,,instagram / bio_link,ig_giftset_image,17909503295997091,/products/loop-tote-gift-set,145,10,distracted_or_session_ended,2026-09-17 13:38:25,false,false,2026-09-18 12:38:25,false,false,,,abandoned,,,,https://loopcycle.example/checkouts/c/3409612909383/recover,sku_match
3870791795120,2026-09-17 14:26:19,2026-09-17 14:41:19,,p***@hotmail.com,+62-8**-****-9915,false,tablet,Bandung,West Java,ID,LT-GRN,"Loop Tote, Sea-green",Sea-green,2,378000,,0,,378000,contact_info,,,instagram / bio_link,ig_always_on,,/products/loop-tote-sea-green,90,10,just_browsing_or_comparing,2026-09-17 15:26:19,false,false,2026-09-18 14:26:19,false,false,2026-09-17 16:26:19,false,abandoned,,,,https://loopcycle.example/checkouts/c/3870791795120/recover,
3593372653117,2026-09-17 17:15:44,2026-09-17 17:27:44,,w***@gmail.com,+62-8**-****-7163,true,mobile,Depok,West Java,ID,LT-SND,"Loop Tote, Sand",Sand,2,378000,,0,0,378000,payment_method_selected,Bank transfer (VA),,instagram / bio_link,ig_always_on,,/products/loop-tote-sand,440,5,waiting_for_voucher,2026-09-17 18:15:44,true,true,2026-09-18 17:15:44,true,false,,,abandoned,,,,https://loopcycle.example/checkouts/c/3593372653117/recover,
3997526829984,2026-09-17 18:16:32,2026-09-17 18:18:32,,i***@gmail.com,+62-8**-****-4703,false,mobile,Bandar Lampung,Lampung,ID,LT-SND,"Loop Tote, Sand",Sand,1,189000,,0,,189000,contact_info,,,instagram / bio_link,ig_education_p25,17906998254854499,/products/loop-tote-sand,271,8,just_browsing_or_comparing,2026-09-17 19:16:32,false,false,2026-09-18 18:16:32,false,false,,,abandoned,,,,https://loopcycle.example/checkouts/c/3997526829984/recover,utm_bio_link
3501199957122,2026-09-17 19:15:05,2026-09-17 19:39:05,,r***@gmail.com,,false,desktop,Depok,West Java,ID,LT-GRN,"Loop Tote, Sea-green",Sea-green,1,189000,,0,40000,229000,payment_method_selected,ShopeePay,,instagram / bio_link,ig_giftset_image,17909503295997091,/products/loop-tote-sea-green,90,3,preferred_payment_unavailable,2026-09-17 20:15:05,false,false,2026-09-18 19:15:05,false,false,,,abandoned,,,,https://loopcycle.example/checkouts/c/3501199957122/recover,utm_bio_link
3259643166278,2026-09-17 19:54:11,2026-09-17 20:00:11,,s***@gmail.com,,true,mobile,Bandung,West Java,ID,LT-GRN,"Loop Tote, Sea-green",Sea-green,1,189000,,0,,189000,contact_info,,,google / organic,,,/products/loop-tote-sea-green,898,6,just_browsing_or_comparing,2026-09-17 20:54:11,false,false,2026-09-18 19:54:11,true,false,,,abandoned,,,,https://loopcycle.example/checkouts/c/3259643166278/recover,
3427431512118,2026-09-17 21:34:36,2026-09-17 21:52:36,,i***@gmail.com,+62-8**-****-9456,false,mobile,Bandung,West Java,ID,LT-IND,"Loop Tote, Indigo",Indigo,1,189000,,0,18000,207000,shipping_method,,,instagram / bio_link,ig_giftset_image,17909503295997091,/products/loop-tote-indigo,57,9,unexpected_shipping_cost,2026-09-17 22:34:36,false,false,2026-09-18 21:34:36,false,false,,,abandoned,,,,https://loopcycle.example/checkouts/c/3427431512118/recover,utm_bio_link
3000545612052,2026-09-18 17:01:09,2026-09-18 17:22:09,,d***@outlook.com,,false,mobile,Denpasar,Bali,ID,LT-GFT,Loop Tote Gift Set,Sand,1,299000,,0,25000,324000,payment_method_selected,Credit card,,whatsapp,,,/products/loop-tote-gift-set,362,7,checking_marketplace_price,2026-09-18 18:01:09,true,true,2026-09-19 17:01:09,false,false,,,abandoned,,,,https://loopcycle.example/checkouts/c/3000545612052/recover,
3155168669061,2026-09-18 22:12:45,2026-09-18 22:37:45,,n***@gmail.com,+62-8**-****-6286,true,mobile,Bandung,West Java,ID,LT-GRN,"Loop Tote, Sea-green",Sea-green,3,567000,,0,0,567000,payment_method_selected,Bank transfer (VA),,direct,,,/products/loop-tote-sea-green,622,11,waiting_for_voucher,2026-09-18 23:12:45,true,true,2026-09-19 22:12:45,true,true,,,abandoned,,,,https://loopcycle.example/checkouts/c/3155168669061/recover,
3438462048818,2026-09-19 15:51:11,2026-09-19 16:02:11,,f***@gmail.com,+62-8**-****-6935,true,desktop,Jakarta,DKI Jakarta,ID,LT-GRN,"Loop Tote, Sea-green",Sea-green,1,189000,,0,15000,204000,shipping_method,,,direct,,,/products/loop-tote-sea-green,838,11,waiting_for_promo_code,2026-09-19 16:51:11,true,false,2026-09-20 15:51:11,false,false,2026-09-19 17:51:11,false,abandoned,,,,https://loopcycle.example/checkouts/c/3438462048818/recover,
3075349424939,2026-09-19 21:39:03,2026-09-19 21:47:03,,,+62-8**-****-1247,false,desktop,Bekasi,West Java,ID,LT-GRN,"Loop Tote, Sea-green",Sea-green,2,378000,,0,0,378000,payment_method_selected,Bank transfer (VA),,direct,,,/products/loop-tote-sea-green,283,5,preferred_payment_unavailable,,,,,,,2026-09-19 23:39:03,false,abandoned,,,,https://loopcycle.example/checkouts/c/3075349424939/recover,
3723807961513,2026-09-19 22:22:21,2026-09-19 22:25:21,,,+62-8**-****-6758,false,mobile,Bandung,West Java,ID,LT-BTK,Loop Tote Batik Limited Edition,Batik Kawung,2,498000,,0,0,498000,shipping_method,,,direct,,,/products/loop-tote-batik-limited-edition,110,5,distracted_or_session_ended,,,,,,,2026-09-20 00:22:21,false,abandoned,,,,https://loopcycle.example/checkouts/c/3723807961513/recover,
3718421916458,2026-09-20 00:44:15,2026-09-20 00:54:15,C002168,r***@gmail.com,,true,mobile,Bekasi,West Java,ID,LT-SND,"Loop Tote, Sand",Sand,2,378000,,0,0,378000,payment_method_selected,GoPay,,direct,,,/products/loop-tote-sand,348,4,payment_page_expired,2026-09-20 01:44:15,false,false,,,,2026-09-20 02:44:15,true,recovered,whatsapp,#LT10764,2026-09-20 20:47:42,https://loopcycle.example/checkouts/c/3718421916458/recover,
3663669726204,2026-09-20 11:47:57,2026-09-20 12:04:57,,h***@gmail.com,+62-8**-****-3929,true,mobile,Bandung,West Java,ID,LT-SND,"Loop Tote, Sand",Sand,1,189000,,0,32000,221000,payment_method_selected,OVO,,direct,,,/products/loop-tote-sand,242,3,waiting_for_voucher,2026-09-20 12:47:57,true,false,2026-09-21 11:47:57,false,false,2026-09-20 13:47:57,false,abandoned,,,,https://loopcycle.example/checkouts/c/3663669726204/recover,
3650404805438,2026-09-20 13:15:33,2026-09-20 13:16:33,,,+62-8**-****-8055,false,mobile,Cianjur,West Java,ID,LT-IND,"Loop Tote, Indigo",Indigo,2,378000,,0,,378000,contact_info,,,direct,,,/products/loop-tote-indigo,250,7,account_or_form_friction,,,,,,,2026-09-20 15:15:33,false,abandoned,,,,https://loopcycle.example/checkouts/c/3650404805438/recover,
3522597363223,2026-09-20 16:23:36,2026-09-20 16:45:36,,w***@gmail.com,+62-8**-****-5146,true,mobile,Bandung,West Java,ID,LT-GRN,"Loop Tote, Sea-green",Sea-green,1,189000,NEWSLETTER5,9500,15000,194500,shipping_method,,,instagram / bio_link,ig_always_on,,/products/loop-tote-sea-green,511,9,delivery_time_too_long,2026-09-20 17:23:36,false,false,2026-09-21 16:23:36,false,false,,,abandoned,,,,https://loopcycle.example/checkouts/c/3522597363223/recover,
3887202131955,2026-09-20 17:17:55,2026-09-20 17:28:55,,c***@gmail.com,+62-8**-****-7663,false,mobile,Jakarta,DKI Jakarta,ID,LT-GRN,"Loop Tote, Sea-green",Sea-green,1,189000,,0,25000,214000,payment_attempted_failed,QRIS,qris_expired,instagram / bio_link,ig_always_on,,/products/loop-tote-sea-green,805,11,payment_failed,2026-09-20 18:17:55,false,false,2026-09-21 17:17:55,false,false,2026-09-20 19:17:55,false,abandoned,,,,https://loopcycle.example/checkouts/c/3887202131955/recover,
3375987448719,2026-09-21 12:29:28,2026-09-21 12:34:28,,p***@gmail.com,,true,mobile,Cimahi,West Java,ID,LT-SND,"Loop Tote, Sand",Sand,1,189000,,0,18000,207000,payment_method_selected,Bank transfer (VA),,direct,,,/products/loop-tote-sand,78,6,payment_page_expired,2026-09-21 13:29:28,false,false,2026-09-22 12:29:28,false,false,,,abandoned,,,,https://loopcycle.example/checkouts/c/3375987448719/recover,
3110188839566,2026-09-21 13:10:14,2026-09-21 13:24:14,,n***@gmail.com,,false,desktop,Bekasi,West Java,ID,LT-IND,"Loop Tote, Indigo",Indigo,1,189000,,0,,189000,contact_info,,,instagram / bio_link,ig_picker_stories_p26,17903369297646473,/products/loop-tote-indigo,314,4,distracted_or_session_ended,2026-09-21 14:10:14,true,false,2026-09-22 13:10:14,false,false,,,abandoned,,,,https://loopcycle.example/checkouts/c/3110188839566/recover,utm_bio_link
3340722986214,2026-09-21 14:07:46,2026-09-21 14:11:46,,a***@gmail.com,,true,tablet,Jakarta,DKI Jakarta,ID,LT-GRN,"Loop Tote, Sea-green",Sea-green,1,189000,,0,15000,204000,payment_method_selected,QRIS,,direct,,,/products/loop-tote-sea-green,758,8,waiting_for_voucher,2026-09-21 15:07:46,true,true,2026-09-22 14:07:46,true,false,,,abandoned,,,,https://loopcycle.example/checkouts/c/3340722986214/recover,
3389950997953,2026-09-21 17:09:10,2026-09-21 17:26:10,,d***@outlook.com,+62-8**-****-4704,false,mobile,Bandung,West Java,ID,LT-GRN,"Loop Tote, Sea-green",Sea-green,1,189000,,0,25000,214000,shipping_method,,,direct,,,/products/loop-tote-sea-green,542,10,waiting_for_promo_code,2026-09-21 18:09:10,false,false,2026-09-22 17:09:10,true,true,2026-09-21 19:09:10,false,abandoned,,,,https://loopcycle.example/checkouts/c/3389950997953/recover,
3172359180697,2026-09-21 21:22:38,2026-09-21 21:30:38,,g***@gmail.com,+62-8**-****-4003,false,desktop,Cianjur,West Java,ID,LT-GFT,Loop Tote Gift Set,Sand,1,299000,,0,,299000,contact_info,,,whatsapp,,,/products/loop-tote-gift-set,202,9,just_browsing_or_comparing,2026-09-21 22:22:38,false,false,2026-09-22 21:22:38,false,false,,,abandoned,,,,https://loopcycle.example/checkouts/c/3172359180697/recover,
3579527361358,2026-09-21 22:48:21,2026-09-21 22:52:21,,p***@gmail.com,+62-8**-****-7788,false,mobile,Bandung,West Java,ID,LT-GFT,Loop Tote Gift Set,Indigo,1,299000,NEWSLETTER5,15000,,284000,contact_info,,,instagram / bio_link,ig_giftset_image,17909503295997091,/products/loop-tote-gift-set,181,2,just_browsing_or_comparing,2026-09-21 23:48:21,true,false,2026-09-22 22:48:21,false,false,2026-09-22 00:48:21,false,abandoned,,,,https://loopcycle.example/checkouts/c/3579527361358/recover,sku_match
3220213897752,2026-09-22 07:15:53,2026-09-22 07:31:53,,k***@gmail.com,+62-8**-****-5920,false,mobile,Jakarta,DKI Jakarta,ID,LT-GRN,"Loop Tote, Sea-green",Sea-green,1,189000,,0,18000,207000,shipping_method,,,instagram / bio_link,ig_always_on,,/products/loop-tote-sea-green,671,3,unexpected_shipping_cost,2026-09-22 08:15:53,false,false,2026-09-23 07:15:53,false,false,2026-09-22 09:15:53,false,abandoned,,,,https://loopcycle.example/checkouts/c/3220213897752/recover,
3248373153732,2026-09-22 14:05:27,2026-09-22 14:28:27,,,+62-8**-****-8436,false,mobile,Sukabumi,West Java,ID,LT-GRN,"Loop Tote, Sea-green",Sea-green,1,189000,,0,,189000,contact_info,,,instagram / bio_link,ig_always_on,,/products/loop-tote-sea-green,739,8,distracted_or_session_ended,,,,,,,2026-09-22 16:05:27,false,abandoned,,,,https://loopcycle.example/checkouts/c/3248373153732/recover,
3073777146243,2026-09-22 22:05:52,2026-09-22 22:10:52,,w***@gmail.com,+62-8**-****-4598,true,mobile,Makassar,South Sulawesi,ID,LT-SND,"Loop Tote, Sand",Sand,1,189000,,0,25000,214000,shipping_method,,,instagram / bio_link,ig_always_on,,/products/loop-tote-sand,842,3,unexpected_shipping_cost,2026-09-22 23:05:52,false,false,2026-09-23 22:05:52,false,false,2026-09-23 00:05:52,false,abandoned,,,,https://loopcycle.example/checkouts/c/3073777146243/recover,
3065095977267,2026-09-23 07:07:34,2026-09-23 07:20:34,C000964,j***@icloud.com,+62-8**-****-6937,false,mobile,Karawang,West Java,ID,LT-GFT,Loop Tote Gift Set,Sea-green,1,299000,,0,18000,317000,shipping_method,QRIS,,direct,,,/products/loop-tote-gift-set,486,11,unexpected_shipping_cost,2026-09-23 08:07:34,true,true,,,,,,recovered,email,#LT10791,2026-09-23 17:20:32,https://loopcycle.example/checkouts/c/3065095977267/recover,
3055238040959,2026-09-23 08:15:55,2026-09-23 08:34:55,C002231,o***@gmail.com,+62-8**-****-4313,true,mobile,Depok,West Java,ID,LT-IND,"Loop Tote, Indigo",Indigo,1,189000,,0,25000,214000,payment_method_selected,Credit card,,direct,ig_milestone_reel,17908880999865633,/products/loop-tote-indigo,586,7,payment_page_expired,2026-09-23 09:15:55,true,true,,,,,,recovered,email,#LT10788,2026-09-23 15:54:36,https://loopcycle.example/checkouts/c/3055238040959/recover,utm_bio_link
3556353380339,2026-09-23 08:22:15,2026-09-23 08:41:15,,a***@gmail.com,+62-8**-****-6231,false,mobile,Subang,West Java,ID,LT-GFT,Loop Tote Gift Set,Sand,3,897000,,0,,897000,contact_info,,,instagram / bio_link,ig_giftset_image,17909503295997091,/products/loop-tote-gift-set,869,3,distracted_or_session_ended,2026-09-23 09:22:15,false,false,2026-09-24 08:22:15,true,false,2026-09-23 10:22:15,false,abandoned,,,,https://loopcycle.example/checkouts/c/3556353380339/recover,sku_match
3004170298723,2026-09-23 08:23:05,2026-09-23 08:37:05,,p***@gmail.com,+62-8**-****-6792,true,mobile,Surabaya,East Java,ID,LT-GFT,Loop Tote Gift Set,Sea-green,1,299000,,0,40000,339000,shipping_method,,,direct,,,/products/loop-tote-gift-set,414,6,unexpected_shipping_cost,2026-09-23 09:23:05,true,false,2026-09-24 08:23:05,true,false,2026-09-23 10:23:05,false,abandoned,,,,https://loopcycle.example/checkouts/c/3004170298723/recover,
3266094004355,2026-09-23 09:23:54,2026-09-23 09:31:54,,c***@gmail.com,,true,desktop,Jakarta,DKI Jakarta,ID,LT-GRN,"Loop Tote, Sea-green",Sea-green,1,189000,THANKS10K,19000,,170000,contact_info,,,instagram / bio_link,ig_milestone_reel,17908880999865633,/products/loop-tote-sea-green,888,11,just_browsing_or_comparing,2026-09-23 10:23:54,false,false,2026-09-24 09:23:54,false,false,,,abandoned,,,,https://loopcycle.example/checkouts/c/3266094004355/recover,promo_code_match
3032691519258,2026-09-23 09:44:53,2026-09-23 09:47:53,,,+62-8**-****-5638,false,mobile,Cimahi,West Java,ID,LT-GFT,Loop Tote Gift Set,Sand,1,299000,,0,25000,324000,shipping_method,,,instagram / bio_link,ig_milestone_reel,17908880999865633,/products/loop-tote-gift-set,618,4,delivery_time_too_long,,,,,,,2026-09-23 11:44:53,false,abandoned,,,,https://loopcycle.example/checkouts/c/3032691519258/recover,sku_match
3220589485019,2026-09-23 09:49:46,2026-09-23 09:51:46,C002249,f***@hotmail.com,+62-8**-****-9367,false,mobile,Palembang,South Sumatra,ID,LT-GRN,"Loop Tote, Sea-green",Sea-green,2,378000,THANKS10K,38000,0,340000,shipping_method,QRIS,,instagram / bio_link,ig_milestone_reel,17908880999865633,/products/loop-tote-sea-green,51,8,delivery_time_too_long,2026-09-23 10:49:46,true,true,,,,,,recovered,email,#LT10801,2026-09-23 20:40:31,https://loopcycle.example/checkouts/c/3220589485019/recover,promo_code_match
3289809508693,2026-09-23 10:16:10,2026-09-23 10:32:10,,w***@gmail.com,,true,mobile,Jakarta,DKI Jakarta,ID,LT-GFT,Loop Tote Gift Set,Indigo,1,299000,,0,25000,324000,payment_attempted_failed,GoPay,timeout,instagram / bio_link,ig_milestone_reel,17908880999865633,/products/loop-tote-gift-set,714,4,payment_failed,2026-09-23 11:16:10,false,false,2026-09-24 10:16:10,true,false,,,abandoned,,,,https://loopcycle.example/checkouts/c/3289809508693/recover,sku_match
3874769825367,2026-09-23 10:39:56,2026-09-23 10:43:56,,h***@gmail.com,,true,mobile,Bandung,West Java,ID,LT-GRN,"Loop Tote, Sea-green",Sea-green,1,189000,,0,18000,207000,payment_attempted_failed,QRIS,qris_expired,direct,,,/products/loop-tote-sea-green,636,4,payment_failed,2026-09-23 11:39:56,false,false,2026-09-24 10:39:56,false,false,,,abandoned,,,,https://loopcycle.example/checkouts/c/3874769825367/recover,
3790368117324,2026-09-23 11:09:55,2026-09-23 11:23:55,,w***@gmail.com,,false,mobile,Bekasi,West Java,ID,LT-IND,"Loop Tote, Indigo",Indigo,1,189000,,0,40000,229000,payment_method_selected,GoPay,,instagram / bio_link,ig_milestone_reel,17908880999865633,/products/loop-tote-indigo,813,9,waiting_for_voucher,2026-09-23 12:09:55,true,false,2026-09-24 11:09:55,false,false,,,abandoned,,,,https://loopcycle.example/checkouts/c/3790368117324/recover,utm_bio_link
3349896010855,2026-09-23 11:17:05,2026-09-23 11:41:05,C002280,m***@proton.me,,true,mobile,Subang,West Java,ID,LT-GFT,Loop Tote Gift Set,Sand,1,299000,THANKS10K,30000,18000,287000,payment_method_selected,Credit card,,instagram / bio_link,ig_milestone_reel,17908880999865633,/products/loop-tote-gift-set,504,6,preferred_payment_unavailable,2026-09-23 12:17:05,false,false,,,,2026-09-23 13:17:05,true,recovered,whatsapp,#LT10812,2026-09-24 10:46:55,https://loopcycle.example/checkouts/c/3349896010855/recover,promo_code_match
3877916853813,2026-09-23 12:05:10,2026-09-23 12:27:10,C002236,,+62-8**-****-5561,false,mobile,Jakarta,DKI Jakarta,ID,LT-GFT,Loop Tote Gift Set,Sea-green,1,299000,,0,25000,324000,payment_attempted_failed,QRIS,qris_expired,instagram / bio_link,ig_milestone_reel,17908880999865633,/products/loop-tote-gift-set,192,5,payment_failed,,,,,,,2026-09-23 14:05:10,true,recovered,whatsapp,#LT10792,2026-09-23 18:05:19,https://loopcycle.example/checkouts/c/3877916853813/recover,sku_match
3314262254503,2026-09-23 12:10:14,2026-09-23 12:22:14,,t***@gmail.com,+62-8**-****-2808,false,mobile,Bekasi,West Java,ID,LT-GRN,"Loop Tote, Sea-green",Sea-green,1,189000,THANKS10K,19000,40000,210000,payment_attempted_failed,QRIS,qris_expired,instagram / bio_link,ig_milestone_reel,17908880999865633,/products/loop-tote-sea-green,841,11,payment_failed,2026-09-23 13:10:14,false,false,2026-09-24 12:10:14,false,false,,,abandoned,,,,https://loopcycle.example/checkouts/c/3314262254503/recover,promo_code_match
3500393899981,2026-09-23 13:39:36,2026-09-23 14:04:36,,y***@gmail.com,+62-8**-****-3159,true,mobile,Palembang,South Sumatra,ID,LT-IND,"Loop Tote, Indigo",Indigo,1,189000,,0,18000,207000,shipping_method,,,instagram / bio_link,ig_milestone_reel,17908880999865633,/products/loop-tote-indigo,538,6,delivery_time_too_long,2026-09-23 14:39:36,false,false,2026-09-24 13:39:36,false,false,,,abandoned,,,,https://loopcycle.example/checkouts/c/3500393899981/recover,utm_bio_link
3234403579241,2026-09-23 14:49:27,2026-09-23 14:54:27,,y***@gmail.com,,true,mobile,Bandung,West Java,ID,LT-GFT,Loop Tote Gift Set,Sand,1,299000,,0,,299000,contact_info,,,instagram / bio_link,ig_milestone_reel,17908880999865633,/products/loop-tote-gift-set,260,10,just_browsing_or_comparing,2026-09-23 15:49:27,false,false,2026-09-24 14:49:27,false,false,,,abandoned,,,,https://loopcycle.example/checkouts/c/3234403579241/recover,sku_match
3571220312269,2026-09-23 14:56:01,2026-09-23 15:08:01,,w***@gmail.com,,true,mobile,Surabaya,East Java,ID,LT-GRN,"Loop Tote, Sea-green",Sea-green,3,567000,THANKS10K,56500,,510500,contact_info,,,instagram / bio_link,ig_milestone_reel,17908880999865633,/products/loop-tote-sea-green,705,9,just_browsing_or_comparing,2026-09-23 15:56:01,true,true,2026-09-24 14:56:01,false,false,,,abandoned,,,,https://loopcycle.example/checkouts/c/3571220312269/recover,promo_code_match
3994260468897,2026-09-23 15:35:26,2026-09-23 15:37:26,,g***@gmail.com,,false,desktop,Subang,West Java,ID,LT-GRN,"Loop Tote, Sea-green",Sea-green,2,378000,THANKS10K,38000,0,340000,payment_attempted_failed,GoPay,insufficient_balance,instagram / bio_link,ig_milestone_reel,17908880999865633,/products/loop-tote-sea-green,523,3,payment_failed,2026-09-23 16:35:26,true,false,2026-09-24 15:35:26,true,false,,,abandoned,,,,https://loopcycle.example/checkouts/c/3994260468897/recover,promo_code_match
3673882842781,2026-09-23 16:40:35,2026-09-23 16:49:35,,k***@gmail.com,+62-8**-****-4499,true,mobile,Palembang,South Sumatra,ID,LT-IND,"Loop Tote, Indigo",Indigo,1,189000,,0,40000,229000,payment_method_selected,Bank transfer (VA),,instagram / bio_link,ig_milestone_reel,17908880999865633,/products/loop-tote-indigo,473,7,preferred_payment_unavailable,2026-09-23 17:40:35,true,false,2026-09-24 16:40:35,true,false,2026-09-23 18:40:35,false,abandoned,,,,https://loopcycle.example/checkouts/c/3673882842781/recover,utm_bio_link
3525807303909,2026-09-23 17:15:59,2026-09-23 17:20:59,C002292,a***@gmail.com,,false,desktop,Bandung,West Java,ID,LT-SND,"Loop Tote, Sand",Sand,1,189000,THANKS10K,19000,15000,185000,payment_attempted_failed,Credit card,3ds_failed,instagram / bio_link,ig_milestone_reel,17908880999865633,/products/loop-tote-sand,718,5,payment_failed,2026-09-23 18:15:59,true,true,,,,,,recovered,email,#LT10817,2026-09-24 13:20:27,https://loopcycle.example/checkouts/c/3525807303909/recover,promo_code_match
3979959202985,2026-09-23 18:03:28,2026-09-23 18:08:28,,t***@proton.me,,true,mobile,Malang,East Java,ID,LT-GRN,"Loop Tote, Sea-green",Sea-green,3,567000,,0,,567000,contact_info,,,instagram / bio_link,ig_milestone_reel,17908880999865633,/products/loop-tote-sea-green,829,9,distracted_or_session_ended,2026-09-23 19:03:28,false,false,2026-09-24 18:03:28,false,false,,,abandoned,,,,https://loopcycle.example/checkouts/c/3979959202985/recover,utm_bio_link
3689391827811,2026-09-23 18:11:46,2026-09-23 18:35:46,,h***@gmail.com,,true,mobile,Jakarta,DKI Jakarta,ID,LT-GRN,"Loop Tote, Sea-green",Sea-green,1,189000,THANKS10K,19000,,170000,contact_info,,,instagram / bio_link,ig_milestone_reel,17908880999865633,/products/loop-tote-sea-green,129,2,account_or_form_friction,2026-09-23 19:11:46,false,false,2026-09-24 18:11:46,true,false,,,abandoned,,,,https://loopcycle.example/checkouts/c/3689391827811/recover,promo_code_match
3748389709613,2026-09-23 18:11:46,2026-09-23 18:30:46,,e***@gmail.com,+62-8**-****-8707,true,desktop,Balikpapan,East Kalimantan,ID,LT-GFT,Loop Tote Gift Set,Sand,4,1196000,,0,0,1196000,payment_attempted_failed,QRIS,qris_expired,instagram / bio_link,ig_milestone_reel,17908880999865633,/products/loop-tote-gift-set,71,5,payment_failed,2026-09-23 19:11:46,true,true,2026-09-24 18:11:46,false,false,2026-09-23 20:11:46,false,abandoned,,,,https://loopcycle.example/checkouts/c/3748389709613/recover,sku_match
3597493279079,2026-09-23 19:29:47,2026-09-23 19:35:47,,m***@gmail.com,+62-8**-****-6029,true,mobile,Garut,West Java,ID,LT-GRN,"Loop Tote, Sea-green",Sea-green,2,378000,,0,0,378000,shipping_method,,,instagram / bio_link,ig_milestone_reel,17908880999865633,/products/loop-tote-sea-green,220,4,distracted_or_session_ended,2026-09-23 20:29:47,true,false,2026-09-24 19:29:47,true,false,,,abandoned,,,,https://loopcycle.example/checkouts/c/3597493279079/recover,utm_bio_link
3534354654631,2026-09-23 19:49:15,2026-09-23 20:07:15,,p***@yahoo.co.id,+62-8**-****-6724,true,mobile,Jakarta,DKI Jakarta,ID,LT-SND,"Loop Tote, Sand",Sand,1,189000,,0,32000,221000,payment_method_selected,Bank transfer (VA),,instagram / bio_link,ig_milestone_reel,17908880999865633,/products/loop-tote-sand,294,8,checking_marketplace_price,2026-09-23 20:49:15,true,true,2026-09-24 19:49:15,false,false,2026-09-23 21:49:15,false,abandoned,,,,https://loopcycle.example/checkouts/c/3534354654631/recover,utm_bio_link
3532037796552,2026-09-23 20:10:15,2026-09-23 20:16:15,,y***@gmail.com,,true,mobile,Surabaya,East Java,ID,LT-GFT,Loop Tote Gift Set,Sea-green,1,299000,THANKS10K,30000,15000,284000,shipping_method,,,direct,,,/products/loop-tote-gift-set,143,11,unexpected_shipping_cost,2026-09-23 21:10:15,false,false,2026-09-24 20:10:15,false,false,,,abandoned,,,,https://loopcycle.example/checkouts/c/3532037796552/recover,
3948659252541,2026-09-23 20:23:06,2026-09-23 20:43:06,,h***@gmail.com,,false,mobile,Cianjur,West Java,ID,LT-SND,"Loop Tote, Sand",Sand,2,378000,,0,,378000,contact_info,,,instagram / bio_link,ig_milestone_reel,17908880999865633,/products/loop-tote-sand,492,11,just_browsing_or_comparing,2026-09-23 21:23:06,true,false,2026-09-24 20:23:06,true,false,,,abandoned,,,,https://loopcycle.example/checkouts/c/3948659252541/recover,utm_bio_link
3609561732225,2026-09-23 20:29:47,2026-09-23 20:54:47,,s***@outlook.com,+62-8**-****-6434,true,mobile,Jakarta,DKI Jakarta,ID,LT-GFT,Loop Tote Gift Set,Indigo,2,598000,THANKS10K,60000,0,538000,payment_attempted_failed,ShopeePay,timeout,instagram / bio_link,ig_milestone_reel,17908880999865633,/products/loop-tote-gift-set,157,5,payment_failed,2026-09-23 21:29:47,false,false,2026-09-24 20:29:47,true,false,,,abandoned,,,,https://loopcycle.example/checkouts/c/3609561732225/recover,promo_code_match
3503060910532,2026-09-23 21:11:22,2026-09-23 21:32:22,,,+62-8**-****-9964,false,mobile,Pekanbaru,Riau,ID,LT-IND,"Loop Tote, Indigo",Indigo,1,189000,,0,25000,214000,payment_method_selected,QRIS,,instagram / bio_link,ig_milestone_reel,17908880999865633,/products/loop-tote-indigo,608,8,checking_marketplace_price,,,,,,,,,abandoned,,,,https://loopcycle.example/checkouts/c/3503060910532/recover,utm_bio_link
3134839512658,2026-09-23 21:19:28,2026-09-23 21:33:28,,,+62-8**-****-3799,false,mobile,Jakarta,DKI Jakarta,ID,LT-IND,"Loop Tote, Indigo",Indigo,3,567000,,0,0,567000,payment_attempted_failed,QRIS,qris_expired,direct,,,/products/loop-tote-indigo,763,8,payment_failed,,,,,,,,,abandoned,,,,https://loopcycle.example/checkouts/c/3134839512658/recover,
3565204986972,2026-09-23 21:22:48,2026-09-23 21:45:48,,c***@gmail.com,,true,mobile,Karawang,West Java,ID,LT-SND,"Loop Tote, Sand",Sand,1,189000,,0,,189000,contact_info,,,instagram / bio_link,ig_milestone_reel,17908880999865633,/products/loop-tote-sand,239,5,distracted_or_session_ended,2026-09-23 22:22:48,true,false,2026-09-24 21:22:48,true,false,,,abandoned,,,,https://loopcycle.example/checkouts/c/3565204986972/recover,utm_bio_link
3193871065643,2026-09-23 21:40:35,2026-09-23 21:41:35,,l***@gmail.com,,true,desktop,Bandung,West Java,ID,LT-BTK,Loop Tote Batik Limited Edition,Batik Parang,1,249000,,0,25000,274000,payment_method_selected,QRIS,,instagram / bio_link,ig_batik_reel,17902562330559770,/products/loop-tote-batik-limited-edition,337,10,sold_out_or_stock_issue,2026-09-23 22:40:35,true,false,2026-09-24 21:40:35,false,false,,,abandoned,,,,https://loopcycle.example/checkouts/c/3193871065643/recover,sku_match
3403606157973,2026-09-23 21:52:03,2026-09-23 22:16:03,,o***@gmail.com,+62-8**-****-2011,true,mobile,Tasikmalaya,West Java,ID,LT-GFT,Loop Tote Gift Set,Sand,3,897000,,0,,897000,contact_info,,,instagram / bio_link,ig_milestone_reel,17908880999865633,/products/loop-tote-gift-set,575,4,account_or_form_friction,2026-09-23 22:52:03,true,false,2026-09-24 21:52:03,false,false,,,abandoned,,,,https://loopcycle.example/checkouts/c/3403606157973/recover,sku_match
3901670097292,2026-09-23 23:14:14,2026-09-23 23:22:14,C002374,r***@gmail.com,+62-8**-****-3643,true,mobile,Depok,West Java,ID,LT-GRN,"Loop Tote, Sea-green",Sea-green,1,189000,THANKS10K,19000,25000,195000,payment_attempted_failed,Credit card,card_declined,instagram / bio_link,ig_milestone_reel,17908880999865633,/products/loop-tote-sea-green,254,4,payment_failed,2026-09-24 00:14:14,false,false,2026-09-24 23:14:14,true,true,2026-09-24 01:14:14,false,recovered,email,#LT10849,2026-09-25 11:07:22,https://loopcycle.example/checkouts/c/3901670097292/recover,utm_bio_link
3725645539547,2026-09-23 23:44:57,2026-09-23 23:46:57,,o***@gmail.com,+62-8**-****-9775,true,desktop,Karawang,West Java,ID,LT-GFT,Loop Tote Gift Set,Sea-green,1,299000,,0,32000,331000,shipping_method,,,instagram / bio_link,ig_milestone_reel,17908880999865633,/products/loop-tote-gift-set,317,10,delivery_time_too_long,2026-09-24 00:44:57,false,false,2026-09-24 23:44:57,true,false,2026-09-24 01:44:57,false,abandoned,,,,https://loopcycle.example/checkouts/c/3725645539547/recover,sku_match
3728917240202,2026-09-24 01:00:32,2026-09-24 01:05:32,,c***@gmail.com,,true,mobile,Bogor,West Java,ID,LT-IND,"Loop Tote, Indigo",Indigo,1,189000,,0,25000,214000,payment_attempted_failed,QRIS,qris_expired,instagram / bio_link,ig_milestone_reel,17908880999865633,/products/loop-tote-indigo,204,10,payment_failed,2026-09-24 02:00:32,true,false,2026-09-25 01:00:32,true,false,,,abandoned,,,,https://loopcycle.example/checkouts/c/3728917240202/recover,utm_bio_link
3759801589879,2026-09-24 05:38:21,2026-09-24 05:55:21,,f***@gmail.com,,true,mobile,Bandung,West Java,ID,LT-SND,"Loop Tote, Sand",Sand,1,189000,THANKS10K,19000,40000,210000,shipping_method,,,instagram / bio_link,ig_milestone_reel,17908880999865633,/products/loop-tote-sand,372,11,delivery_time_too_long,2026-09-24 06:38:21,false,false,2026-09-25 05:38:21,true,false,,,abandoned,,,,https://loopcycle.example/checkouts/c/3759801589879/recover,promo_code_match
3103740541760,2026-09-24 07:23:10,2026-09-24 07:35:10,,,+62-8**-****-4222,false,mobile,Depok,West Java,ID,LT-IND,"Loop Tote, Indigo",Indigo,1,189000,,0,25000,214000,payment_method_selected,GoPay,,instagram / bio_link,ig_milestone_reel,17908880999865633,/products/loop-tote-indigo,808,6,payment_page_expired,,,,,,,,,abandoned,,,,https://loopcycle.example/checkouts/c/3103740541760/recover,utm_bio_link
3260432972984,2026-09-24 07:55:02,2026-09-24 08:17:02,,,+62-8**-****-3489,false,mobile,Karawang,West Java,ID,LT-IND,"Loop Tote, Indigo",Indigo,2,378000,,0,0,378000,payment_method_selected,GoPay,,instagram / bio_link,ig_milestone_reel,17908880999865633,/products/loop-tote-indigo,802,11,waiting_for_voucher,,,,,,,,,abandoned,,,,https://loopcycle.example/checkouts/c/3260432972984/recover,utm_bio_link
3418984053347,2026-09-24 09:44:25,2026-09-24 10:05:25,,n***@proton.me,,true,mobile,Bandung,West Java,ID,LT-GFT,Loop Tote Gift Set,Indigo,1,299000,THANKS10K,30000,15000,284000,payment_method_selected,Bank transfer (VA),,instagram / bio_link,ig_milestone_reel,17908880999865633,/products/loop-tote-gift-set,766,7,payment_page_expired,2026-09-24 10:44:25,true,false,2026-09-25 09:44:25,false,false,,,abandoned,,,,https://loopcycle.example/checkouts/c/3418984053347/recover,sku_match
3791125780326,2026-09-24 10:01:10,2026-09-24 10:26:10,,,+62-8**-****-2090,false,desktop,Bogor,West Java,ID,LT-GFT,Loop Tote Gift Set,Indigo,1,299000,,0,32000,331000,shipping_method,,,instagram / bio_link,ig_qr_carousel,17901977490176261,/products/loop-tote-gift-set,185,6,unexpected_shipping_cost,,,,,,,2026-09-24 12:01:10,false,abandoned,,,,https://loopcycle.example/checkouts/c/3791125780326/recover,sku_match
3345182140166,2026-09-24 10:06:58,2026-09-24 10:30:58,,r***@gmail.com,+62-8**-****-2326,true,mobile,Jakarta,DKI Jakarta,ID,LT-GRN,"Loop Tote, Sea-green",Sea-green,1,189000,THANKS10K,19000,18000,188000,shipping_method,,,instagram / bio_link,ig_milestone_reel,17908880999865633,/products/loop-tote-sea-green,163,6,delivery_time_too_long,2026-09-24 11:06:58,false,false,2026-09-25 10:06:58,true,true,2026-09-24 12:06:58,false,abandoned,,,,https://loopcycle.example/checkouts/c/3345182140166/recover,promo_code_match
3529626992890,2026-09-24 10:58:15,2026-09-24 11:12:15,C002339,g***@gmail.com,+62-8**-****-9843,true,mobile,Cimahi,West Java,ID,LT-SND,"Loop Tote, Sand",Sand,2,378000,THANKS10K,38000,0,340000,payment_attempted_failed,QRIS,qris_expired,instagram / bio_link,ig_qr_carousel,17901977490176261,/products/loop-tote-sand,266,3,payment_failed,2026-09-24 11:58:15,true,true,,,,2026-09-24 12:58:15,false,recovered,email,#LT10832,2026-09-24 20:29:58,https://loopcycle.example/checkouts/c/3529626992890/recover,utm_bio_link
3896165469727,2026-09-24 11:06:04,2026-09-24 11:28:04,,w***@yahoo.co.id,,false,desktop,Depok,West Java,ID,LT-BTK,Loop Tote Batik Limited Edition,Batik Parang,1,249000,,0,,249000,contact_info,,,instagram / bio_link,ig_batik_reel,17902562330559770,/products/loop-tote-batik-limited-edition,742,8,sold_out_or_stock_issue,2026-09-24 12:06:04,true,true,2026-09-25 11:06:04,false,false,,,abandoned,,,,https://loopcycle.example/checkouts/c/3896165469727/recover,sku_match
3909025431175,2026-09-24 11:29:06,2026-09-24 11:40:06,,m***@gmail.com,,false,mobile,Pekanbaru,Riau,ID,LT-SND,"Loop Tote, Sand",Sand,1,189000,,0,32000,221000,payment_method_selected,ShopeePay,,instagram / bio_link,ig_qr_carousel,17901977490176261,/products/loop-tote-sand,292,8,checking_marketplace_price,2026-09-24 12:29:06,true,false,2026-09-25 11:29:06,false,false,,,abandoned,,,,https://loopcycle.example/checkouts/c/3909025431175/recover,utm_bio_link
3190881521965,2026-09-24 12:12:25,2026-09-24 12:36:25,,d***@gmail.com,,true,mobile,Tangerang,Banten,ID,LT-GFT,Loop Tote Gift Set,Sand,1,299000,,0,25000,324000,shipping_method,,,instagram / bio_link,ig_qr_carousel,17901977490176261,/products/loop-tote-gift-set,686,9,unexpected_shipping_cost,2026-09-24 13:12:25,false,false,2026-09-25 12:12:25,true,false,,,abandoned,,,,https://loopcycle.example/checkouts/c/3190881521965/recover,sku_match
3090275142283,2026-09-24 12:31:03,2026-09-24 12:36:03,,d***@gmail.com,,true,mobile,Subang,West Java,ID,LT-GRN,"Loop Tote, Sea-green",Sea-green,1,189000,THANKS10K,19000,,170000,contact_info,,,instagram / bio_link,ig_milestone_reel,17908880999865633,/products/loop-tote-sea-green,761,11,just_browsing_or_comparing,2026-09-24 13:31:03,true,true,2026-09-25 12:31:03,false,false,,,abandoned,,,,https://loopcycle.example/checkouts/c/3090275142283/recover,promo_code_match
3366297980856,2026-09-24 13:40:19,2026-09-24 13:55:19,,k***@gmail.com,,false,mobile,Semarang,Central Java,ID,LT-IND,"Loop Tote, Indigo",Indigo,3,567000,THANKS10K,56500,0,510500,shipping_method,,,direct,,,/products/loop-tote-indigo,436,6,distracted_or_session_ended,2026-09-24 14:40:19,true,false,2026-09-25 13:40:19,true,false,,,abandoned,,,,https://loopcycle.example/checkouts/c/3366297980856/recover,
3499566941372,2026-09-24 13:53:57,2026-09-24 14:18:57,,y***@gmail.com,+62-8**-****-9633,false,mobile,Jakarta,DKI Jakarta,ID,LT-GRN,"Loop Tote, Sea-green",Sea-green,1,189000,,0,40000,229000,payment_attempted_failed,Credit card,card_declined,instagram / bio_link,ig_always_on,,/products/loop-tote-sea-green,306,8,payment_failed,2026-09-24 14:53:57,false,false,2026-09-25 13:53:57,false,false,,,abandoned,,,,https://loopcycle.example/checkouts/c/3499566941372/recover,
3463649539683,2026-09-24 14:49:48,2026-09-24 14:50:48,,l***@gmail.com,,false,desktop,Malang,East Java,ID,LT-GFT,Loop Tote Gift Set,Sea-green,1,299000,,0,15000,314000,payment_attempted_failed,QRIS,qris_expired,instagram / bio_link,ig_qr_carousel,17901977490176261,/products/loop-tote-gift-set,609,9,payment_failed,2026-09-24 15:49:48,false,false,2026-09-25 14:49:48,false,false,,,abandoned,,,,https://loopcycle.example/checkouts/c/3463649539683/recover,sku_match
3431720353860,2026-09-24 15:12:50,2026-09-24 15:33:50,,t***@gmail.com,,true,mobile,Jakarta,DKI Jakarta,ID,LT-IND,"Loop Tote, Indigo",Indigo,1,189000,,0,40000,229000,payment_method_selected,Bank transfer (VA),,instagram / bio_link,ig_milestone_reel,17908880999865633,/products/loop-tote-indigo,178,11,checking_marketplace_price,2026-09-24 16:12:50,false,false,2026-09-25 15:12:50,true,false,,,abandoned,,,,https://loopcycle.example/checkouts/c/3431720353860/recover,utm_bio_link
3871805669705,2026-09-24 16:08:10,2026-09-24 16:09:10,,r***@gmail.com,,true,mobile,Bekasi,West Java,ID,LT-GRN,"Loop Tote, Sea-green",Sea-green,2,378000,,0,0,378000,payment_method_selected,ShopeePay,,instagram / bio_link,ig_milestone_reel,17908880999865633,/products/loop-tote-sea-green,197,5,waiting_for_voucher,2026-09-24 17:08:10,true,false,2026-09-25 16:08:10,true,false,,,abandoned,,,,https://loopcycle.example/checkouts/c/3871805669705/recover,utm_bio_link
3881752640824,2026-09-24 17:39:43,2026-09-24 17:48:43,,s***@gmail.com,,false,mobile,Cianjur,West Java,ID,LT-GFT,Loop Tote Gift Set,Sand,1,299000,,0,18000,317000,payment_attempted_failed,OVO,insufficient_balance,instagram / bio_link,ig_qr_carousel,17901977490176261,/products/loop-tote-gift-set,145,6,payment_failed,2026-09-24 18:39:43,false,false,2026-09-25 17:39:43,false,false,,,abandoned,,,,https://loopcycle.example/checkouts/c/3881752640824/recover,sku_match
3557028334527,2026-09-24 18:14:38,2026-09-24 18:30:38,,s***@hotmail.com,+62-8**-****-3223,false,mobile,Bekasi,West Java,ID,LT-GFT,Loop Tote Gift Set,Indigo,1,299000,,0,18000,317000,shipping_method,,,instagram / bio_link,ig_milestone_reel,17908880999865633,/products/loop-tote-gift-set,755,10,unexpected_shipping_cost,2026-09-24 19:14:38,true,false,2026-09-25 18:14:38,true,false,,,abandoned,,,,https://loopcycle.example/checkouts/c/3557028334527/recover,sku_match
3504059486523,2026-09-24 19:08:11,2026-09-24 19:27:11,,i***@gmail.com,+62-8**-****-7661,true,mobile,Depok,West Java,ID,LT-IND,"Loop Tote, Indigo",Indigo,2,378000,,0,0,378000,payment_method_selected,Bank transfer (VA),,instagram / bio_link,ig_qr_carousel,17901977490176261,/products/loop-tote-indigo,185,8,checking_marketplace_price,2026-09-24 20:08:11,false,false,2026-09-25 19:08:11,true,false,,,abandoned,,,,https://loopcycle.example/checkouts/c/3504059486523/recover,utm_bio_link
3917232056095,2026-09-24 19:13:56,2026-09-24 19:17:56,,l***@gmail.com,,false,mobile,Bogor,West Java,ID,LT-IND,"Loop Tote, Indigo",Indigo,1,189000,,0,40000,229000,payment_method_selected,QRIS,,instagram / bio_link,ig_qr_carousel,17901977490176261,/products/loop-tote-indigo,199,11,waiting_for_voucher,2026-09-24 20:13:56,true,true,2026-09-25 19:13:56,false,false,,,abandoned,,,,https://loopcycle.example/checkouts/c/3917232056095/recover,utm_bio_link
3640192515446,2026-09-24 19:46:47,2026-09-24 20:04:47,,y***@gmail.com,+62-8**-****-8091,true,mobile,Bekasi,West Java,ID,LT-GRN,"Loop Tote, Sea-green",Sea-green,1,189000,THANKS10K,19000,25000,195000,payment_attempted_failed,Credit card,card_declined,instagram / bio_link,ig_milestone_reel,17908880999865633,/products/loop-tote-sea-green,856,10,payment_failed,2026-09-24 20:46:47,false,false,2026-09-25 19:46:47,false,false,,,abandoned,,,,https://loopcycle.example/checkouts/c/3640192515446/recover,promo_code_match
3111248896236,2026-09-24 19:53:15,2026-09-24 20:10:15,,,+62-8**-****-7988,false,mobile,Semarang,Central Java,ID,LT-SND,"Loop Tote, Sand",Sand,1,189000,,0,,189000,contact_info,,,instagram / bio_link,ig_milestone_reel,17908880999865633,/products/loop-tote-sand,45,6,account_or_form_friction,,,,,,,2026-09-24 21:53:15,false,abandoned,,,,https://loopcycle.example/checkouts/c/3111248896236/recover,utm_bio_link
3675191417871,2026-09-24 20:01:00,2026-09-24 20:13:00,,m***@gmail.com,+62-8**-****-1114,true,mobile,Jakarta,DKI Jakarta,ID,LT-GRN,"Loop Tote, Sea-green",Sea-green,1,189000,,0,40000,229000,shipping_method,,,instagram / bio_link,ig_qr_carousel,17901977490176261,/products/loop-tote-sea-green,785,5,delivery_time_too_long,2026-09-24 21:01:00,false,false,2026-09-25 20:01:00,false,false,,,abandoned,,,,https://loopcycle.example/checkouts/c/3675191417871/recover,utm_bio_link
3979002839609,2026-09-24 20:14:51,2026-09-24 20:30:51,,d***@gmail.com,,true,mobile,Bekasi,West Java,ID,LT-GRN,"Loop Tote, Sea-green",Sea-green,4,756000,,0,0,756000,payment_method_selected,QRIS,,instagram / bio_link,ig_milestone_reel,17908880999865633,/products/loop-tote-sea-green,572,3,payment_page_expired,2026-09-24 21:14:51,false,false,2026-09-25 20:14:51,false,false,,,abandoned,,,,https://loopcycle.example/checkouts/c/3979002839609/recover,utm_bio_link
3488815449108,2026-09-24 20:26:42,2026-09-24 20:50:42,,s***@outlook.com,+62-8**-****-2368,false,mobile,Cimahi,West Java,ID,LT-SND,"Loop Tote, Sand",Sand,1,189000,THANKS10K,19000,18000,188000,payment_method_selected,Bank transfer (VA),,instagram / bio_link,ig_milestone_reel,17908880999865633,/products/loop-tote-sand,478,10,preferred_payment_unavailable,2026-09-24 21:26:42,false,false,2026-09-25 20:26:42,false,false,2026-09-24 22:26:42,false,abandoned,,,,https://loopcycle.example/checkouts/c/3488815449108/recover,promo_code_match
3397214397138,2026-09-24 20:39:24,2026-09-24 20:52:24,,,+62-8**-****-6389,false,mobile,Cirebon,West Java,ID,LT-IND,"Loop Tote, Indigo",Indigo,1,189000,,0,25000,214000,payment_attempted_failed,QRIS,qris_expired,instagram / bio_link,ig_qr_carousel,17901977490176261,/products/loop-tote-indigo,312,8,payment_failed,,,,,,,,,abandoned,,,,https://loopcycle.example/checkouts/c/3397214397138/recover,utm_bio_link
3443983030028,2026-09-24 20:56:33,2026-09-24 21:09:33,,g***@hotmail.com,+62-8**-****-2464,false,desktop,Surabaya,East Java,ID,LT-GFT,Loop Tote Gift Set,Indigo,1,299000,THANKS10K,30000,25000,294000,shipping_method,,,instagram / bio_link,ig_milestone_reel,17908880999865633,/products/loop-tote-gift-set,794,10,distracted_or_session_ended,2026-09-24 21:56:33,false,false,2026-09-25 20:56:33,false,false,2026-09-24 22:56:33,false,abandoned,,,,https://loopcycle.example/checkouts/c/3443983030028/recover,sku_match
3924438508294,2026-09-24 21:09:19,2026-09-24 21:23:19,,h***@gmail.com,+62-8**-****-6818,true,mobile,Jakarta,DKI Jakarta,ID,LT-SND,"Loop Tote, Sand",Sand,1,189000,THANKS10K,19000,32000,202000,payment_method_selected,QRIS,,instagram / bio_link,ig_milestone_reel,17908880999865633,/products/loop-tote-sand,476,6,waiting_for_voucher,2026-09-24 22:09:19,true,true,2026-09-25 21:09:19,false,false,2026-09-24 23:09:19,false,abandoned,,,,https://loopcycle.example/checkouts/c/3924438508294/recover,promo_code_match
3340950977776,2026-09-24 22:34:54,2026-09-24 22:47:54,,t***@gmail.com,,true,mobile,Jakarta,DKI Jakarta,ID,LT-SND,"Loop Tote, Sand",Sand,2,378000,THANKS10K,38000,0,340000,payment_attempted_failed,QRIS,qris_expired,instagram / bio_link,ig_milestone_reel,17908880999865633,/products/loop-tote-sand,634,5,payment_failed,2026-09-24 23:34:54,false,false,2026-09-25 22:34:54,false,false,,,abandoned,,,,https://loopcycle.example/checkouts/c/3340950977776/recover,promo_code_match
3551444371794,2026-09-24 22:40:03,2026-09-24 22:47:03,,c***@gmail.com,,false,mobile,Bandung,West Java,ID,LT-GFT,Loop Tote Gift Set,Sand,1,299000,,0,,299000,contact_info,,,instagram / bio_link,ig_qr_carousel,17901977490176261,/products/loop-tote-gift-set,565,7,just_browsing_or_comparing,2026-09-24 23:40:03,false,false,2026-09-25 22:40:03,true,false,,,abandoned,,,,https://loopcycle.example/checkouts/c/3551444371794/recover,sku_match
3003251511832,2026-09-24 22:42:20,2026-09-24 22:44:20,,a***@gmail.com,+62-8**-****-5827,true,mobile,Pekanbaru,Riau,ID,LT-GRN,"Loop Tote, Sea-green",Sea-green,1,189000,THANKS10K,19000,40000,210000,shipping_method,,,instagram / bio_link,ig_milestone_reel,17908880999865633,/products/loop-tote-sea-green,294,10,distracted_or_session_ended,2026-09-24 23:42:20,true,false,2026-09-25 22:42:20,false,false,2026-09-25 00:42:20,false,abandoned,,,,https://loopcycle.example/checkouts/c/3003251511832/recover,promo_code_match
3778132898501,2026-09-24 22:45:15,2026-09-24 22:47:15,,n***@gmail.com,,false,mobile,Bekasi,West Java,ID,LT-IND,"Loop Tote, Indigo",Indigo,1,189000,THANKS10K,19000,32000,202000,shipping_method,,,instagram / bio_link,ig_milestone_reel,17908880999865633,/products/loop-tote-indigo,756,9,unexpected_shipping_cost,2026-09-24 23:45:15,false,false,2026-09-25 22:45:15,false,false,,,abandoned,,,,https://loopcycle.example/checkouts/c/3778132898501/recover,promo_code_match
3817738883536,2026-09-24 23:45:00,2026-09-24 23:47:00,,c***@gmail.com,+62-8**-****-4009,true,mobile,Cimahi,West Java,ID,LT-SND,"Loop Tote, Sand",Sand,2,378000,,0,0,378000,payment_method_selected,Bank transfer (VA),,instagram / bio_link,ig_qr_carousel,17901977490176261,/products/loop-tote-sand,252,4,preferred_payment_unavailable,2026-09-25 00:45:00,false,false,2026-09-25 23:45:00,false,false,,,abandoned,,,,https://loopcycle.example/checkouts/c/3817738883536/recover,utm_bio_link
3414662268513,2026-09-25 07:17:49,2026-09-25 07:24:49,,m***@outlook.com,+62-8**-****-8050,false,mobile,Garut,West Java,ID,LT-IND,"Loop Tote, Indigo",Indigo,1,189000,,0,18000,207000,payment_method_selected,Bank transfer (VA),,instagram / bio_link,ig_milestone_reel,17908880999865633,/products/loop-tote-indigo,899,11,payment_page_expired,2026-09-25 08:17:49,true,false,2026-09-26 07:17:49,false,false,2026-09-25 09:17:49,false,abandoned,,,,https://loopcycle.example/checkouts/c/3414662268513/recover,utm_bio_link
3199969111010,2026-09-25 07:32:20,2026-09-25 07:47:20,C002376,m***@icloud.com,,true,desktop,Jakarta,DKI Jakarta,ID,LT-GFT,Loop Tote Gift Set,Indigo,1,299000,,0,32000,331000,payment_method_selected,Credit card,,instagram / bio_link,ig_qr_carousel,17901977490176261,/products/loop-tote-gift-set,805,5,checking_marketplace_price,2026-09-25 08:32:20,false,false,,,,2026-09-25 09:32:20,true,recovered,whatsapp,#LT10852,2026-09-25 11:33:14,https://loopcycle.example/checkouts/c/3199969111010/recover,sku_match
3357559805283,2026-09-25 08:12:38,2026-09-25 08:34:38,,k***@gmail.com,+62-8**-****-4328,true,mobile,Yogyakarta,DI Yogyakarta,ID,LT-GRN,"Loop Tote, Sea-green",Sea-green,1,189000,,0,40000,229000,shipping_method,,,instagram / bio_link,ig_milestone_reel,17908880999865633,/products/loop-tote-sea-green,402,8,unexpected_shipping_cost,2026-09-25 09:12:38,true,true,2026-09-26 08:12:38,true,false,,,abandoned,,,,https://loopcycle.example/checkouts/c/3357559805283/recover,utm_bio_link
3604321095477,2026-09-25 09:02:39,2026-09-25 09:19:39,,w***@gmail.com,,true,mobile,Yogyakarta,DI Yogyakarta,ID,LT-GFT,Loop Tote Gift Set,Sand,3,897000,THANKS10K,89500,,807500,contact_info,,,instagram / bio_link,ig_qr_carousel,17901977490176261,/products/loop-tote-gift-set,890,5,account_or_form_friction,2026-09-25 10:02:39,false,false,2026-09-26 09:02:39,false,false,,,abandoned,,,,https://loopcycle.example/checkouts/c/3604321095477/recover,sku_match
3463365169344,2026-09-25 09:58:26,2026-09-25 10:21:26,,p***@yahoo.co.id,,false,mobile,Semarang,Central Java,ID,LT-GRN,"Loop Tote, Sea-green",Sea-green,1,189000,THANKS10K,19000,40000,210000,payment_method_selected,Credit card,,instagram / bio_link,ig_milestone_reel,17908880999865633,/products/loop-tote-sea-green,549,2,waiting_for_voucher,2026-09-25 10:58:26,false,false,2026-09-26 09:58:26,false,false,,,abandoned,,,,https://loopcycle.example/checkouts/c/3463365169344/recover,promo_code_match
3013389945842,2026-09-25 10:08:48,2026-09-25 10:11:48,,d***@gmail.com,,false,mobile,Bandung,West Java,ID,LT-GRN,"Loop Tote, Sea-green",Sea-green,2,378000,,0,,378000,contact_info,,,instagram / bio_link,ig_milestone_reel,17908880999865633,/products/loop-tote-sea-green,888,8,just_browsing_or_comparing,2026-09-25 11:08:48,false,false,2026-09-26 10:08:48,true,true,,,abandoned,,,,https://loopcycle.example/checkouts/c/3013389945842/recover,utm_bio_link
3222789751844,2026-09-25 10:30:21,2026-09-25 10:51:21,,l***@gmail.com,,false,mobile,Jakarta,DKI Jakarta,ID,LT-GRN,"Loop Tote, Sea-green",Sea-green,1,189000,,0,18000,207000,payment_method_selected,Credit card,,instagram / bio_link,ig_milestone_reel,17908880999865633,/products/loop-tote-sea-green,564,5,payment_page_expired,2026-09-25 11:30:21,false,false,2026-09-26 10:30:21,false,false,,,abandoned,,,,https://loopcycle.example/checkouts/c/3222789751844/recover,utm_bio_link
3900109227031,2026-09-25 10:44:03,2026-09-25 10:53:03,,l***@gmail.com,+62-8**-****-7775,false,mobile,Bandung,West Java,ID,LT-GRN,"Loop Tote, Sea-green",Sea-green,4,756000,THANKS10K,75500,,680500,contact_info,,,instagram / bio_link,ig_milestone_reel,17908880999865633,/products/loop-tote-sea-green,106,3,account_or_form_friction,2026-09-25 11:44:03,false,false,2026-09-26 10:44:03,false,false,2026-09-25 12:44:03,false,abandoned,,,,https://loopcycle.example/checkouts/c/3900109227031/recover,promo_code_match
3985632733323,2026-09-25 11:09:18,2026-09-25 11:24:18,,p***@gmail.com,,true,mobile,Denpasar,Bali,ID,LT-GRN,"Loop Tote, Sea-green",Sea-green,1,189000,,0,,189000,contact_info,,,instagram / bio_link,ig_milestone_reel,17908880999865633,/products/loop-tote-sea-green,50,11,distracted_or_session_ended,2026-09-25 12:09:18,true,true,2026-09-26 11:09:18,true,false,,,abandoned,,,,https://loopcycle.example/checkouts/c/3985632733323/recover,utm_bio_link
3161605414337,2026-09-25 11:18:52,2026-09-25 11:19:52,,,+62-8**-****-3136,false,mobile,Sukabumi,West Java,ID,LT-GFT,Loop Tote Gift Set,Sand,1,299000,THANKS10K,30000,,269000,contact_info,,,direct,,,/products/loop-tote-gift-set,288,2,just_browsing_or_comparing,,,,,,,2026-09-25 13:18:52,false,abandoned,,,,https://loopcycle.example/checkouts/c/3161605414337/recover,
3241181549366,2026-09-25 11:49:37,2026-09-25 12:04:37,,i***@yahoo.co.id,+62-8**-****-9480,true,mobile,Yogyakarta,DI Yogyakarta,ID,LT-GRN,"Loop Tote, Sea-green",Sea-green,2,378000,,0,0,378000,shipping_method,,,instagram / bio_link,ig_qr_carousel,17901977490176261,/products/loop-tote-sea-green,441,9,unexpected_shipping_cost,2026-09-25 12:49:37,false,false,2026-09-26 11:49:37,false,false,2026-09-25 13:49:37,false,abandoned,,,,https://loopcycle.example/checkouts/c/3241181549366/recover,utm_bio_link
3390564596490,2026-09-25 12:09:45,2026-09-25 12:30:45,,h***@gmail.com,,true,mobile,Yogyakarta,DI Yogyakarta,ID,LT-SND,"Loop Tote, Sand",Sand,1,189000,,0,15000,204000,shipping_method,,,instagram / bio_link,ig_always_on,,/products/loop-tote-sand,779,8,delivery_time_too_long,2026-09-25 13:09:45,false,false,2026-09-26 12:09:45,false,false,,,abandoned,,,,https://loopcycle.example/checkouts/c/3390564596490/recover,
3026948162546,2026-09-25 12:18:56,2026-09-25 12:22:56,,a***@outlook.com,,false,mobile,Subang,West Java,ID,LT-IND,"Loop Tote, Indigo",Indigo,3,567000,,0,0,567000,payment_method_selected,Credit card,,instagram / bio_link,ig_qr_carousel,17901977490176261,/products/loop-tote-indigo,63,6,checking_marketplace_price,2026-09-25 13:18:56,false,false,2026-09-26 12:18:56,true,false,,,abandoned,,,,https://loopcycle.example/checkouts/c/3026948162546/recover,utm_bio_link
3685509240048,2026-09-25 12:58:16,2026-09-25 13:22:16,,l***@gmail.com,,true,mobile,Garut,West Java,ID,LT-IND,"Loop Tote, Indigo",Indigo,1,189000,,0,25000,214000,payment_attempted_failed,Bank transfer (VA),va_expired,instagram / bio_link,ig_milestone_reel,17908880999865633,/products/loop-tote-indigo,355,4,payment_failed,2026-09-25 13:58:16,true,true,2026-09-26 12:58:16,false,false,,,abandoned,,,,https://loopcycle.example/checkouts/c/3685509240048/recover,utm_bio_link
3197286157936,2026-09-25 14:52:14,2026-09-25 14:58:14,,m***@gmail.com,,true,mobile,Karawang,West Java,ID,LT-GRN,"Loop Tote, Sea-green",Sea-green,1,189000,,0,,189000,contact_info,,,instagram / bio_link,ig_qr_carousel,17901977490176261,/products/loop-tote-sea-green,322,4,account_or_form_friction,2026-09-25 15:52:14,true,true,2026-09-26 14:52:14,false,false,,,abandoned,,,,https://loopcycle.example/checkouts/c/3197286157936/recover,utm_bio_link
3560421323850,2026-09-25 15:19:56,2026-09-25 15:42:56,,c***@hotmail.com,+62-8**-****-8972,false,desktop,Bandung,West Java,ID,LT-SND,"Loop Tote, Sand",Sand,1,189000,,0,25000,214000,shipping_method,,,direct,,,/products/loop-tote-sand,322,3,waiting_for_promo_code,2026-09-25 16:19:56,true,false,2026-09-26 15:19:56,false,false,2026-09-25 17:19:56,false,abandoned,,,,https://loopcycle.example/checkouts/c/3560421323850/recover,
3683018984586,2026-09-25 15:36:32,2026-09-25 15:49:32,,j***@gmail.com,+62-8**-****-2154,false,mobile,Jakarta,DKI Jakarta,ID,LT-IND,"Loop Tote, Indigo",Indigo,1,189000,,0,15000,204000,payment_method_selected,Bank transfer (VA),,instagram / bio_link,ig_milestone_reel,17908880999865633,/products/loop-tote-indigo,562,3,checking_marketplace_price,2026-09-25 16:36:32,true,true,2026-09-26 15:36:32,true,false,2026-09-25 17:36:32,false,abandoned,,,,https://loopcycle.example/checkouts/c/3683018984586/recover,utm_bio_link
3914963559150,2026-09-25 15:48:12,2026-09-25 15:49:12,,w***@gmail.com,+62-8**-****-7881,false,mobile,Sukabumi,West Java,ID,LT-GRN,"Loop Tote, Sea-green",Sea-green,1,189000,,0,18000,207000,shipping_method,,,instagram / bio_link,ig_qr_carousel,17901977490176261,/products/loop-tote-sea-green,172,5,delivery_time_too_long,2026-09-25 16:48:12,false,false,2026-09-26 15:48:12,true,false,2026-09-25 17:48:12,false,abandoned,,,,https://loopcycle.example/checkouts/c/3914963559150/recover,utm_bio_link
3760744051522,2026-09-25 18:43:14,2026-09-25 19:01:14,,k***@gmail.com,+62-8**-****-7884,true,mobile,Cimahi,West Java,ID,LT-GRN,"Loop Tote, Sea-green",Sea-green,4,756000,THANKS10K,75500,,680500,contact_info,,,instagram / bio_link,ig_milestone_reel,17908880999865633,/products/loop-tote-sea-green,555,9,distracted_or_session_ended,2026-09-25 19:43:14,false,false,2026-09-26 18:43:14,false,false,,,abandoned,,,,https://loopcycle.example/checkouts/c/3760744051522/recover,promo_code_match
3735826558943,2026-09-25 19:14:56,2026-09-25 19:37:56,,f***@gmail.com,,true,mobile,Cianjur,West Java,ID,LT-GRN,"Loop Tote, Sea-green",Sea-green,1,189000,,0,25000,214000,payment_attempted_failed,QRIS,qris_expired,instagram / bio_link,ig_milestone_reel,17908880999865633,/products/loop-tote-sea-green,676,11,payment_failed,2026-09-25 20:14:56,false,false,2026-09-26 19:14:56,false,false,,,abandoned,,,,https://loopcycle.example/checkouts/c/3735826558943/recover,utm_bio_link
3481975536735,2026-09-25 19:20:51,2026-09-25 19:30:51,C002432,,+62-8**-****-5251,false,desktop,Tangerang,Banten,ID,LT-GFT,Loop Tote Gift Set,Sand,1,299000,,0,18000,317000,payment_method_selected,QRIS,,direct,,,/products/loop-tote-gift-set,352,4,preferred_payment_unavailable,,,,,,,,,recovered,email,#LT10876,2026-09-26 10:10:37,https://loopcycle.example/checkouts/c/3481975536735/recover,
3116098070600,2026-09-25 19:31:30,2026-09-25 19:45:30,,j***@gmail.com,,true,mobile,Malang,East Java,ID,LT-GRN,"Loop Tote, Sea-green",Sea-green,1,189000,,0,15000,204000,payment_method_selected,ShopeePay,,instagram / bio_link,ig_qr_carousel,17901977490176261,/products/loop-tote-sea-green,738,11,waiting_for_voucher,2026-09-25 20:31:30,true,true,2026-09-26 19:31:30,false,false,,,abandoned,,,,https://loopcycle.example/checkouts/c/3116098070600/recover,utm_bio_link
3387908645557,2026-09-25 20:11:24,2026-09-25 20:32:24,,c***@gmail.com,,false,mobile,Yogyakarta,DI Yogyakarta,ID,LT-GRN,"Loop Tote, Sea-green",Sea-green,1,189000,,0,25000,214000,payment_method_selected,GoPay,,instagram / bio_link,ig_qr_carousel,17901977490176261,/products/loop-tote-sea-green,204,7,checking_marketplace_price,2026-09-25 21:11:24,false,false,2026-09-26 20:11:24,true,false,,,abandoned,,,,https://loopcycle.example/checkouts/c/3387908645557/recover,utm_bio_link
3944375075621,2026-09-25 20:14:45,2026-09-25 20:37:45,,g***@gmail.com,,false,mobile,Jakarta,DKI Jakarta,ID,LT-IND,"Loop Tote, Indigo",Indigo,1,189000,,0,15000,204000,shipping_method,,,instagram / bio_link,ig_qr_carousel,17901977490176261,/products/loop-tote-indigo,228,8,delivery_time_too_long,2026-09-25 21:14:45,true,false,2026-09-26 20:14:45,false,false,,,abandoned,,,,https://loopcycle.example/checkouts/c/3944375075621/recover,utm_bio_link
3248587187637,2026-09-25 20:20:52,2026-09-25 20:35:52,,y***@gmail.com,+62-8**-****-6212,false,desktop,Bekasi,West Java,ID,LT-IND,"Loop Tote, Indigo",Indigo,2,378000,THANKS10K,38000,0,340000,payment_method_selected,GoPay,,instagram / bio_link,ig_milestone_reel,17908880999865633,/products/loop-tote-indigo,515,10,waiting_for_voucher,2026-09-25 21:20:52,false,false,2026-09-26 20:20:52,false,false,,,abandoned,,,,https://loopcycle.example/checkouts/c/3248587187637/recover,promo_code_match
3561185554463,2026-09-25 20:23:26,2026-09-25 20:46:26,,f***@gmail.com,+62-8**-****-1069,true,mobile,Jakarta,DKI Jakarta,ID,LT-IND,"Loop Tote, Indigo",Indigo,2,378000,,0,0,378000,payment_attempted_failed,Bank transfer (VA),va_expired,instagram / bio_link,ig_qr_carousel,17901977490176261,/products/loop-tote-indigo,560,3,payment_failed,2026-09-25 21:23:26,false,false,2026-09-26 20:23:26,false,false,,,abandoned,,,,https://loopcycle.example/checkouts/c/3561185554463/recover,utm_bio_link
3054193991794,2026-09-25 20:26:07,2026-09-25 20:27:07,,d***@gmail.com,+62-8**-****-8088,false,mobile,Bekasi,West Java,ID,LT-GRN,"Loop Tote, Sea-green",Sea-green,1,189000,,0,32000,221000,shipping_method,,,instagram / bio_link,ig_milestone_reel,17908880999865633,/products/loop-tote-sea-green,259,11,delivery_time_too_long,2026-09-25 21:26:07,true,false,2026-09-26 20:26:07,false,false,2026-09-25 22:26:07,true,abandoned,,,,https://loopcycle.example/checkouts/c/3054193991794/recover,utm_bio_link
3986813347334,2026-09-25 21:05:40,2026-09-25 21:28:40,,s***@gmail.com,+62-8**-****-8166,true,mobile,Makassar,South Sulawesi,ID,LT-GRN,"Loop Tote, Sea-green",Sea-green,1,189000,THANKS10K,19000,,170000,contact_info,,,instagram / bio_link,ig_milestone_reel,17908880999865633,/products/loop-tote-sea-green,119,8,just_browsing_or_comparing,2026-09-25 22:05:40,true,true,2026-09-26 21:05:40,false,false,,,abandoned,,,,https://loopcycle.example/checkouts/c/3986813347334/recover,promo_code_match
3837586061947,2026-09-25 22:04:43,2026-09-25 22:14:43,,k***@gmail.com,,true,mobile,Jakarta,DKI Jakarta,ID,LT-SND,"Loop Tote, Sand",Sand,1,189000,,0,18000,207000,payment_method_selected,OVO,,instagram / bio_link,ig_milestone_reel,17908880999865633,/products/loop-tote-sand,758,4,checking_marketplace_price,2026-09-25 23:04:43,true,false,2026-09-26 22:04:43,false,false,,,abandoned,,,,https://loopcycle.example/checkouts/c/3837586061947/recover,utm_bio_link
3058665356638,2026-09-25 22:11:46,2026-09-25 22:30:46,,r***@icloud.com,,false,mobile,Semarang,Central Java,ID,LT-GRN,"Loop Tote, Sea-green",Sea-green,1,189000,NEWSLETTER5,9500,32000,211500,payment_attempted_failed,Bank transfer (VA),va_expired,google / organic,,,/products/loop-tote-sea-green,335,4,payment_failed,2026-09-25 23:11:46,true,false,2026-09-26 22:11:46,false,false,,,abandoned,,,,https://loopcycle.example/checkouts/c/3058665356638/recover,
3699986555331,2026-09-25 23:19:12,2026-09-25 23:25:12,,c***@gmail.com,+62-8**-****-6320,false,desktop,Jakarta,DKI Jakarta,ID,LT-GRN,"Loop Tote, Sea-green",Sea-green,1,189000,THANKS10K,19000,32000,202000,payment_method_selected,Bank transfer (VA),,instagram / bio_link,ig_milestone_reel,17908880999865633,/products/loop-tote-sea-green,832,6,checking_marketplace_price,2026-09-26 00:19:12,true,false,2026-09-26 23:19:12,false,false,2026-09-26 01:19:12,false,abandoned,,,,https://loopcycle.example/checkouts/c/3699986555331/recover,promo_code_match
3936966932842,2026-09-26 03:52:33,2026-09-26 03:56:33,C002442,s***@gmail.com,,false,mobile,Bekasi,West Java,ID,LT-SND,"Loop Tote, Sand",Sand,1,189000,THANKS10K,19000,0,170000,shipping_method,Bank transfer (VA),,direct,,,/products/loop-tote-sand,512,2,waiting_for_promo_code,2026-09-26 04:52:33,false,false,,,,2026-09-26 05:52:33,true,recovered,whatsapp,#LT10882,2026-09-26 14:52:14,https://loopcycle.example/checkouts/c/3936966932842/recover,
3899270157135,2026-09-26 07:48:38,2026-09-26 08:07:38,,j***@gmail.com,+62-8**-****-1941,false,mobile,Solo,Central Java,ID,LT-IND,"Loop Tote, Indigo",Indigo,1,189000,THANKS10K,19000,18000,188000,payment_method_selected,Bank transfer (VA),,instagram / bio_link,ig_milestone_reel,17908880999865633,/products/loop-tote-indigo,107,3,payment_page_expired,2026-09-26 08:48:38,true,false,2026-09-27 07:48:38,false,false,,,abandoned,,,,https://loopcycle.example/checkouts/c/3899270157135/recover,promo_code_match
3616990841170,2026-09-26 08:44:48,2026-09-26 08:55:48,C002439,l***@gmail.com,,false,mobile,Jakarta,DKI Jakarta,ID,LT-GFT,Loop Tote Gift Set,Sand,1,299000,THANKS10K,30000,32000,301000,payment_method_selected,GoPay,,instagram / bio_link,ig_qr_carousel,17901977490176261,/products/loop-tote-gift-set,510,4,waiting_for_voucher,2026-09-26 09:44:48,true,true,,,,,,recovered,organic,#LT10880,2026-09-26 13:05:19,https://loopcycle.example/checkouts/c/3616990841170/recover,sku_match
3434804368611,2026-09-26 09:07:43,2026-09-26 09:11:43,,i***@gmail.com,+62-8**-****-6867,false,desktop,Semarang,Central Java,ID,LT-SND,"Loop Tote, Sand",Sand,1,189000,,0,,189000,contact_info,,,instagram / bio_link,ig_qr_carousel,17901977490176261,/products/loop-tote-sand,89,8,just_browsing_or_comparing,2026-09-26 10:07:43,false,false,2026-09-27 09:07:43,false,false,,,abandoned,,,,https://loopcycle.example/checkouts/c/3434804368611/recover,utm_bio_link
3167993688048,2026-09-26 09:46:09,2026-09-26 10:03:09,,f***@yahoo.co.id,+62-8**-****-9959,false,tablet,Semarang,Central Java,ID,LT-IND,"Loop Tote, Indigo",Indigo,1,189000,,0,32000,221000,shipping_method,,,instagram / bio_link,ig_milestone_reel,17908880999865633,/products/loop-tote-indigo,854,8,unexpected_shipping_cost,2026-09-26 10:46:09,false,false,2026-09-27 09:46:09,false,false,,,abandoned,,,,https://loopcycle.example/checkouts/c/3167993688048/recover,utm_bio_link
3555290569147,2026-09-26 10:58:44,2026-09-26 11:13:44,,t***@yahoo.co.id,+62-8**-****-9068,true,mobile,Depok,West Java,ID,LT-GFT,Loop Tote Gift Set,Sand,1,299000,,0,40000,339000,payment_method_selected,Credit card,,instagram / bio_link,ig_milestone_reel,17908880999865633,/products/loop-tote-gift-set,95,2,checking_marketplace_price,2026-09-26 11:58:44,false,false,2026-09-27 10:58:44,false,false,,,abandoned,,,,https://loopcycle.example/checkouts/c/3555290569147/recover,utm_bio_link
3266566569406,2026-09-26 14:30:15,2026-09-26 14:46:15,,m***@gmail.com,,true,mobile,Surabaya,East Java,ID,LT-GRN,"Loop Tote, Sea-green",Sea-green,1,189000,,0,32000,221000,payment_attempted_failed,Credit card,3ds_failed,direct,,,/products/loop-tote-sea-green,732,10,payment_failed,2026-09-26 15:30:15,false,false,2026-09-27 14:30:15,false,false,,,abandoned,,,,https://loopcycle.example/checkouts/c/3266566569406/recover,
3106759095379,2026-09-26 14:41:41,2026-09-26 14:55:41,,g***@gmail.com,,true,mobile,Tasikmalaya,West Java,ID,LT-IND,"Loop Tote, Indigo",Indigo,1,189000,THANKS10K,19000,15000,185000,shipping_method,,,instagram / bio_link,ig_milestone_reel,17908880999865633,/products/loop-tote-indigo,754,6,delivery_time_too_long,2026-09-26 15:41:41,true,true,2026-09-27 14:41:41,false,false,,,abandoned,,,,https://loopcycle.example/checkouts/c/3106759095379/recover,promo_code_match
3353880251454,2026-09-26 18:34:09,2026-09-26 18:35:09,,h***@gmail.com,,true,mobile,Bandung,West Java,ID,LT-GRN,"Loop Tote, Sea-green",Sea-green,2,378000,,0,,378000,contact_info,,,instagram / bio_link,ig_qr_carousel,17901977490176261,/products/loop-tote-sea-green,889,9,distracted_or_session_ended,2026-09-26 19:34:09,false,false,2026-09-27 18:34:09,false,false,,,abandoned,,,,https://loopcycle.example/checkouts/c/3353880251454/recover,utm_bio_link
3479912709831,2026-09-26 18:35:51,2026-09-26 18:36:51,,a***@gmail.com,,false,mobile,Tangerang,Banten,ID,LT-GRN,"Loop Tote, Sea-green",Sea-green,1,189000,THANKS10K,19000,,170000,contact_info,,,instagram / bio_link,ig_milestone_reel,17908880999865633,/products/loop-tote-sea-green,387,3,distracted_or_session_ended,2026-09-26 19:35:51,false,false,2026-09-27 18:35:51,false,false,,,abandoned,,,,https://loopcycle.example/checkouts/c/3479912709831/recover,promo_code_match
3385648431219,2026-09-26 18:37:11,2026-09-26 19:02:11,,,+62-8**-****-9832,false,mobile,Cimahi,West Java,ID,LT-GRN,"Loop Tote, Sea-green",Sea-green,1,189000,THANKS10K,19000,15000,185000,shipping_method,,,instagram / bio_link,ig_milestone_reel,17908880999865633,/products/loop-tote-sea-green,727,7,unexpected_shipping_cost,,,,,,,,,abandoned,,,,https://loopcycle.example/checkouts/c/3385648431219/recover,promo_code_match
3690394577227,2026-09-26 18:43:50,2026-09-26 18:45:50,,a***@gmail.com,,true,mobile,Cianjur,West Java,ID,LT-GRN,"Loop Tote, Sea-green",Sea-green,1,189000,,0,32000,221000,shipping_method,,,instagram / bio_link,ig_qr_carousel,17901977490176261,/products/loop-tote-sea-green,782,3,waiting_for_promo_code,2026-09-26 19:43:50,false,false,2026-09-27 18:43:50,true,true,,,abandoned,,,,https://loopcycle.example/checkouts/c/3690394577227/recover,utm_bio_link
3791907328841,2026-09-26 18:54:52,2026-09-26 19:11:52,,d***@gmail.com,,true,mobile,Bandung,West Java,ID,LT-GRN,"Loop Tote, Sea-green",Sea-green,1,189000,,0,32000,221000,payment_method_selected,QRIS,,instagram / bio_link,ig_milestone_reel,17908880999865633,/products/loop-tote-sea-green,567,9,payment_page_expired,2026-09-26 19:54:52,false,false,2026-09-27 18:54:52,false,false,,,abandoned,,,,https://loopcycle.example/checkouts/c/3791907328841/recover,utm_bio_link
3693500664853,2026-09-26 18:58:56,2026-09-26 19:00:56,,k***@gmail.com,,true,mobile,Jakarta,DKI Jakarta,ID,LT-SND,"Loop Tote, Sand",Sand,1,189000,,0,40000,229000,shipping_method,,,direct,,,/products/loop-tote-sand,216,9,distracted_or_session_ended,2026-09-26 19:58:56,false,false,2026-09-27 18:58:56,true,false,,,abandoned,,,,https://loopcycle.example/checkouts/c/3693500664853/recover,
3622128711445,2026-09-26 20:26:08,2026-09-26 20:48:08,,j***@gmail.com,,false,mobile,Banjarmasin,South Kalimantan,ID,LT-SND,"Loop Tote, Sand",Sand,1,189000,,0,18000,207000,payment_method_selected,GoPay,,instagram / bio_link,ig_qr_carousel,17901977490176261,/products/loop-tote-sand,90,11,checking_marketplace_price,2026-09-26 21:26:08,true,false,2026-09-27 20:26:08,false,false,,,abandoned,,,,https://loopcycle.example/checkouts/c/3622128711445/recover,utm_bio_link
3372967562549,2026-09-26 21:23:20,2026-09-26 21:40:20,,h***@gmail.com,+62-8**-****-4661,true,tablet,Depok,West Java,ID,LT-GFT,Loop Tote Gift Set,Sea-green,1,299000,,0,,299000,contact_info,,,instagram / bio_link,ig_milestone_reel,17908880999865633,/products/loop-tote-gift-set,207,10,distracted_or_session_ended,2026-09-26 22:23:20,true,false,2026-09-27 21:23:20,false,false,2026-09-26 23:23:20,false,abandoned,,,,https://loopcycle.example/checkouts/c/3372967562549/recover,sku_match
3793857033776,2026-09-26 21:31:10,2026-09-26 21:49:10,,p***@gmail.com,+62-8**-****-5457,true,mobile,Jakarta,DKI Jakarta,ID,LT-GFT,Loop Tote Gift Set,Indigo,1,299000,,0,18000,317000,shipping_method,,,instagram / bio_link,ig_milestone_reel,17908880999865633,/products/loop-tote-gift-set,574,5,delivery_time_too_long,2026-09-26 22:31:10,true,false,2026-09-27 21:31:10,false,false,,,abandoned,,,,https://loopcycle.example/checkouts/c/3793857033776/recover,sku_match
3441435680092,2026-09-27 11:04:45,2026-09-27 11:20:45,C002481,g***@gmail.com,,false,mobile,Jakarta,DKI Jakarta,ID,LT-GFT,Loop Tote Gift Set,Indigo,1,299000,THANKS10K,30000,0,269000,payment_attempted_failed,ShopeePay,timeout,instagram / bio_link,ig_milestone_reel,17908880999865633,/products/loop-tote-gift-set,740,7,payment_failed,2026-09-27 12:04:45,false,false,,,,2026-09-27 13:04:45,true,recovered,whatsapp,#LT10896,2026-09-27 20:24:00,https://loopcycle.example/checkouts/c/3441435680092/recover,sku_match
3077661568379,2026-09-27 14:01:55,2026-09-27 14:10:55,,,+62-8**-****-1648,false,mobile,Sukabumi,West Java,ID,LT-IND,"Loop Tote, Indigo",Indigo,1,189000,,0,18000,207000,shipping_method,,,newsletter,,,/products/loop-tote-indigo,794,3,distracted_or_session_ended,,,,,,,,,abandoned,,,,https://loopcycle.example/checkouts/c/3077661568379/recover,
3220438141304,2026-09-27 17:51:08,2026-09-27 17:53:08,,g***@gmail.com,+62-8**-****-3463,false,mobile,Bandung,West Java,ID,LT-GRN,"Loop Tote, Sea-green",Sea-green,1,189000,,0,25000,214000,shipping_method,,,instagram / bio_link,ig_picker_stories_p30,17902428608945110,/products/loop-tote-sea-green,870,2,unexpected_shipping_cost,2026-09-27 18:51:08,true,false,2026-09-28 17:51:08,false,false,,,abandoned,,,,https://loopcycle.example/checkouts/c/3220438141304/recover,utm_bio_link
3596578032145,2026-09-27 20:25:44,2026-09-27 20:43:44,,w***@gmail.com,+62-8**-****-1457,false,mobile,Bekasi,West Java,ID,LT-GFT,Loop Tote Gift Set,Sea-green,2,598000,,0,0,598000,payment_method_selected,Bank transfer (VA),,instagram / bio_link,ig_milestone_reel,17908880999865633,/products/loop-tote-gift-set,122,4,waiting_for_voucher,2026-09-27 21:25:44,false,false,2026-09-28 20:25:44,false,false,,,abandoned,,,,https://loopcycle.example/checkouts/c/3596578032145/recover,utm_bio_link
3890950072280,2026-09-27 21:28:20,2026-09-27 21:53:20,,l***@gmail.com,+62-8**-****-3755,false,mobile,Jakarta,DKI Jakarta,ID,LT-IND,"Loop Tote, Indigo",Indigo,1,189000,,0,15000,204000,shipping_method,,,instagram / bio_link,ig_milestone_reel,17908880999865633,/products/loop-tote-indigo,328,8,unexpected_shipping_cost,2026-09-27 22:28:20,true,false,2026-09-28 21:28:20,false,false,,,abandoned,,,,https://loopcycle.example/checkouts/c/3890950072280/recover,utm_bio_link
