order_id,order_datetime_wib,order_date,weekday,channel_group,platform,sku,product_name,colour_variant,order_type,quantity,unit_price_idr,gross_amount_idr,discount_idr,promo_code,shipping_fee_paid_idr,order_total_idr,platform_fee_idr,payment_fee_idr,cogs_idr,gross_profit_idr,original_currency,original_order_total,usd_idr_rate,payment_method,courier,customer_id,customer_type,customer_city,customer_province_state,customer_country,status,ship_date,delivered_date,traffic_source,utm_campaign,attributed_ig_post_id,attribution_basis,campaign
#LT10001,2026-06-01 01:27:26,2026-06-01,Monday,Website (Shopify),Website (Shopify),LT-SND,"Loop Tote, Sand",Sand,standard,2,189000,378000,0,,0,378000,0,5670,156000,216330,IDR,378000,,ShopeePay,J&T Express,C000001,new,Karawang,West Java,ID,completed,2026-06-02,2026-06-06,instagram / bio_link,ig_always_on,,,
#LT10002,2026-06-01 11:51:31,2026-06-01,Monday,Website (Shopify),Website (Shopify),LT-GRN,"Loop Tote, Sea-green",Sea-green,standard,2,189000,378000,19000,NEWSLETTER5,0,359000,0,2513,156000,200487,IDR,359000,,QRIS,SiCepat,C000002,new,Bekasi,West Java,ID,completed,2026-06-01,2026-06-04,instagram / bio_link,ig_always_on,,,
26060163422706B,2026-06-01 15:04:22,2026-06-01,Monday,Indonesian marketplace,Shopee,LT-IND,"Loop Tote, Indigo",Indigo,standard,1,189000,189000,28500,Platform voucher,35000,195500,15248,0,78000,67252,IDR,195500,,COD,SiCepat,C000003,new,Jakarta,DKI Jakarta,ID,completed,2026-06-02,2026-06-04,recommended,,,,
#LT10003,2026-06-01 15:16:39,2026-06-01,Monday,Website (Shopify),Website (Shopify),LT-GRN,"Loop Tote, Sea-green",Sea-green,standard,1,189000,189000,0,,40000,229000,0,1603,78000,109397,IDR,229000,,QRIS,J&T Express,C000004,new,Bogor,West Java,ID,completed,2026-06-02,2026-06-03,instagram / bio_link,ig_always_on,,,
IG-20260601-0001,2026-06-01 18:19:26,2026-06-01,Monday,Instagram,Instagram (DM/WhatsApp),LT-GRN,"Loop Tote, Sea-green",Sea-green,standard,1,189000,189000,0,,15000,204000,0,1428,78000,109572,IDR,204000,,QRIS,JNE,C000005,new,Yogyakarta,DI Yogyakarta,ID,completed,2026-06-01,2026-06-05,story_reply,,,,
STR-20260601-0001,2026-06-01 18:57:47,2026-06-01,Monday,Physical store,Bandung store,LT-GRN,"Loop Tote, Sea-green",Sea-green,standard,1,189000,189000,0,,0,189000,0,1890,78000,109110,IDR,189000,,Debit card,In-store pickup,C000006,new,Bandung,West Java,ID,completed,2026-06-01,2026-06-01,walk-in,,,,
INV/20260601/MPL/278574163,2026-06-01 22:43:10,2026-06-01,Monday,Indonesian marketplace,Tokopedia,LT-IND,"Loop Tote, Indigo",Indigo,standard,3,189000,567000,28500,Platform voucher,25000,563500,43080,0,234000,261420,IDR,563500,,Credit card,J&T Express,C000007,new,Tangerang,Banten,ID,completed,2026-06-02,2026-06-05,marketplace_search,,,,
5117752211390775752,2026-06-01 23:43:55,2026-06-01,Monday,Indonesian marketplace,TikTok Shop,LT-SND,"Loop Tote, Sand",Sand,standard,1,179000,179000,0,,0,179000,15215,0,78000,85785,IDR,179000,,ShopeePay,JNE,C000008,new,Tasikmalaya,West Java,ID,completed,2026-06-02,2026-06-04,recommended,,,,
#LT10004,2026-06-02 00:02:47,2026-06-02,Tuesday,Website (Shopify),Website (Shopify),LT-GRN,"Loop Tote, Sea-green",Sea-green,standard,1,189000,189000,0,,32000,221000,0,3315,78000,107685,IDR,221000,,OVO,JNE,C000009,new,Karawang,West Java,ID,completed,2026-06-03,2026-06-05,whatsapp,,,,
STR-20260602-0001,2026-06-02 10:02:17,2026-06-02,Tuesday,Physical store,Bandung store,LT-IND,"Loop Tote, Indigo",Indigo,standard,1,189000,189000,0,,0,189000,0,1890,78000,109110,IDR,189000,,Debit card,In-store pickup,C000010,new,Bandung,West Java,ID,completed,2026-06-02,2026-06-02,walk-in,,,,
STR-20260602-0002,2026-06-02 11:06:56,2026-06-02,Tuesday,Physical store,Bandung store,LT-SND,"Loop Tote, Sand",Sand,standard,1,189000,189000,0,,0,189000,0,0,78000,111000,IDR,189000,,Cash,In-store pickup,C000011,new,Bandung,West Java,ID,completed,2026-06-02,2026-06-02,walk-in,,,,
26060251970217B,2026-06-02 12:04:15,2026-06-02,Tuesday,Indonesian marketplace,Shopee,LT-IND,"Loop Tote, Indigo",Indigo,standard,1,189000,189000,0,,12000,201000,17955,0,78000,-42955,IDR,201000,,ShopeePay,SiCepat,C000012,new,Jakarta,DKI Jakarta,ID,returned,2026-06-03,2026-06-06,marketplace_search,,,,
STR-20260602-0003,2026-06-02 12:06:40,2026-06-02,Tuesday,Physical store,Bandung store,LT-GRN,"Loop Tote, Sea-green",Sea-green,standard,2,189000,378000,0,,0,378000,0,2646,156000,219354,IDR,378000,,QRIS,In-store pickup,C000013,new,Bandung,West Java,ID,completed,2026-06-02,2026-06-02,walk-in,,,,
26060297320663C,2026-06-02 12:24:41,2026-06-02,Tuesday,Indonesian marketplace,Shopee,LT-GRN,"Loop Tote, Sea-green",Sea-green,standard,1,189000,189000,28500,Platform voucher,0,160500,15248,0,78000,67252,IDR,160500,,ShopeePay,SiCepat,C000014,new,South Tangerang,Banten,ID,completed,2026-06-02,2026-06-05,recommended,,,,
IG-20260602-0001,2026-06-02 13:22:34,2026-06-02,Tuesday,Instagram,Instagram (DM/WhatsApp),LT-SND,"Loop Tote, Sand",Sand,standard,1,189000,189000,0,,0,189000,0,0,78000,0,IDR,189000,,Bank transfer (manual),,C000005,returning,Yogyakarta,DI Yogyakarta,ID,cancelled,,,dm,,,,
IG-20260602-0002,2026-06-02 13:42:43,2026-06-02,Tuesday,Instagram,Instagram (DM/WhatsApp),LT-IND,"Loop Tote, Indigo",Indigo,standard,1,189000,189000,0,,18000,207000,0,0,78000,111000,IDR,207000,,Bank transfer (manual),J&T Express,C000005,returning,Yogyakarta,DI Yogyakarta,ID,completed,2026-06-02,2026-06-06,dm,,,,
STR-20260602-0004,2026-06-02 15:05:05,2026-06-02,Tuesday,Physical store,Bandung store,LT-SND,"Loop Tote, Sand",Sand,standard,1,189000,189000,0,,0,189000,0,1323,78000,109677,IDR,189000,,QRIS,In-store pickup,C000015,new,Bandung,West Java,ID,completed,2026-06-02,2026-06-02,walk-in,,,,
26060276775700D,2026-06-02 15:25:54,2026-06-02,Tuesday,Indonesian marketplace,Shopee,LT-GRN,"Loop Tote, Sea-green",Sea-green,standard,1,189000,189000,0,,12000,201000,17955,0,78000,93045,IDR,201000,,ShopeePay,AnterAja,C000016,new,Batam,Riau Islands,ID,completed,2026-06-02,2026-06-06,marketplace_search,,,,
#LT10005,2026-06-02 16:18:05,2026-06-02,Tuesday,Website (Shopify),Website (Shopify),LT-GRN,"Loop Tote, Sea-green",Sea-green,standard,1,189000,189000,0,,32000,221000,0,4000,78000,107000,IDR,221000,,Bank transfer (VA),JNE,C000017,new,Bandung,West Java,ID,completed,2026-06-03,2026-06-04,google / organic,,,,
INV/20260602/MPL/397676240,2026-06-02 16:28:34,2026-06-02,Tuesday,Indonesian marketplace,Tokopedia,LT-SND,"Loop Tote, Sand",Sand,standard,1,189000,189000,0,,0,189000,15120,0,78000,95880,IDR,189000,,ShopeePay,Shopee Xpress / platform courier,C000018,new,Jakarta,DKI Jakarta,ID,completed,2026-06-03,2026-06-05,recommended,,,,
#LT10006,2026-06-02 17:45:19,2026-06-02,Tuesday,Website (Shopify),Website (Shopify),LT-SND,"Loop Tote, Sand",Sand,standard,1,189000,189000,0,,25000,214000,0,1498,78000,109502,IDR,214000,,QRIS,SiCepat,C000001,returning,Karawang,West Java,ID,completed,2026-06-02,2026-06-04,google / organic,,,,
789134845834154,2026-06-02 18:02:22,2026-06-02,Tuesday,Indonesian marketplace,Lazada,LT-IND,"Loop Tote, Indigo",Indigo,standard,1,189000,189000,0,,0,189000,16065,0,78000,94935,IDR,189000,,ShopeePay,J&T Express,C000019,new,Denpasar,Bali,ID,completed,2026-06-02,2026-06-05,marketplace_campaign,,,,
IG-20260603-0001,2026-06-03 12:20:01,2026-06-03,Wednesday,Instagram,Instagram (DM/WhatsApp),LT-SND,"Loop Tote, Sand",Sand,standard,2,189000,378000,19000,IGDM5,0,359000,0,2513,156000,200487,IDR,359000,,QRIS,GoSend/Grab Instant,C000020,new,Surabaya,East Java,ID,completed,2026-06-04,2026-06-06,story_reply,,,,
INV/20260603/MPL/321013769,2026-06-03 18:27:33,2026-06-03,Wednesday,Indonesian marketplace,Tokopedia,LT-IND,"Loop Tote, Indigo",Indigo,standard,1,189000,189000,9500,Platform voucher,20000,199500,14360,0,78000,87140,IDR,199500,,Alfamart/Indomaret,SiCepat,C000021,new,Semarang,Central Java,ID,completed,2026-06-04,2026-06-06,marketplace_search,,,,
#LT10007,2026-06-03 18:35:51,2026-06-03,Wednesday,Website (Shopify),Website (Shopify),LT-GRN,"Loop Tote, Sea-green",Sea-green,standard,1,189000,189000,0,,25000,214000,0,4000,78000,107000,IDR,214000,,Bank transfer (VA),GoSend/Grab Instant,C000022,new,Depok,West Java,ID,completed,2026-06-03,2026-06-05,instagram / bio_link,ig_always_on,,,
BLI-20260603-653432,2026-06-03 18:44:48,2026-06-03,Wednesday,Indonesian marketplace,Blibli,LT-GRN,"Loop Tote, Sea-green",Sea-green,standard,1,189000,189000,0,,30000,219000,15120,0,78000,95880,IDR,219000,,ShopeePay,Shopee Xpress / platform courier,C000023,new,Makassar,South Sulawesi,ID,completed,2026-06-03,2026-06-07,marketplace_search,,,,
#LT10008,2026-06-03 18:56:19,2026-06-03,Wednesday,Website (Shopify),Website (Shopify),LT-GRN,"Loop Tote, Sea-green",Sea-green,standard,1,189000,189000,0,,32000,221000,0,1547,78000,109453,IDR,221000,,QRIS,J&T Express,C000024,new,Garut,West Java,ID,completed,2026-06-03,2026-06-06,direct,,,,
5781845418103064734,2026-06-03 19:04:39,2026-06-03,Wednesday,Indonesian marketplace,TikTok Shop,LT-IND,"Loop Tote, Indigo",Indigo,standard,1,179000,179000,18000,Platform voucher,15000,176000,13685,0,78000,-38685,IDR,176000,,Bank transfer (VA),AnterAja,C000025,new,Surabaya,East Java,ID,returned,2026-06-04,2026-06-06,marketplace_search,,,,
#LT10009,2026-06-03 19:36:20,2026-06-03,Wednesday,Website (Shopify),Website (Shopify),LT-GRN,"Loop Tote, Sea-green",Sea-green,standard,1,189000,189000,0,,25000,214000,0,4000,78000,107000,IDR,214000,,Bank transfer (VA),J&T Express,C000022,returning,Depok,West Java,ID,completed,2026-06-04,2026-06-07,instagram / bio_link,ig_always_on,,,
5999426691879752654,2026-06-03 22:14:47,2026-06-03,Wednesday,Indonesian marketplace,TikTok Shop,LT-GRN,"Loop Tote, Sea-green",Sea-green,standard,1,179000,179000,0,,0,179000,15215,0,78000,85785,IDR,179000,,Bank transfer (VA),JNE,C000026,new,Jakarta,DKI Jakarta,ID,completed,2026-06-04,2026-06-05,marketplace_search,,,,
#LT10010,2026-06-04 08:00:21,2026-06-04,Thursday,Website (Shopify),Website (Shopify),LT-GRN,"Loop Tote, Sea-green",Sea-green,standard,1,189000,189000,0,,25000,214000,0,4000,78000,107000,IDR,214000,,Bank transfer (VA),J&T Express,C000024,returning,Garut,West Java,ID,completed,2026-06-05,2026-06-07,instagram / bio_link,ig_always_on,,,
#LT10011,2026-06-04 09:39:22,2026-06-04,Thursday,Website (Shopify),Website (Shopify),LT-IND,"Loop Tote, Indigo",Indigo,standard,1,189000,189000,0,,0,189000,0,1323,78000,109677,IDR,189000,,QRIS,SiCepat,C000022,returning,Depok,West Java,ID,completed,2026-06-04,2026-06-05,instagram / bio_link,ig_always_on,,,
26060493641913B,2026-06-04 13:46:19,2026-06-04,Thursday,Indonesian marketplace,Shopee,LT-SND,"Loop Tote, Sand",Sand,standard,2,189000,378000,0,,30000,408000,35910,0,156000,186090,IDR,408000,,Bank transfer (VA),AnterAja,C000021,returning,Semarang,Central Java,ID,completed,2026-06-04,2026-06-07,shop_page,,,,
STR-20260604-0001,2026-06-04 16:16:14,2026-06-04,Thursday,Physical store,Bandung store,LT-GRN,"Loop Tote, Sea-green",Sea-green,standard,1,189000,189000,0,,0,189000,0,7481,78000,103519,IDR,189000,,Credit card,In-store pickup,C000027,new,Bandung,West Java,ID,completed,2026-06-04,2026-06-04,walk-in,,,,
STR-20260604-0002,2026-06-04 17:08:07,2026-06-04,Thursday,Physical store,Bandung store,LT-IND,"Loop Tote, Indigo",Indigo,standard,1,189000,189000,0,,0,189000,0,7481,78000,103519,IDR,189000,,Credit card,In-store pickup,C000028,new,Bandung,West Java,ID,completed,2026-06-04,2026-06-04,walk-in,,,,
BLI-20260604-950608,2026-06-04 17:11:57,2026-06-04,Thursday,Indonesian marketplace,Blibli,LT-IND,"Loop Tote, Indigo",Indigo,standard,1,189000,189000,0,,15000,204000,15120,0,78000,95880,IDR,204000,,Bank transfer (VA),AnterAja,C000029,new,Banjarmasin,South Kalimantan,ID,completed,2026-06-05,2026-06-09,marketplace_search,,,,
#LT10012,2026-06-04 18:31:24,2026-06-04,Thursday,Website (Shopify),Website (Shopify),LT-GRN,"Loop Tote, Sea-green",Sea-green,standard,1,189000,189000,9500,NEWSLETTER5,0,179500,0,1256,78000,100244,IDR,179500,,QRIS,GoSend/Grab Instant,C000030,new,Banjarmasin,South Kalimantan,ID,completed,2026-06-04,2026-06-07,instagram / bio_link,ig_always_on,,,
26060416066100C,2026-06-04 19:59:52,2026-06-04,Thursday,Indonesian marketplace,Shopee,LT-GRN,"Loop Tote, Sea-green",Sea-green,standard,1,189000,189000,0,,0,189000,17955,0,78000,93045,IDR,189000,,COD,AnterAja,C000031,new,Denpasar,Bali,ID,completed,2026-06-05,2026-06-09,recommended,,,,
113-6023725-1884714,2026-06-04 21:03:12,2026-06-04,Thursday,Amazon,Amazon,LT-GRN,"Loop Tote, Sea-green",Sea-green,standard,1,260637,260637,0,,113937,374574,39096,0,78000,143541,USD,22.98,16300,Credit card,DHL eCommerce,C000032,new,Sydney,New South Wales,AU,completed,2026-06-05,2026-06-19,shop_page,,,,
#LT10013,2026-06-04 22:14:12,2026-06-04,Thursday,Website (Shopify),Website (Shopify),LT-GRN,"Loop Tote, Sea-green",Sea-green,standard,1,189000,189000,0,,40000,229000,0,4000,78000,107000,IDR,229000,,Bank transfer (VA),SiCepat,C000033,new,Bandung,West Java,ID,completed,2026-06-04,2026-06-05,google / organic,,,,
INV/20260605/MPL/974999635,2026-06-05 06:32:57,2026-06-05,Friday,Indonesian marketplace,Tokopedia,LT-GRN,"Loop Tote, Sea-green",Sea-green,standard,1,189000,189000,0,,30000,219000,15120,0,78000,95880,IDR,219000,,Alfamart/Indomaret,SiCepat,C000034,new,Bandung,West Java,ID,completed,2026-06-05,2026-06-06,recommended,,,,
STR-20260605-0001,2026-06-05 15:00:27,2026-06-05,Friday,Physical store,Bandung store,LT-SND,"Loop Tote, Sand",Sand,standard,3,189000,567000,0,,0,567000,0,5670,234000,327330,IDR,567000,,Debit card,In-store pickup,C000035,new,Bandung,West Java,ID,completed,2026-06-05,2026-06-05,walk-in,,,,
26060514019787B,2026-06-05 15:09:14,2026-06-05,Friday,Indonesian marketplace,Shopee,LT-SND,"Loop Tote, Sand",Sand,standard,3,189000,567000,0,,35000,602000,0,0,234000,0,IDR,602000,,ShopeePay,,C000036,new,Jakarta,DKI Jakarta,ID,cancelled,,,marketplace_campaign,,,,
STR-20260605-0002,2026-06-05 16:30:38,2026-06-05,Friday,Physical store,Bandung store,LT-GRN,"Loop Tote, Sea-green",Sea-green,standard,1,189000,189000,0,,0,189000,0,0,78000,111000,IDR,189000,,Cash,In-store pickup,C000037,new,Bandung,West Java,ID,completed,2026-06-05,2026-06-05,walk-in,,,,
#LT10014,2026-06-05 19:10:43,2026-06-05,Friday,Website (Shopify),Website (Shopify),LT-IND,"Loop Tote, Indigo",Indigo,standard,3,189000,567000,0,,0,567000,0,3969,234000,329031,IDR,567000,,QRIS,SiCepat,C000038,new,Jakarta,DKI Jakarta,ID,completed,2026-06-05,2026-06-07,google / organic,,,,
IG-20260605-0001,2026-06-05 20:41:04,2026-06-05,Friday,Instagram,Instagram (DM/WhatsApp),LT-IND,"Loop Tote, Indigo",Indigo,standard,1,189000,189000,0,,18000,207000,0,0,78000,111000,IDR,207000,,Bank transfer (manual),GoSend/Grab Instant,C000039,new,Malang,East Java,ID,completed,2026-06-05,2026-06-09,comment,,,,
26060535486787C,2026-06-05 20:51:33,2026-06-05,Friday,Indonesian marketplace,Shopee,LT-GRN,"Loop Tote, Sea-green",Sea-green,standard,1,189000,189000,0,,0,189000,17955,0,78000,93045,IDR,189000,,ShopeePay,Shopee Xpress / platform courier,C000040,new,Batam,Riau Islands,ID,completed,2026-06-05,2026-06-08,marketplace_campaign,,,,
#LT10015,2026-06-05 20:55:17,2026-06-05,Friday,Website (Shopify),Website (Shopify),LT-SND,"Loop Tote, Sand",Sand,standard,2,189000,378000,0,,0,378000,0,4000,156000,218000,IDR,378000,,Bank transfer (VA),JNE,C000041,new,Depok,West Java,ID,completed,2026-06-06,2026-06-07,instagram / bio_link,ig_always_on,,,
#LT10016,2026-06-05 21:08:58,2026-06-05,Friday,Website (Shopify),Website (Shopify),LT-GRN,"Loop Tote, Sea-green",Sea-green,standard,1,189000,189000,0,,40000,229000,0,1603,78000,109397,IDR,229000,,QRIS,J&T Express,C000042,new,Jakarta,DKI Jakarta,ID,completed,2026-06-05,2026-06-08,google / organic,,,,
#LT10017,2026-06-05 21:17:10,2026-06-05,Friday,Website (Shopify),Website (Shopify),LT-GRN,"Loop Tote, Sea-green",Sea-green,standard,1,189000,189000,0,,15000,204000,0,1428,78000,109572,IDR,204000,,QRIS,J&T Express,C000043,new,Denpasar,Bali,ID,completed,2026-06-05,2026-06-08,direct,,,,
5636629640586431509,2026-06-06 07:24:12,2026-06-06,Saturday,Indonesian marketplace,TikTok Shop,LT-GRN,"Loop Tote, Sea-green",Sea-green,standard,1,179000,179000,0,,0,179000,15215,0,78000,85785,IDR,179000,,PayLater,AnterAja,C000044,new,Solo,Central Java,ID,completed,2026-06-06,2026-06-09,marketplace_search,,,,
#LT10018,2026-06-06 12:21:16,2026-06-06,Saturday,Website (Shopify),Website (Shopify),LT-IND,"Loop Tote, Indigo",Indigo,standard,1,189000,189000,0,,40000,229000,0,4000,78000,107000,IDR,229000,,Bank transfer (VA),J&T Express,C000045,new,Subang,West Java,ID,completed,2026-06-06,2026-06-10,google / organic,,,,
STR-20260606-0001,2026-06-06 12:49:51,2026-06-06,Saturday,Physical store,Bandung store,LT-GRN,"Loop Tote, Sea-green",Sea-green,standard,1,189000,189000,0,,0,189000,0,0,78000,111000,IDR,189000,,Cash,In-store pickup,C000010,returning,Bandung,West Java,ID,completed,2026-06-06,2026-06-06,walk-in,,,,
26060655061226B,2026-06-06 12:59:21,2026-06-06,Saturday,Indonesian marketplace,Shopee,LT-GRN,"Loop Tote, Sea-green",Sea-green,standard,3,189000,567000,0,,35000,602000,53865,0,234000,279135,IDR,602000,,COD,Shopee Xpress / platform courier,C000046,new,Bandung,West Java,ID,completed,2026-06-06,2026-06-08,marketplace_search,,,,
STR-20260606-0002,2026-06-06 13:29:17,2026-06-06,Saturday,Physical store,Bandung store,LT-GRN,"Loop Tote, Sea-green",Sea-green,standard,1,189000,189000,0,,0,189000,0,1890,78000,109110,IDR,189000,,Debit card,In-store pickup,C000047,new,Bandung,West Java,ID,completed,2026-06-06,2026-06-06,walk-in,,,,
IG-20260606-0001,2026-06-06 15:37:29,2026-06-06,Saturday,Instagram,Instagram (DM/WhatsApp),LT-GRN,"Loop Tote, Sea-green",Sea-green,standard,2,189000,378000,0,,32000,410000,0,0,156000,222000,IDR,410000,,Bank transfer (manual),J&T Express,C000048,new,Bekasi,West Java,ID,completed,2026-06-06,2026-06-09,story_reply,,,,
STR-20260606-0003,2026-06-06 16:38:29,2026-06-06,Saturday,Physical store,Bandung store,LT-GRN,"Loop Tote, Sea-green",Sea-green,standard,1,189000,189000,0,,0,189000,0,1890,78000,109110,IDR,189000,,Debit card,In-store pickup,C000049,new,Bandung,West Java,ID,completed,2026-06-06,2026-06-06,walk-in,,,,
STR-20260606-0004,2026-06-06 18:38:00,2026-06-06,Saturday,Physical store,Bandung store,LT-IND,"Loop Tote, Indigo",Indigo,standard,1,189000,189000,0,,0,189000,0,1323,78000,109677,IDR,189000,,QRIS,In-store pickup,C000050,new,Bandung,West Java,ID,completed,2026-06-06,2026-06-06,walk-in,,,,
IG-20260606-0002,2026-06-06 19:55:31,2026-06-06,Saturday,Instagram,Instagram (DM/WhatsApp),LT-IND,"Loop Tote, Indigo",Indigo,standard,1,189000,189000,9500,IGDM5,40000,219500,0,0,78000,101500,IDR,219500,,Bank transfer (manual),JNE,C000020,returning,Surabaya,East Java,ID,completed,2026-06-07,2026-06-11,dm,,,,
26060657411437C,2026-06-06 20:43:39,2026-06-06,Saturday,Indonesian marketplace,Shopee,LT-SND,"Loop Tote, Sand",Sand,standard,1,189000,189000,0,,30000,219000,17955,0,78000,93045,IDR,219000,,Bank transfer (VA),JNE,C000051,new,Yogyakarta,DI Yogyakarta,ID,completed,2026-06-06,2026-06-10,marketplace_search,,,,
5287164881965076938,2026-06-06 21:12:52,2026-06-06,Saturday,Indonesian marketplace,TikTok Shop,LT-IND,"Loop Tote, Indigo",Indigo,standard,1,179000,179000,0,,35000,214000,15215,0,78000,85785,IDR,214000,,Bank transfer (VA),J&T Express,C000052,new,Tangerang,Banten,ID,completed,2026-06-06,2026-06-07,marketplace_search,,,,
26060763864094B,2026-06-07 02:07:29,2026-06-07,Sunday,Indonesian marketplace,Shopee,LT-IND,"Loop Tote, Indigo",Indigo,standard,1,189000,189000,0,,25000,214000,17955,0,78000,93045,IDR,214000,,COD,Shopee Xpress / platform courier,C000053,new,Solo,Central Java,ID,completed,2026-06-07,2026-06-10,shop_page,,,,
#LT10019,2026-06-07 02:53:52,2026-06-07,Sunday,Website (Shopify),Website (Shopify),LT-IND,"Loop Tote, Indigo",Indigo,standard,1,189000,189000,0,,15000,204000,0,1428,78000,109572,IDR,204000,,QRIS,GoSend/Grab Instant,C000054,new,Jakarta,DKI Jakarta,ID,completed,2026-06-08,2026-06-10,whatsapp,,,,
113-7771196-6197255,2026-06-07 05:03:56,2026-06-07,Sunday,Amazon,Amazon,LT-SND,"Loop Tote, Sand",Sand,standard,1,260637,260637,0,,113937,374574,39096,0,78000,143541,USD,22.98,16300,Credit card,DHL eCommerce,C000055,new,Toronto,Ontario,CA,completed,2026-06-07,2026-06-20,marketplace_campaign,,,,
BLI-20260607-142655,2026-06-07 08:00:54,2026-06-07,Sunday,Indonesian marketplace,Blibli,LT-IND,"Loop Tote, Indigo",Indigo,standard,1,189000,189000,0,,0,189000,15120,0,78000,95880,IDR,189000,,Bank transfer (VA),Shopee Xpress / platform courier,C000056,new,Medan,North Sumatra,ID,completed,2026-06-08,2026-06-13,marketplace_search,,,,
#LT10020,2026-06-07 10:46:30,2026-06-07,Sunday,Website (Shopify),Website (Shopify),LT-GRN,"Loop Tote, Sea-green",Sea-green,standard,1,189000,189000,0,,15000,204000,0,1428,78000,109572,IDR,204000,,QRIS,GoSend/Grab Instant,C000057,new,Depok,West Java,ID,completed,2026-06-07,2026-06-08,direct,,,,
STR-20260607-0001,2026-06-07 11:42:41,2026-06-07,Sunday,Physical store,Bandung store,LT-SND,"Loop Tote, Sand",Sand,standard,1,189000,189000,0,,0,189000,0,1323,78000,109677,IDR,189000,,QRIS,In-store pickup,C000058,new,Bandung,West Java,ID,completed,2026-06-07,2026-06-07,walk-in,,,,
26060725583380C,2026-06-07 16:32:08,2026-06-07,Sunday,Indonesian marketplace,Shopee,LT-GRN,"Loop Tote, Sea-green",Sea-green,standard,1,189000,189000,0,,35000,224000,17955,0,78000,93045,IDR,224000,,Alfamart/Indomaret,J&T Express,C000059,new,Tangerang,Banten,ID,completed,2026-06-07,2026-06-09,marketplace_search,,,,
#LT10021,2026-06-07 17:05:02,2026-06-07,Sunday,Website (Shopify),Website (Shopify),LT-GRN,"Loop Tote, Sea-green",Sea-green,standard,2,189000,378000,0,,0,378000,0,2646,156000,219354,IDR,378000,,QRIS,SiCepat,C000060,new,Medan,North Sumatra,ID,completed,2026-06-08,2026-06-12,whatsapp,,,,
STR-20260607-0002,2026-06-07 17:16:59,2026-06-07,Sunday,Physical store,Bandung store,LT-SND,"Loop Tote, Sand",Sand,standard,1,189000,189000,0,,0,189000,0,1323,78000,109677,IDR,189000,,QRIS,In-store pickup,C000061,new,Bandung,West Java,ID,completed,2026-06-07,2026-06-07,walk-in,,,,
#LT10022,2026-06-07 18:08:00,2026-06-07,Sunday,Website (Shopify),Website (Shopify),LT-SND,"Loop Tote, Sand",Sand,standard,4,189000,756000,0,,0,756000,0,11340,312000,432660,IDR,756000,,GoPay,SiCepat,C000062,new,Makassar,South Sulawesi,ID,completed,2026-06-07,2026-06-11,direct,,,,
STR-20260607-0003,2026-06-07 18:58:52,2026-06-07,Sunday,Physical store,Bandung store,LT-SND,"Loop Tote, Sand",Sand,standard,1,189000,189000,0,,0,189000,0,1890,78000,109110,IDR,189000,,Debit card,In-store pickup,C000063,new,Bandung,West Java,ID,completed,2026-06-07,2026-06-07,walk-in,,,,
#LT10023,2026-06-07 20:06:25,2026-06-07,Sunday,Website (Shopify),Website (Shopify),LT-GRN,"Loop Tote, Sea-green",Sea-green,standard,1,189000,189000,0,,32000,221000,0,1547,78000,109453,IDR,221000,,QRIS,JNE,C000064,new,Jakarta,DKI Jakarta,ID,completed,2026-06-07,2026-06-09,instagram / bio_link,ig_always_on,,,
#LT10024,2026-06-07 22:30:59,2026-06-07,Sunday,Website (Shopify),Website (Shopify),LT-SND,"Loop Tote, Sand",Sand,standard,1,189000,189000,0,,25000,214000,0,8206,78000,102794,IDR,214000,,Credit card,J&T Express,C000065,new,Bandung,West Java,ID,completed,2026-06-07,2026-06-09,newsletter,,,,
26060710484991D,2026-06-07 22:51:59,2026-06-07,Sunday,Indonesian marketplace,Shopee,LT-IND,"Loop Tote, Indigo",Indigo,standard,1,189000,189000,28500,Platform voucher,30000,190500,15248,0,78000,67252,IDR,190500,,ShopeePay,JNE,C000066,new,Solo,Central Java,ID,completed,2026-06-07,2026-06-11,recommended,,,,
26060879440026B,2026-06-08 08:15:07,2026-06-08,Monday,Indonesian marketplace,Shopee,LT-GRN,"Loop Tote, Sea-green",Sea-green,standard,2,189000,378000,0,,0,378000,35910,0,156000,186090,IDR,378000,,ShopeePay,SiCepat,C000067,new,Cirebon,West Java,ID,completed,2026-06-09,2026-06-11,marketplace_search,,,,
STR-20260608-0001,2026-06-08 11:07:05,2026-06-08,Monday,Physical store,Bandung store,LT-GRN,"Loop Tote, Sea-green",Sea-green,standard,1,189000,189000,0,,0,189000,0,1323,78000,109677,IDR,189000,,QRIS,In-store pickup,C000068,new,Bandung,West Java,ID,completed,2026-06-08,2026-06-08,walk-in,,,,
INV/20260608/MPL/499748583,2026-06-08 13:52:00,2026-06-08,Monday,Indonesian marketplace,Tokopedia,LT-IND,"Loop Tote, Indigo",Indigo,standard,2,189000,378000,0,,15000,393000,0,0,156000,0,IDR,393000,,Bank transfer (VA),,C000018,returning,Jakarta,DKI Jakarta,ID,cancelled,,,marketplace_search,,,,
STR-20260608-0002,2026-06-08 13:57:42,2026-06-08,Monday,Physical store,Bandung store,LT-GRN,"Loop Tote, Sea-green",Sea-green,standard,3,189000,567000,0,,0,567000,0,5670,234000,327330,IDR,567000,,Debit card,In-store pickup,C000027,returning,Bandung,West Java,ID,completed,2026-06-08,2026-06-08,walk-in,,,,
STR-20260608-0003,2026-06-08 14:47:31,2026-06-08,Monday,Physical store,Bandung store,LT-SND,"Loop Tote, Sand",Sand,standard,1,189000,189000,0,,0,189000,0,1890,78000,109110,IDR,189000,,Debit card,In-store pickup,C000069,new,Bandung,West Java,ID,completed,2026-06-08,2026-06-08,walk-in,,,,
INV/20260608/MPL/510940955,2026-06-08 17:29:11,2026-06-08,Monday,Indonesian marketplace,Tokopedia,LT-SND,"Loop Tote, Sand",Sand,standard,1,189000,189000,0,,0,189000,15120,0,78000,95880,IDR,189000,,Alfamart/Indomaret,JNE,C000070,new,Bekasi,West Java,ID,completed,2026-06-09,2026-06-11,marketplace_campaign,,,,
STR-20260608-0004,2026-06-08 18:44:49,2026-06-08,Monday,Physical store,Bandung store,LT-SND,"Loop Tote, Sand",Sand,standard,1,189000,189000,0,,0,189000,0,1323,78000,109677,IDR,189000,,QRIS,In-store pickup,C000071,new,Bandung,West Java,ID,completed,2026-06-08,2026-06-08,walk-in,,,,
26060829889812C,2026-06-08 20:48:29,2026-06-08,Monday,Indonesian marketplace,Shopee,LT-IND,"Loop Tote, Indigo",Indigo,standard,1,189000,189000,0,,15000,204000,17955,0,78000,93045,IDR,204000,,Bank transfer (VA),JNE,C000072,new,Malang,East Java,ID,completed,2026-06-09,2026-06-11,recommended,,,,
26060815608803D,2026-06-08 22:14:25,2026-06-08,Monday,Indonesian marketplace,Shopee,LT-SND,"Loop Tote, Sand",Sand,standard,2,189000,378000,0,,35000,413000,35910,0,156000,186090,IDR,413000,,Bank transfer (VA),Shopee Xpress / platform courier,C000073,new,Surabaya,East Java,ID,completed,2026-06-09,2026-06-11,marketplace_search,,,,
5916478795273404087,2026-06-09 10:35:09,2026-06-09,Tuesday,Indonesian marketplace,TikTok Shop,LT-IND,"Loop Tote, Indigo",Indigo,standard,1,179000,179000,27000,Platform voucher,30000,182000,12920,0,78000,61080,IDR,182000,,ShopeePay,JNE,C000074,new,Bandung,West Java,ID,completed,2026-06-10,2026-06-11,marketplace_search,,,,
26060930782250B,2026-06-09 12:48:52,2026-06-09,Tuesday,Indonesian marketplace,Shopee,LT-IND,"Loop Tote, Indigo",Indigo,standard,1,189000,189000,0,,0,189000,17955,0,78000,93045,IDR,189000,,Credit card,SiCepat,C000075,new,Depok,West Java,ID,completed,2026-06-10,2026-06-12,marketplace_campaign,,,,
IG-20260609-0001,2026-06-09 14:19:05,2026-06-09,Tuesday,Instagram,Instagram (DM/WhatsApp),LT-GRN,"Loop Tote, Sea-green",Sea-green,standard,1,189000,189000,0,,40000,229000,0,0,78000,0,IDR,229000,,Bank transfer (manual),,C000076,new,Bekasi,West Java,ID,cancelled,,,comment,,,,
991513899540005,2026-06-09 14:29:01,2026-06-09,Tuesday,Indonesian marketplace,Lazada,LT-SND,"Loop Tote, Sand",Sand,standard,1,189000,189000,0,,20000,209000,16065,0,78000,94935,IDR,209000,,Bank transfer (VA),Shopee Xpress / platform courier,C000077,new,Solo,Central Java,ID,completed,2026-06-09,2026-06-13,marketplace_search,,,,
26060979081867C,2026-06-09 14:33:40,2026-06-09,Tuesday,Indonesian marketplace,Shopee,LT-GRN,"Loop Tote, Sea-green",Sea-green,standard,1,189000,189000,28500,Platform voucher,0,160500,15248,0,78000,67252,IDR,160500,,COD,J&T Express,C000078,new,Bandung,West Java,ID,completed,2026-06-09,2026-06-11,marketplace_campaign,,,,
5751882037011856939,2026-06-09 17:46:31,2026-06-09,Tuesday,Indonesian marketplace,TikTok Shop,LT-GRN,"Loop Tote, Sea-green",Sea-green,standard,1,179000,179000,18000,Platform voucher,30000,191000,13685,0,78000,69315,IDR,191000,,Bank transfer (VA),J&T Express,C000079,new,Jakarta,DKI Jakarta,ID,completed,2026-06-09,2026-06-10,marketplace_search,,,,
STR-20260609-0001,2026-06-09 18:13:21,2026-06-09,Tuesday,Physical store,Bandung store,LT-SND,"Loop Tote, Sand",Sand,standard,3,189000,567000,0,,0,567000,0,3969,234000,329031,IDR,567000,,QRIS,In-store pickup,C000080,new,Bandung,West Java,ID,completed,2026-06-09,2026-06-09,walk-in,,,,
#LT10025,2026-06-09 19:14:10,2026-06-09,Tuesday,Website (Shopify),Website (Shopify),LT-GRN,"Loop Tote, Sea-green",Sea-green,standard,1,189000,189000,0,,32000,221000,0,4000,78000,107000,IDR,221000,,Bank transfer (VA),SiCepat,C000081,new,Bekasi,West Java,ID,completed,2026-06-10,2026-06-11,instagram / bio_link,ig_always_on,,,
5767611310707809364,2026-06-09 19:14:44,2026-06-09,Tuesday,Indonesian marketplace,TikTok Shop,LT-GRN,"Loop Tote, Sea-green",Sea-green,standard,1,179000,179000,0,,25000,204000,15215,0,78000,85785,IDR,204000,,Bank transfer (VA),SiCepat,C000082,new,Depok,West Java,ID,completed,2026-06-09,2026-06-11,shop_page,,,,
5602510690149687565,2026-06-09 20:46:08,2026-06-09,Tuesday,Indonesian marketplace,TikTok Shop,LT-SND,"Loop Tote, Sand",Sand,standard,1,179000,179000,0,,0,179000,15215,0,78000,85785,IDR,179000,,COD,Shopee Xpress / platform courier,C000083,new,Bandung,West Java,ID,completed,2026-06-10,2026-06-12,marketplace_search,,,,
#LT10026,2026-06-09 20:50:46,2026-06-09,Tuesday,Website (Shopify),Website (Shopify),LT-GRN,"Loop Tote, Sea-green",Sea-green,standard,1,189000,189000,0,,0,189000,0,4000,78000,107000,IDR,189000,,Bank transfer (VA),SiCepat,C000043,returning,Denpasar,Bali,ID,completed,2026-06-10,2026-06-15,instagram / bio_link,ig_always_on,,,
IG-20260609-0002,2026-06-09 21:23:29,2026-06-09,Tuesday,Instagram,Instagram (DM/WhatsApp),LT-IND,"Loop Tote, Indigo",Indigo,standard,1,189000,189000,9500,IGDM5,40000,219500,0,1536,78000,99964,IDR,219500,,QRIS,JNE,C000084,new,Makassar,South Sulawesi,ID,completed,2026-06-10,2026-06-13,dm,,,,
26060942581829D,2026-06-09 21:23:48,2026-06-09,Tuesday,Indonesian marketplace,Shopee,LT-GRN,"Loop Tote, Sea-green",Sea-green,standard,1,189000,189000,0,,0,189000,17955,0,78000,93045,IDR,189000,,Alfamart/Indomaret,J&T Express,C000085,new,Bandung,West Java,ID,completed,2026-06-10,2026-06-12,marketplace_search,,,,
INV/20260609/MPL/506940270,2026-06-09 21:58:27,2026-06-09,Tuesday,Indonesian marketplace,Tokopedia,LT-SND,"Loop Tote, Sand",Sand,standard,1,189000,189000,28500,Platform voucher,15000,175500,12840,0,78000,69660,IDR,175500,,QRIS,JNE,C000086,new,Manado,North Sulawesi,ID,completed,2026-06-10,2026-06-14,marketplace_search,,,,
IG-20260609-0003,2026-06-09 23:27:12,2026-06-09,Tuesday,Instagram,Instagram (DM/WhatsApp),LT-SND,"Loop Tote, Sand",Sand,standard,1,189000,189000,9500,IGDM5,25000,204500,0,1432,78000,100068,IDR,204500,,QRIS,JNE,C000020,returning,Surabaya,East Java,ID,completed,2026-06-09,2026-06-12,dm,,,,
26061081891470B,2026-06-10 06:11:26,2026-06-10,Wednesday,Indonesian marketplace,Shopee,LT-IND,"Loop Tote, Indigo",Indigo,standard,1,189000,189000,0,,25000,214000,17955,0,78000,93045,IDR,214000,,Alfamart/Indomaret,AnterAja,C000087,new,Balikpapan,East Kalimantan,ID,completed,2026-06-10,2026-06-14,marketplace_search,,,,
#LT10027,2026-06-10 07:21:39,2026-06-10,Wednesday,Website (Shopify),Website (Shopify),LT-IND,"Loop Tote, Indigo",Indigo,standard,1,189000,189000,0,,32000,221000,0,4000,78000,107000,IDR,221000,,Bank transfer (VA),GoSend/Grab Instant,C000088,new,Jakarta,DKI Jakarta,ID,completed,2026-06-11,2026-06-14,direct,,,,
IG-20260610-0001,2026-06-10 08:20:44,2026-06-10,Wednesday,Instagram,Instagram (DM/WhatsApp),LT-GRN,"Loop Tote, Sea-green",Sea-green,standard,4,189000,756000,38000,IGDM5,25000,743000,0,5201,312000,400799,IDR,743000,,QRIS,J&T Express,C000089,new,Bandar Lampung,Lampung,ID,completed,2026-06-10,2026-06-13,comment,,,,
377160002440590,2026-06-10 09:34:45,2026-06-10,Wednesday,Indonesian marketplace,Lazada,LT-IND,"Loop Tote, Indigo",Indigo,standard,1,189000,189000,0,,30000,219000,16065,0,78000,94935,IDR,219000,,ShopeePay,SiCepat,C000090,new,Bandung,West Java,ID,completed,2026-06-11,2026-06-13,marketplace_campaign,,,,
#LT10028,2026-06-10 11:38:15,2026-06-10,Wednesday,Website (Shopify),Website (Shopify),LT-SND,"Loop Tote, Sand",Sand,standard,1,189000,189000,9500,NEWSLETTER5,32000,211500,0,3172,78000,98328,IDR,211500,,GoPay,SiCepat,C000091,new,Surabaya,East Java,ID,completed,2026-06-11,2026-06-13,google / organic,,,,
#LT10029,2026-06-10 14:55:02,2026-06-10,Wednesday,Website (Shopify),Website (Shopify),LT-GRN,"Loop Tote, Sea-green",Sea-green,standard,1,189000,189000,0,,0,189000,0,4000,78000,107000,IDR,189000,,Bank transfer (VA),GoSend/Grab Instant,C000092,new,Jakarta,DKI Jakarta,ID,completed,2026-06-10,2026-06-12,google / organic,,,,
113-3701888-4285630,2026-06-10 17:18:40,2026-06-10,Wednesday,Amazon,Amazon,LT-GRN,"Loop Tote, Sea-green",Sea-green,standard,1,260637,260637,0,,113937,374574,39096,0,78000,143541,USD,22.98,16300,Credit card,DHL eCommerce,C000093,new,Los Angeles,California,US,completed,2026-06-10,2026-06-19,marketplace_search,,,,
26061085792938C,2026-06-10 17:57:28,2026-06-10,Wednesday,Indonesian marketplace,Shopee,LT-GRN,"Loop Tote, Sea-green",Sea-green,standard,1,189000,189000,0,,15000,204000,17955,0,78000,93045,IDR,204000,,COD,Shopee Xpress / platform courier,C000094,new,Makassar,South Sulawesi,ID,completed,2026-06-10,2026-06-13,marketplace_search,,,,
26061145645345B,2026-06-11 00:06:27,2026-06-11,Thursday,Indonesian marketplace,Shopee,LT-GRN,"Loop Tote, Sea-green",Sea-green,standard,1,189000,189000,15000,Platform voucher,0,174000,16530,0,78000,79470,IDR,174000,,PayLater,Shopee Xpress / platform courier,C000095,new,Bandar Lampung,Lampung,ID,completed,2026-06-12,2026-06-17,marketplace_search,,,,
113-5783907-2559473,2026-06-11 01:03:05,2026-06-11,Thursday,Amazon,Amazon,LT-IND,"Loop Tote, Indigo",Indigo,standard,2,260637,521274,0,,113937,635211,78191,0,156000,287083,USD,38.97,16300,Credit card,DHL eCommerce,C000096,new,New York,New York,US,completed,2026-06-11,2026-06-19,marketplace_search,,,,
26061171893624C,2026-06-11 07:21:34,2026-06-11,Thursday,Indonesian marketplace,Shopee,LT-SND,"Loop Tote, Sand",Sand,standard,1,189000,189000,0,,30000,219000,17955,0,78000,93045,IDR,219000,,PayLater,JNE,C000097,new,Surabaya,East Java,ID,completed,2026-06-11,2026-06-15,marketplace_search,,,,
IG-20260611-0001,2026-06-11 10:02:45,2026-06-11,Thursday,Instagram,Instagram (DM/WhatsApp),LT-GRN,"Loop Tote, Sea-green",Sea-green,standard,1,189000,189000,9500,IGDM5,25000,204500,0,0,78000,101500,IDR,204500,,Bank transfer (manual),GoSend/Grab Instant,C000098,new,Tasikmalaya,West Java,ID,completed,2026-06-11,2026-06-13,story_reply,,,,
IG-20260611-0002,2026-06-11 11:59:36,2026-06-11,Thursday,Instagram,Instagram (DM/WhatsApp),LT-IND,"Loop Tote, Indigo",Indigo,standard,1,189000,189000,0,,25000,214000,0,0,78000,0,IDR,214000,,GoPay/OVO,,C000099,new,Bogor,West Java,ID,cancelled,,,dm,,,,
STR-20260611-0001,2026-06-11 12:19:39,2026-06-11,Thursday,Physical store,Bandung store,LT-SND,"Loop Tote, Sand",Sand,standard,1,189000,189000,0,,0,189000,0,1890,78000,109110,IDR,189000,,Debit card,In-store pickup,C000100,new,Cimahi,West Java,ID,completed,2026-06-11,2026-06-11,walk-in,,,,
STR-20260611-0002,2026-06-11 13:29:07,2026-06-11,Thursday,Physical store,Bandung store,LT-SND,"Loop Tote, Sand",Sand,standard,1,189000,189000,0,,0,189000,0,1323,78000,109677,IDR,189000,,QRIS,In-store pickup,C000101,new,Bandung,West Java,ID,completed,2026-06-11,2026-06-11,walk-in,,,,
#LT10030,2026-06-11 15:13:24,2026-06-11,Thursday,Website (Shopify),Website (Shopify),LT-GRN,"Loop Tote, Sea-green",Sea-green,standard,4,189000,756000,0,,0,756000,0,4000,312000,440000,IDR,756000,,Bank transfer (VA),SiCepat,C000102,new,Bandung,West Java,ID,completed,2026-06-12,2026-06-14,instagram / bio_link,ig_always_on,,,
26061149443063D,2026-06-11 18:17:48,2026-06-11,Thursday,Indonesian marketplace,Shopee,LT-IND,"Loop Tote, Indigo",Indigo,standard,4,189000,756000,0,,0,756000,71820,0,312000,372180,IDR,756000,,Bank transfer (VA),AnterAja,C000103,new,Tasikmalaya,West Java,ID,completed,2026-06-12,2026-06-14,recommended,,,,
#LT10031,2026-06-11 19:33:28,2026-06-11,Thursday,Website (Shopify),Website (Shopify),LT-IND,"Loop Tote, Indigo",Indigo,standard,1,189000,189000,0,,18000,207000,0,0,78000,0,IDR,207000,,QRIS,,C000104,new,Jakarta,DKI Jakarta,ID,cancelled,,,google / organic,,,,
26061150451647E,2026-06-11 20:55:33,2026-06-11,Thursday,Indonesian marketplace,Shopee,LT-IND,"Loop Tote, Indigo",Indigo,standard,2,189000,378000,0,,12000,390000,35910,0,156000,186090,IDR,390000,,QRIS,AnterAja,C000105,new,Semarang,Central Java,ID,completed,2026-06-11,2026-06-13,marketplace_search,,,,
113-6813282-2861440,2026-06-11 22:26:07,2026-06-11,Thursday,Amazon,Amazon,LT-GRN,"Loop Tote, Sea-green",Sea-green,standard,1,260637,260637,0,,113937,374574,39096,0,78000,143541,USD,22.98,16300,Credit card,DHL eCommerce,C000106,new,Seattle,Washington,US,completed,2026-06-12,2026-06-22,marketplace_campaign,,,,
INV/20260612/MPL/272125875,2026-06-12 00:09:23,2026-06-12,Friday,Indonesian marketplace,Tokopedia,LT-GRN,"Loop Tote, Sea-green",Sea-green,standard,1,189000,189000,0,,0,189000,15120,0,78000,95880,IDR,189000,,Bank transfer (VA),SiCepat,C000107,new,Jakarta,DKI Jakarta,ID,completed,2026-06-12,2026-06-13,shop_page,,,,
113-8657462-3907422,2026-06-12 05:06:10,2026-06-12,Friday,Amazon,Amazon,LT-GRN,"Loop Tote, Sea-green",Sea-green,standard,1,260637,260637,0,,113937,374574,39096,0,78000,143541,USD,22.98,16300,Credit card,DHL eCommerce,C000108,new,Sydney,New South Wales,AU,completed,2026-06-13,2026-06-28,marketplace_search,,,,
STR-20260612-0001,2026-06-12 11:27:52,2026-06-12,Friday,Physical store,Bandung store,LT-GRN,"Loop Tote, Sea-green",Sea-green,standard,1,189000,189000,0,,0,189000,0,1323,78000,109677,IDR,189000,,QRIS,In-store pickup,C000109,new,Bandung,West Java,ID,completed,2026-06-12,2026-06-12,walk-in,,,,
26061252734011B,2026-06-12 11:51:08,2026-06-12,Friday,Indonesian marketplace,Shopee,LT-SND,"Loop Tote, Sand",Sand,standard,1,189000,189000,0,,20000,209000,17955,0,78000,93045,IDR,209000,,Bank transfer (VA),Shopee Xpress / platform courier,C000110,new,Surabaya,East Java,ID,completed,2026-06-12,2026-06-14,recommended,,,,
STR-20260612-0002,2026-06-12 12:21:23,2026-06-12,Friday,Physical store,Bandung store,LT-GRN,"Loop Tote, Sea-green",Sea-green,standard,1,189000,189000,0,,0,189000,0,1323,78000,109677,IDR,189000,,QRIS,In-store pickup,C000111,new,Bandung,West Java,ID,completed,2026-06-12,2026-06-12,walk-in,,,,
STR-20260612-0003,2026-06-12 12:34:53,2026-06-12,Friday,Physical store,Bandung store,LT-SND,"Loop Tote, Sand",Sand,standard,3,189000,567000,0,,0,567000,0,0,234000,333000,IDR,567000,,Cash,In-store pickup,C000112,new,Jakarta,DKI Jakarta,ID,completed,2026-06-12,2026-06-12,walk-in,,,,
STR-20260612-0004,2026-06-12 13:18:03,2026-06-12,Friday,Physical store,Bandung store,LT-GRN,"Loop Tote, Sea-green",Sea-green,standard,1,189000,189000,0,,0,189000,0,1323,78000,109677,IDR,189000,,QRIS,In-store pickup,C000113,new,Bandung,West Java,ID,completed,2026-06-12,2026-06-12,walk-in,,,,
IG-20260612-0001,2026-06-12 18:32:31,2026-06-12,Friday,Instagram,Instagram (DM/WhatsApp),LT-SND,"Loop Tote, Sand",Sand,standard,1,189000,189000,0,,18000,207000,0,0,78000,0,IDR,207000,,Bank transfer (manual),,C000114,new,Tasikmalaya,West Java,ID,cancelled,,,dm,,,,
IG-20260612-0002,2026-06-12 20:54:41,2026-06-12,Friday,Instagram,Instagram (DM/WhatsApp),LT-SND,"Loop Tote, Sand",Sand,standard,1,189000,189000,0,,0,189000,0,1323,78000,109677,IDR,189000,,QRIS,JNE,C000115,new,Depok,West Java,ID,completed,2026-06-12,2026-06-14,whatsapp_click,,,,
26061270238225C,2026-06-12 21:27:34,2026-06-12,Friday,Indonesian marketplace,Shopee,LT-SND,"Loop Tote, Sand",Sand,standard,1,189000,189000,0,,30000,219000,17955,0,78000,93045,IDR,219000,,PayLater,AnterAja,C000116,new,Malang,East Java,ID,completed,2026-06-13,2026-06-16,marketplace_search,,,,
BLI-20260612-106516,2026-06-12 21:52:15,2026-06-12,Friday,Indonesian marketplace,Blibli,LT-GRN,"Loop Tote, Sea-green",Sea-green,standard,1,189000,189000,0,,0,189000,15120,0,78000,95880,IDR,189000,,Alfamart/Indomaret,Shopee Xpress / platform courier,C000008,returning,Tasikmalaya,West Java,ID,completed,2026-06-13,2026-06-17,marketplace_search,,,,
960379550500010,2026-06-12 21:53:19,2026-06-12,Friday,Indonesian marketplace,Lazada,LT-GRN,"Loop Tote, Sea-green",Sea-green,standard,2,189000,378000,0,,20000,398000,32130,0,156000,189870,IDR,398000,,Alfamart/Indomaret,J&T Express,C000117,new,Jakarta,DKI Jakarta,ID,completed,2026-06-12,2026-06-15,marketplace_search,,,,
26061267261609D,2026-06-12 22:01:31,2026-06-12,Friday,Indonesian marketplace,Shopee,LT-IND,"Loop Tote, Indigo",Indigo,standard,1,189000,189000,0,,20000,209000,17955,0,78000,93045,IDR,209000,,COD,JNE,C000118,new,Pontianak,West Kalimantan,ID,completed,2026-06-12,2026-06-18,marketplace_campaign,,,,
#LT10032,2026-06-12 22:57:00,2026-06-12,Friday,Website (Shopify),Website (Shopify),LT-IND,"Loop Tote, Indigo",Indigo,standard,2,189000,378000,0,,0,378000,0,2646,156000,219354,IDR,378000,,QRIS,SiCepat,C000038,returning,Jakarta,DKI Jakarta,ID,completed,2026-06-13,2026-06-15,direct,,,,
#LT10033,2026-06-13 10:17:20,2026-06-13,Saturday,Website (Shopify),Website (Shopify),LT-GRN,"Loop Tote, Sea-green",Sea-green,standard,1,189000,189000,0,,32000,221000,0,1547,78000,109453,IDR,221000,,QRIS,SiCepat,C000119,new,Solo,Central Java,ID,completed,2026-06-13,2026-06-17,google / organic,,,,
INV/20260613/MPL/343835395,2026-06-13 11:41:32,2026-06-13,Saturday,Indonesian marketplace,Tokopedia,LT-SND,"Loop Tote, Sand",Sand,standard,1,189000,189000,0,,25000,214000,15120,0,78000,95880,IDR,214000,,ShopeePay,Shopee Xpress / platform courier,C000120,new,Malang,East Java,ID,completed,2026-06-14,2026-06-16,marketplace_campaign,,,,
STR-20260613-0001,2026-06-13 13:35:14,2026-06-13,Saturday,Physical store,Bandung store,LT-IND,"Loop Tote, Indigo",Indigo,standard,1,189000,189000,0,,0,189000,0,7481,78000,103519,IDR,189000,,Credit card,In-store pickup,C000121,new,Bandung,West Java,ID,completed,2026-06-13,2026-06-13,walk-in,,,,
113-7833072-7309607,2026-06-13 13:47:06,2026-06-13,Saturday,Amazon,Amazon,LT-GRN,"Loop Tote, Sea-green",Sea-green,standard,1,260637,260637,0,,113937,374574,39096,0,78000,143541,USD,22.98,16300,Credit card,DHL eCommerce,C000122,new,Seattle,Washington,US,completed,2026-06-14,2026-06-22,marketplace_search,,,,
536193567533112,2026-06-13 13:56:40,2026-06-13,Saturday,Indonesian marketplace,Lazada,LT-GRN,"Loop Tote, Sea-green",Sea-green,standard,1,189000,189000,0,,25000,214000,16065,0,78000,94935,IDR,214000,,Alfamart/Indomaret,SiCepat,C000123,new,Cirebon,West Java,ID,completed,2026-06-14,2026-06-17,shop_page,,,,
STR-20260613-0002,2026-06-13 15:04:58,2026-06-13,Saturday,Physical store,Bandung store,LT-SND,"Loop Tote, Sand",Sand,standard,1,189000,189000,0,,0,189000,0,1890,78000,109110,IDR,189000,,Debit card,In-store pickup,C000124,new,Bandung,West Java,ID,completed,2026-06-13,2026-06-13,walk-in,,,,
STR-20260613-0003,2026-06-13 15:12:53,2026-06-13,Saturday,Physical store,Bandung store,LT-GRN,"Loop Tote, Sea-green",Sea-green,standard,1,189000,189000,0,,0,189000,0,0,78000,111000,IDR,189000,,Cash,In-store pickup,C000109,returning,Bandung,West Java,ID,completed,2026-06-13,2026-06-13,walk-in,,,,
IG-20260613-0001,2026-06-13 15:58:50,2026-06-13,Saturday,Instagram,Instagram (DM/WhatsApp),LT-IND,"Loop Tote, Indigo",Indigo,standard,2,189000,378000,0,,15000,393000,0,0,156000,222000,IDR,393000,,COD (local courier),GoSend/Grab Instant,C000125,new,Depok,West Java,ID,completed,2026-06-13,2026-06-15,story_reply,,,,
INV/20260613/MPL/437757830,2026-06-13 16:07:59,2026-06-13,Saturday,Indonesian marketplace,Tokopedia,LT-GRN,"Loop Tote, Sea-green",Sea-green,standard,1,189000,189000,19000,Platform voucher,30000,200000,13600,0,78000,-38600,IDR,200000,,Bank transfer (VA),JNE,C000126,new,Surabaya,East Java,ID,returned,2026-06-13,2026-06-16,shop_page,,,,
#LT10034,2026-06-13 17:25:51,2026-06-13,Saturday,Website (Shopify),Website (Shopify),LT-GRN,"Loop Tote, Sea-green",Sea-green,standard,2,189000,378000,0,,0,378000,0,2646,156000,219354,IDR,378000,,QRIS,J&T Express,C000127,new,Balikpapan,East Kalimantan,ID,completed,2026-06-14,2026-06-18,direct,,,,
5825144611863639666,2026-06-13 17:33:06,2026-06-13,Saturday,Indonesian marketplace,TikTok Shop,LT-IND,"Loop Tote, Indigo",Indigo,standard,1,179000,179000,18000,Platform voucher,25000,186000,13685,0,78000,69315,IDR,186000,,Alfamart/Indomaret,AnterAja,C000128,new,Semarang,Central Java,ID,completed,2026-06-14,2026-06-18,marketplace_search,,,,
STR-20260613-0004,2026-06-13 17:49:25,2026-06-13,Saturday,Physical store,Bandung store,LT-GRN,"Loop Tote, Sea-green",Sea-green,standard,1,189000,189000,0,,0,189000,0,1323,78000,109677,IDR,189000,,QRIS,In-store pickup,C000129,new,Bandung,West Java,ID,completed,2026-06-13,2026-06-13,walk-in,,,,
113-2181352-4133687,2026-06-13 18:19:35,2026-06-13,Saturday,Amazon,Amazon,LT-SND,"Loop Tote, Sand",Sand,standard,4,260637,1042548,0,,113937,1156485,156382,0,312000,574166,USD,70.95,16300,Credit card,DHL eCommerce,C000130,new,Los Angeles,California,US,completed,2026-06-14,2026-06-29,recommended,,,,
#LT10035,2026-06-13 20:09:32,2026-06-13,Saturday,Website (Shopify),Website (Shopify),LT-GRN,"Loop Tote, Sea-green",Sea-green,standard,1,189000,189000,0,,15000,204000,0,4000,78000,107000,IDR,204000,,Bank transfer (VA),JNE,C000131,new,Yogyakarta,DI Yogyakarta,ID,completed,2026-06-14,2026-06-16,instagram / bio_link,ig_always_on,,,
5278542445934161436,2026-06-13 20:49:54,2026-06-13,Saturday,Indonesian marketplace,TikTok Shop,LT-GRN,"Loop Tote, Sea-green",Sea-green,standard,1,179000,179000,14500,Platform voucher,0,164500,13983,0,78000,72517,IDR,164500,,ShopeePay,AnterAja,C000132,new,Palembang,South Sumatra,ID,completed,2026-06-14,2026-06-19,marketplace_search,,,,
BLI-20260613-588308,2026-06-13 21:46:10,2026-06-13,Saturday,Indonesian marketplace,Blibli,LT-GRN,"Loop Tote, Sea-green",Sea-green,standard,1,189000,189000,0,,25000,214000,15120,0,78000,95880,IDR,214000,,Bank transfer (VA),Shopee Xpress / platform courier,C000133,new,Batam,Riau Islands,ID,completed,2026-06-14,2026-06-17,marketplace_campaign,,,,
BLI-20260613-274338,2026-06-13 22:04:43,2026-06-13,Saturday,Indonesian marketplace,Blibli,LT-SND,"Loop Tote, Sand",Sand,standard,1,189000,189000,0,,30000,219000,0,0,78000,0,IDR,219000,,Credit card,,C000134,new,Batam,Riau Islands,ID,cancelled,,,marketplace_campaign,,,,
26061441028577B,2026-06-14 03:52:09,2026-06-14,Sunday,Indonesian marketplace,Shopee,LT-GRN,"Loop Tote, Sea-green",Sea-green,standard,1,189000,189000,0,,15000,204000,17955,0,78000,93045,IDR,204000,,COD,J&T Express,C000135,new,Medan,North Sumatra,ID,completed,2026-06-15,2026-06-18,marketplace_search,,,,
IG-20260614-0001,2026-06-14 07:12:44,2026-06-14,Sunday,Instagram,Instagram (DM/WhatsApp),LT-IND,"Loop Tote, Indigo",Indigo,standard,2,189000,378000,0,,32000,410000,0,0,156000,222000,IDR,410000,,Bank transfer (manual),GoSend/Grab Instant,C000039,returning,Malang,East Java,ID,completed,2026-06-14,2026-06-16,dm,,,,
26061476974460C,2026-06-14 07:58:10,2026-06-14,Sunday,Indonesian marketplace,Shopee,LT-GRN,"Loop Tote, Sea-green",Sea-green,standard,1,189000,189000,0,,30000,219000,17955,0,78000,93045,IDR,219000,,ShopeePay,JNE,C000136,new,Yogyakarta,DI Yogyakarta,ID,completed,2026-06-14,2026-06-17,marketplace_search,,,,
#LT10036,2026-06-14 08:36:48,2026-06-14,Sunday,Website (Shopify),Website (Shopify),LT-SND,"Loop Tote, Sand",Sand,standard,2,189000,378000,0,,0,378000,0,0,156000,0,IDR,378000,,QRIS,,C000137,new,Subang,West Java,ID,cancelled,,,direct,,,,
26061450511995D,2026-06-14 11:16:31,2026-06-14,Sunday,Indonesian marketplace,Shopee,LT-SND,"Loop Tote, Sand",Sand,standard,1,189000,189000,0,,15000,204000,17955,0,78000,93045,IDR,204000,,Alfamart/Indomaret,J&T Express,C000138,new,Pontianak,West Kalimantan,ID,completed,2026-06-15,2026-06-18,marketplace_campaign,,,,
#LT10037,2026-06-14 11:22:35,2026-06-14,Sunday,Website (Shopify),Website (Shopify),LT-IND,"Loop Tote, Indigo",Indigo,standard,4,189000,756000,0,,0,756000,0,5292,312000,438708,IDR,756000,,QRIS,GoSend/Grab Instant,C000139,new,Bandung,West Java,ID,completed,2026-06-15,2026-06-17,whatsapp,,,,
STR-20260614-0001,2026-06-14 11:26:20,2026-06-14,Sunday,Physical store,Bandung store,LT-IND,"Loop Tote, Indigo",Indigo,standard,1,189000,189000,0,,0,189000,0,0,78000,111000,IDR,189000,,Cash,In-store pickup,C000140,new,Bandung,West Java,ID,completed,2026-06-14,2026-06-14,walk-in,,,,
STR-20260614-0002,2026-06-14 12:06:35,2026-06-14,Sunday,Physical store,Bandung store,LT-GRN,"Loop Tote, Sea-green",Sea-green,standard,2,189000,378000,0,,0,378000,0,2646,156000,219354,IDR,378000,,QRIS,In-store pickup,C000141,new,Bandung,West Java,ID,completed,2026-06-14,2026-06-14,walk-in,,,,
STR-20260614-0003,2026-06-14 17:00:42,2026-06-14,Sunday,Physical store,Bandung store,LT-GRN,"Loop Tote, Sea-green",Sea-green,standard,2,189000,378000,0,,0,378000,0,12962,156000,209038,IDR,378000,,Credit card,In-store pickup,C000071,returning,Bandung,West Java,ID,completed,2026-06-14,2026-06-14,walk-in,,,,
#LT10038,2026-06-14 17:25:54,2026-06-14,Sunday,Website (Shopify),Website (Shopify),LT-IND,"Loop Tote, Indigo",Indigo,standard,1,189000,189000,0,,0,189000,0,1323,78000,109677,IDR,189000,,QRIS,SiCepat,C000081,returning,Bekasi,West Java,ID,completed,2026-06-15,2026-06-17,google / organic,,,,
STR-20260614-0004,2026-06-14 18:04:36,2026-06-14,Sunday,Physical store,Bandung store,LT-SND,"Loop Tote, Sand",Sand,standard,1,189000,189000,0,,0,189000,0,7481,78000,103519,IDR,189000,,Credit card,In-store pickup,C000142,new,Bandung,West Java,ID,completed,2026-06-14,2026-06-14,walk-in,,,,
26061467352242E,2026-06-14 18:11:24,2026-06-14,Sunday,Indonesian marketplace,Shopee,LT-IND,"Loop Tote, Indigo",Indigo,standard,1,189000,189000,9500,Platform voucher,35000,214500,17052,0,78000,84448,IDR,214500,,PayLater,Shopee Xpress / platform courier,C000143,new,Balikpapan,East Kalimantan,ID,completed,2026-06-14,2026-06-19,marketplace_search,,,,
INV/20260614/MPL/863419228,2026-06-14 18:19:58,2026-06-14,Sunday,Indonesian marketplace,Tokopedia,LT-GRN,"Loop Tote, Sea-green",Sea-green,standard,1,189000,189000,15000,Platform voucher,35000,209000,13920,0,78000,82080,IDR,209000,,ShopeePay,SiCepat,C000144,new,Jakarta,DKI Jakarta,ID,completed,2026-06-14,2026-06-15,marketplace_search,,,,
STR-20260614-0005,2026-06-14 18:40:24,2026-06-14,Sunday,Physical store,Bandung store,LT-GRN,"Loop Tote, Sea-green",Sea-green,standard,1,189000,189000,0,,0,189000,0,0,78000,111000,IDR,189000,,Cash,In-store pickup,C000145,new,Bandung,West Java,ID,completed,2026-06-14,2026-06-14,walk-in,,,,
26061493206266F,2026-06-14 18:52:07,2026-06-14,Sunday,Indonesian marketplace,Shopee,LT-SND,"Loop Tote, Sand",Sand,standard,1,189000,189000,19000,Platform voucher,20000,190000,16150,0,78000,75850,IDR,190000,,COD,J&T Express,C000146,new,Garut,West Java,ID,completed,2026-06-14,2026-06-18,marketplace_search,,,,
#LT10039,2026-06-14 19:10:54,2026-06-14,Sunday,Website (Shopify),Website (Shopify),LT-IND,"Loop Tote, Indigo",Indigo,standard,3,189000,567000,0,,0,567000,0,3969,234000,329031,IDR,567000,,QRIS,JNE,C000147,new,Jakarta,DKI Jakarta,ID,completed,2026-06-15,2026-06-17,direct,,,,
STR-20260614-0006,2026-06-14 19:24:55,2026-06-14,Sunday,Physical store,Bandung store,LT-GRN,"Loop Tote, Sea-green",Sea-green,standard,1,189000,189000,0,,0,189000,0,1323,78000,109677,IDR,189000,,QRIS,In-store pickup,C000148,new,Bandung,West Java,ID,completed,2026-06-14,2026-06-14,walk-in,,,,
26061434354565G,2026-06-14 20:16:40,2026-06-14,Sunday,Indonesian marketplace,Shopee,LT-IND,"Loop Tote, Indigo",Indigo,standard,1,189000,189000,0,,12000,201000,17955,0,78000,93045,IDR,201000,,Alfamart/Indomaret,Shopee Xpress / platform courier,C000149,new,Semarang,Central Java,ID,completed,2026-06-14,2026-06-17,marketplace_search,,,,
IG-20260614-0002,2026-06-14 20:20:17,2026-06-14,Sunday,Instagram,Instagram (DM/WhatsApp),LT-GRN,"Loop Tote, Sea-green",Sea-green,standard,1,189000,189000,9500,IGDM5,0,179500,0,0,78000,0,IDR,179500,,Bank transfer (manual),,C000150,new,Jakarta,DKI Jakarta,ID,cancelled,,,whatsapp_click,,,,
IG-20260614-0003,2026-06-14 20:46:49,2026-06-14,Sunday,Instagram,Instagram (DM/WhatsApp),LT-IND,"Loop Tote, Indigo",Indigo,standard,1,189000,189000,0,,40000,229000,0,0,78000,111000,IDR,229000,,Bank transfer (manual),GoSend/Grab Instant,C000151,new,Sukabumi,West Java,ID,completed,2026-06-14,2026-06-16,story_reply,,,,
26061423165082H,2026-06-14 21:12:15,2026-06-14,Sunday,Indonesian marketplace,Shopee,LT-GRN,"Loop Tote, Sea-green",Sea-green,standard,2,189000,378000,0,,0,378000,35910,0,156000,186090,IDR,378000,,PayLater,J&T Express,C000152,new,Solo,Central Java,ID,completed,2026-06-14,2026-06-18,marketplace_search,,,,
113-9983726-5655804,2026-06-14 22:27:03,2026-06-14,Sunday,Amazon,Amazon,LT-SND,"Loop Tote, Sand",Sand,standard,1,260637,260637,0,,113937,374574,39096,0,78000,143541,USD,22.98,16300,Credit card,DHL eCommerce,C000153,new,Los Angeles,California,US,completed,2026-06-14,2026-06-28,recommended,,,,
639011006367056,2026-06-15 02:37:15,2026-06-15,Monday,Indonesian marketplace,Lazada,LT-GRN,"Loop Tote, Sea-green",Sea-green,standard,2,189000,378000,0,,25000,403000,32130,0,156000,189870,IDR,403000,,QRIS,Shopee Xpress / platform courier,C000154,new,Semarang,Central Java,ID,completed,2026-06-16,2026-06-20,marketplace_search,,,,
IG-20260615-0001,2026-06-15 08:59:05,2026-06-15,Monday,Instagram,Instagram (DM/WhatsApp),LT-GRN,"Loop Tote, Sea-green",Sea-green,standard,1,189000,189000,9500,IGDM5,15000,194500,0,0,78000,101500,IDR,194500,,Bank transfer (manual),JNE,C000155,new,Cimahi,West Java,ID,completed,2026-06-16,2026-06-18,comment,,,,
INV/20260615/MPL/339047040,2026-06-15 09:04:49,2026-06-15,Monday,Indonesian marketplace,Tokopedia,LT-GRN,"Loop Tote, Sea-green",Sea-green,standard,1,189000,189000,0,,0,189000,15120,0,78000,95880,IDR,189000,,ShopeePay,AnterAja,C000156,new,Batam,Riau Islands,ID,completed,2026-06-15,2026-06-19,shop_page,,,,
26061528813501B,2026-06-15 11:04:34,2026-06-15,Monday,Indonesian marketplace,Shopee,LT-SND,"Loop Tote, Sand",Sand,standard,1,189000,189000,0,,20000,209000,17955,0,78000,93045,IDR,209000,,QRIS,SiCepat,C000157,new,Bandung,West Java,ID,completed,2026-06-15,2026-06-16,recommended,,,,
5762984822689271690,2026-06-15 11:55:55,2026-06-15,Monday,Indonesian marketplace,TikTok Shop,LT-GRN,"Loop Tote, Sea-green",Sea-green,standard,1,179000,179000,0,,12000,191000,15215,0,78000,85785,IDR,191000,,Bank transfer (VA),Shopee Xpress / platform courier,C000158,new,Balikpapan,East Kalimantan,ID,completed,2026-06-15,2026-06-22,marketplace_search,,,,
990075916568939,2026-06-15 12:10:59,2026-06-15,Monday,Indonesian marketplace,Lazada,LT-SND,"Loop Tote, Sand",Sand,standard,1,189000,189000,0,,0,189000,16065,0,78000,94935,IDR,189000,,Bank transfer (VA),JNE,C000159,new,Palembang,South Sumatra,ID,completed,2026-06-15,2026-06-22,recommended,,,,
STR-20260615-0001,2026-06-15 17:38:35,2026-06-15,Monday,Physical store,Bandung store,LT-SND,"Loop Tote, Sand",Sand,standard,1,189000,189000,0,,0,189000,0,0,78000,111000,IDR,189000,,Cash,In-store pickup,C000049,returning,Bandung,West Java,ID,completed,2026-06-15,2026-06-15,walk-in,,,,
535994254834889,2026-06-15 19:39:31,2026-06-15,Monday,Indonesian marketplace,Lazada,LT-IND,"Loop Tote, Indigo",Indigo,standard,1,189000,189000,0,,0,189000,16065,0,78000,94935,IDR,189000,,Bank transfer (VA),SiCepat,C000160,new,Jakarta,DKI Jakarta,ID,completed,2026-06-16,2026-06-18,marketplace_search,,,,
BLI-20260615-136187,2026-06-15 20:10:34,2026-06-15,Monday,Indonesian marketplace,Blibli,LT-IND,"Loop Tote, Indigo",Indigo,standard,1,189000,189000,0,,15000,204000,15120,0,78000,95880,IDR,204000,,Bank transfer (VA),J&T Express,C000161,new,Medan,North Sumatra,ID,completed,2026-06-16,2026-06-22,marketplace_search,,,,
INV/20260615/MPL/872294554,2026-06-15 22:28:30,2026-06-15,Monday,Indonesian marketplace,Tokopedia,LT-SND,"Loop Tote, Sand",Sand,standard,1,189000,189000,0,,20000,209000,15120,0,78000,95880,IDR,209000,,Alfamart/Indomaret,JNE,C000162,new,Banjarmasin,South Kalimantan,ID,completed,2026-06-15,2026-06-19,recommended,,,,
BLI-20260615-517245,2026-06-15 23:39:48,2026-06-15,Monday,Indonesian marketplace,Blibli,LT-GRN,"Loop Tote, Sea-green",Sea-green,standard,1,189000,189000,0,,30000,219000,15120,0,78000,95880,IDR,219000,,PayLater,JNE,C000163,new,Makassar,South Sulawesi,ID,completed,2026-06-15,2026-06-20,marketplace_search,,,,
IG-20260616-0001,2026-06-16 08:43:51,2026-06-16,Tuesday,Instagram,Instagram (DM/WhatsApp),LT-SND,"Loop Tote, Sand",Sand,standard,1,189000,189000,0,,25000,214000,0,0,78000,111000,IDR,214000,,Bank transfer (manual),J&T Express,C000164,new,Bekasi,West Java,ID,completed,2026-06-17,2026-06-19,dm,,,,
STR-20260616-0001,2026-06-16 11:41:25,2026-06-16,Tuesday,Physical store,Bandung store,LT-SND,"Loop Tote, Sand",Sand,standard,2,189000,378000,0,,0,378000,0,3780,156000,218220,IDR,378000,,Debit card,In-store pickup,C000165,new,Yogyakarta,DI Yogyakarta,ID,completed,2026-06-16,2026-06-16,walk-in,,,,
STR-20260616-0002,2026-06-16 12:57:40,2026-06-16,Tuesday,Physical store,Bandung store,LT-IND,"Loop Tote, Indigo",Indigo,standard,2,189000,378000,0,,0,378000,0,2646,156000,219354,IDR,378000,,QRIS,In-store pickup,C000166,new,Bandung,West Java,ID,completed,2026-06-16,2026-06-16,walk-in,,,,
INV/20260616/MPL/531934783,2026-06-16 13:53:01,2026-06-16,Tuesday,Indonesian marketplace,Tokopedia,LT-SND,"Loop Tote, Sand",Sand,standard,3,189000,567000,0,,35000,602000,45360,0,234000,287640,IDR,602000,,ShopeePay,Shopee Xpress / platform courier,C000167,new,Jakarta,DKI Jakarta,ID,completed,2026-06-16,2026-06-17,marketplace_search,,,,
STR-20260616-0003,2026-06-16 15:04:38,2026-06-16,Tuesday,Physical store,Bandung store,LT-SND,"Loop Tote, Sand",Sand,standard,1,189000,189000,0,,0,189000,0,7481,78000,103519,IDR,189000,,Credit card,In-store pickup,C000168,new,Bandung,West Java,ID,completed,2026-06-16,2026-06-16,walk-in,,,,
26061691384093B,2026-06-16 15:17:44,2026-06-16,Tuesday,Indonesian marketplace,Shopee,LT-GRN,"Loop Tote, Sea-green",Sea-green,standard,1,189000,189000,0,,25000,214000,17955,0,78000,93045,IDR,214000,,COD,J&T Express,C000169,new,Manado,North Sulawesi,ID,completed,2026-06-17,2026-06-23,recommended,,,,
STR-20260616-0004,2026-06-16 16:41:00,2026-06-16,Tuesday,Physical store,Bandung store,LT-IND,"Loop Tote, Indigo",Indigo,standard,1,189000,189000,0,,0,189000,0,1890,78000,109110,IDR,189000,,Debit card,In-store pickup,C000170,new,Bandung,West Java,ID,completed,2026-06-16,2026-06-16,walk-in,,,,
26061636842082C,2026-06-16 18:24:46,2026-06-16,Tuesday,Indonesian marketplace,Shopee,LT-GRN,"Loop Tote, Sea-green",Sea-green,standard,1,189000,189000,0,,35000,224000,17955,0,78000,93045,IDR,224000,,COD,Shopee Xpress / platform courier,C000171,new,Depok,West Java,ID,completed,2026-06-16,2026-06-18,marketplace_campaign,,,,
IG-20260616-0002,2026-06-16 19:06:56,2026-06-16,Tuesday,Instagram,Instagram (DM/WhatsApp),LT-GRN,"Loop Tote, Sea-green",Sea-green,standard,1,189000,189000,0,,18000,207000,0,0,78000,111000,IDR,207000,,Bank transfer (manual),SiCepat,C000098,returning,Tasikmalaya,West Java,ID,completed,2026-06-17,2026-06-21,story_reply,,,,
26061667246199D,2026-06-16 21:12:45,2026-06-16,Tuesday,Indonesian marketplace,Shopee,LT-GRN,"Loop Tote, Sea-green",Sea-green,standard,1,189000,189000,0,,20000,209000,17955,0,78000,93045,IDR,209000,,PayLater,JNE,C000172,new,Depok,West Java,ID,completed,2026-06-17,2026-06-18,marketplace_search,,,,
#LT10040,2026-06-16 21:27:01,2026-06-16,Tuesday,Website (Shopify),Website (Shopify),LT-GRN,"Loop Tote, Sea-green",Sea-green,standard,1,189000,189000,0,,32000,221000,0,3315,78000,107685,IDR,221000,,GoPay,GoSend/Grab Instant,C000173,new,Depok,West Java,ID,completed,2026-06-16,2026-06-17,instagram / bio_link,ig_always_on,,,
26061692207314E,2026-06-16 22:03:04,2026-06-16,Tuesday,Indonesian marketplace,Shopee,LT-SND,"Loop Tote, Sand",Sand,standard,1,189000,189000,9500,Platform voucher,25000,204500,17052,0,78000,84448,IDR,204500,,ShopeePay,J&T Express,C000174,new,Jakarta,DKI Jakarta,ID,completed,2026-06-17,2026-06-20,marketplace_search,,,,
INV/20260616/MPL/167738608,2026-06-16 22:50:28,2026-06-16,Tuesday,Indonesian marketplace,Tokopedia,LT-SND,"Loop Tote, Sand",Sand,standard,3,189000,567000,56500,Platform voucher,15000,525500,40840,0,234000,235660,IDR,525500,,PayLater,Shopee Xpress / platform courier,C000175,new,Bekasi,West Java,ID,completed,2026-06-17,2026-06-20,marketplace_search,,,,
#LT10041,2026-06-16 23:06:00,2026-06-16,Tuesday,Website (Shopify),Website (Shopify),LT-IND,"Loop Tote, Indigo",Indigo,standard,1,189000,189000,0,,40000,229000,0,4000,78000,107000,IDR,229000,,Bank transfer (VA),SiCepat,C000176,new,Padang,West Sumatra,ID,completed,2026-06-16,2026-06-19,google / organic,,,,
IG-20260616-0003,2026-06-16 23:09:45,2026-06-16,Tuesday,Instagram,Instagram (DM/WhatsApp),LT-GRN,"Loop Tote, Sea-green",Sea-green,standard,1,189000,189000,9500,IGDM5,0,179500,0,0,78000,0,IDR,179500,,Bank transfer (manual),,C000177,new,Bekasi,West Java,ID,cancelled,,,dm,,,,
113-3766636-5380323,2026-06-17 03:27:56,2026-06-17,Wednesday,Amazon,Amazon,LT-GRN,"Loop Tote, Sea-green",Sea-green,standard,1,260637,260637,0,,113937,374574,39096,0,78000,143541,USD,22.98,16300,Credit card,DHL eCommerce,C000178,new,Los Angeles,California,US,completed,2026-06-18,2026-06-26,marketplace_campaign,,,,
INV/20260617/MPL/973621230,2026-06-17 09:44:51,2026-06-17,Wednesday,Indonesian marketplace,Tokopedia,LT-SND,"Loop Tote, Sand",Sand,standard,1,189000,189000,19000,Platform voucher,35000,205000,13600,0,78000,78400,IDR,205000,,PayLater,JNE,C000179,new,Pontianak,West Kalimantan,ID,completed,2026-06-18,2026-06-22,recommended,,,,
INV/20260617/MPL/856364233,2026-06-17 11:37:04,2026-06-17,Wednesday,Indonesian marketplace,Tokopedia,LT-GRN,"Loop Tote, Sea-green",Sea-green,standard,1,189000,189000,0,,0,189000,15120,0,78000,95880,IDR,189000,,ShopeePay,SiCepat,C000180,new,Balikpapan,East Kalimantan,ID,completed,2026-06-17,2026-06-23,marketplace_search,,,,
IG-20260617-0001,2026-06-17 12:27:33,2026-06-17,Wednesday,Instagram,Instagram (DM/WhatsApp),LT-GRN,"Loop Tote, Sea-green",Sea-green,standard,2,189000,378000,0,,32000,410000,0,2870,156000,219130,IDR,410000,,QRIS,SiCepat,C000181,new,Bandung,West Java,ID,completed,2026-06-17,2026-06-19,dm,,,,
STR-20260617-0001,2026-06-17 18:11:49,2026-06-17,Wednesday,Physical store,Bandung store,LT-IND,"Loop Tote, Indigo",Indigo,standard,1,189000,189000,0,,0,189000,0,1323,78000,109677,IDR,189000,,QRIS,In-store pickup,C000182,new,Bandung,West Java,ID,completed,2026-06-17,2026-06-17,walk-in,,,,
26061769414999B,2026-06-17 18:38:31,2026-06-17,Wednesday,Indonesian marketplace,Shopee,LT-IND,"Loop Tote, Indigo",Indigo,standard,2,189000,378000,38000,Platform voucher,15000,355000,32300,0,156000,151700,IDR,355000,,ShopeePay,AnterAja,C000183,new,Bandung,West Java,ID,completed,2026-06-17,2026-06-19,marketplace_search,,,,
STR-20260617-0002,2026-06-17 19:09:01,2026-06-17,Wednesday,Physical store,Bandung store,LT-IND,"Loop Tote, Indigo",Indigo,standard,1,189000,189000,0,,0,189000,0,0,78000,111000,IDR,189000,,Cash,In-store pickup,C000184,new,Bandung,West Java,ID,completed,2026-06-17,2026-06-17,walk-in,,,,
IG-20260617-0002,2026-06-17 19:56:42,2026-06-17,Wednesday,Instagram,Instagram (DM/WhatsApp),LT-IND,"Loop Tote, Indigo",Indigo,standard,1,189000,189000,9500,IGDM5,0,179500,0,1256,78000,100244,IDR,179500,,QRIS,J&T Express,C000185,new,Bekasi,West Java,ID,completed,2026-06-18,2026-06-21,dm,,,,
250539600522061,2026-06-17 20:07:53,2026-06-17,Wednesday,Indonesian marketplace,Lazada,LT-IND,"Loop Tote, Indigo",Indigo,standard,2,189000,378000,0,,0,378000,32130,0,156000,189870,IDR,378000,,QRIS,JNE,C000186,new,Depok,West Java,ID,completed,2026-06-18,2026-06-21,marketplace_search,,,,
26061738159308C,2026-06-17 20:08:05,2026-06-17,Wednesday,Indonesian marketplace,Shopee,LT-GRN,"Loop Tote, Sea-green",Sea-green,standard,1,189000,189000,0,,12000,201000,17955,0,78000,93045,IDR,201000,,Bank transfer (VA),SiCepat,C000187,new,Jakarta,DKI Jakarta,ID,completed,2026-06-17,2026-06-19,marketplace_search,,,,
IG-20260617-0003,2026-06-17 20:29:58,2026-06-17,Wednesday,Instagram,Instagram (DM/WhatsApp),LT-GRN,"Loop Tote, Sea-green",Sea-green,standard,1,189000,189000,9500,IGDM5,40000,219500,0,0,78000,101500,IDR,219500,,Bank transfer (manual),JNE,C000188,new,Bogor,West Java,ID,completed,2026-06-18,2026-06-19,story_reply,,,,
IG-20260617-0004,2026-06-17 20:59:33,2026-06-17,Wednesday,Instagram,Instagram (DM/WhatsApp),LT-GRN,"Loop Tote, Sea-green",Sea-green,standard,1,189000,189000,0,,25000,214000,0,0,78000,0,IDR,214000,,Bank transfer (manual),,C000189,new,Depok,West Java,ID,cancelled,,,dm,,,,
26061783658250D,2026-06-17 21:58:07,2026-06-17,Wednesday,Indonesian marketplace,Shopee,LT-IND,"Loop Tote, Indigo",Indigo,standard,4,189000,756000,0,,25000,781000,0,0,312000,0,IDR,781000,,COD,,C000190,new,Manado,North Sulawesi,ID,cancelled,,,recommended,,,,
719436262355520,2026-06-17 22:17:32,2026-06-17,Wednesday,Indonesian marketplace,Lazada,LT-IND,"Loop Tote, Indigo",Indigo,standard,2,189000,378000,0,,35000,413000,32130,0,156000,189870,IDR,413000,,ShopeePay,SiCepat,C000191,new,Makassar,South Sulawesi,ID,completed,2026-06-17,2026-06-24,marketplace_campaign,,,,
#LT10042,2026-06-18 09:48:46,2026-06-18,Thursday,Website (Shopify),Website (Shopify),LT-SND,"Loop Tote, Sand",Sand,standard,1,189000,189000,0,,15000,204000,0,1428,78000,109572,IDR,204000,,QRIS,SiCepat,C000024,returning,Garut,West Java,ID,completed,2026-06-18,2026-06-21,direct,,,,
5988022620304390273,2026-06-18 12:12:46,2026-06-18,Thursday,Indonesian marketplace,TikTok Shop,LT-SND,"Loop Tote, Sand",Sand,standard,1,179000,179000,0,,30000,209000,15215,0,78000,85785,IDR,209000,,ShopeePay,AnterAja,C000023,returning,Makassar,South Sulawesi,ID,completed,2026-06-18,2026-06-25,marketplace_campaign,,,,
234002604952825,2026-06-18 14:14:11,2026-06-18,Thursday,Indonesian marketplace,Lazada,LT-GRN,"Loop Tote, Sea-green",Sea-green,standard,1,189000,189000,15000,Platform voucher,0,174000,14790,0,78000,81210,IDR,174000,,ShopeePay,Shopee Xpress / platform courier,C000192,new,Surabaya,East Java,ID,completed,2026-06-19,2026-06-23,marketplace_search,,,,
26061828437068B,2026-06-18 16:20:28,2026-06-18,Thursday,Indonesian marketplace,Shopee,LT-GRN,"Loop Tote, Sea-green",Sea-green,standard,1,189000,189000,0,,25000,214000,17955,0,78000,93045,IDR,214000,,PayLater,SiCepat,C000193,new,Palembang,South Sumatra,ID,completed,2026-06-18,2026-06-23,marketplace_search,,,,
STR-20260618-0001,2026-06-18 17:17:03,2026-06-18,Thursday,Physical store,Bandung store,LT-IND,"Loop Tote, Indigo",Indigo,standard,1,189000,189000,0,,0,189000,0,1323,78000,109677,IDR,189000,,QRIS,In-store pickup,C000194,new,Bandung,West Java,ID,completed,2026-06-18,2026-06-18,walk-in,,,,
5123015702846222461,2026-06-18 20:18:14,2026-06-18,Thursday,Indonesian marketplace,TikTok Shop,LT-GRN,"Loop Tote, Sea-green",Sea-green,standard,1,179000,179000,0,,0,179000,15215,0,78000,85785,IDR,179000,,ShopeePay,J&T Express,C000195,new,Jakarta,DKI Jakarta,ID,completed,2026-06-18,2026-06-21,marketplace_search,,,,
113-7943248-7905905,2026-06-18 21:10:59,2026-06-18,Thursday,Amazon,Amazon,LT-GRN,"Loop Tote, Sea-green",Sea-green,standard,1,260637,260637,0,,113937,374574,39096,0,78000,143541,USD,22.98,16300,Credit card,DHL eCommerce,C000196,new,Los Angeles,California,US,completed,2026-06-19,2026-06-27,marketplace_campaign,,,,
IG-20260618-0001,2026-06-18 22:16:14,2026-06-18,Thursday,Instagram,Instagram (DM/WhatsApp),LT-GRN,"Loop Tote, Sea-green",Sea-green,standard,1,189000,189000,0,,0,189000,0,1323,78000,109677,IDR,189000,,QRIS,J&T Express,C000020,returning,Surabaya,East Java,ID,completed,2026-06-19,2026-06-22,story_reply,,,,
113-7916866-6509005,2026-06-18 23:22:18,2026-06-18,Thursday,Amazon,Amazon,LT-SND,"Loop Tote, Sand",Sand,standard,1,260637,260637,0,,113937,374574,39096,0,78000,143541,USD,22.98,16300,Credit card,DHL eCommerce,C000197,new,Sydney,New South Wales,AU,completed,2026-06-18,2026-06-26,marketplace_campaign,,,,
113-6614445-8051930,2026-06-19 04:59:22,2026-06-19,Friday,Amazon,Amazon,LT-GRN,"Loop Tote, Sea-green",Sea-green,standard,1,260637,260637,0,,113937,374574,39096,0,78000,143541,USD,22.98,16300,Credit card,DHL eCommerce,C000198,new,London,England,GB,completed,2026-06-19,2026-07-03,marketplace_search,,,,
26061916840363B,2026-06-19 06:50:03,2026-06-19,Friday,Indonesian marketplace,Shopee,LT-IND,"Loop Tote, Indigo",Indigo,standard,1,189000,189000,0,,20000,209000,17955,0,78000,93045,IDR,209000,,Bank transfer (VA),AnterAja,C000199,new,Jakarta,DKI Jakarta,ID,completed,2026-06-19,2026-06-21,marketplace_search,,,,
#LT10043,2026-06-19 09:15:34,2026-06-19,Friday,Website (Shopify),Website (Shopify),LT-IND,"Loop Tote, Indigo",Indigo,standard,1,189000,189000,0,,15000,204000,0,7916,78000,103084,IDR,204000,,Credit card,JNE,C000200,new,Bekasi,West Java,ID,completed,2026-06-19,2026-06-20,direct,,,,
INV/20260619/MPL/273379373,2026-06-19 10:06:41,2026-06-19,Friday,Indonesian marketplace,Tokopedia,LT-IND,"Loop Tote, Indigo",Indigo,standard,1,189000,189000,0,,0,189000,15120,0,78000,95880,IDR,189000,,Alfamart/Indomaret,J&T Express,C000201,new,Cimahi,West Java,ID,completed,2026-06-20,2026-06-21,marketplace_search,,,,
STR-20260619-0001,2026-06-19 10:36:45,2026-06-19,Friday,Physical store,Bandung store,LT-IND,"Loop Tote, Indigo",Indigo,standard,2,189000,378000,0,,0,378000,0,0,156000,222000,IDR,378000,,Cash,In-store pickup,C000165,returning,Yogyakarta,DI Yogyakarta,ID,completed,2026-06-19,2026-06-19,walk-in,,,,
STR-20260619-0002,2026-06-19 12:15:27,2026-06-19,Friday,Physical store,Bandung store,LT-GRN,"Loop Tote, Sea-green",Sea-green,standard,1,189000,189000,0,,0,189000,0,1323,78000,109677,IDR,189000,,QRIS,In-store pickup,C000202,new,Bandung,West Java,ID,completed,2026-06-19,2026-06-19,walk-in,,,,
STR-20260619-0003,2026-06-19 14:09:40,2026-06-19,Friday,Physical store,Bandung store,LT-IND,"Loop Tote, Indigo",Indigo,standard,1,189000,189000,0,,0,189000,0,7481,78000,103519,IDR,189000,,Credit card,In-store pickup,C000203,new,Bandung,West Java,ID,completed,2026-06-19,2026-06-19,walk-in,,,,
5995508203404137076,2026-06-19 14:36:50,2026-06-19,Friday,Indonesian marketplace,TikTok Shop,LT-SND,"Loop Tote, Sand",Sand,standard,1,179000,179000,27000,Platform voucher,0,152000,12920,0,78000,61080,IDR,152000,,COD,JNE,C000204,new,Surabaya,East Java,ID,completed,2026-06-20,2026-06-22,marketplace_campaign,,,,
26061976114795C,2026-06-19 14:47:12,2026-06-19,Friday,Indonesian marketplace,Shopee,LT-GRN,"Loop Tote, Sea-green",Sea-green,standard,1,189000,189000,0,,25000,214000,17955,0,78000,93045,IDR,214000,,COD,AnterAja,C000205,new,Jakarta,DKI Jakarta,ID,completed,2026-06-20,2026-06-21,marketplace_search,,,,
INV/20260619/MPL/712405915,2026-06-19 15:01:03,2026-06-19,Friday,Indonesian marketplace,Tokopedia,LT-SND,"Loop Tote, Sand",Sand,standard,1,189000,189000,9500,Platform voucher,20000,199500,14360,0,78000,87140,IDR,199500,,Bank transfer (VA),Shopee Xpress / platform courier,C000206,new,Depok,West Java,ID,completed,2026-06-19,2026-06-20,marketplace_search,,,,
STR-20260619-0004,2026-06-19 16:50:30,2026-06-19,Friday,Physical store,Bandung store,LT-GRN,"Loop Tote, Sea-green",Sea-green,standard,1,189000,189000,0,,0,189000,0,0,78000,111000,IDR,189000,,Cash,In-store pickup,C000207,new,Bandung,West Java,ID,completed,2026-06-19,2026-06-19,walk-in,,,,
#LT10044,2026-06-19 19:56:37,2026-06-19,Friday,Website (Shopify),Website (Shopify),LT-GRN,"Loop Tote, Sea-green",Sea-green,standard,1,189000,189000,0,,18000,207000,0,4000,78000,107000,IDR,207000,,Bank transfer (VA),GoSend/Grab Instant,C000208,new,Bandung,West Java,ID,completed,2026-06-19,2026-06-21,direct,,,,
#LT10045,2026-06-19 20:22:07,2026-06-19,Friday,Website (Shopify),Website (Shopify),LT-IND,"Loop Tote, Indigo",Indigo,standard,1,189000,189000,0,,15000,204000,0,1428,78000,109572,IDR,204000,,QRIS,GoSend/Grab Instant,C000137,returning,Subang,West Java,ID,completed,2026-06-20,2026-06-23,instagram / bio_link,ig_always_on,,,
#LT10046,2026-06-19 20:53:08,2026-06-19,Friday,Website (Shopify),Website (Shopify),LT-SND,"Loop Tote, Sand",Sand,standard,1,189000,189000,0,,32000,221000,0,1547,78000,109453,IDR,221000,,QRIS,JNE,C000209,new,Yogyakarta,DI Yogyakarta,ID,completed,2026-06-20,2026-06-23,instagram / bio_link,ig_always_on,,,
26061964950324D,2026-06-19 21:09:00,2026-06-19,Friday,Indonesian marketplace,Shopee,LT-GRN,"Loop Tote, Sea-green",Sea-green,standard,1,189000,189000,0,,0,189000,17955,0,78000,93045,IDR,189000,,Bank transfer (VA),JNE,C000210,new,Malang,East Java,ID,completed,2026-06-19,2026-06-23,marketplace_search,,,,
26061938202753E,2026-06-19 22:19:27,2026-06-19,Friday,Indonesian marketplace,Shopee,LT-GRN,"Loop Tote, Sea-green",Sea-green,standard,1,189000,189000,0,,20000,209000,17955,0,78000,-42955,IDR,209000,,Bank transfer (VA),SiCepat,C000211,new,Medan,North Sumatra,ID,returned,2026-06-20,2026-06-23,marketplace_search,,,,
STR-20260620-0001,2026-06-20 13:55:34,2026-06-20,Saturday,Physical store,Bandung store,LT-SND,"Loop Tote, Sand",Sand,standard,1,189000,189000,0,,0,189000,0,0,78000,111000,IDR,189000,,Cash,In-store pickup,C000015,returning,Bandung,West Java,ID,completed,2026-06-20,2026-06-20,walk-in,,,,
STR-20260620-0002,2026-06-20 14:50:18,2026-06-20,Saturday,Physical store,Bandung store,LT-GRN,"Loop Tote, Sea-green",Sea-green,standard,1,189000,189000,0,,0,189000,0,1323,78000,109677,IDR,189000,,QRIS,In-store pickup,C000212,new,Bandung,West Java,ID,completed,2026-06-20,2026-06-20,walk-in,,,,
26062094027133B,2026-06-20 15:18:36,2026-06-20,Saturday,Indonesian marketplace,Shopee,LT-GRN,"Loop Tote, Sea-green",Sea-green,standard,2,189000,378000,0,,25000,403000,35910,0,156000,186090,IDR,403000,,ShopeePay,J&T Express,C000213,new,Semarang,Central Java,ID,completed,2026-06-20,2026-06-22,marketplace_search,,,,
#LT10047,2026-06-20 15:36:12,2026-06-20,Saturday,Website (Shopify),Website (Shopify),LT-SND,"Loop Tote, Sand",Sand,standard,1,189000,189000,0,,18000,207000,0,3105,78000,107895,IDR,207000,,GoPay,J&T Express,C000214,new,Jakarta,DKI Jakarta,ID,completed,2026-06-20,2026-06-22,whatsapp,,,,
26062015144741C,2026-06-20 15:48:21,2026-06-20,Saturday,Indonesian marketplace,Shopee,LT-GRN,"Loop Tote, Sea-green",Sea-green,standard,1,189000,189000,0,,20000,209000,17955,0,78000,93045,IDR,209000,,Bank transfer (VA),SiCepat,C000126,returning,Surabaya,East Java,ID,completed,2026-06-20,2026-06-23,shop_page,,,,
STR-20260620-0003,2026-06-20 17:14:04,2026-06-20,Saturday,Physical store,Bandung store,LT-SND,"Loop Tote, Sand",Sand,standard,2,189000,378000,0,,0,378000,0,2646,156000,219354,IDR,378000,,QRIS,In-store pickup,C000215,new,Bandung,West Java,ID,completed,2026-06-20,2026-06-20,walk-in,,,,
STR-20260620-0004,2026-06-20 17:17:14,2026-06-20,Saturday,Physical store,Bandung store,LT-SND,"Loop Tote, Sand",Sand,standard,1,189000,189000,0,,0,189000,0,0,78000,111000,IDR,189000,,Cash,In-store pickup,C000101,returning,Bandung,West Java,ID,completed,2026-06-20,2026-06-20,walk-in,,,,
STR-20260620-0005,2026-06-20 17:33:24,2026-06-20,Saturday,Physical store,Bandung store,LT-IND,"Loop Tote, Indigo",Indigo,standard,1,189000,189000,0,,0,189000,0,1323,78000,109677,IDR,189000,,QRIS,In-store pickup,C000216,new,Cimahi,West Java,ID,completed,2026-06-20,2026-06-20,walk-in,,,,
STR-20260620-0006,2026-06-20 17:35:29,2026-06-20,Saturday,Physical store,Bandung store,LT-GRN,"Loop Tote, Sea-green",Sea-green,standard,1,189000,189000,0,,0,189000,0,1323,78000,109677,IDR,189000,,QRIS,In-store pickup,C000217,new,Bandung,West Java,ID,completed,2026-06-20,2026-06-20,walk-in,,,,
STR-20260620-0007,2026-06-20 19:24:12,2026-06-20,Saturday,Physical store,Bandung store,LT-GRN,"Loop Tote, Sea-green",Sea-green,standard,1,189000,189000,0,,0,189000,0,0,78000,111000,IDR,189000,,Cash,In-store pickup,C000218,new,Bandung,West Java,ID,completed,2026-06-20,2026-06-20,walk-in,,,,
5838638580250950513,2026-06-20 20:03:37,2026-06-20,Saturday,Indonesian marketplace,TikTok Shop,LT-GRN,"Loop Tote, Sea-green",Sea-green,standard,1,179000,179000,0,,0,179000,15215,0,78000,85785,IDR,179000,,Alfamart/Indomaret,Shopee Xpress / platform courier,C000219,new,Surabaya,East Java,ID,completed,2026-06-20,2026-06-22,marketplace_search,,,,
INV/20260620/MPL/340721190,2026-06-20 20:10:47,2026-06-20,Saturday,Indonesian marketplace,Tokopedia,LT-GRN,"Loop Tote, Sea-green",Sea-green,standard,1,189000,189000,0,,12000,201000,15120,0,78000,95880,IDR,201000,,PayLater,JNE,C000220,new,Bekasi,West Java,ID,completed,2026-06-20,2026-06-21,shop_page,,,,
#LT10048,2026-06-20 20:34:23,2026-06-20,Saturday,Website (Shopify),Website (Shopify),LT-IND,"Loop Tote, Indigo",Indigo,standard,4,189000,756000,0,,0,756000,0,11340,312000,432660,IDR,756000,,GoPay,J&T Express,C000221,new,Bandung,West Java,ID,completed,2026-06-21,2026-06-23,instagram / bio_link,ig_always_on,,,
26062087203424D,2026-06-20 20:34:32,2026-06-20,Saturday,Indonesian marketplace,Shopee,LT-IND,"Loop Tote, Indigo",Indigo,standard,1,189000,189000,0,,0,189000,17955,0,78000,93045,IDR,189000,,Alfamart/Indomaret,Shopee Xpress / platform courier,C000222,new,Bogor,West Java,ID,completed,2026-06-20,2026-06-21,marketplace_search,,,,
113-9616999-3297367,2026-06-20 22:44:21,2026-06-20,Saturday,Amazon,Amazon,LT-SND,"Loop Tote, Sand",Sand,standard,1,260637,260637,0,,113937,374574,39096,0,78000,143541,USD,22.98,16300,Credit card,DHL eCommerce,C000108,returning,Sydney,New South Wales,AU,completed,2026-06-20,2026-07-02,marketplace_search,,,,
5552179600752801710,2026-06-20 22:59:24,2026-06-20,Saturday,Indonesian marketplace,TikTok Shop,LT-SND,"Loop Tote, Sand",Sand,standard,1,179000,179000,0,,12000,191000,15215,0,78000,85785,IDR,191000,,COD,JNE,C000223,new,Malang,East Java,ID,completed,2026-06-21,2026-06-25,shop_page,,,,
26062157754571B,2026-06-21 04:00:12,2026-06-21,Sunday,Indonesian marketplace,Shopee,LT-GRN,"Loop Tote, Sea-green",Sea-green,standard,1,189000,189000,28500,Platform voucher,20000,180500,15248,0,78000,67252,IDR,180500,,ShopeePay,Shopee Xpress / platform courier,C000224,new,Semarang,Central Java,ID,completed,2026-06-21,2026-06-25,marketplace_search,,,,
113-6489127-2059635,2026-06-21 04:37:47,2026-06-21,Sunday,Amazon,Amazon,LT-GRN,"Loop Tote, Sea-green",Sea-green,standard,4,260637,1042548,0,,113937,1156485,156382,0,312000,574166,USD,70.95,16300,Credit card,DHL eCommerce,C000225,new,New York,New York,US,completed,2026-06-22,2026-07-05,shop_page,,,,
5448384458652870810,2026-06-21 11:06:45,2026-06-21,Sunday,Indonesian marketplace,TikTok Shop,LT-SND,"Loop Tote, Sand",Sand,standard,1,179000,179000,0,,12000,191000,15215,0,78000,85785,IDR,191000,,ShopeePay,SiCepat,C000161,returning,Medan,North Sumatra,ID,completed,2026-06-22,2026-06-26,marketplace_search,,,,
26062132537431C,2026-06-21 13:45:09,2026-06-21,Sunday,Indonesian marketplace,Shopee,LT-GRN,"Loop Tote, Sea-green",Sea-green,standard,1,189000,189000,0,,25000,214000,17955,0,78000,93045,IDR,214000,,COD,J&T Express,C000226,new,Sukabumi,West Java,ID,completed,2026-06-22,2026-06-24,marketplace_search,,,,
INV/20260621/MPL/204660155,2026-06-21 14:51:05,2026-06-21,Sunday,Indonesian marketplace,Tokopedia,LT-SND,"Loop Tote, Sand",Sand,standard,1,189000,189000,0,,20000,209000,15120,0,78000,-40120,IDR,209000,,QRIS,SiCepat,C000227,new,Solo,Central Java,ID,returned,2026-06-22,2026-06-26,marketplace_search,,,,
26062150301405D,2026-06-21 15:33:08,2026-06-21,Sunday,Indonesian marketplace,Shopee,LT-SND,"Loop Tote, Sand",Sand,standard,1,189000,189000,28500,Platform voucher,0,160500,15248,0,78000,67252,IDR,160500,,ShopeePay,SiCepat,C000228,new,Medan,North Sumatra,ID,completed,2026-06-22,2026-06-25,recommended,,,,
5501801853777794604,2026-06-21 15:54:02,2026-06-21,Sunday,Indonesian marketplace,TikTok Shop,LT-IND,"Loop Tote, Indigo",Indigo,standard,1,179000,179000,18000,Platform voucher,35000,196000,13685,0,78000,69315,IDR,196000,,ShopeePay,AnterAja,C000229,new,Surabaya,East Java,ID,completed,2026-06-22,2026-06-25,shop_page,,,,
BLI-20260621-187081,2026-06-21 17:25:09,2026-06-21,Sunday,Indonesian marketplace,Blibli,LT-IND,"Loop Tote, Indigo",Indigo,standard,1,189000,189000,0,,12000,201000,15120,0,78000,95880,IDR,201000,,Bank transfer (VA),AnterAja,C000230,new,Solo,Central Java,ID,completed,2026-06-22,2026-06-24,recommended,,,,
#LT10049,2026-06-21 17:37:21,2026-06-21,Sunday,Website (Shopify),Website (Shopify),LT-SND,"Loop Tote, Sand",Sand,standard,1,189000,189000,0,,40000,229000,0,4000,78000,107000,IDR,229000,,Bank transfer (VA),JNE,C000231,new,Bandung,West Java,ID,completed,2026-06-21,2026-06-22,whatsapp,,,,
STR-20260621-0001,2026-06-21 18:44:08,2026-06-21,Sunday,Physical store,Bandung store,LT-IND,"Loop Tote, Indigo",Indigo,standard,1,189000,189000,0,,0,189000,0,1323,78000,109677,IDR,189000,,QRIS,In-store pickup,C000232,new,Bandung,West Java,ID,completed,2026-06-21,2026-06-21,walk-in,,,,
IG-20260621-0001,2026-06-21 19:43:54,2026-06-21,Sunday,Instagram,Instagram (DM/WhatsApp),LT-IND,"Loop Tote, Indigo",Indigo,standard,1,189000,189000,0,,0,189000,0,0,78000,0,IDR,189000,,Bank transfer (manual),,C000233,new,Bandung,West Java,ID,cancelled,,,dm,,,,
IG-20260621-0002,2026-06-21 19:57:33,2026-06-21,Sunday,Instagram,Instagram (DM/WhatsApp),LT-GRN,"Loop Tote, Sea-green",Sea-green,standard,1,189000,189000,0,,15000,204000,0,0,78000,111000,IDR,204000,,Bank transfer (manual),GoSend/Grab Instant,C000084,returning,Makassar,South Sulawesi,ID,completed,2026-06-22,2026-06-25,dm,,,,
26062143613919E,2026-06-21 22:23:15,2026-06-21,Sunday,Indonesian marketplace,Shopee,LT-GRN,"Loop Tote, Sea-green",Sea-green,standard,1,189000,189000,0,,35000,224000,17955,0,78000,93045,IDR,224000,,Credit card,J&T Express,C000224,returning,Semarang,Central Java,ID,completed,2026-06-21,2026-06-24,marketplace_search,,,,
IG-20260622-0001,2026-06-22 07:14:39,2026-06-22,Monday,Instagram,Instagram (DM/WhatsApp),LT-SND,"Loop Tote, Sand",Sand,standard,1,189000,189000,0,,15000,204000,0,7916,78000,103084,IDR,204000,,Credit card,J&T Express,C000234,new,Depok,West Java,ID,completed,2026-06-23,2026-06-24,whatsapp_click,,,,
26062234876367B,2026-06-22 09:46:36,2026-06-22,Monday,Indonesian marketplace,Shopee,LT-IND,"Loop Tote, Indigo",Indigo,standard,1,189000,189000,19000,Platform voucher,15000,185000,16150,0,78000,75850,IDR,185000,,QRIS,SiCepat,C000235,new,Surabaya,East Java,ID,completed,2026-06-23,2026-06-27,marketplace_search,,,,
#LT10050,2026-06-22 11:14:12,2026-06-22,Monday,Website (Shopify),Website (Shopify),LT-GRN,"Loop Tote, Sea-green",Sea-green,standard,1,189000,189000,0,,32000,221000,0,3315,78000,107685,IDR,221000,,GoPay,JNE,C000236,new,Depok,West Java,ID,completed,2026-06-22,2026-06-25,direct,,,,
26062265147039C,2026-06-22 11:21:26,2026-06-22,Monday,Indonesian marketplace,Shopee,LT-GRN,"Loop Tote, Sea-green",Sea-green,standard,1,189000,189000,0,,35000,224000,17955,0,78000,93045,IDR,224000,,Credit card,SiCepat,C000237,new,Bogor,West Java,ID,completed,2026-06-22,2026-06-23,recommended,,,,
STR-20260622-0001,2026-06-22 11:26:39,2026-06-22,Monday,Physical store,Bandung store,LT-SND,"Loop Tote, Sand",Sand,standard,1,189000,189000,0,,0,189000,0,1890,78000,109110,IDR,189000,,Debit card,In-store pickup,C000238,new,Bandung,West Java,ID,completed,2026-06-22,2026-06-22,walk-in,,,,
STR-20260622-0002,2026-06-22 12:14:55,2026-06-22,Monday,Physical store,Bandung store,LT-IND,"Loop Tote, Indigo",Indigo,standard,1,189000,189000,0,,0,189000,0,1890,78000,109110,IDR,189000,,Debit card,In-store pickup,C000239,new,Bandung,West Java,ID,completed,2026-06-22,2026-06-22,walk-in,,,,
5101204941453132949,2026-06-22 13:46:52,2026-06-22,Monday,Indonesian marketplace,TikTok Shop,LT-IND,"Loop Tote, Indigo",Indigo,standard,1,179000,179000,0,,0,179000,0,0,78000,0,IDR,179000,,PayLater,,C000240,new,Makassar,South Sulawesi,ID,cancelled,,,marketplace_search,,,,
113-9768280-6870576,2026-06-22 18:48:56,2026-06-22,Monday,Amazon,Amazon,LT-GRN,"Loop Tote, Sea-green",Sea-green,standard,3,260637,781911,0,,113937,895848,117287,0,234000,430624,USD,54.96,16300,Credit card,DHL eCommerce,C000241,new,Sydney,New South Wales,AU,completed,2026-06-22,2026-07-10,marketplace_search,,,,
#LT10051,2026-06-22 19:12:01,2026-06-22,Monday,Website (Shopify),Website (Shopify),LT-GRN,"Loop Tote, Sea-green",Sea-green,standard,1,189000,189000,0,,18000,207000,0,8003,78000,102997,IDR,207000,,Credit card,J&T Express,C000242,new,Cirebon,West Java,ID,completed,2026-06-22,2026-06-24,newsletter,,,,
26062266628557D,2026-06-22 20:04:09,2026-06-22,Monday,Indonesian marketplace,Shopee,LT-IND,"Loop Tote, Indigo",Indigo,standard,1,189000,189000,0,,30000,219000,17955,0,78000,93045,IDR,219000,,COD,J&T Express,C000243,new,Solo,Central Java,ID,completed,2026-06-22,2026-06-26,marketplace_campaign,,,,
26062228353666E,2026-06-22 20:08:34,2026-06-22,Monday,Indonesian marketplace,Shopee,LT-IND,"Loop Tote, Indigo",Indigo,standard,1,189000,189000,0,,30000,219000,17955,0,78000,93045,IDR,219000,,Alfamart/Indomaret,JNE,C000244,new,Makassar,South Sulawesi,ID,completed,2026-06-23,2026-06-26,marketplace_search,,,,
26062291979767F,2026-06-22 21:15:05,2026-06-22,Monday,Indonesian marketplace,Shopee,LT-IND,"Loop Tote, Indigo",Indigo,standard,1,189000,189000,0,,35000,224000,17955,0,78000,93045,IDR,224000,,COD,SiCepat,C000245,new,Medan,North Sumatra,ID,completed,2026-06-22,2026-06-28,recommended,,,,
INV/20260622/MPL/427991214,2026-06-22 21:28:00,2026-06-22,Monday,Indonesian marketplace,Tokopedia,LT-IND,"Loop Tote, Indigo",Indigo,standard,2,189000,378000,0,,20000,398000,30240,0,156000,191760,IDR,398000,,PayLater,J&T Express,C000246,new,Jakarta,DKI Jakarta,ID,completed,2026-06-22,2026-06-25,marketplace_campaign,,,,
26062231408473G,2026-06-22 21:36:13,2026-06-22,Monday,Indonesian marketplace,Shopee,LT-SND,"Loop Tote, Sand",Sand,standard,3,189000,567000,0,,12000,579000,53865,0,234000,279135,IDR,579000,,Credit card,JNE,C000247,new,Bekasi,West Java,ID,completed,2026-06-23,2026-06-25,marketplace_search,,,,
#LT10052,2026-06-22 23:44:42,2026-06-22,Monday,Website (Shopify),Website (Shopify),LT-GRN,"Loop Tote, Sea-green",Sea-green,standard,1,189000,189000,0,,18000,207000,0,4000,78000,107000,IDR,207000,,Bank transfer (VA),JNE,C000248,new,Medan,North Sumatra,ID,completed,2026-06-23,2026-06-29,instagram / bio_link,ig_always_on,,,
113-9174641-4063754,2026-06-23 05:33:04,2026-06-23,Tuesday,Amazon,Amazon,LT-GRN,"Loop Tote, Sea-green",Sea-green,standard,2,260637,521274,0,,113937,635211,78191,0,156000,287083,USD,38.97,16300,Credit card,DHL eCommerce,C000249,new,Los Angeles,California,US,completed,2026-06-23,2026-07-09,recommended,,,,
26062320219409B,2026-06-23 06:43:21,2026-06-23,Tuesday,Indonesian marketplace,Shopee,LT-GRN,"Loop Tote, Sea-green",Sea-green,standard,1,189000,189000,0,,30000,219000,17955,0,78000,93045,IDR,219000,,Bank transfer (VA),AnterAja,C000250,new,Cimahi,West Java,ID,completed,2026-06-23,2026-06-25,recommended,,,,
STR-20260623-0001,2026-06-23 12:00:08,2026-06-23,Tuesday,Physical store,Bandung store,LT-IND,"Loop Tote, Indigo",Indigo,standard,1,189000,189000,0,,0,189000,0,1323,78000,109677,IDR,189000,,QRIS,In-store pickup,C000251,new,Bandung,West Java,ID,completed,2026-06-23,2026-06-23,walk-in,,,,
STR-20260623-0002,2026-06-23 13:10:00,2026-06-23,Tuesday,Physical store,Bandung store,LT-IND,"Loop Tote, Indigo",Indigo,standard,2,189000,378000,0,,0,378000,0,3780,156000,218220,IDR,378000,,Debit card,In-store pickup,C000109,returning,Bandung,West Java,ID,completed,2026-06-23,2026-06-23,walk-in,,,,
26062353120191C,2026-06-23 17:50:04,2026-06-23,Tuesday,Indonesian marketplace,Shopee,LT-SND,"Loop Tote, Sand",Sand,standard,1,189000,189000,0,,25000,214000,17955,0,78000,93045,IDR,214000,,Bank transfer (VA),J&T Express,C000252,new,Bekasi,West Java,ID,completed,2026-06-24,2026-06-25,marketplace_search,,,,
INV/20260623/MPL/580128858,2026-06-23 19:31:41,2026-06-23,Tuesday,Indonesian marketplace,Tokopedia,LT-SND,"Loop Tote, Sand",Sand,standard,1,189000,189000,0,,15000,204000,0,0,78000,0,IDR,204000,,Bank transfer (VA),,C000253,new,Cianjur,West Java,ID,cancelled,,,marketplace_campaign,,,,
BLI-20260623-350530,2026-06-23 19:40:48,2026-06-23,Tuesday,Indonesian marketplace,Blibli,LT-GRN,"Loop Tote, Sea-green",Sea-green,standard,1,189000,189000,0,,15000,204000,15120,0,78000,95880,IDR,204000,,QRIS,Shopee Xpress / platform courier,C000254,new,Yogyakarta,DI Yogyakarta,ID,completed,2026-06-24,2026-06-26,marketplace_search,,,,
IG-20260623-0001,2026-06-23 21:09:11,2026-06-23,Tuesday,Instagram,Instagram (DM/WhatsApp),LT-SND,"Loop Tote, Sand",Sand,standard,1,189000,189000,0,,32000,221000,0,0,78000,111000,IDR,221000,,Bank transfer (manual),J&T Express,C000255,new,Depok,West Java,ID,completed,2026-06-23,2026-06-24,dm,,,,
26062340102159D,2026-06-23 21:17:35,2026-06-23,Tuesday,Indonesian marketplace,Shopee,LT-SND,"Loop Tote, Sand",Sand,standard,1,189000,189000,0,,30000,219000,17955,0,78000,93045,IDR,219000,,Bank transfer (VA),AnterAja,C000256,new,Bandung,West Java,ID,completed,2026-06-23,2026-06-25,marketplace_search,,,,
26062387106175E,2026-06-23 22:08:53,2026-06-23,Tuesday,Indonesian marketplace,Shopee,LT-SND,"Loop Tote, Sand",Sand,standard,1,189000,189000,0,,25000,214000,17955,0,78000,93045,IDR,214000,,Alfamart/Indomaret,Shopee Xpress / platform courier,C000257,new,South Tangerang,Banten,ID,completed,2026-06-24,2026-06-27,marketplace_search,,,,
113-8253472-3058102,2026-06-24 05:15:08,2026-06-24,Wednesday,Amazon,Amazon,LT-GRN,"Loop Tote, Sea-green",Sea-green,standard,3,260637,781911,0,,113937,895848,117287,0,234000,430624,USD,54.96,16300,Credit card,DHL eCommerce,C000258,new,Amsterdam,North Holland,NL,completed,2026-06-24,2026-07-12,shop_page,,,,
26062445459922B,2026-06-24 07:43:36,2026-06-24,Wednesday,Indonesian marketplace,Shopee,LT-IND,"Loop Tote, Indigo",Indigo,standard,1,189000,189000,19000,Platform voucher,35000,205000,16150,0,78000,75850,IDR,205000,,ShopeePay,SiCepat,C000161,returning,Medan,North Sumatra,ID,completed,2026-06-25,2026-06-28,marketplace_search,,,,
26062432401385C,2026-06-24 09:04:45,2026-06-24,Wednesday,Indonesian marketplace,Shopee,LT-GRN,"Loop Tote, Sea-green",Sea-green,standard,1,189000,189000,0,,20000,209000,17955,0,78000,93045,IDR,209000,,ShopeePay,J&T Express,C000259,new,Medan,North Sumatra,ID,completed,2026-06-25,2026-06-29,shop_page,,,,
#LT10053,2026-06-24 09:43:25,2026-06-24,Wednesday,Website (Shopify),Website (Shopify),LT-GRN,"Loop Tote, Sea-green",Sea-green,standard,1,189000,189000,0,,25000,214000,0,4000,78000,107000,IDR,214000,,Bank transfer (VA),JNE,C000260,new,Bandung,West Java,ID,completed,2026-06-25,2026-06-27,newsletter,,,,
#LT10054,2026-06-24 11:47:05,2026-06-24,Wednesday,Website (Shopify),Website (Shopify),LT-GRN,"Loop Tote, Sea-green",Sea-green,standard,1,189000,189000,0,,40000,229000,0,1603,78000,109397,IDR,229000,,QRIS,GoSend/Grab Instant,C000261,new,Medan,North Sumatra,ID,completed,2026-06-24,2026-07-01,whatsapp,,,,
INV/20260624/MPL/638699252,2026-06-24 12:23:49,2026-06-24,Wednesday,Indonesian marketplace,Tokopedia,LT-GRN,"Loop Tote, Sea-green",Sea-green,standard,1,189000,189000,15000,Platform voucher,35000,209000,13920,0,78000,82080,IDR,209000,,QRIS,AnterAja,C000262,new,Tangerang,Banten,ID,completed,2026-06-24,2026-06-26,marketplace_search,,,,
STR-20260624-0001,2026-06-24 12:28:53,2026-06-24,Wednesday,Physical store,Bandung store,LT-SND,"Loop Tote, Sand",Sand,standard,1,189000,189000,0,,0,189000,0,1890,78000,109110,IDR,189000,,Debit card,In-store pickup,C000263,new,Bandung,West Java,ID,completed,2026-06-24,2026-06-24,walk-in,,,,
INV/20260624/MPL/877596450,2026-06-24 12:46:10,2026-06-24,Wednesday,Indonesian marketplace,Tokopedia,LT-IND,"Loop Tote, Indigo",Indigo,standard,1,189000,189000,28500,Platform voucher,25000,185500,12840,0,78000,69660,IDR,185500,,ShopeePay,JNE,C000264,new,Jakarta,DKI Jakarta,ID,completed,2026-06-25,2026-06-28,marketplace_search,,,,
26062417211406D,2026-06-24 13:30:17,2026-06-24,Wednesday,Indonesian marketplace,Shopee,LT-GRN,"Loop Tote, Sea-green",Sea-green,standard,3,189000,567000,0,,0,567000,53865,0,234000,279135,IDR,567000,,ShopeePay,Shopee Xpress / platform courier,C000265,new,Bekasi,West Java,ID,completed,2026-06-24,2026-06-26,marketplace_search,,,,
113-4143699-4246587,2026-06-24 15:43:12,2026-06-24,Wednesday,Amazon,Amazon,LT-GRN,"Loop Tote, Sea-green",Sea-green,standard,1,260637,260637,0,,113937,374574,39096,0,78000,143541,USD,22.98,16300,Credit card,DHL eCommerce,C000266,new,Los Angeles,California,US,completed,2026-06-25,2026-07-10,recommended,,,,
#LT10055,2026-06-24 16:54:41,2026-06-24,Wednesday,Website (Shopify),Website (Shopify),LT-GRN,"Loop Tote, Sea-green",Sea-green,standard,1,189000,189000,0,,25000,214000,0,3210,78000,107790,IDR,214000,,OVO,J&T Express,C000267,new,Sukabumi,West Java,ID,completed,2026-06-24,2026-06-26,instagram / bio_link,ig_always_on,,,
926567303805638,2026-06-24 17:01:45,2026-06-24,Wednesday,Indonesian marketplace,Lazada,LT-SND,"Loop Tote, Sand",Sand,standard,1,189000,189000,0,,0,189000,16065,0,78000,94935,IDR,189000,,ShopeePay,JNE,C000268,new,Pekanbaru,Riau,ID,completed,2026-06-25,2026-06-28,recommended,,,,
STR-20260624-0002,2026-06-24 17:23:41,2026-06-24,Wednesday,Physical store,Bandung store,LT-SND,"Loop Tote, Sand",Sand,standard,1,189000,189000,0,,0,189000,0,0,78000,111000,IDR,189000,,Cash,In-store pickup,C000269,new,Bandung,West Java,ID,completed,2026-06-24,2026-06-24,walk-in,,,,
IG-20260624-0001,2026-06-24 17:38:47,2026-06-24,Wednesday,Instagram,Instagram (DM/WhatsApp),LT-IND,"Loop Tote, Indigo",Indigo,standard,1,189000,189000,0,,32000,221000,0,0,78000,111000,IDR,221000,,Bank transfer (manual),J&T Express,C000177,returning,Bekasi,West Java,ID,completed,2026-06-24,2026-06-25,whatsapp_click,,,,
STR-20260624-0003,2026-06-24 18:58:08,2026-06-24,Wednesday,Physical store,Bandung store,LT-IND,"Loop Tote, Indigo",Indigo,standard,1,189000,189000,0,,0,189000,0,0,78000,111000,IDR,189000,,Cash,In-store pickup,C000270,new,Bandung,West Java,ID,completed,2026-06-24,2026-06-24,walk-in,,,,
#LT10056,2026-06-24 19:03:03,2026-06-24,Wednesday,Website (Shopify),Website (Shopify),LT-IND,"Loop Tote, Indigo",Indigo,standard,1,189000,189000,0,,0,189000,0,1323,78000,109677,IDR,189000,,QRIS,SiCepat,C000242,returning,Cirebon,West Java,ID,completed,2026-06-25,2026-06-28,instagram / bio_link,ig_always_on,,,
IG-20260624-0002,2026-06-24 21:01:56,2026-06-24,Wednesday,Instagram,Instagram (DM/WhatsApp),LT-IND,"Loop Tote, Indigo",Indigo,standard,3,189000,567000,0,,32000,599000,0,0,234000,333000,IDR,599000,,Bank transfer (manual),J&T Express,C000271,new,Cirebon,West Java,ID,completed,2026-06-24,2026-06-27,dm,,,,
#LT10057,2026-06-24 22:32:12,2026-06-24,Wednesday,Website (Shopify),Website (Shopify),LT-GRN,"Loop Tote, Sea-green",Sea-green,standard,1,189000,189000,0,,40000,229000,0,3435,78000,107565,IDR,229000,,OVO,J&T Express,C000272,new,Bekasi,West Java,ID,completed,2026-06-25,2026-06-26,direct,,,,
IG-20260624-0003,2026-06-24 23:39:01,2026-06-24,Wednesday,Instagram,Instagram (DM/WhatsApp),LT-IND,"Loop Tote, Indigo",Indigo,standard,1,189000,189000,0,,25000,214000,0,0,78000,111000,IDR,214000,,Bank transfer (manual),GoSend/Grab Instant,C000273,new,Palembang,South Sumatra,ID,completed,2026-06-25,2026-06-29,story_reply,,,,
INV/20260625/MPL/471539559,2026-06-25 02:39:27,2026-06-25,Thursday,Indonesian marketplace,Tokopedia,LT-SND,"Loop Tote, Sand",Sand,standard,2,189000,378000,0,,0,378000,30240,0,156000,191760,IDR,378000,,Bank transfer (VA),JNE,C000274,new,Banjarmasin,South Kalimantan,ID,completed,2026-06-26,2026-07-02,marketplace_campaign,,,,
INV/20260625/MPL/536668299,2026-06-25 11:45:35,2026-06-25,Thursday,Indonesian marketplace,Tokopedia,LT-GRN,"Loop Tote, Sea-green",Sea-green,standard,2,189000,378000,0,,35000,413000,30240,0,156000,191760,IDR,413000,,ShopeePay,AnterAja,C000079,returning,Jakarta,DKI Jakarta,ID,completed,2026-06-25,2026-06-27,recommended,,,,
#LT10058,2026-06-25 18:36:31,2026-06-25,Thursday,Website (Shopify),Website (Shopify),LT-IND,"Loop Tote, Indigo",Indigo,standard,1,189000,189000,0,,15000,204000,0,4000,78000,107000,IDR,204000,,Bank transfer (VA),GoSend/Grab Instant,C000275,new,Cirebon,West Java,ID,completed,2026-06-25,2026-06-28,google / organic,,,,
26062570330499B,2026-06-25 19:10:41,2026-06-25,Thursday,Indonesian marketplace,Shopee,LT-GRN,"Loop Tote, Sea-green",Sea-green,standard,1,189000,189000,0,,15000,204000,17955,0,78000,93045,IDR,204000,,Credit card,Shopee Xpress / platform courier,C000276,new,Malang,East Java,ID,completed,2026-06-26,2026-06-28,recommended,,,,
IG-20260625-0001,2026-06-25 19:17:12,2026-06-25,Thursday,Instagram,Instagram (DM/WhatsApp),LT-GRN,"Loop Tote, Sea-green",Sea-green,standard,1,189000,189000,0,,18000,207000,0,0,78000,111000,IDR,207000,,Bank transfer (manual),JNE,C000277,new,Jakarta,DKI Jakarta,ID,completed,2026-06-26,2026-06-29,story_reply,,,,
IG-20260625-0002,2026-06-25 20:09:32,2026-06-25,Thursday,Instagram,Instagram (DM/WhatsApp),LT-SND,"Loop Tote, Sand",Sand,standard,1,189000,189000,0,,32000,221000,0,0,78000,111000,IDR,221000,,Bank transfer (manual),SiCepat,C000278,new,Bandung,West Java,ID,completed,2026-06-26,2026-06-28,dm,,,,
26062544509409C,2026-06-25 20:47:27,2026-06-25,Thursday,Indonesian marketplace,Shopee,LT-IND,"Loop Tote, Indigo",Indigo,standard,1,189000,189000,0,,0,189000,17955,0,78000,93045,IDR,189000,,ShopeePay,J&T Express,C000279,new,Denpasar,Bali,ID,completed,2026-06-26,2026-06-29,marketplace_search,,,,
#LT10059,2026-06-25 22:35:05,2026-06-25,Thursday,Website (Shopify),Website (Shopify),LT-SND,"Loop Tote, Sand",Sand,standard,1,189000,189000,0,,25000,214000,0,4000,78000,107000,IDR,214000,,Bank transfer (VA),SiCepat,C000131,returning,Yogyakarta,DI Yogyakarta,ID,completed,2026-06-26,2026-06-28,google / organic,,,,
BLI-20260626-639420,2026-06-26 12:28:06,2026-06-26,Friday,Indonesian marketplace,Blibli,LT-GRN,"Loop Tote, Sea-green",Sea-green,standard,1,189000,189000,0,,12000,201000,15120,0,78000,95880,IDR,201000,,ShopeePay,AnterAja,C000280,new,Depok,West Java,ID,completed,2026-06-27,2026-06-30,recommended,,,,
INV/20260626/MPL/881523805,2026-06-26 19:23:09,2026-06-26,Friday,Indonesian marketplace,Tokopedia,LT-GRN,"Loop Tote, Sea-green",Sea-green,standard,1,189000,189000,0,,35000,224000,15120,0,78000,95880,IDR,224000,,ShopeePay,Shopee Xpress / platform courier,C000281,new,Jakarta,DKI Jakarta,ID,completed,2026-06-27,2026-06-28,marketplace_search,,,,
#LT10060,2026-06-26 19:49:57,2026-06-26,Friday,Website (Shopify),Website (Shopify),LT-SND,"Loop Tote, Sand",Sand,standard,1,189000,189000,0,,40000,229000,0,8641,78000,102359,IDR,229000,,Credit card,J&T Express,C000282,new,Depok,West Java,ID,completed,2026-06-26,2026-06-29,direct,,,,
#LT10061,2026-06-26 19:56:00,2026-06-26,Friday,Website (Shopify),Website (Shopify),LT-SND,"Loop Tote, Sand",Sand,standard,1,189000,189000,0,,40000,229000,0,4000,78000,107000,IDR,229000,,Bank transfer (VA),JNE,C000283,new,Bandung,West Java,ID,completed,2026-06-27,2026-06-28,google / organic,,,,
26062692688439B,2026-06-26 20:07:24,2026-06-26,Friday,Indonesian marketplace,Shopee,LT-GRN,"Loop Tote, Sea-green",Sea-green,standard,4,189000,756000,0,,20000,776000,71820,0,312000,372180,IDR,776000,,ShopeePay,Shopee Xpress / platform courier,C000126,returning,Surabaya,East Java,ID,completed,2026-06-27,2026-07-01,marketplace_campaign,,,,
5644229010862122495,2026-06-26 20:10:04,2026-06-26,Friday,Indonesian marketplace,TikTok Shop,LT-IND,"Loop Tote, Indigo",Indigo,standard,1,179000,179000,27000,Platform voucher,25000,177000,12920,0,78000,61080,IDR,177000,,ShopeePay,J&T Express,C000284,new,Malang,East Java,ID,completed,2026-06-26,2026-06-30,recommended,,,,
#LT10062,2026-06-26 20:44:18,2026-06-26,Friday,Website (Shopify),Website (Shopify),LT-SND,"Loop Tote, Sand",Sand,standard,1,189000,189000,0,,15000,204000,0,1428,78000,109572,IDR,204000,,QRIS,GoSend/Grab Instant,C000092,returning,Jakarta,DKI Jakarta,ID,completed,2026-06-27,2026-06-30,instagram / bio_link,ig_always_on,,,
#LT10063,2026-06-26 23:20:33,2026-06-26,Friday,Website (Shopify),Website (Shopify),LT-IND,"Loop Tote, Indigo",Indigo,standard,2,189000,378000,0,,0,378000,0,12962,156000,209038,IDR,378000,,Credit card,J&T Express,C000285,new,Bekasi,West Java,ID,completed,2026-06-26,2026-06-28,google / organic,,,,
INV/20260626/MPL/755840837,2026-06-26 23:29:45,2026-06-26,Friday,Indonesian marketplace,Tokopedia,LT-SND,"Loop Tote, Sand",Sand,standard,1,189000,189000,28500,Platform voucher,15000,175500,12840,0,78000,69660,IDR,175500,,Alfamart/Indomaret,JNE,C000174,returning,Jakarta,DKI Jakarta,ID,completed,2026-06-27,2026-06-29,recommended,,,,
IG-20260627-0001,2026-06-27 08:13:21,2026-06-27,Saturday,Instagram,Instagram (DM/WhatsApp),LT-IND,"Loop Tote, Indigo",Indigo,standard,2,189000,378000,0,,25000,403000,0,0,156000,222000,IDR,403000,,Bank transfer (manual),SiCepat,C000286,new,Medan,North Sumatra,ID,completed,2026-06-27,2026-06-30,story_reply,,,,
IG-20260627-0002,2026-06-27 10:14:51,2026-06-27,Saturday,Instagram,Instagram (DM/WhatsApp),LT-SND,"Loop Tote, Sand",Sand,standard,1,189000,189000,0,,15000,204000,0,7916,78000,103084,IDR,204000,,Credit card,JNE,C000287,new,Pontianak,West Kalimantan,ID,completed,2026-06-27,2026-07-01,dm,,,,
#LT10064,2026-06-27 10:48:26,2026-06-27,Saturday,Website (Shopify),Website (Shopify),LT-IND,"Loop Tote, Indigo",Indigo,standard,1,189000,189000,0,,0,189000,0,0,78000,0,IDR,189000,,Credit card,,C000288,new,Solo,Central Java,ID,cancelled,,,google / organic,,,,
#LT10065,2026-06-27 11:33:30,2026-06-27,Saturday,Website (Shopify),Website (Shopify),LT-SND,"Loop Tote, Sand",Sand,standard,1,189000,189000,0,,40000,229000,0,4000,78000,107000,IDR,229000,,Bank transfer (VA),JNE,C000289,new,Jakarta,DKI Jakarta,ID,completed,2026-06-27,2026-06-30,google / organic,,,,
26062770193459B,2026-06-27 12:56:53,2026-06-27,Saturday,Indonesian marketplace,Shopee,LT-GRN,"Loop Tote, Sea-green",Sea-green,standard,1,189000,189000,0,,20000,209000,17955,0,78000,93045,IDR,209000,,PayLater,SiCepat,C000059,returning,Tangerang,Banten,ID,completed,2026-06-27,2026-06-29,marketplace_search,,,,
STR-20260627-0001,2026-06-27 13:53:31,2026-06-27,Saturday,Physical store,Bandung store,LT-IND,"Loop Tote, Indigo",Indigo,standard,1,189000,189000,0,,0,189000,0,1890,78000,109110,IDR,189000,,Debit card,In-store pickup,C000140,returning,Bandung,West Java,ID,completed,2026-06-27,2026-06-27,walk-in,,,,
STR-20260627-0002,2026-06-27 15:32:58,2026-06-27,Saturday,Physical store,Bandung store,LT-GRN,"Loop Tote, Sea-green",Sea-green,standard,1,189000,189000,0,,0,189000,0,0,78000,111000,IDR,189000,,Cash,In-store pickup,C000290,new,Bandung,West Java,ID,completed,2026-06-27,2026-06-27,walk-in,,,,
STR-20260627-0003,2026-06-27 17:25:16,2026-06-27,Saturday,Physical store,Bandung store,LT-IND,"Loop Tote, Indigo",Indigo,standard,1,189000,189000,0,,0,189000,0,1890,78000,109110,IDR,189000,,Debit card,In-store pickup,C000291,new,Bandung,West Java,ID,completed,2026-06-27,2026-06-27,walk-in,,,,
#LT10066,2026-06-27 18:29:46,2026-06-27,Saturday,Website (Shopify),Website (Shopify),LT-IND,"Loop Tote, Indigo",Indigo,standard,2,189000,378000,0,,0,378000,0,5670,156000,216330,IDR,378000,,GoPay,JNE,C000292,new,Medan,North Sumatra,ID,completed,2026-06-27,2026-07-04,google / organic,,,,
113-5966570-9016912,2026-06-27 19:50:05,2026-06-27,Saturday,Amazon,Amazon,LT-SND,"Loop Tote, Sand",Sand,standard,1,260637,260637,0,,113937,374574,39096,0,78000,143541,USD,22.98,16300,Credit card,DHL eCommerce,C000293,new,Seattle,Washington,US,completed,2026-06-27,2026-07-11,recommended,,,,
IG-20260627-0003,2026-06-27 20:13:33,2026-06-27,Saturday,Instagram,Instagram (DM/WhatsApp),LT-IND,"Loop Tote, Indigo",Indigo,standard,1,189000,189000,9500,IGDM5,40000,219500,0,0,78000,101500,IDR,219500,,Bank transfer (manual),GoSend/Grab Instant,C000294,new,Jakarta,DKI Jakarta,ID,completed,2026-06-27,2026-06-30,dm,,,,
#LT10067,2026-06-27 20:54:53,2026-06-27,Saturday,Website (Shopify),Website (Shopify),LT-IND,"Loop Tote, Indigo",Indigo,standard,1,189000,189000,0,,18000,207000,0,4000,78000,107000,IDR,207000,,Bank transfer (VA),JNE,C000024,returning,Garut,West Java,ID,completed,2026-06-28,2026-07-01,whatsapp,,,,
INV/20260627/MPL/880139607,2026-06-27 21:51:45,2026-06-27,Saturday,Indonesian marketplace,Tokopedia,LT-GRN,"Loop Tote, Sea-green",Sea-green,standard,1,189000,189000,0,,0,189000,15120,0,78000,95880,IDR,189000,,ShopeePay,JNE,C000295,new,Sukabumi,West Java,ID,completed,2026-06-28,2026-07-01,marketplace_search,,,,
INV/20260628/MPL/459056915,2026-06-28 09:25:24,2026-06-28,Sunday,Indonesian marketplace,Tokopedia,LT-IND,"Loop Tote, Indigo",Indigo,standard,3,189000,567000,28500,Platform voucher,0,538500,43080,0,234000,261420,IDR,538500,,Alfamart/Indomaret,AnterAja,C000296,new,Surabaya,East Java,ID,completed,2026-06-28,2026-06-30,marketplace_search,,,,
IG-20260628-0001,2026-06-28 09:40:55,2026-06-28,Sunday,Instagram,Instagram (DM/WhatsApp),LT-IND,"Loop Tote, Indigo",Indigo,standard,1,189000,189000,0,,40000,229000,0,1603,78000,109397,IDR,229000,,QRIS,GoSend/Grab Instant,C000076,returning,Bekasi,West Java,ID,completed,2026-06-29,2026-07-02,story_reply,,,,
#LT10068,2026-06-28 11:24:36,2026-06-28,Sunday,Website (Shopify),Website (Shopify),LT-SND,"Loop Tote, Sand",Sand,standard,1,189000,189000,0,,0,189000,0,2835,78000,108165,IDR,189000,,ShopeePay,JNE,C000288,returning,Solo,Central Java,ID,completed,2026-06-29,2026-07-03,whatsapp,,,,
IG-20260628-0002,2026-06-28 12:04:39,2026-06-28,Sunday,Instagram,Instagram (DM/WhatsApp),LT-IND,"Loop Tote, Indigo",Indigo,standard,1,189000,189000,0,,40000,229000,0,0,78000,111000,IDR,229000,,Bank transfer (manual),J&T Express,C000297,new,Bogor,West Java,ID,completed,2026-06-29,2026-07-01,dm,,,,
IG-20260628-0003,2026-06-28 12:11:51,2026-06-28,Sunday,Instagram,Instagram (DM/WhatsApp),LT-SND,"Loop Tote, Sand",Sand,standard,1,189000,189000,0,,18000,207000,0,0,78000,111000,IDR,207000,,Bank transfer (manual),JNE,C000298,new,Medan,North Sumatra,ID,completed,2026-06-29,2026-07-05,story_reply,,,,
STR-20260628-0001,2026-06-28 12:28:35,2026-06-28,Sunday,Physical store,Bandung store,LT-IND,"Loop Tote, Indigo",Indigo,standard,1,189000,189000,0,,0,189000,0,0,78000,111000,IDR,189000,,Cash,In-store pickup,C000299,new,Jakarta,DKI Jakarta,ID,completed,2026-06-28,2026-06-28,walk-in,,,,
5202141132259400021,2026-06-28 12:43:02,2026-06-28,Sunday,Indonesian marketplace,TikTok Shop,LT-IND,"Loop Tote, Indigo",Indigo,standard,1,179000,179000,0,,25000,204000,15215,0,78000,85785,IDR,204000,,COD,SiCepat,C000300,new,Surabaya,East Java,ID,completed,2026-06-29,2026-07-02,marketplace_search,,,,
715641316549594,2026-06-28 13:36:46,2026-06-28,Sunday,Indonesian marketplace,Lazada,LT-SND,"Loop Tote, Sand",Sand,standard,1,189000,189000,19000,Platform voucher,15000,185000,14450,0,78000,77550,IDR,185000,,ShopeePay,JNE,C000301,new,Yogyakarta,DI Yogyakarta,ID,completed,2026-06-28,2026-07-01,marketplace_campaign,,,,
26062848832480B,2026-06-28 13:56:48,2026-06-28,Sunday,Indonesian marketplace,Shopee,LT-GRN,"Loop Tote, Sea-green",Sea-green,standard,1,189000,189000,0,,20000,209000,17955,0,78000,93045,IDR,209000,,Alfamart/Indomaret,AnterAja,C000040,returning,Batam,Riau Islands,ID,completed,2026-06-28,2026-07-01,marketplace_search,,,,
STR-20260628-0002,2026-06-28 15:35:30,2026-06-28,Sunday,Physical store,Bandung store,LT-GRN,"Loop Tote, Sea-green",Sea-green,standard,3,189000,567000,0,,0,567000,0,3969,234000,329031,IDR,567000,,QRIS,In-store pickup,C000218,returning,Bandung,West Java,ID,completed,2026-06-28,2026-06-28,walk-in,,,,
INV/20260628/MPL/933464098,2026-06-28 18:00:04,2026-06-28,Sunday,Indonesian marketplace,Tokopedia,LT-GRN,"Loop Tote, Sea-green",Sea-green,standard,1,189000,189000,0,,0,189000,15120,0,78000,95880,IDR,189000,,Credit card,JNE,C000174,returning,Jakarta,DKI Jakarta,ID,completed,2026-06-28,2026-07-01,marketplace_search,,,,
113-3982374-3232085,2026-06-28 18:22:14,2026-06-28,Sunday,Amazon,Amazon,LT-IND,"Loop Tote, Indigo",Indigo,standard,2,260637,521274,0,,113937,635211,78191,0,156000,287083,USD,38.97,16300,Credit card,DHL eCommerce,C000302,new,Seattle,Washington,US,completed,2026-06-28,2026-07-06,recommended,,,,
5322268490352572998,2026-06-28 19:08:56,2026-06-28,Sunday,Indonesian marketplace,TikTok Shop,LT-GRN,"Loop Tote, Sea-green",Sea-green,standard,3,179000,537000,0,,12000,549000,0,0,234000,0,IDR,549000,,PayLater,,C000303,new,Surabaya,East Java,ID,cancelled,,,marketplace_search,,,,
#LT10069,2026-06-28 19:22:13,2026-06-28,Sunday,Website (Shopify),Website (Shopify),LT-IND,"Loop Tote, Indigo",Indigo,standard,1,189000,189000,0,,40000,229000,0,4000,78000,107000,IDR,229000,,Bank transfer (VA),JNE,C000304,new,Bogor,West Java,ID,completed,2026-06-29,2026-06-30,instagram / bio_link,ig_always_on,,,
STR-20260628-0003,2026-06-28 19:24:49,2026-06-28,Sunday,Physical store,Bandung store,LT-IND,"Loop Tote, Indigo",Indigo,standard,1,189000,189000,0,,0,189000,0,1323,78000,109677,IDR,189000,,QRIS,In-store pickup,C000305,new,Bandung,West Java,ID,completed,2026-06-28,2026-06-28,walk-in,,,,
STR-20260628-0004,2026-06-28 19:32:38,2026-06-28,Sunday,Physical store,Bandung store,LT-IND,"Loop Tote, Indigo",Indigo,standard,2,189000,378000,0,,0,378000,0,2646,156000,219354,IDR,378000,,QRIS,In-store pickup,C000141,returning,Bandung,West Java,ID,completed,2026-06-28,2026-06-28,walk-in,,,,
IG-20260628-0004,2026-06-28 20:49:55,2026-06-28,Sunday,Instagram,Instagram (DM/WhatsApp),LT-SND,"Loop Tote, Sand",Sand,standard,1,189000,189000,0,,18000,207000,0,0,78000,111000,IDR,207000,,Bank transfer (manual),SiCepat,C000306,new,Makassar,South Sulawesi,ID,completed,2026-06-29,2026-07-04,dm,,,,
IG-20260628-0005,2026-06-28 21:25:10,2026-06-28,Sunday,Instagram,Instagram (DM/WhatsApp),LT-IND,"Loop Tote, Indigo",Indigo,standard,1,189000,189000,9500,IGDM5,25000,204500,0,7930,78000,93570,IDR,204500,,Credit card,JNE,C000307,new,Tangerang,Banten,ID,completed,2026-06-29,2026-06-30,dm,,,,
IG-20260628-0006,2026-06-28 21:31:43,2026-06-28,Sunday,Instagram,Instagram (DM/WhatsApp),LT-GRN,"Loop Tote, Sea-green",Sea-green,standard,1,189000,189000,0,,0,189000,0,0,78000,111000,IDR,189000,,Bank transfer (manual),SiCepat,C000308,new,Medan,North Sumatra,ID,completed,2026-06-29,2026-07-04,dm,,,,
IG-20260628-0007,2026-06-28 21:50:11,2026-06-28,Sunday,Instagram,Instagram (DM/WhatsApp),LT-IND,"Loop Tote, Indigo",Indigo,standard,1,189000,189000,0,,0,189000,0,0,78000,111000,IDR,189000,,Bank transfer (manual),JNE,C000309,new,Cimahi,West Java,ID,completed,2026-06-28,2026-06-29,dm,,,,
IG-20260628-0008,2026-06-28 22:17:20,2026-06-28,Sunday,Instagram,Instagram (DM/WhatsApp),LT-SND,"Loop Tote, Sand",Sand,standard,1,189000,189000,0,,0,189000,0,0,78000,111000,IDR,189000,,Bank transfer (manual),JNE,C000310,new,Jakarta,DKI Jakarta,ID,completed,2026-06-28,2026-07-01,dm,,,,
IG-20260628-0009,2026-06-28 23:10:37,2026-06-28,Sunday,Instagram,Instagram (DM/WhatsApp),LT-SND,"Loop Tote, Sand",Sand,standard,1,189000,189000,0,,40000,229000,0,0,78000,111000,IDR,229000,,Bank transfer (manual),SiCepat,C000311,new,Yogyakarta,DI Yogyakarta,ID,completed,2026-06-29,2026-07-03,whatsapp_click,,,,
#LT10070,2026-06-29 09:00:15,2026-06-29,Monday,Website (Shopify),Website (Shopify),LT-GRN,"Loop Tote, Sea-green",Sea-green,standard,1,189000,189000,0,,18000,207000,0,3105,78000,107895,IDR,207000,,ShopeePay,JNE,C000312,new,Cimahi,West Java,ID,completed,2026-06-29,2026-07-01,google / organic,,,,
#LT10071,2026-06-29 11:52:19,2026-06-29,Monday,Website (Shopify),Website (Shopify),LT-IND,"Loop Tote, Indigo",Indigo,standard,3,189000,567000,0,,0,567000,0,4000,234000,329000,IDR,567000,,Bank transfer (VA),JNE,C000313,new,Bogor,West Java,ID,completed,2026-06-30,2026-07-02,newsletter,,,,
#LT10072,2026-06-29 14:01:13,2026-06-29,Monday,Website (Shopify),Website (Shopify),LT-IND,"Loop Tote, Indigo",Indigo,standard,2,189000,378000,0,,0,378000,0,5670,156000,216330,IDR,378000,,GoPay,GoSend/Grab Instant,C000314,new,Balikpapan,East Kalimantan,ID,completed,2026-06-30,2026-07-04,direct,,,,
IG-20260629-0001,2026-06-29 14:24:46,2026-06-29,Monday,Instagram,Instagram (DM/WhatsApp),LT-GRN,"Loop Tote, Sea-green",Sea-green,standard,2,189000,378000,0,,40000,418000,0,0,156000,0,IDR,418000,,GoPay/OVO,,C000315,new,Cirebon,West Java,ID,cancelled,,,dm,,,,
STR-20260629-0001,2026-06-29 18:04:37,2026-06-29,Monday,Physical store,Bandung store,LT-GRN,"Loop Tote, Sea-green",Sea-green,standard,1,189000,189000,0,,0,189000,0,7481,78000,103519,IDR,189000,,Credit card,In-store pickup,C000316,new,Bandung,West Java,ID,completed,2026-06-29,2026-06-29,walk-in,,,,
IG-20260629-0002,2026-06-29 20:30:42,2026-06-29,Monday,Instagram,Instagram (DM/WhatsApp),LT-GRN,"Loop Tote, Sea-green",Sea-green,standard,1,189000,189000,0,,40000,229000,0,8641,78000,102359,IDR,229000,,Credit card,J&T Express,C000317,new,Bandung,West Java,ID,completed,2026-06-30,2026-07-01,dm,,,,
366474544415085,2026-06-30 02:28:24,2026-06-30,Tuesday,Indonesian marketplace,Lazada,LT-GRN,"Loop Tote, Sea-green",Sea-green,standard,2,189000,378000,0,,35000,413000,32130,0,156000,189870,IDR,413000,,Bank transfer (VA),SiCepat,C000318,new,Cirebon,West Java,ID,completed,2026-06-30,2026-07-04,shop_page,,,,
113-2263804-6184778,2026-06-30 07:57:52,2026-06-30,Tuesday,Amazon,Amazon,LT-IND,"Loop Tote, Indigo",Indigo,standard,1,260637,260637,0,,113937,374574,39096,0,78000,143541,USD,22.98,16300,Credit card,DHL eCommerce,C000319,new,Seattle,Washington,US,completed,2026-07-01,2026-07-19,marketplace_search,,,,
IG-20260630-0001,2026-06-30 11:09:51,2026-06-30,Tuesday,Instagram,Instagram (DM/WhatsApp),LT-GRN,"Loop Tote, Sea-green",Sea-green,standard,1,189000,189000,0,,25000,214000,0,8206,78000,102794,IDR,214000,,Credit card,SiCepat,C000320,new,Surabaya,East Java,ID,completed,2026-06-30,2026-07-02,whatsapp_click,,,,
IG-20260630-0002,2026-06-30 12:00:16,2026-06-30,Tuesday,Instagram,Instagram (DM/WhatsApp),LT-SND,"Loop Tote, Sand",Sand,standard,1,189000,189000,0,,25000,214000,0,0,78000,111000,IDR,214000,,Bank transfer (manual),GoSend/Grab Instant,C000321,new,Bekasi,West Java,ID,completed,2026-06-30,2026-07-01,dm,,,,
#LT10073,2026-06-30 12:41:53,2026-06-30,Tuesday,Website (Shopify),Website (Shopify),LT-GRN,"Loop Tote, Sea-green",Sea-green,standard,2,189000,378000,0,,0,378000,0,5670,156000,216330,IDR,378000,,GoPay,GoSend/Grab Instant,C000314,returning,Balikpapan,East Kalimantan,ID,completed,2026-06-30,2026-07-03,instagram / bio_link,ig_always_on,,,
IG-20260630-0003,2026-06-30 16:35:03,2026-06-30,Tuesday,Instagram,Instagram (DM/WhatsApp),LT-SND,"Loop Tote, Sand",Sand,standard,1,189000,189000,9500,IGDM5,15000,194500,0,2918,78000,98582,IDR,194500,,GoPay/OVO,GoSend/Grab Instant,C000322,new,Bekasi,West Java,ID,completed,2026-06-30,2026-07-01,comment,,,,
IG-20260630-0004,2026-06-30 16:39:19,2026-06-30,Tuesday,Instagram,Instagram (DM/WhatsApp),LT-SND,"Loop Tote, Sand",Sand,standard,1,189000,189000,9500,IGDM5,40000,219500,0,0,78000,101500,IDR,219500,,Bank transfer (manual),GoSend/Grab Instant,C000323,new,Bekasi,West Java,ID,completed,2026-07-01,2026-07-04,whatsapp_click,,,,
#LT10074,2026-06-30 19:02:02,2026-06-30,Tuesday,Website (Shopify),Website (Shopify),LT-IND,"Loop Tote, Indigo",Indigo,standard,1,189000,189000,0,,40000,229000,0,1603,78000,109397,IDR,229000,,QRIS,SiCepat,C000324,new,Jakarta,DKI Jakarta,ID,completed,2026-06-30,2026-07-03,direct,,,,
#LT10075,2026-06-30 19:23:12,2026-06-30,Tuesday,Website (Shopify),Website (Shopify),LT-IND,"Loop Tote, Indigo",Indigo,standard,1,189000,189000,0,,25000,214000,0,3210,78000,107790,IDR,214000,,ShopeePay,J&T Express,C000325,new,Tasikmalaya,West Java,ID,completed,2026-07-01,2026-07-03,instagram / bio_link,ig_always_on,,,
#LT10076,2026-06-30 19:51:34,2026-06-30,Tuesday,Website (Shopify),Website (Shopify),LT-SND,"Loop Tote, Sand",Sand,standard,1,189000,189000,0,,40000,229000,0,3435,78000,107565,IDR,229000,,OVO,JNE,C000326,new,Bandung,West Java,ID,completed,2026-07-01,2026-07-03,google / organic,,,,
5349505272049403490,2026-06-30 21:01:38,2026-06-30,Tuesday,Indonesian marketplace,TikTok Shop,LT-SND,"Loop Tote, Sand",Sand,standard,2,179000,358000,18000,Platform voucher,0,340000,28900,0,156000,155100,IDR,340000,,ShopeePay,J&T Express,C000264,returning,Jakarta,DKI Jakarta,ID,completed,2026-06-30,2026-07-02,marketplace_search,,,,
26063078627288B,2026-06-30 22:04:18,2026-06-30,Tuesday,Indonesian marketplace,Shopee,LT-IND,"Loop Tote, Indigo",Indigo,standard,1,189000,189000,0,,25000,214000,17955,0,78000,93045,IDR,214000,,ShopeePay,J&T Express,C000327,new,Surabaya,East Java,ID,completed,2026-07-01,2026-07-04,marketplace_search,,,,
26063092305564C,2026-06-30 22:07:45,2026-06-30,Tuesday,Indonesian marketplace,Shopee,LT-IND,"Loop Tote, Indigo",Indigo,standard,1,189000,189000,0,,0,189000,17955,0,78000,93045,IDR,189000,,Alfamart/Indomaret,JNE,C000328,new,Cirebon,West Java,ID,completed,2026-06-30,2026-07-04,marketplace_search,,,,
115914797883569,2026-07-01 04:00:52,2026-07-01,Wednesday,Indonesian marketplace,Lazada,LT-IND,"Loop Tote, Indigo",Indigo,standard,1,189000,189000,0,,12000,201000,16065,0,78000,94935,IDR,201000,,ShopeePay,JNE,C000329,new,Surabaya,East Java,ID,completed,2026-07-01,2026-07-03,marketplace_search,,,,
STR-20260701-0001,2026-07-01 14:53:09,2026-07-01,Wednesday,Physical store,Bandung store,LT-GRN,"Loop Tote, Sea-green",Sea-green,standard,1,189000,189000,0,,0,189000,0,1890,78000,109110,IDR,189000,,Debit card,In-store pickup,C000049,returning,Bandung,West Java,ID,completed,2026-07-01,2026-07-01,walk-in,,,,
26070192968300B,2026-07-01 15:19:20,2026-07-01,Wednesday,Indonesian marketplace,Shopee,LT-IND,"Loop Tote, Indigo",Indigo,standard,1,189000,189000,0,,0,189000,17955,0,78000,93045,IDR,189000,,Bank transfer (VA),SiCepat,C000157,returning,Bandung,West Java,ID,completed,2026-07-01,2026-07-02,recommended,,,,
228356017329967,2026-07-01 21:00:53,2026-07-01,Wednesday,Indonesian marketplace,Lazada,LT-SND,"Loop Tote, Sand",Sand,standard,1,189000,189000,0,,20000,209000,0,0,78000,0,IDR,209000,,PayLater,,C000330,new,Cimahi,West Java,ID,cancelled,,,marketplace_search,,,,
5248109932581790885,2026-07-01 21:07:30,2026-07-01,Wednesday,Indonesian marketplace,TikTok Shop,LT-GRN,"Loop Tote, Sea-green",Sea-green,standard,1,179000,179000,14500,Platform voucher,15000,179500,13983,0,78000,72517,IDR,179500,,QRIS,J&T Express,C000331,new,South Tangerang,Banten,ID,completed,2026-07-02,2026-07-03,marketplace_search,,,,
26070180436154C,2026-07-01 21:46:03,2026-07-01,Wednesday,Indonesian marketplace,Shopee,LT-SND,"Loop Tote, Sand",Sand,standard,1,189000,189000,0,,25000,214000,17955,0,78000,93045,IDR,214000,,ShopeePay,SiCepat,C000332,new,Surabaya,East Java,ID,completed,2026-07-01,2026-07-03,marketplace_campaign,,,,
113-1262287-7405428,2026-07-02 02:02:03,2026-07-02,Thursday,Amazon,Amazon,LT-IND,"Loop Tote, Indigo",Indigo,standard,1,260637,260637,0,,113937,374574,39096,0,78000,-64096,USD,22.98,16300,Credit card,DHL eCommerce,C000333,new,Los Angeles,California,US,returned,2026-07-02,2026-07-10,marketplace_search,,,,
#LT10077,2026-07-02 06:09:07,2026-07-02,Thursday,Website (Shopify),Website (Shopify),LT-GRN,"Loop Tote, Sea-green",Sea-green,standard,2,189000,378000,0,,0,378000,0,4000,156000,218000,IDR,378000,,Bank transfer (VA),SiCepat,C000334,new,Jakarta,DKI Jakarta,ID,completed,2026-07-02,2026-07-04,instagram / bio_link,ig_always_on,,,
IG-20260702-0001,2026-07-02 10:39:35,2026-07-02,Thursday,Instagram,Instagram (DM/WhatsApp),LT-SND,"Loop Tote, Sand",Sand,standard,1,189000,189000,9500,IGDM5,18000,197500,0,1382,78000,100118,IDR,197500,,QRIS,GoSend/Grab Instant,C000335,new,Bandung,West Java,ID,completed,2026-07-02,2026-07-04,comment,,,,
STR-20260702-0001,2026-07-02 11:36:57,2026-07-02,Thursday,Physical store,Bandung store,LT-IND,"Loop Tote, Indigo",Indigo,standard,1,189000,189000,0,,0,189000,0,0,78000,111000,IDR,189000,,Cash,In-store pickup,C000184,returning,Bandung,West Java,ID,completed,2026-07-02,2026-07-02,walk-in,,,,
STR-20260702-0002,2026-07-02 14:31:00,2026-07-02,Thursday,Physical store,Bandung store,LT-GRN,"Loop Tote, Sea-green",Sea-green,standard,1,189000,189000,0,,0,189000,0,7481,78000,103519,IDR,189000,,Credit card,In-store pickup,C000336,new,Bandung,West Java,ID,completed,2026-07-02,2026-07-02,walk-in,,,,
STR-20260702-0003,2026-07-02 14:38:14,2026-07-02,Thursday,Physical store,Bandung store,LT-SND,"Loop Tote, Sand",Sand,standard,1,189000,189000,0,,0,189000,0,1323,78000,109677,IDR,189000,,QRIS,In-store pickup,C000337,new,Bandung,West Java,ID,completed,2026-07-02,2026-07-02,walk-in,,,,
IG-20260702-0002,2026-07-02 14:58:12,2026-07-02,Thursday,Instagram,Instagram (DM/WhatsApp),LT-GRN,"Loop Tote, Sea-green",Sea-green,standard,1,189000,189000,9500,IGDM5,15000,194500,0,0,78000,101500,IDR,194500,,Bank transfer (manual),J&T Express,C000098,returning,Tasikmalaya,West Java,ID,completed,2026-07-02,2026-07-05,dm,,,,
#LT10078,2026-07-02 17:49:05,2026-07-02,Thursday,Website (Shopify),Website (Shopify),LT-SND,"Loop Tote, Sand",Sand,standard,1,189000,189000,0,,18000,207000,0,3105,78000,107895,IDR,207000,,ShopeePay,SiCepat,C000338,new,Semarang,Central Java,ID,completed,2026-07-02,2026-07-04,google / organic,,,,
STR-20260702-0004,2026-07-02 18:24:15,2026-07-02,Thursday,Physical store,Bandung store,LT-GRN,"Loop Tote, Sea-green",Sea-green,standard,3,189000,567000,0,,0,567000,0,0,234000,333000,IDR,567000,,Cash,In-store pickup,C000339,new,Bandung,West Java,ID,completed,2026-07-02,2026-07-02,walk-in,,,,
113-8914654-7314801,2026-07-02 18:50:25,2026-07-02,Thursday,Amazon,Amazon,LT-GRN,"Loop Tote, Sea-green",Sea-green,standard,1,260637,260637,0,,113937,374574,39096,0,78000,-64096,USD,22.98,16300,Credit card,DHL eCommerce,C000340,new,Amsterdam,North Holland,NL,returned,2026-07-03,2026-07-20,marketplace_search,,,,
546317105250039,2026-07-02 19:07:58,2026-07-02,Thursday,Indonesian marketplace,Lazada,LT-GRN,"Loop Tote, Sea-green",Sea-green,standard,1,189000,189000,0,,15000,204000,16065,0,78000,94935,IDR,204000,,ShopeePay,JNE,C000341,new,Pontianak,West Kalimantan,ID,completed,2026-07-02,2026-07-05,marketplace_search,,,,
#LT10079,2026-07-02 20:22:06,2026-07-02,Thursday,Website (Shopify),Website (Shopify),LT-GRN,"Loop Tote, Sea-green",Sea-green,standard,1,189000,189000,0,,25000,214000,0,4000,78000,107000,IDR,214000,,Bank transfer (VA),SiCepat,C000342,new,Cirebon,West Java,ID,completed,2026-07-03,2026-07-05,instagram / bio_link,ig_always_on,,,
#LT10080,2026-07-02 20:43:23,2026-07-02,Thursday,Website (Shopify),Website (Shopify),LT-SND,"Loop Tote, Sand",Sand,standard,1,189000,189000,0,,18000,207000,0,8003,78000,102997,IDR,207000,,Credit card,J&T Express,C000343,new,Bandung,West Java,ID,completed,2026-07-02,2026-07-03,newsletter,,,,
26070378090112B,2026-07-03 02:36:29,2026-07-03,Friday,Indonesian marketplace,Shopee,LT-SND,"Loop Tote, Sand",Sand,standard,1,189000,189000,15000,Platform voucher,30000,204000,16530,0,78000,79470,IDR,204000,,ShopeePay,AnterAja,C000344,new,Makassar,South Sulawesi,ID,completed,2026-07-04,2026-07-07,marketplace_search,,,,
113-7372223-8753325,2026-07-03 03:43:13,2026-07-03,Friday,Amazon,Amazon,LT-SND,"Loop Tote, Sand",Sand,standard,1,260637,260637,0,,113937,374574,39096,0,78000,143541,USD,22.98,16300,Credit card,DHL eCommerce,C000345,new,Amsterdam,North Holland,NL,completed,2026-07-03,2026-07-19,marketplace_search,,,,
113-3060348-6885583,2026-07-03 04:13:21,2026-07-03,Friday,Amazon,Amazon,LT-SND,"Loop Tote, Sand",Sand,standard,1,260637,260637,0,,113937,374574,39096,0,78000,143541,USD,22.98,16300,Credit card,DHL eCommerce,C000346,new,London,England,GB,completed,2026-07-04,2026-07-12,marketplace_campaign,,,,
26070325041121C,2026-07-03 05:38:23,2026-07-03,Friday,Indonesian marketplace,Shopee,LT-GRN,"Loop Tote, Sea-green",Sea-green,standard,2,189000,378000,0,,30000,408000,35910,0,156000,186090,IDR,408000,,PayLater,JNE,C000347,new,South Tangerang,Banten,ID,completed,2026-07-04,2026-07-05,marketplace_search,,,,
IG-20260703-0001,2026-07-03 07:17:52,2026-07-03,Friday,Instagram,Instagram (DM/WhatsApp),LT-GRN,"Loop Tote, Sea-green",Sea-green,standard,1,189000,189000,0,,15000,204000,0,0,78000,111000,IDR,204000,,Bank transfer (manual),J&T Express,C000098,returning,Tasikmalaya,West Java,ID,completed,2026-07-04,2026-07-07,story_reply,,,,
INV/20260703/MPL/188900647,2026-07-03 11:42:35,2026-07-03,Friday,Indonesian marketplace,Tokopedia,LT-GRN,"Loop Tote, Sea-green",Sea-green,standard,1,189000,189000,0,,35000,224000,15120,0,78000,95880,IDR,224000,,ShopeePay,JNE,C000348,new,Jakarta,DKI Jakarta,ID,completed,2026-07-04,2026-07-06,shop_page,,,,
STR-20260703-0001,2026-07-03 17:52:52,2026-07-03,Friday,Physical store,Bandung store,LT-IND,"Loop Tote, Indigo",Indigo,standard,1,189000,189000,0,,0,189000,0,0,78000,111000,IDR,189000,,Cash,In-store pickup,C000349,new,Bandung,West Java,ID,completed,2026-07-03,2026-07-03,walk-in,,,,
STR-20260703-0002,2026-07-03 18:02:44,2026-07-03,Friday,Physical store,Bandung store,LT-IND,"Loop Tote, Indigo",Indigo,standard,1,189000,189000,0,,0,189000,0,1890,78000,109110,IDR,189000,,Debit card,In-store pickup,C000251,returning,Bandung,West Java,ID,completed,2026-07-03,2026-07-03,walk-in,,,,
844765981205675,2026-07-03 19:03:03,2026-07-03,Friday,Indonesian marketplace,Lazada,LT-GRN,"Loop Tote, Sea-green",Sea-green,standard,1,189000,189000,0,,12000,201000,16065,0,78000,94935,IDR,201000,,QRIS,JNE,C000350,new,Surabaya,East Java,ID,completed,2026-07-03,2026-07-06,marketplace_campaign,,,,
STR-20260703-0003,2026-07-03 19:28:24,2026-07-03,Friday,Physical store,Bandung store,LT-GRN,"Loop Tote, Sea-green",Sea-green,standard,1,189000,189000,0,,0,189000,0,1323,78000,109677,IDR,189000,,QRIS,In-store pickup,C000140,returning,Bandung,West Java,ID,completed,2026-07-03,2026-07-03,walk-in,,,,
5799680668311652688,2026-07-03 21:27:03,2026-07-03,Friday,Indonesian marketplace,TikTok Shop,LT-SND,"Loop Tote, Sand",Sand,standard,1,179000,179000,18000,Platform voucher,20000,181000,13685,0,78000,69315,IDR,181000,,Bank transfer (VA),AnterAja,C000351,new,Bekasi,West Java,ID,completed,2026-07-04,2026-07-05,marketplace_search,,,,
26070332383774D,2026-07-03 21:56:48,2026-07-03,Friday,Indonesian marketplace,Shopee,LT-GRN,"Loop Tote, Sea-green",Sea-green,standard,1,189000,189000,19000,Platform voucher,0,170000,16150,0,78000,75850,IDR,170000,,COD,J&T Express,C000352,new,Medan,North Sumatra,ID,completed,2026-07-04,2026-07-09,marketplace_search,,,,
26070488828376B,2026-07-04 10:20:29,2026-07-04,Saturday,Indonesian marketplace,Shopee,LT-IND,"Loop Tote, Indigo",Indigo,standard,1,189000,189000,0,,12000,201000,17955,0,78000,93045,IDR,201000,,Credit card,J&T Express,C000353,new,Jakarta,DKI Jakarta,ID,completed,2026-07-04,2026-07-06,marketplace_campaign,,,,
STR-20260704-0001,2026-07-04 11:00:42,2026-07-04,Saturday,Physical store,Bandung store,LT-GRN,"Loop Tote, Sea-green",Sea-green,standard,2,189000,378000,0,,0,378000,0,0,156000,222000,IDR,378000,,Cash,In-store pickup,C000354,new,Bandung,West Java,ID,completed,2026-07-04,2026-07-04,walk-in,,,,
STR-20260704-0002,2026-07-04 11:11:38,2026-07-04,Saturday,Physical store,Bandung store,LT-SND,"Loop Tote, Sand",Sand,standard,1,189000,189000,0,,0,189000,0,1323,78000,109677,IDR,189000,,QRIS,In-store pickup,C000111,returning,Bandung,West Java,ID,completed,2026-07-04,2026-07-04,walk-in,,,,
#LT10081,2026-07-04 11:28:16,2026-07-04,Saturday,Website (Shopify),Website (Shopify),LT-IND,"Loop Tote, Indigo",Indigo,standard,1,189000,189000,9500,NEWSLETTER5,0,179500,0,7206,78000,94294,IDR,179500,,Credit card,JNE,C000355,new,Cimahi,West Java,ID,completed,2026-07-04,2026-07-06,instagram / bio_link,ig_always_on,,,
STR-20260704-0003,2026-07-04 11:39:37,2026-07-04,Saturday,Physical store,Bandung store,LT-SND,"Loop Tote, Sand",Sand,standard,1,189000,189000,0,,0,189000,0,0,78000,111000,IDR,189000,,Cash,In-store pickup,C000305,returning,Bandung,West Java,ID,completed,2026-07-04,2026-07-04,walk-in,,,,
#LT10082,2026-07-04 13:30:16,2026-07-04,Saturday,Website (Shopify),Website (Shopify),LT-GRN,"Loop Tote, Sea-green",Sea-green,standard,2,189000,378000,0,,0,378000,0,12962,156000,209038,IDR,378000,,Credit card,GoSend/Grab Instant,C000356,new,Denpasar,Bali,ID,completed,2026-07-04,2026-07-08,direct,,,,
26070429078151C,2026-07-04 19:06:01,2026-07-04,Saturday,Indonesian marketplace,Shopee,LT-SND,"Loop Tote, Sand",Sand,standard,1,189000,189000,0,,20000,209000,17955,0,78000,93045,IDR,209000,,ShopeePay,SiCepat,C000152,returning,Solo,Central Java,ID,completed,2026-07-04,2026-07-06,recommended,,,,
#LT10083,2026-07-04 19:21:28,2026-07-04,Saturday,Website (Shopify),Website (Shopify),LT-SND,"Loop Tote, Sand",Sand,standard,1,189000,189000,0,,40000,229000,0,1603,78000,109397,IDR,229000,,QRIS,JNE,C000357,new,Bandung,West Java,ID,completed,2026-07-05,2026-07-06,google / organic,,,,
STR-20260705-0001,2026-07-05 11:24:12,2026-07-05,Sunday,Physical store,Bandung store,LT-GRN,"Loop Tote, Sea-green",Sea-green,standard,3,189000,567000,0,,0,567000,0,3969,234000,329031,IDR,567000,,QRIS,In-store pickup,C000358,new,Bandung,West Java,ID,completed,2026-07-05,2026-07-05,walk-in,,,,
INV/20260705/MPL/101063404,2026-07-05 12:18:35,2026-07-05,Sunday,Indonesian marketplace,Tokopedia,LT-GRN,"Loop Tote, Sea-green",Sea-green,standard,1,189000,189000,0,,12000,201000,15120,0,78000,95880,IDR,201000,,ShopeePay,AnterAja,C000179,returning,Pontianak,West Kalimantan,ID,completed,2026-07-06,2026-07-11,marketplace_campaign,,,,
#LT10084,2026-07-05 13:38:19,2026-07-05,Sunday,Website (Shopify),Website (Shopify),LT-SND,"Loop Tote, Sand",Sand,standard,1,189000,189000,0,,32000,221000,0,4000,78000,107000,IDR,221000,,Bank transfer (VA),GoSend/Grab Instant,C000359,new,Malang,East Java,ID,completed,2026-07-05,2026-07-08,instagram / bio_link,ig_always_on,,,
STR-20260705-0002,2026-07-05 15:22:46,2026-07-05,Sunday,Physical store,Bandung store,LT-GRN,"Loop Tote, Sea-green",Sea-green,standard,1,189000,189000,0,,0,189000,0,1890,78000,109110,IDR,189000,,Debit card,In-store pickup,C000360,new,Bandung,West Java,ID,completed,2026-07-05,2026-07-05,walk-in,,,,
INV/20260705/MPL/240468827,2026-07-05 16:38:43,2026-07-05,Sunday,Indonesian marketplace,Tokopedia,LT-GRN,"Loop Tote, Sea-green",Sea-green,standard,1,189000,189000,0,,20000,209000,0,0,78000,0,IDR,209000,,ShopeePay,,C000361,new,Jakarta,DKI Jakarta,ID,cancelled,,,recommended,,,,
113-1314594-3131330,2026-07-05 18:55:52,2026-07-05,Sunday,Amazon,Amazon,LT-GRN,"Loop Tote, Sea-green",Sea-green,standard,1,260637,260637,0,,113937,374574,39096,0,78000,143541,USD,22.98,16300,Credit card,DHL eCommerce,C000362,new,Los Angeles,California,US,completed,2026-07-05,2026-07-13,marketplace_campaign,,,,
STR-20260705-0003,2026-07-05 19:34:08,2026-07-05,Sunday,Physical store,Bandung store,LT-GRN,"Loop Tote, Sea-green",Sea-green,standard,1,189000,189000,0,,0,189000,0,0,78000,111000,IDR,189000,,Cash,In-store pickup,C000100,returning,Cimahi,West Java,ID,completed,2026-07-05,2026-07-05,walk-in,,,,
26070553088075B,2026-07-05 19:35:00,2026-07-05,Sunday,Indonesian marketplace,Shopee,LT-GRN,"Loop Tote, Sea-green",Sea-green,standard,1,189000,189000,0,,20000,209000,17955,0,78000,93045,IDR,209000,,Credit card,Shopee Xpress / platform courier,C000363,new,Bogor,West Java,ID,completed,2026-07-05,2026-07-08,shop_page,,,,
IG-20260705-0001,2026-07-05 20:15:52,2026-07-05,Sunday,Instagram,Instagram (DM/WhatsApp),LT-GRN,"Loop Tote, Sea-green",Sea-green,standard,1,189000,189000,0,,15000,204000,0,0,78000,111000,IDR,204000,,Bank transfer (manual),JNE,C000364,new,Jakarta,DKI Jakarta,ID,completed,2026-07-05,2026-07-07,comment,,,,
#LT10085,2026-07-05 21:14:31,2026-07-05,Sunday,Website (Shopify),Website (Shopify),LT-GRN,"Loop Tote, Sea-green",Sea-green,standard,2,189000,378000,0,,0,378000,0,12962,156000,209038,IDR,378000,,Credit card,GoSend/Grab Instant,C000365,new,Makassar,South Sulawesi,ID,completed,2026-07-06,2026-07-11,instagram / bio_link,ig_always_on,,,
113-3456416-1200415,2026-07-06 03:07:11,2026-07-06,Monday,Amazon,Amazon,LT-GRN,"Loop Tote, Sea-green",Sea-green,standard,1,260637,260637,0,,113937,374574,39096,0,78000,143541,USD,22.98,16300,Credit card,DHL eCommerce,C000366,new,Sydney,New South Wales,AU,completed,2026-07-07,2026-07-22,marketplace_search,,,,
113-4814636-3973326,2026-07-06 03:18:16,2026-07-06,Monday,Amazon,Amazon,LT-SND,"Loop Tote, Sand",Sand,standard,1,260637,260637,0,,113937,374574,39096,0,78000,143541,USD,22.98,16300,Credit card,DHL eCommerce,C000367,new,London,England,GB,completed,2026-07-06,2026-07-14,recommended,,,,
#LT10086,2026-07-06 07:06:01,2026-07-06,Monday,Website (Shopify),Website (Shopify),LT-GRN,"Loop Tote, Sea-green",Sea-green,standard,1,189000,189000,0,,25000,214000,0,1498,78000,109502,IDR,214000,,QRIS,GoSend/Grab Instant,C000368,new,Bekasi,West Java,ID,completed,2026-07-07,2026-07-10,google / organic,,,,
BLI-20260706-238906,2026-07-06 08:52:33,2026-07-06,Monday,Indonesian marketplace,Blibli,LT-GRN,"Loop Tote, Sea-green",Sea-green,standard,1,189000,189000,15000,Platform voucher,12000,186000,13920,0,78000,82080,IDR,186000,,PayLater,J&T Express,C000369,new,Medan,North Sumatra,ID,completed,2026-07-07,2026-07-12,marketplace_campaign,,,,
IG-20260706-0001,2026-07-06 08:53:59,2026-07-06,Monday,Instagram,Instagram (DM/WhatsApp),LT-IND,"Loop Tote, Indigo",Indigo,standard,1,189000,189000,0,,40000,229000,0,3435,78000,107565,IDR,229000,,GoPay/OVO,J&T Express,C000370,new,Bandung,West Java,ID,completed,2026-07-07,2026-07-09,comment,,,,
#LT10087,2026-07-06 09:37:37,2026-07-06,Monday,Website (Shopify),Website (Shopify),LT-GRN,"Loop Tote, Sea-green",Sea-green,standard,1,189000,189000,0,,32000,221000,0,0,78000,0,IDR,221000,,Bank transfer (VA),,C000371,new,Depok,West Java,ID,cancelled,,,direct,,,,
STR-20260706-0001,2026-07-06 12:06:07,2026-07-06,Monday,Physical store,Bandung store,LT-SND,"Loop Tote, Sand",Sand,standard,1,189000,189000,0,,0,189000,0,1890,78000,109110,IDR,189000,,Debit card,In-store pickup,C000372,new,Bandung,West Java,ID,completed,2026-07-06,2026-07-06,walk-in,,,,
IG-20260706-0002,2026-07-06 15:40:59,2026-07-06,Monday,Instagram,Instagram (DM/WhatsApp),LT-GRN,"Loop Tote, Sea-green",Sea-green,standard,1,189000,189000,0,,40000,229000,0,0,78000,111000,IDR,229000,,Bank transfer (manual),J&T Express,C000373,new,Denpasar,Bali,ID,completed,2026-07-06,2026-07-12,dm,,,,
STR-20260706-0002,2026-07-06 19:51:17,2026-07-06,Monday,Physical store,Bandung store,LT-GRN,"Loop Tote, Sea-green",Sea-green,standard,1,189000,189000,0,,0,189000,0,1323,78000,109677,IDR,189000,,QRIS,In-store pickup,C000374,new,Yogyakarta,DI Yogyakarta,ID,completed,2026-07-06,2026-07-06,walk-in,,,,
INV/20260706/MPL/316323554,2026-07-06 20:28:54,2026-07-06,Monday,Indonesian marketplace,Tokopedia,LT-GRN,"Loop Tote, Sea-green",Sea-green,standard,1,189000,189000,0,,15000,204000,15120,0,78000,95880,IDR,204000,,ShopeePay,AnterAja,C000375,new,Depok,West Java,ID,completed,2026-07-06,2026-07-08,marketplace_search,,,,
26070643989157B,2026-07-06 20:28:56,2026-07-06,Monday,Indonesian marketplace,Shopee,LT-IND,"Loop Tote, Indigo",Indigo,standard,1,189000,189000,0,,0,189000,17955,0,78000,93045,IDR,189000,,COD,SiCepat,C000376,new,Semarang,Central Java,ID,completed,2026-07-07,2026-07-11,marketplace_campaign,,,,
26070679330239C,2026-07-06 20:40:21,2026-07-06,Monday,Indonesian marketplace,Shopee,LT-GRN,"Loop Tote, Sea-green",Sea-green,standard,1,189000,189000,0,,35000,224000,17955,0,78000,93045,IDR,224000,,Bank transfer (VA),SiCepat,C000377,new,Jakarta,DKI Jakarta,ID,completed,2026-07-06,2026-07-09,shop_page,,,,
#LT10088,2026-07-06 21:33:26,2026-07-06,Monday,Website (Shopify),Website (Shopify),LT-GRN,"Loop Tote, Sea-green",Sea-green,standard,1,189000,189000,0,,32000,221000,0,1547,78000,109453,IDR,221000,,QRIS,JNE,C000378,new,Bogor,West Java,ID,completed,2026-07-07,2026-07-08,instagram / bio_link,ig_always_on,,,
5752312141990463017,2026-07-06 23:24:03,2026-07-06,Monday,Indonesian marketplace,TikTok Shop,LT-GRN,"Loop Tote, Sea-green",Sea-green,standard,1,179000,179000,0,,0,179000,15215,0,78000,85785,IDR,179000,,QRIS,JNE,C000206,returning,Depok,West Java,ID,completed,2026-07-07,2026-07-08,shop_page,,,,
26070669347128D,2026-07-06 23:49:48,2026-07-06,Monday,Indonesian marketplace,Shopee,LT-IND,"Loop Tote, Indigo",Indigo,standard,1,189000,189000,15000,Platform voucher,15000,189000,16530,0,78000,79470,IDR,189000,,ShopeePay,SiCepat,C000379,new,Surabaya,East Java,ID,completed,2026-07-06,2026-07-10,marketplace_campaign,,,,
26070779808014B,2026-07-07 01:13:19,2026-07-07,Tuesday,Indonesian marketplace,Shopee,LT-GRN,"Loop Tote, Sea-green",Sea-green,standard,1,189000,189000,0,,20000,209000,17955,0,78000,93045,IDR,209000,,ShopeePay,AnterAja,C000380,new,Surabaya,East Java,ID,completed,2026-07-07,2026-07-10,marketplace_campaign,,,,
#LT10089,2026-07-07 10:07:19,2026-07-07,Tuesday,Website (Shopify),Website (Shopify),LT-IND,"Loop Tote, Indigo",Indigo,standard,1,189000,189000,0,,25000,214000,0,4000,78000,107000,IDR,214000,,Bank transfer (VA),SiCepat,C000381,new,Banjarmasin,South Kalimantan,ID,completed,2026-07-07,2026-07-11,google / organic,,,,
26070733071278C,2026-07-07 10:17:20,2026-07-07,Tuesday,Indonesian marketplace,Shopee,LT-GRN,"Loop Tote, Sea-green",Sea-green,standard,1,189000,189000,0,,25000,214000,17955,0,78000,93045,IDR,214000,,ShopeePay,SiCepat,C000382,new,Semarang,Central Java,ID,completed,2026-07-08,2026-07-12,marketplace_search,,,,
STR-20260707-0001,2026-07-07 10:36:43,2026-07-07,Tuesday,Physical store,Bandung store,LT-SND,"Loop Tote, Sand",Sand,standard,1,189000,189000,0,,0,189000,0,0,78000,111000,IDR,189000,,Cash,In-store pickup,C000383,new,Bandung,West Java,ID,completed,2026-07-07,2026-07-07,walk-in,,,,
523347117258274,2026-07-07 11:01:34,2026-07-07,Tuesday,Indonesian marketplace,Lazada,LT-IND,"Loop Tote, Indigo",Indigo,standard,1,189000,189000,0,,12000,201000,16065,0,78000,94935,IDR,201000,,Bank transfer (VA),Shopee Xpress / platform courier,C000384,new,Bandung,West Java,ID,completed,2026-07-08,2026-07-10,marketplace_search,,,,
STR-20260707-0002,2026-07-07 11:54:24,2026-07-07,Tuesday,Physical store,Bandung store,LT-SND,"Loop Tote, Sand",Sand,standard,2,189000,378000,0,,0,378000,0,2646,156000,219354,IDR,378000,,QRIS,In-store pickup,C000385,new,Bandung,West Java,ID,completed,2026-07-07,2026-07-07,walk-in,,,,
STR-20260707-0003,2026-07-07 14:15:02,2026-07-07,Tuesday,Physical store,Bandung store,LT-SND,"Loop Tote, Sand",Sand,standard,1,189000,189000,0,,0,189000,0,1323,78000,109677,IDR,189000,,QRIS,In-store pickup,C000386,new,Yogyakarta,DI Yogyakarta,ID,completed,2026-07-07,2026-07-07,walk-in,,,,
#LT10090,2026-07-07 14:59:11,2026-07-07,Tuesday,Website (Shopify),Website (Shopify),LT-GRN,"Loop Tote, Sea-green",Sea-green,standard,1,189000,189000,0,,15000,204000,0,3060,78000,107940,IDR,204000,,ShopeePay,JNE,C000387,new,Cimahi,West Java,ID,completed,2026-07-07,2026-07-08,direct,,,,
#LT10091,2026-07-07 17:15:48,2026-07-07,Tuesday,Website (Shopify),Website (Shopify),LT-IND,"Loop Tote, Indigo",Indigo,standard,1,189000,189000,0,,25000,214000,0,4000,78000,107000,IDR,214000,,Bank transfer (VA),GoSend/Grab Instant,C000388,new,Cirebon,West Java,ID,completed,2026-07-08,2026-07-11,instagram / bio_link,ig_always_on,,,
INV/20260707/MPL/256825397,2026-07-07 18:00:51,2026-07-07,Tuesday,Indonesian marketplace,Tokopedia,LT-IND,"Loop Tote, Indigo",Indigo,standard,2,189000,378000,0,,0,378000,30240,0,156000,191760,IDR,378000,,ShopeePay,AnterAja,C000389,new,Banjarmasin,South Kalimantan,ID,completed,2026-07-08,2026-07-12,marketplace_campaign,,,,
26070740759417D,2026-07-07 19:36:28,2026-07-07,Tuesday,Indonesian marketplace,Shopee,LT-GRN,"Loop Tote, Sea-green",Sea-green,standard,2,189000,378000,0,,35000,413000,35910,0,156000,186090,IDR,413000,,COD,SiCepat,C000390,new,Batam,Riau Islands,ID,completed,2026-07-07,2026-07-11,marketplace_search,,,,
#LT10092,2026-07-07 20:19:14,2026-07-07,Tuesday,Website (Shopify),Website (Shopify),LT-SND,"Loop Tote, Sand",Sand,standard,1,189000,189000,0,,15000,204000,0,1428,78000,109572,IDR,204000,,QRIS,J&T Express,C000391,new,Bandung,West Java,ID,completed,2026-07-08,2026-07-09,google / organic,,,,
IG-20260708-0001,2026-07-08 09:46:25,2026-07-08,Wednesday,Instagram,Instagram (DM/WhatsApp),LT-GRN,"Loop Tote, Sea-green",Sea-green,standard,1,189000,189000,0,,32000,221000,0,0,78000,111000,IDR,221000,,Bank transfer (manual),J&T Express,C000392,new,Makassar,South Sulawesi,ID,completed,2026-07-08,2026-07-12,dm,,,,
26070829961543B,2026-07-08 10:07:25,2026-07-08,Wednesday,Indonesian marketplace,Shopee,LT-SND,"Loop Tote, Sand",Sand,standard,1,189000,189000,0,,25000,214000,17955,0,78000,93045,IDR,214000,,Bank transfer (VA),AnterAja,C000152,returning,Solo,Central Java,ID,completed,2026-07-09,2026-07-12,marketplace_search,,,,
INV/20260708/MPL/837325815,2026-07-08 10:21:06,2026-07-08,Wednesday,Indonesian marketplace,Tokopedia,LT-GRN,"Loop Tote, Sea-green",Sea-green,standard,1,189000,189000,19000,Platform voucher,20000,190000,0,0,78000,0,IDR,190000,,ShopeePay,,C000393,new,Bandung,West Java,ID,cancelled,,,marketplace_search,,,,
#LT10093,2026-07-08 12:29:13,2026-07-08,Wednesday,Website (Shopify),Website (Shopify),LT-GRN,"Loop Tote, Sea-green",Sea-green,standard,1,189000,189000,0,,18000,207000,0,1449,78000,109551,IDR,207000,,QRIS,JNE,C000394,new,Cimahi,West Java,ID,completed,2026-07-08,2026-07-09,newsletter,,,,
STR-20260708-0001,2026-07-08 17:12:54,2026-07-08,Wednesday,Physical store,Bandung store,LT-GRN,"Loop Tote, Sea-green",Sea-green,standard,1,189000,189000,0,,0,189000,0,1890,78000,109110,IDR,189000,,Debit card,In-store pickup,C000395,new,Bandung,West Java,ID,completed,2026-07-08,2026-07-08,walk-in,,,,
26070864460670C,2026-07-08 17:25:06,2026-07-08,Wednesday,Indonesian marketplace,Shopee,LT-SND,"Loop Tote, Sand",Sand,standard,4,189000,756000,0,,15000,771000,71820,0,312000,372180,IDR,771000,,Credit card,AnterAja,C000396,new,Bekasi,West Java,ID,completed,2026-07-08,2026-07-11,recommended,,,,
STR-20260708-0002,2026-07-08 18:07:47,2026-07-08,Wednesday,Physical store,Bandung store,LT-GRN,"Loop Tote, Sea-green",Sea-green,standard,1,189000,189000,0,,0,189000,0,1323,78000,109677,IDR,189000,,QRIS,In-store pickup,C000397,new,Bandung,West Java,ID,completed,2026-07-08,2026-07-08,walk-in,,,,
26070820394028D,2026-07-08 18:20:51,2026-07-08,Wednesday,Indonesian marketplace,Shopee,LT-IND,"Loop Tote, Indigo",Indigo,standard,1,189000,189000,0,,0,189000,17955,0,78000,93045,IDR,189000,,Alfamart/Indomaret,SiCepat,C000044,returning,Solo,Central Java,ID,completed,2026-07-08,2026-07-11,recommended,,,,
#LT10094,2026-07-08 20:22:23,2026-07-08,Wednesday,Website (Shopify),Website (Shopify),LT-IND,"Loop Tote, Indigo",Indigo,standard,1,189000,189000,0,,15000,204000,0,0,78000,0,IDR,204000,,GoPay,,C000398,new,Bandung,West Java,ID,cancelled,,,newsletter,,,,
INV/20260708/MPL/310899079,2026-07-08 20:30:28,2026-07-08,Wednesday,Indonesian marketplace,Tokopedia,LT-SND,"Loop Tote, Sand",Sand,standard,1,189000,189000,28500,Platform voucher,20000,180500,12840,0,78000,69660,IDR,180500,,Bank transfer (VA),J&T Express,C000399,new,Jakarta,DKI Jakarta,ID,completed,2026-07-08,2026-07-10,marketplace_campaign,,,,
INV/20260708/MPL/797688957,2026-07-08 21:00:44,2026-07-08,Wednesday,Indonesian marketplace,Tokopedia,LT-GRN,"Loop Tote, Sea-green",Sea-green,standard,1,189000,189000,0,,20000,209000,15120,0,78000,95880,IDR,209000,,Credit card,AnterAja,C000211,returning,Medan,North Sumatra,ID,completed,2026-07-08,2026-07-11,shop_page,,,,
IG-20260708-0002,2026-07-08 23:21:45,2026-07-08,Wednesday,Instagram,Instagram (DM/WhatsApp),LT-GRN,"Loop Tote, Sea-green",Sea-green,standard,1,189000,189000,0,,25000,214000,0,0,78000,111000,IDR,214000,,Bank transfer (manual),GoSend/Grab Instant,C000287,returning,Pontianak,West Kalimantan,ID,completed,2026-07-08,2026-07-14,story_reply,,,,
#LT10095,2026-07-09 00:35:11,2026-07-09,Thursday,Website (Shopify),Website (Shopify),LT-GRN,"Loop Tote, Sea-green",Sea-green,standard,1,189000,189000,0,,18000,207000,0,3105,78000,107895,IDR,207000,,GoPay,GoSend/Grab Instant,C000400,new,Cimahi,West Java,ID,completed,2026-07-09,2026-07-10,instagram / bio_link,ig_always_on,,,
BLI-20260709-729263,2026-07-09 10:38:25,2026-07-09,Thursday,Indonesian marketplace,Blibli,LT-SND,"Loop Tote, Sand",Sand,standard,1,189000,189000,0,,0,189000,15120,0,78000,95880,IDR,189000,,Bank transfer (VA),Shopee Xpress / platform courier,C000401,new,Jakarta,DKI Jakarta,ID,completed,2026-07-09,2026-07-12,marketplace_campaign,,,,
STR-20260709-0001,2026-07-09 16:46:12,2026-07-09,Thursday,Physical store,Bandung store,LT-GRN,"Loop Tote, Sea-green",Sea-green,standard,1,189000,189000,0,,0,189000,0,1323,78000,109677,IDR,189000,,QRIS,In-store pickup,C000402,new,Bandung,West Java,ID,completed,2026-07-09,2026-07-09,walk-in,,,,
#LT10096,2026-07-09 20:32:01,2026-07-09,Thursday,Website (Shopify),Website (Shopify),LT-GRN,"Loop Tote, Sea-green",Sea-green,standard,3,189000,567000,0,,0,567000,0,3969,234000,329031,IDR,567000,,QRIS,JNE,C000403,new,Makassar,South Sulawesi,ID,completed,2026-07-10,2026-07-16,instagram / bio_link,ig_always_on,,,
5964821202515464230,2026-07-09 22:12:28,2026-07-09,Thursday,Indonesian marketplace,TikTok Shop,LT-SND,"Loop Tote, Sand",Sand,standard,2,179000,358000,0,,25000,383000,30430,0,156000,171570,IDR,383000,,QRIS,SiCepat,C000404,new,Jakarta,DKI Jakarta,ID,completed,2026-07-10,2026-07-13,recommended,,,,
#LT10097,2026-07-09 22:13:28,2026-07-09,Thursday,Website (Shopify),Website (Shopify),LT-GRN,"Loop Tote, Sea-green",Sea-green,standard,1,189000,189000,0,,0,189000,0,2835,78000,108165,IDR,189000,,ShopeePay,J&T Express,C000405,new,Depok,West Java,ID,completed,2026-07-10,2026-07-11,whatsapp,,,,
26071054003923B,2026-07-10 00:03:47,2026-07-10,Friday,Indonesian marketplace,Shopee,LT-GRN,"Loop Tote, Sea-green",Sea-green,standard,1,189000,189000,0,,35000,224000,17955,0,78000,93045,IDR,224000,,QRIS,J&T Express,C000406,new,Makassar,South Sulawesi,ID,completed,2026-07-10,2026-07-15,marketplace_search,,,,
IG-20260710-0001,2026-07-10 05:51:35,2026-07-10,Friday,Instagram,Instagram (DM/WhatsApp),LT-SND,"Loop Tote, Sand",Sand,standard,1,189000,189000,9500,IGDM5,32000,211500,0,0,78000,0,IDR,211500,,Credit card,,C000407,new,Bandung,West Java,ID,cancelled,,,dm,,,,
26071017268443C,2026-07-10 09:49:16,2026-07-10,Friday,Indonesian marketplace,Shopee,LT-SND,"Loop Tote, Sand",Sand,standard,1,189000,189000,0,,30000,219000,17955,0,78000,93045,IDR,219000,,COD,Shopee Xpress / platform courier,C000408,new,Bandung,West Java,ID,completed,2026-07-11,2026-07-13,marketplace_campaign,,,,
STR-20260710-0001,2026-07-10 10:34:18,2026-07-10,Friday,Physical store,Bandung store,LT-GRN,"Loop Tote, Sea-green",Sea-green,standard,1,189000,189000,0,,0,189000,0,1323,78000,109677,IDR,189000,,QRIS,In-store pickup,C000409,new,Bandung,West Java,ID,completed,2026-07-10,2026-07-10,walk-in,,,,
5508009128443496665,2026-07-10 11:22:50,2026-07-10,Friday,Indonesian marketplace,TikTok Shop,LT-GRN,"Loop Tote, Sea-green",Sea-green,standard,1,179000,179000,14500,Platform voucher,20000,184500,13983,0,78000,72517,IDR,184500,,ShopeePay,J&T Express,C000410,new,Palembang,South Sumatra,ID,completed,2026-07-11,2026-07-14,marketplace_search,,,,
#LT10098,2026-07-10 11:27:59,2026-07-10,Friday,Website (Shopify),Website (Shopify),LT-SND,"Loop Tote, Sand",Sand,standard,1,189000,189000,0,,0,189000,0,4000,78000,107000,IDR,189000,,Bank transfer (VA),JNE,C000411,new,Bandung,West Java,ID,completed,2026-07-10,2026-07-12,google / organic,,,,
INV/20260710/MPL/387186083,2026-07-10 11:29:36,2026-07-10,Friday,Indonesian marketplace,Tokopedia,LT-GRN,"Loop Tote, Sea-green",Sea-green,standard,3,189000,567000,56500,Platform voucher,0,510500,40840,0,234000,235660,IDR,510500,,Bank transfer (VA),JNE,C000412,new,Bandung,West Java,ID,completed,2026-07-10,2026-07-11,recommended,,,,
#LT10099,2026-07-10 13:37:48,2026-07-10,Friday,Website (Shopify),Website (Shopify),LT-GRN,"Loop Tote, Sea-green",Sea-green,standard,1,189000,189000,0,,25000,214000,0,4000,78000,107000,IDR,214000,,Bank transfer (VA),GoSend/Grab Instant,C000413,new,Denpasar,Bali,ID,completed,2026-07-10,2026-07-13,instagram / bio_link,ig_always_on,,,
5880372883663394335,2026-07-10 13:39:26,2026-07-10,Friday,Indonesian marketplace,TikTok Shop,LT-IND,"Loop Tote, Indigo",Indigo,standard,1,179000,179000,18000,Platform voucher,12000,173000,13685,0,78000,69315,IDR,173000,,ShopeePay,AnterAja,C000414,new,Bandung,West Java,ID,completed,2026-07-11,2026-07-12,marketplace_campaign,,,,
#LT10100,2026-07-10 14:18:24,2026-07-10,Friday,Website (Shopify),Website (Shopify),LT-IND,"Loop Tote, Indigo",Indigo,standard,1,189000,189000,0,,0,189000,0,1323,78000,109677,IDR,189000,,QRIS,J&T Express,C000272,returning,Bekasi,West Java,ID,completed,2026-07-11,2026-07-14,instagram / bio_link,ig_always_on,,,
INV/20260710/MPL/336747165,2026-07-10 14:30:16,2026-07-10,Friday,Indonesian marketplace,Tokopedia,LT-IND,"Loop Tote, Indigo",Indigo,standard,1,189000,189000,0,,35000,224000,0,0,78000,0,IDR,224000,,Bank transfer (VA),,C000415,new,Jakarta,DKI Jakarta,ID,cancelled,,,marketplace_search,,,,
26071040783841D,2026-07-10 16:02:12,2026-07-10,Friday,Indonesian marketplace,Shopee,LT-IND,"Loop Tote, Indigo",Indigo,standard,1,189000,189000,15000,Platform voucher,0,174000,16530,0,78000,79470,IDR,174000,,PayLater,AnterAja,C000132,returning,Palembang,South Sumatra,ID,completed,2026-07-10,2026-07-16,marketplace_campaign,,,,
STR-20260710-0002,2026-07-10 17:07:29,2026-07-10,Friday,Physical store,Bandung store,LT-GRN,"Loop Tote, Sea-green",Sea-green,standard,3,189000,567000,0,,0,567000,0,3969,234000,329031,IDR,567000,,QRIS,In-store pickup,C000416,new,Bandung,West Java,ID,completed,2026-07-10,2026-07-10,walk-in,,,,
#LT10101,2026-07-10 19:06:18,2026-07-10,Friday,Website (Shopify),Website (Shopify),LT-GRN,"Loop Tote, Sea-green",Sea-green,standard,1,189000,189000,9500,NEWSLETTER5,15000,194500,0,1362,78000,100138,IDR,194500,,QRIS,J&T Express,C000388,returning,Cirebon,West Java,ID,completed,2026-07-11,2026-07-15,direct,,,,
5224067845503331880,2026-07-10 20:42:08,2026-07-10,Friday,Indonesian marketplace,TikTok Shop,LT-GRN,"Loop Tote, Sea-green",Sea-green,standard,1,179000,179000,0,,35000,214000,15215,0,78000,85785,IDR,214000,,ShopeePay,AnterAja,C000417,new,Bandar Lampung,Lampung,ID,completed,2026-07-10,2026-07-13,marketplace_search,,,,
5843356078266561464,2026-07-10 23:32:56,2026-07-10,Friday,Indonesian marketplace,TikTok Shop,LT-GRN,"Loop Tote, Sea-green",Sea-green,standard,1,179000,179000,0,,25000,204000,0,0,78000,0,IDR,204000,,ShopeePay,,C000418,new,Bogor,West Java,ID,cancelled,,,marketplace_search,,,,
113-8505295-6243980,2026-07-11 05:08:01,2026-07-11,Saturday,Amazon,Amazon,LT-SND,"Loop Tote, Sand",Sand,standard,1,260637,260637,0,,113937,374574,39096,0,78000,143541,USD,22.98,16300,Credit card,DHL eCommerce,C000419,new,Los Angeles,California,US,completed,2026-07-12,2026-07-23,marketplace_search,,,,
#LT10102,2026-07-11 07:52:38,2026-07-11,Saturday,Website (Shopify),Website (Shopify),LT-GRN,"Loop Tote, Sea-green",Sea-green,standard,1,189000,189000,0,,18000,207000,0,4000,78000,107000,IDR,207000,,Bank transfer (VA),JNE,C000420,new,Jakarta,DKI Jakarta,ID,completed,2026-07-11,2026-07-12,google / organic,,,,
IG-20260711-0001,2026-07-11 12:38:29,2026-07-11,Saturday,Instagram,Instagram (DM/WhatsApp),LT-GRN,"Loop Tote, Sea-green",Sea-green,standard,2,189000,378000,0,,18000,396000,0,5940,156000,216060,IDR,396000,,GoPay/OVO,JNE,C000421,new,Bandung,West Java,ID,completed,2026-07-11,2026-07-13,dm,,,,
INV/20260711/MPL/142679097,2026-07-11 13:03:23,2026-07-11,Saturday,Indonesian marketplace,Tokopedia,LT-IND,"Loop Tote, Indigo",Indigo,standard,2,189000,378000,0,,20000,398000,30240,0,156000,191760,IDR,398000,,Alfamart/Indomaret,SiCepat,C000422,new,Jakarta,DKI Jakarta,ID,completed,2026-07-12,2026-07-15,marketplace_search,,,,
26071185149470B,2026-07-11 16:26:28,2026-07-11,Saturday,Indonesian marketplace,Shopee,LT-IND,"Loop Tote, Indigo",Indigo,standard,1,189000,189000,0,,0,189000,17955,0,78000,93045,IDR,189000,,PayLater,JNE,C000160,returning,Jakarta,DKI Jakarta,ID,completed,2026-07-11,2026-07-14,marketplace_campaign,,,,
#LT10103,2026-07-11 16:56:48,2026-07-11,Saturday,Website (Shopify),Website (Shopify),LT-IND,"Loop Tote, Indigo",Indigo,standard,3,189000,567000,0,,0,567000,0,3969,234000,329031,IDR,567000,,QRIS,JNE,C000423,new,Cianjur,West Java,ID,completed,2026-07-11,2026-07-13,instagram / bio_link,ig_always_on,,,
#LT10104,2026-07-11 18:40:23,2026-07-11,Saturday,Website (Shopify),Website (Shopify),LT-GRN,"Loop Tote, Sea-green",Sea-green,standard,2,189000,378000,0,,0,378000,0,4000,156000,218000,IDR,378000,,Bank transfer (VA),JNE,C000423,returning,Cianjur,West Java,ID,completed,2026-07-12,2026-07-14,google / organic,,,,
STR-20260711-0001,2026-07-11 19:51:49,2026-07-11,Saturday,Physical store,Bandung store,LT-GRN,"Loop Tote, Sea-green",Sea-green,standard,1,189000,189000,0,,0,189000,0,1890,78000,109110,IDR,189000,,Debit card,In-store pickup,C000424,new,Cimahi,West Java,ID,completed,2026-07-11,2026-07-11,walk-in,,,,
26071250033198B,2026-07-12 00:05:15,2026-07-12,Sunday,Indonesian marketplace,Shopee,LT-IND,"Loop Tote, Indigo",Indigo,standard,1,189000,189000,0,,25000,214000,17955,0,78000,93045,IDR,214000,,ShopeePay,Shopee Xpress / platform courier,C000425,new,Jakarta,DKI Jakarta,ID,completed,2026-07-13,2026-07-14,recommended,,,,
26071242972206C,2026-07-12 00:15:36,2026-07-12,Sunday,Indonesian marketplace,Shopee,LT-SND,"Loop Tote, Sand",Sand,standard,1,189000,189000,0,,0,189000,17955,0,78000,93045,IDR,189000,,COD,JNE,C000426,new,Bandung,West Java,ID,completed,2026-07-12,2026-07-14,marketplace_search,,,,
113-5747033-6765042,2026-07-12 02:34:36,2026-07-12,Sunday,Amazon,Amazon,LT-GRN,"Loop Tote, Sea-green",Sea-green,standard,1,260637,260637,0,,113937,374574,39096,0,78000,143541,USD,22.98,16300,Credit card,DHL eCommerce,C000427,new,Berlin,Berlin,DE,completed,2026-07-12,2026-07-22,marketplace_search,,,,
INV/20260712/MPL/116228839,2026-07-12 06:20:48,2026-07-12,Sunday,Indonesian marketplace,Tokopedia,LT-SND,"Loop Tote, Sand",Sand,standard,1,189000,189000,28500,Platform voucher,25000,185500,12840,0,78000,69660,IDR,185500,,PayLater,AnterAja,C000428,new,Surabaya,East Java,ID,completed,2026-07-12,2026-07-14,marketplace_search,,,,
#LT10105,2026-07-12 10:43:53,2026-07-12,Sunday,Website (Shopify),Website (Shopify),LT-SND,"Loop Tote, Sand",Sand,standard,1,189000,189000,0,,40000,229000,0,4000,78000,107000,IDR,229000,,Bank transfer (VA),GoSend/Grab Instant,C000429,new,Bandung,West Java,ID,completed,2026-07-12,2026-07-14,google / organic,,,,
#LT10106,2026-07-12 11:22:01,2026-07-12,Sunday,Website (Shopify),Website (Shopify),LT-GRN,"Loop Tote, Sea-green",Sea-green,standard,1,189000,189000,0,,0,189000,0,4000,78000,107000,IDR,189000,,Bank transfer (VA),SiCepat,C000430,new,Depok,West Java,ID,completed,2026-07-12,2026-07-15,google / organic,,,,
26071225685449D,2026-07-12 12:47:08,2026-07-12,Sunday,Indonesian marketplace,Shopee,LT-SND,"Loop Tote, Sand",Sand,standard,1,189000,189000,19000,Platform voucher,25000,195000,16150,0,78000,75850,IDR,195000,,COD,SiCepat,C000431,new,Cirebon,West Java,ID,completed,2026-07-13,2026-07-15,recommended,,,,
#LT10107,2026-07-12 14:16:00,2026-07-12,Sunday,Website (Shopify),Website (Shopify),LT-SND,"Loop Tote, Sand",Sand,standard,1,189000,189000,0,,25000,214000,0,0,78000,0,IDR,214000,,OVO,,C000432,new,Bandung,West Java,ID,cancelled,,,direct,,,,
113-7668715-4393021,2026-07-12 17:06:57,2026-07-12,Sunday,Amazon,Amazon,LT-GRN,"Loop Tote, Sea-green",Sea-green,standard,3,260637,781911,0,,113937,895848,117287,0,234000,430624,USD,54.96,16300,Credit card,DHL eCommerce,C000433,new,Sydney,New South Wales,AU,completed,2026-07-12,2026-07-24,marketplace_search,,,,
STR-20260712-0001,2026-07-12 17:42:29,2026-07-12,Sunday,Physical store,Bandung store,LT-GRN,"Loop Tote, Sea-green",Sea-green,standard,1,189000,189000,0,,0,189000,0,1323,78000,109677,IDR,189000,,QRIS,In-store pickup,C000434,new,Bandung,West Java,ID,completed,2026-07-12,2026-07-12,walk-in,,,,
#LT10108,2026-07-12 19:45:53,2026-07-12,Sunday,Website (Shopify),Website (Shopify),LT-IND,"Loop Tote, Indigo",Indigo,standard,1,189000,189000,0,,0,189000,0,1323,78000,109677,IDR,189000,,QRIS,JNE,C000242,returning,Cirebon,West Java,ID,completed,2026-07-13,2026-07-16,newsletter,,,,
INV/20260712/MPL/174683115,2026-07-12 19:58:07,2026-07-12,Sunday,Indonesian marketplace,Tokopedia,LT-GRN,"Loop Tote, Sea-green",Sea-green,standard,1,189000,189000,0,,25000,214000,15120,0,78000,95880,IDR,214000,,Alfamart/Indomaret,Shopee Xpress / platform courier,C000435,new,Makassar,South Sulawesi,ID,completed,2026-07-13,2026-07-18,marketplace_search,,,,
26071262699301E,2026-07-12 20:36:26,2026-07-12,Sunday,Indonesian marketplace,Shopee,LT-IND,"Loop Tote, Indigo",Indigo,standard,1,189000,189000,19000,Platform voucher,35000,205000,16150,0,78000,75850,IDR,205000,,QRIS,J&T Express,C000436,new,Semarang,Central Java,ID,completed,2026-07-13,2026-07-15,marketplace_search,,,,
5149917675181829311,2026-07-12 20:45:51,2026-07-12,Sunday,Indonesian marketplace,TikTok Shop,LT-IND,"Loop Tote, Indigo",Indigo,standard,1,179000,179000,14500,Platform voucher,25000,189500,13983,0,78000,72517,IDR,189500,,ShopeePay,AnterAja,C000437,new,Palembang,South Sumatra,ID,completed,2026-07-12,2026-07-15,recommended,,,,
IG-20260712-0001,2026-07-12 21:08:34,2026-07-12,Sunday,Instagram,Instagram (DM/WhatsApp),LT-GRN,"Loop Tote, Sea-green",Sea-green,standard,1,189000,189000,9500,IGDM5,32000,211500,0,1480,78000,100020,IDR,211500,,QRIS,SiCepat,C000438,new,Bekasi,West Java,ID,completed,2026-07-13,2026-07-14,dm,,,,
26071275634985F,2026-07-12 21:49:27,2026-07-12,Sunday,Indonesian marketplace,Shopee,LT-SND,"Loop Tote, Sand",Sand,standard,1,189000,189000,0,,30000,219000,17955,0,78000,-42955,IDR,219000,,COD,JNE,C000439,new,Semarang,Central Java,ID,returned,2026-07-12,2026-07-14,marketplace_search,,,,
26071236339992G,2026-07-12 22:55:29,2026-07-12,Sunday,Indonesian marketplace,Shopee,LT-GRN,"Loop Tote, Sea-green",Sea-green,standard,1,189000,189000,0,,15000,204000,17955,0,78000,93045,IDR,204000,,ShopeePay,SiCepat,C000440,new,Bandung,West Java,ID,completed,2026-07-12,2026-07-14,recommended,,,,
IG-20260713-0001,2026-07-13 09:19:50,2026-07-13,Monday,Instagram,Instagram (DM/WhatsApp),LT-GRN,"Loop Tote, Sea-green",Sea-green,standard,2,189000,378000,0,,18000,396000,0,0,156000,0,IDR,396000,,Bank transfer (manual),,C000441,new,Jakarta,DKI Jakarta,ID,cancelled,,,comment,,,,
#LT10109,2026-07-13 10:22:13,2026-07-13,Monday,Website (Shopify),Website (Shopify),LT-IND,"Loop Tote, Indigo",Indigo,standard,4,189000,756000,0,,0,756000,0,11340,312000,432660,IDR,756000,,GoPay,SiCepat,C000442,new,Pekanbaru,Riau,ID,completed,2026-07-14,2026-07-21,google / organic,,,,
26071337738512B,2026-07-13 18:19:19,2026-07-13,Monday,Indonesian marketplace,Shopee,LT-GRN,"Loop Tote, Sea-green",Sea-green,standard,4,189000,756000,0,,0,756000,71820,0,312000,372180,IDR,756000,,PayLater,J&T Express,C000159,returning,Palembang,South Sumatra,ID,completed,2026-07-14,2026-07-18,recommended,,,,
#LT10110,2026-07-13 19:41:26,2026-07-13,Monday,Website (Shopify),Website (Shopify),LT-IND,"Loop Tote, Indigo",Indigo,standard,2,189000,378000,0,,0,378000,0,5670,156000,216330,IDR,378000,,GoPay,JNE,C000443,new,Surabaya,East Java,ID,completed,2026-07-14,2026-07-17,google / organic,,,,
STR-20260713-0001,2026-07-13 19:50:51,2026-07-13,Monday,Physical store,Bandung store,LT-SND,"Loop Tote, Sand",Sand,standard,1,189000,189000,0,,0,189000,0,1323,78000,109677,IDR,189000,,QRIS,In-store pickup,C000444,new,Bandung,West Java,ID,completed,2026-07-13,2026-07-13,walk-in,,,,
#LT10111,2026-07-13 20:54:17,2026-07-13,Monday,Website (Shopify),Website (Shopify),LT-IND,"Loop Tote, Indigo",Indigo,standard,1,189000,189000,0,,32000,221000,0,3315,78000,107685,IDR,221000,,GoPay,JNE,C000057,returning,Depok,West Java,ID,completed,2026-07-14,2026-07-17,instagram / bio_link,ig_always_on,,,
113-9082921-2890585,2026-07-14 01:48:42,2026-07-14,Tuesday,Amazon,Amazon,LT-SND,"Loop Tote, Sand",Sand,standard,1,260637,260637,0,,113937,374574,39096,0,78000,143541,USD,22.98,16300,Credit card,DHL eCommerce,C000445,new,New York,New York,US,completed,2026-07-14,2026-07-30,shop_page,,,,
26071415509819B,2026-07-14 10:00:45,2026-07-14,Tuesday,Indonesian marketplace,Shopee,LT-IND,"Loop Tote, Indigo",Indigo,standard,1,189000,189000,19000,Platform voucher,0,170000,0,0,78000,0,IDR,170000,,Bank transfer (VA),,C000446,new,Surabaya,East Java,ID,cancelled,,,shop_page,,,,
INV/20260714/MPL/651851982,2026-07-14 11:02:07,2026-07-14,Tuesday,Indonesian marketplace,Tokopedia,LT-IND,"Loop Tote, Indigo",Indigo,standard,1,189000,189000,0,,0,189000,15120,0,78000,95880,IDR,189000,,ShopeePay,SiCepat,C000447,new,Jakarta,DKI Jakarta,ID,completed,2026-07-15,2026-07-16,shop_page,,,,
#LT10112,2026-07-14 11:12:03,2026-07-14,Tuesday,Website (Shopify),Website (Shopify),LT-SND,"Loop Tote, Sand",Sand,standard,1,189000,189000,0,,40000,229000,0,4000,78000,107000,IDR,229000,,Bank transfer (VA),J&T Express,C000448,new,Bandung,West Java,ID,completed,2026-07-14,2026-07-15,google / organic,,,,
STR-20260714-0001,2026-07-14 11:12:16,2026-07-14,Tuesday,Physical store,Bandung store,LT-GRN,"Loop Tote, Sea-green",Sea-green,standard,2,189000,378000,0,,0,378000,0,12962,156000,209038,IDR,378000,,Credit card,In-store pickup,C000449,new,Bandung,West Java,ID,completed,2026-07-14,2026-07-14,walk-in,,,,
#LT10113,2026-07-14 12:06:43,2026-07-14,Tuesday,Website (Shopify),Website (Shopify),LT-GRN,"Loop Tote, Sea-green",Sea-green,standard,1,189000,189000,0,,0,189000,0,2835,78000,108165,IDR,189000,,GoPay,GoSend/Grab Instant,C000450,new,Bekasi,West Java,ID,completed,2026-07-14,2026-07-17,google / organic,,,,
STR-20260714-0002,2026-07-14 12:41:25,2026-07-14,Tuesday,Physical store,Bandung store,LT-GRN,"Loop Tote, Sea-green",Sea-green,standard,1,189000,189000,0,,0,189000,0,1323,78000,109677,IDR,189000,,QRIS,In-store pickup,C000451,new,Bandung,West Java,ID,completed,2026-07-14,2026-07-14,walk-in,,,,
26071444515521C,2026-07-14 13:37:41,2026-07-14,Tuesday,Indonesian marketplace,Shopee,LT-IND,"Loop Tote, Indigo",Indigo,standard,1,189000,189000,0,,12000,201000,17955,0,78000,93045,IDR,201000,,Bank transfer (VA),JNE,C000138,returning,Pontianak,West Kalimantan,ID,completed,2026-07-15,2026-07-18,marketplace_search,,,,
#LT10114,2026-07-14 14:41:56,2026-07-14,Tuesday,Website (Shopify),Website (Shopify),LT-GRN,"Loop Tote, Sea-green",Sea-green,standard,1,189000,189000,0,,25000,214000,0,1498,78000,109502,IDR,214000,,QRIS,JNE,C000452,new,Garut,West Java,ID,completed,2026-07-14,2026-07-16,direct,,,,
STR-20260714-0003,2026-07-14 17:28:42,2026-07-14,Tuesday,Physical store,Bandung store,LT-GRN,"Loop Tote, Sea-green",Sea-green,standard,1,189000,189000,0,,0,189000,0,0,78000,111000,IDR,189000,,Cash,In-store pickup,C000453,new,Bandung,West Java,ID,completed,2026-07-14,2026-07-14,walk-in,,,,
STR-20260714-0004,2026-07-14 17:38:09,2026-07-14,Tuesday,Physical store,Bandung store,LT-GRN,"Loop Tote, Sea-green",Sea-green,standard,1,189000,189000,0,,0,189000,0,1323,78000,109677,IDR,189000,,QRIS,In-store pickup,C000454,new,Bandung,West Java,ID,completed,2026-07-14,2026-07-14,walk-in,,,,
#LT10115,2026-07-14 17:47:26,2026-07-14,Tuesday,Website (Shopify),Website (Shopify),LT-IND,"Loop Tote, Indigo",Indigo,standard,3,189000,567000,0,,0,567000,0,8505,234000,-33505,IDR,567000,,OVO,SiCepat,C000455,new,Cimahi,West Java,ID,returned,2026-07-15,2026-07-17,direct,,,,
STR-20260714-0005,2026-07-14 18:18:15,2026-07-14,Tuesday,Physical store,Bandung store,LT-IND,"Loop Tote, Indigo",Indigo,standard,1,189000,189000,0,,0,189000,0,1890,78000,109110,IDR,189000,,Debit card,In-store pickup,C000456,new,Yogyakarta,DI Yogyakarta,ID,completed,2026-07-14,2026-07-14,walk-in,,,,
INV/20260714/MPL/150559982,2026-07-14 18:37:15,2026-07-14,Tuesday,Indonesian marketplace,Tokopedia,LT-GRN,"Loop Tote, Sea-green",Sea-green,standard,1,189000,189000,0,,15000,204000,15120,0,78000,-40120,IDR,204000,,QRIS,Shopee Xpress / platform courier,C000457,new,Padang,West Sumatra,ID,returned,2026-07-15,2026-07-19,marketplace_campaign,,,,
#LT10116,2026-07-14 19:48:04,2026-07-14,Tuesday,Website (Shopify),Website (Shopify),LT-SND,"Loop Tote, Sand",Sand,standard,2,189000,378000,0,,0,378000,0,12962,156000,209038,IDR,378000,,Credit card,J&T Express,C000458,new,Makassar,South Sulawesi,ID,completed,2026-07-15,2026-07-19,google / organic,,,,
IG-20260714-0001,2026-07-14 21:24:38,2026-07-14,Tuesday,Instagram,Instagram (DM/WhatsApp),LT-SND,"Loop Tote, Sand",Sand,standard,2,189000,378000,0,,32000,410000,0,0,156000,0,IDR,410000,,QRIS,,C000459,new,Bekasi,West Java,ID,cancelled,,,dm,,,,
#LT10117,2026-07-14 22:17:09,2026-07-14,Tuesday,Website (Shopify),Website (Shopify),LT-IND,"Loop Tote, Indigo",Indigo,standard,1,189000,189000,0,,15000,204000,0,1428,78000,109572,IDR,204000,,QRIS,J&T Express,C000460,new,Subang,West Java,ID,completed,2026-07-14,2026-07-18,google / organic,,,,
#LT10118,2026-07-14 23:26:18,2026-07-14,Tuesday,Website (Shopify),Website (Shopify),LT-SND,"Loop Tote, Sand",Sand,standard,1,189000,189000,0,,40000,229000,0,3435,78000,107565,IDR,229000,,OVO,J&T Express,C000359,returning,Malang,East Java,ID,completed,2026-07-15,2026-07-17,instagram / bio_link,ig_always_on,,,
IG-20260714-0002,2026-07-14 23:31:11,2026-07-14,Tuesday,Instagram,Instagram (DM/WhatsApp),LT-SND,"Loop Tote, Sand",Sand,standard,1,189000,189000,0,,18000,207000,0,0,78000,111000,IDR,207000,,Bank transfer (manual),GoSend/Grab Instant,C000287,returning,Pontianak,West Kalimantan,ID,completed,2026-07-15,2026-07-21,story_reply,,,,
26071545455936B,2026-07-15 05:50:50,2026-07-15,Wednesday,Indonesian marketplace,Shopee,LT-GRN,"Loop Tote, Sea-green",Sea-green,standard,1,189000,189000,0,,20000,209000,17955,0,78000,93045,IDR,209000,,QRIS,SiCepat,C000461,new,Batam,Riau Islands,ID,completed,2026-07-15,2026-07-18,marketplace_campaign,,,,
113-1318902-9567912,2026-07-15 08:01:16,2026-07-15,Wednesday,Amazon,Amazon,LT-GRN,"Loop Tote, Sea-green",Sea-green,standard,1,260637,260637,0,,113937,374574,39096,0,78000,143541,USD,22.98,16300,Credit card,DHL eCommerce,C000462,new,Los Angeles,California,US,completed,2026-07-16,2026-07-24,marketplace_campaign,,,,
IG-20260715-0001,2026-07-15 10:27:00,2026-07-15,Wednesday,Instagram,Instagram (DM/WhatsApp),LT-GRN,"Loop Tote, Sea-green",Sea-green,standard,1,189000,189000,9500,IGDM5,32000,211500,0,1480,78000,100020,IDR,211500,,QRIS,J&T Express,C000463,new,Yogyakarta,DI Yogyakarta,ID,completed,2026-07-16,2026-07-20,dm,,,,
IG-20260715-0002,2026-07-15 11:14:20,2026-07-15,Wednesday,Instagram,Instagram (DM/WhatsApp),LT-GRN,"Loop Tote, Sea-green",Sea-green,standard,1,189000,189000,9500,IGDM5,18000,197500,0,0,78000,101500,IDR,197500,,Bank transfer (manual),J&T Express,C000298,returning,Medan,North Sumatra,ID,completed,2026-07-15,2026-07-22,whatsapp_click,,,,
5646009330821983887,2026-07-15 13:22:02,2026-07-15,Wednesday,Indonesian marketplace,TikTok Shop,LT-GRN,"Loop Tote, Sea-green",Sea-green,standard,1,179000,179000,9000,Platform voucher,0,170000,14450,0,78000,77550,IDR,170000,,ShopeePay,SiCepat,C000464,new,Bandung,West Java,ID,completed,2026-07-15,2026-07-16,recommended,,,,
INV/20260715/MPL/533050018,2026-07-15 13:53:21,2026-07-15,Wednesday,Indonesian marketplace,Tokopedia,LT-SND,"Loop Tote, Sand",Sand,standard,1,189000,189000,0,,15000,204000,15120,0,78000,95880,IDR,204000,,PayLater,J&T Express,C000465,new,Balikpapan,East Kalimantan,ID,completed,2026-07-16,2026-07-21,shop_page,,,,
5484990423482078696,2026-07-15 17:02:30,2026-07-15,Wednesday,Indonesian marketplace,TikTok Shop,LT-IND,"Loop Tote, Indigo",Indigo,standard,1,179000,179000,0,,0,179000,15215,0,78000,85785,IDR,179000,,PayLater,Shopee Xpress / platform courier,C000466,new,Bandung,West Java,ID,completed,2026-07-15,2026-07-17,recommended,,,,
#LT10119,2026-07-15 17:18:59,2026-07-15,Wednesday,Website (Shopify),Website (Shopify),LT-GRN,"Loop Tote, Sea-green",Sea-green,standard,4,189000,756000,0,,0,756000,0,5292,312000,438708,IDR,756000,,QRIS,J&T Express,C000064,returning,Jakarta,DKI Jakarta,ID,completed,2026-07-16,2026-07-17,instagram / bio_link,ig_always_on,,,
INV/20260715/MPL/695236455,2026-07-15 19:27:12,2026-07-15,Wednesday,Indonesian marketplace,Tokopedia,LT-IND,"Loop Tote, Indigo",Indigo,standard,1,189000,189000,0,,0,189000,15120,0,78000,95880,IDR,189000,,Bank transfer (VA),J&T Express,C000467,new,Jakarta,DKI Jakarta,ID,completed,2026-07-16,2026-07-17,marketplace_search,,,,
#LT10120,2026-07-15 19:39:09,2026-07-15,Wednesday,Website (Shopify),Website (Shopify),LT-IND,"Loop Tote, Indigo",Indigo,standard,1,189000,189000,0,,18000,207000,0,1449,78000,109551,IDR,207000,,QRIS,SiCepat,C000468,new,Garut,West Java,ID,completed,2026-07-15,2026-07-19,instagram / bio_link,ig_always_on,,,
26071510219217C,2026-07-15 19:40:01,2026-07-15,Wednesday,Indonesian marketplace,Shopee,LT-SND,"Loop Tote, Sand",Sand,standard,2,189000,378000,38000,Platform voucher,20000,360000,32300,0,156000,151700,IDR,360000,,COD,J&T Express,C000469,new,Bandar Lampung,Lampung,ID,completed,2026-07-15,2026-07-18,recommended,,,,
26071568670322D,2026-07-15 20:04:17,2026-07-15,Wednesday,Indonesian marketplace,Shopee,LT-SND,"Loop Tote, Sand",Sand,standard,1,189000,189000,0,,12000,201000,17955,0,78000,93045,IDR,201000,,Bank transfer (VA),AnterAja,C000470,new,Palembang,South Sumatra,ID,completed,2026-07-16,2026-07-21,recommended,,,,
26071559373950E,2026-07-15 20:53:18,2026-07-15,Wednesday,Indonesian marketplace,Shopee,LT-GRN,"Loop Tote, Sea-green",Sea-green,standard,2,189000,378000,0,,15000,393000,35910,0,156000,186090,IDR,393000,,Bank transfer (VA),Shopee Xpress / platform courier,C000471,new,Surabaya,East Java,ID,completed,2026-07-15,2026-07-18,marketplace_search,,,,
825923223267682,2026-07-15 21:09:50,2026-07-15,Wednesday,Indonesian marketplace,Lazada,LT-SND,"Loop Tote, Sand",Sand,standard,1,189000,189000,0,,20000,209000,16065,0,78000,94935,IDR,209000,,ShopeePay,J&T Express,C000472,new,Bandung,West Java,ID,completed,2026-07-16,2026-07-17,recommended,,,,
IG-20260715-0003,2026-07-15 22:40:40,2026-07-15,Wednesday,Instagram,Instagram (DM/WhatsApp),LT-GRN,"Loop Tote, Sea-green",Sea-green,standard,4,189000,756000,38000,IGDM5,32000,750000,0,23750,312000,382250,IDR,750000,,Credit card,J&T Express,C000473,new,Jakarta,DKI Jakarta,ID,completed,2026-07-15,2026-07-16,dm,,,,
#LT10121,2026-07-16 00:09:53,2026-07-16,Thursday,Website (Shopify),Website (Shopify),LT-GRN,"Loop Tote, Sea-green",Sea-green,standard,1,189000,189000,0,,18000,207000,0,4000,78000,107000,IDR,207000,,Bank transfer (VA),GoSend/Grab Instant,C000474,new,Malang,East Java,ID,completed,2026-07-16,2026-07-18,newsletter,,,,
INV/20260716/MPL/100444210,2026-07-16 09:47:01,2026-07-16,Thursday,Indonesian marketplace,Tokopedia,LT-GRN,"Loop Tote, Sea-green",Sea-green,standard,1,189000,189000,19000,Platform voucher,25000,195000,0,0,78000,0,IDR,195000,,ShopeePay,,C000475,new,Surabaya,East Java,ID,cancelled,,,marketplace_search,,,,
STR-20260716-0001,2026-07-16 10:50:21,2026-07-16,Thursday,Physical store,Bandung store,LT-IND,"Loop Tote, Indigo",Indigo,standard,1,189000,189000,0,,0,189000,0,7481,78000,103519,IDR,189000,,Credit card,In-store pickup,C000166,returning,Bandung,West Java,ID,completed,2026-07-16,2026-07-16,walk-in,,,,
113-5585821-3015935,2026-07-16 11:24:06,2026-07-16,Thursday,Amazon,Amazon,LT-IND,"Loop Tote, Indigo",Indigo,standard,1,260637,260637,0,,113937,374574,39096,0,78000,143541,USD,22.98,16300,Credit card,DHL eCommerce,C000476,new,Singapore,Singapore,SG,completed,2026-07-17,2026-07-30,recommended,,,,
STR-20260716-0002,2026-07-16 12:13:20,2026-07-16,Thursday,Physical store,Bandung store,LT-GRN,"Loop Tote, Sea-green",Sea-green,standard,1,189000,189000,0,,0,189000,0,1323,78000,109677,IDR,189000,,QRIS,In-store pickup,C000477,new,Bandung,West Java,ID,completed,2026-07-16,2026-07-16,walk-in,,,,
STR-20260716-0003,2026-07-16 13:47:59,2026-07-16,Thursday,Physical store,Bandung store,LT-GRN,"Loop Tote, Sea-green",Sea-green,standard,1,189000,189000,0,,0,189000,0,1890,78000,109110,IDR,189000,,Debit card,In-store pickup,C000013,returning,Bandung,West Java,ID,completed,2026-07-16,2026-07-16,walk-in,,,,
#LT10122,2026-07-16 14:46:32,2026-07-16,Thursday,Website (Shopify),Website (Shopify),LT-IND,"Loop Tote, Indigo",Indigo,standard,3,189000,567000,0,,0,567000,0,3969,234000,329031,IDR,567000,,QRIS,GoSend/Grab Instant,C000478,new,Bandung,West Java,ID,completed,2026-07-17,2026-07-18,direct,,,,
26071622782715B,2026-07-16 15:33:31,2026-07-16,Thursday,Indonesian marketplace,Shopee,LT-GRN,"Loop Tote, Sea-green",Sea-green,standard,1,189000,189000,9500,Platform voucher,20000,199500,17052,0,78000,84448,IDR,199500,,COD,J&T Express,C000479,new,Bandung,West Java,ID,completed,2026-07-17,2026-07-18,marketplace_search,,,,
5317883788954447414,2026-07-16 17:52:44,2026-07-16,Thursday,Indonesian marketplace,TikTok Shop,LT-IND,"Loop Tote, Indigo",Indigo,standard,1,179000,179000,0,,15000,194000,15215,0,78000,85785,IDR,194000,,QRIS,JNE,C000480,new,South Tangerang,Banten,ID,completed,2026-07-17,2026-07-19,marketplace_campaign,,,,
STR-20260716-0004,2026-07-16 18:52:19,2026-07-16,Thursday,Physical store,Bandung store,LT-GRN,"Loop Tote, Sea-green",Sea-green,standard,1,189000,189000,0,,0,189000,0,7481,78000,103519,IDR,189000,,Credit card,In-store pickup,C000481,new,Bandung,West Java,ID,completed,2026-07-16,2026-07-16,walk-in,,,,
STR-20260716-0005,2026-07-16 18:52:48,2026-07-16,Thursday,Physical store,Bandung store,LT-SND,"Loop Tote, Sand",Sand,standard,2,189000,378000,0,,0,378000,0,12962,156000,209038,IDR,378000,,Credit card,In-store pickup,C000386,returning,Yogyakarta,DI Yogyakarta,ID,completed,2026-07-16,2026-07-16,walk-in,,,,
IG-20260716-0001,2026-07-16 19:38:24,2026-07-16,Thursday,Instagram,Instagram (DM/WhatsApp),LT-GRN,"Loop Tote, Sea-green",Sea-green,standard,3,189000,567000,0,,18000,585000,0,0,234000,333000,IDR,585000,,Bank transfer (manual),GoSend/Grab Instant,C000482,new,Bandung,West Java,ID,completed,2026-07-17,2026-07-18,dm,,,,
26071622750870C,2026-07-16 22:17:23,2026-07-16,Thursday,Indonesian marketplace,Shopee,LT-GRN,"Loop Tote, Sea-green",Sea-green,standard,1,189000,189000,0,,25000,214000,17955,0,78000,93045,IDR,214000,,Bank transfer (VA),JNE,C000483,new,Bogor,West Java,ID,completed,2026-07-16,2026-07-19,shop_page,,,,
113-1092528-2046471,2026-07-16 23:49:20,2026-07-16,Thursday,Amazon,Amazon,LT-GRN,"Loop Tote, Sea-green",Sea-green,standard,2,260637,521274,0,,113937,635211,78191,0,156000,287083,USD,38.97,16300,Credit card,DHL eCommerce,C000484,new,London,England,GB,completed,2026-07-16,2026-08-02,marketplace_search,,,,
113-5904827-6612469,2026-07-17 03:06:18,2026-07-17,Friday,Amazon,Amazon,LT-IND,"Loop Tote, Indigo",Indigo,standard,3,260637,781911,0,,113937,895848,117287,0,234000,430624,USD,54.96,16300,Credit card,DHL eCommerce,C000485,new,Toronto,Ontario,CA,completed,2026-07-18,2026-07-31,shop_page,,,,
IG-20260717-0001,2026-07-17 09:57:38,2026-07-17,Friday,Instagram,Instagram (DM/WhatsApp),LT-GRN,"Loop Tote, Sea-green",Sea-green,standard,1,189000,189000,0,,0,189000,0,1323,78000,109677,IDR,189000,,QRIS,JNE,C000486,new,Jakarta,DKI Jakarta,ID,completed,2026-07-18,2026-07-19,dm,,,,
26071759275871B,2026-07-17 10:41:57,2026-07-17,Friday,Indonesian marketplace,Shopee,LT-GRN,"Loop Tote, Sea-green",Sea-green,standard,1,189000,189000,0,,35000,224000,0,0,78000,0,IDR,224000,,ShopeePay,,C000487,new,Bogor,West Java,ID,cancelled,,,marketplace_campaign,,,,
STR-20260717-0001,2026-07-17 11:12:15,2026-07-17,Friday,Physical store,Bandung store,LT-IND,"Loop Tote, Indigo",Indigo,standard,1,189000,189000,0,,0,189000,0,1323,78000,109677,IDR,189000,,QRIS,In-store pickup,C000488,new,Bandung,West Java,ID,completed,2026-07-17,2026-07-17,walk-in,,,,
IG-20260717-0002,2026-07-17 11:27:32,2026-07-17,Friday,Instagram,Instagram (DM/WhatsApp),LT-GRN,"Loop Tote, Sea-green",Sea-green,standard,1,189000,189000,0,,0,189000,0,0,78000,111000,IDR,189000,,Bank transfer (manual),GoSend/Grab Instant,C000489,new,Garut,West Java,ID,completed,2026-07-17,2026-07-19,dm,,,,
5570218161842767712,2026-07-17 12:32:14,2026-07-17,Friday,Indonesian marketplace,TikTok Shop,LT-GRN,"Loop Tote, Sea-green",Sea-green,standard,1,179000,179000,0,,15000,194000,15215,0,78000,85785,IDR,194000,,ShopeePay,J&T Express,C000012,returning,Jakarta,DKI Jakarta,ID,completed,2026-07-17,2026-07-20,marketplace_campaign,,,,
113-7362414-3861891,2026-07-17 15:37:04,2026-07-17,Friday,Amazon,Amazon,LT-IND,"Loop Tote, Indigo",Indigo,standard,3,260637,781911,0,,113937,895848,117287,0,234000,430624,USD,54.96,16300,Credit card,DHL eCommerce,C000490,new,Seattle,Washington,US,completed,2026-07-18,2026-07-29,shop_page,,,,
INV/20260717/MPL/555156988,2026-07-17 17:56:06,2026-07-17,Friday,Indonesian marketplace,Tokopedia,LT-IND,"Loop Tote, Indigo",Indigo,standard,1,189000,189000,0,,0,189000,15120,0,78000,95880,IDR,189000,,Bank transfer (VA),Shopee Xpress / platform courier,C000491,new,Jakarta,DKI Jakarta,ID,completed,2026-07-18,2026-07-19,marketplace_campaign,,,,
26071720544158C,2026-07-17 20:52:04,2026-07-17,Friday,Indonesian marketplace,Shopee,LT-GRN,"Loop Tote, Sea-green",Sea-green,standard,1,189000,189000,15000,Platform voucher,15000,189000,16530,0,78000,79470,IDR,189000,,ShopeePay,AnterAja,C000492,new,Manado,North Sulawesi,ID,completed,2026-07-18,2026-07-25,marketplace_campaign,,,,
INV/20260717/MPL/905049566,2026-07-17 21:24:24,2026-07-17,Friday,Indonesian marketplace,Tokopedia,LT-SND,"Loop Tote, Sand",Sand,standard,1,189000,189000,28500,Platform voucher,20000,180500,12840,0,78000,69660,IDR,180500,,ShopeePay,AnterAja,C000493,new,Solo,Central Java,ID,completed,2026-07-18,2026-07-21,shop_page,,,,
997879120729510,2026-07-17 21:56:53,2026-07-17,Friday,Indonesian marketplace,Lazada,LT-GRN,"Loop Tote, Sea-green",Sea-green,standard,1,189000,189000,0,,15000,204000,16065,0,78000,94935,IDR,204000,,Bank transfer (VA),J&T Express,C000494,new,Malang,East Java,ID,completed,2026-07-18,2026-07-20,marketplace_search,,,,
#LT10123,2026-07-17 23:11:54,2026-07-17,Friday,Website (Shopify),Website (Shopify),LT-GRN,"Loop Tote, Sea-green",Sea-green,standard,1,189000,189000,0,,32000,221000,0,8409,78000,102591,IDR,221000,,Credit card,J&T Express,C000495,new,Bekasi,West Java,ID,completed,2026-07-18,2026-07-20,google / organic,,,,
IG-20260718-0001,2026-07-18 08:07:47,2026-07-18,Saturday,Instagram,Instagram (DM/WhatsApp),LT-GRN,"Loop Tote, Sea-green",Sea-green,standard,2,189000,378000,19000,IGDM5,0,359000,0,2513,156000,200487,IDR,359000,,QRIS,SiCepat,C000496,new,Bandung,West Java,ID,completed,2026-07-18,2026-07-20,dm,,,,
STR-20260718-0001,2026-07-18 11:11:07,2026-07-18,Saturday,Physical store,Bandung store,LT-IND,"Loop Tote, Indigo",Indigo,standard,2,189000,378000,0,,0,378000,0,2646,156000,219354,IDR,378000,,QRIS,In-store pickup,C000497,new,Bandung,West Java,ID,completed,2026-07-18,2026-07-18,walk-in,,,,
5540624613081448846,2026-07-18 13:20:39,2026-07-18,Saturday,Indonesian marketplace,TikTok Shop,LT-GRN,"Loop Tote, Sea-green",Sea-green,standard,1,179000,179000,0,,0,179000,15215,0,78000,85785,IDR,179000,,Bank transfer (VA),J&T Express,C000498,new,Bandung,West Java,ID,completed,2026-07-18,2026-07-20,marketplace_search,,,,
STR-20260718-0002,2026-07-18 14:21:10,2026-07-18,Saturday,Physical store,Bandung store,LT-IND,"Loop Tote, Indigo",Indigo,standard,1,189000,189000,0,,0,189000,0,7481,78000,103519,IDR,189000,,Credit card,In-store pickup,C000499,new,Bandung,West Java,ID,completed,2026-07-18,2026-07-18,walk-in,,,,
IG-20260718-0002,2026-07-18 15:38:34,2026-07-18,Saturday,Instagram,Instagram (DM/WhatsApp),LT-SND,"Loop Tote, Sand",Sand,standard,1,189000,189000,0,,25000,214000,0,3210,78000,107790,IDR,214000,,GoPay/OVO,J&T Express,C000500,new,Tasikmalaya,West Java,ID,completed,2026-07-19,2026-07-22,dm,,,,
STR-20260718-0003,2026-07-18 15:43:08,2026-07-18,Saturday,Physical store,Bandung store,LT-IND,"Loop Tote, Indigo",Indigo,standard,1,189000,189000,0,,0,189000,0,1890,78000,109110,IDR,189000,,Debit card,In-store pickup,C000501,new,Bandung,West Java,ID,completed,2026-07-18,2026-07-18,walk-in,,,,
INV/20260718/MPL/949079400,2026-07-18 15:43:44,2026-07-18,Saturday,Indonesian marketplace,Tokopedia,LT-IND,"Loop Tote, Indigo",Indigo,standard,1,189000,189000,0,,15000,204000,15120,0,78000,95880,IDR,204000,,Bank transfer (VA),AnterAja,C000502,new,Jakarta,DKI Jakarta,ID,completed,2026-07-19,2026-07-22,marketplace_search,,,,
#LT10124,2026-07-18 16:13:24,2026-07-18,Saturday,Website (Shopify),Website (Shopify),LT-SND,"Loop Tote, Sand",Sand,standard,2,189000,378000,0,,0,378000,0,12962,156000,209038,IDR,378000,,Credit card,SiCepat,C000503,new,Karawang,West Java,ID,completed,2026-07-19,2026-07-21,instagram / bio_link,ig_always_on,,,
STR-20260718-0004,2026-07-18 18:14:47,2026-07-18,Saturday,Physical store,Bandung store,LT-IND,"Loop Tote, Indigo",Indigo,standard,1,189000,189000,0,,0,189000,0,1323,78000,109677,IDR,189000,,QRIS,In-store pickup,C000504,new,Bandung,West Java,ID,completed,2026-07-18,2026-07-18,walk-in,,,,
IG-20260718-0003,2026-07-18 18:58:24,2026-07-18,Saturday,Instagram,Instagram (DM/WhatsApp),LT-IND,"Loop Tote, Indigo",Indigo,standard,1,189000,189000,0,,15000,204000,0,3060,78000,107940,IDR,204000,,GoPay/OVO,GoSend/Grab Instant,C000317,returning,Bandung,West Java,ID,completed,2026-07-19,2026-07-20,dm,,,,
#LT10125,2026-07-18 20:04:37,2026-07-18,Saturday,Website (Shopify),Website (Shopify),LT-GRN,"Loop Tote, Sea-green",Sea-green,standard,2,189000,378000,0,,0,378000,0,12962,156000,209038,IDR,378000,,Credit card,JNE,C000505,new,Jakarta,DKI Jakarta,ID,completed,2026-07-19,2026-07-20,instagram / bio_link,ig_always_on,,,
26071854094399B,2026-07-18 20:12:14,2026-07-18,Saturday,Indonesian marketplace,Shopee,LT-SND,"Loop Tote, Sand",Sand,standard,1,189000,189000,0,,15000,204000,17955,0,78000,-42955,IDR,204000,,ShopeePay,JNE,C000506,new,Bandung,West Java,ID,returned,2026-07-19,2026-07-20,shop_page,,,,
#LT10126,2026-07-18 21:59:01,2026-07-18,Saturday,Website (Shopify),Website (Shopify),LT-GRN,"Loop Tote, Sea-green",Sea-green,standard,1,189000,189000,0,,32000,221000,0,4000,78000,107000,IDR,221000,,Bank transfer (VA),J&T Express,C000507,new,Padang,West Sumatra,ID,completed,2026-07-19,2026-07-24,instagram / bio_link,ig_always_on,,,
#LT10127,2026-07-18 22:28:57,2026-07-18,Saturday,Website (Shopify),Website (Shopify),LT-IND,"Loop Tote, Indigo",Indigo,standard,2,189000,378000,0,,0,378000,0,12962,156000,209038,IDR,378000,,Credit card,JNE,C000508,new,Bandung,West Java,ID,completed,2026-07-18,2026-07-20,instagram / bio_link,ig_always_on,,,
#LT10128,2026-07-19 06:59:05,2026-07-19,Sunday,Website (Shopify),Website (Shopify),LT-GRN,"Loop Tote, Sea-green",Sea-green,standard,1,189000,189000,0,,25000,214000,0,1498,78000,109502,IDR,214000,,QRIS,J&T Express,C000509,new,Bandung,West Java,ID,completed,2026-07-19,2026-07-20,direct,,,,
5698199487590621697,2026-07-19 08:12:55,2026-07-19,Sunday,Indonesian marketplace,TikTok Shop,LT-SND,"Loop Tote, Sand",Sand,standard,1,179000,179000,0,,12000,191000,15215,0,78000,85785,IDR,191000,,Bank transfer (VA),J&T Express,C000510,new,Manado,North Sulawesi,ID,completed,2026-07-19,2026-07-25,recommended,,,,
IG-20260719-0001,2026-07-19 09:18:25,2026-07-19,Sunday,Instagram,Instagram (DM/WhatsApp),LT-GRN,"Loop Tote, Sea-green",Sea-green,standard,1,189000,189000,0,,32000,221000,0,1547,78000,109453,IDR,221000,,QRIS,J&T Express,C000511,new,Yogyakarta,DI Yogyakarta,ID,completed,2026-07-19,2026-07-22,dm,,,,
IG-20260719-0002,2026-07-19 09:34:24,2026-07-19,Sunday,Instagram,Instagram (DM/WhatsApp),LT-IND,"Loop Tote, Indigo",Indigo,standard,2,189000,378000,19000,IGDM5,32000,391000,0,0,156000,203000,IDR,391000,,Bank transfer (manual),J&T Express,C000496,returning,Bandung,West Java,ID,completed,2026-07-20,2026-07-21,dm,,,,
#LT10129,2026-07-19 10:19:04,2026-07-19,Sunday,Website (Shopify),Website (Shopify),LT-GRN,"Loop Tote, Sea-green",Sea-green,standard,1,189000,189000,0,,18000,207000,0,8003,78000,102997,IDR,207000,,Credit card,SiCepat,C000512,new,Depok,West Java,ID,completed,2026-07-19,2026-07-20,google / organic,,,,
IG-20260719-0003,2026-07-19 10:33:46,2026-07-19,Sunday,Instagram,Instagram (DM/WhatsApp),LT-GRN,"Loop Tote, Sea-green",Sea-green,standard,1,189000,189000,0,,18000,207000,0,8003,78000,102997,IDR,207000,,Credit card,GoSend/Grab Instant,C000513,new,Semarang,Central Java,ID,completed,2026-07-19,2026-07-23,dm,,,,
STR-20260719-0001,2026-07-19 11:45:06,2026-07-19,Sunday,Physical store,Bandung store,LT-GRN,"Loop Tote, Sea-green",Sea-green,standard,1,189000,189000,0,,0,189000,0,1890,78000,109110,IDR,189000,,Debit card,In-store pickup,C000514,new,Bandung,West Java,ID,completed,2026-07-19,2026-07-19,walk-in,,,,
200593428652058,2026-07-19 12:04:13,2026-07-19,Sunday,Indonesian marketplace,Lazada,LT-GRN,"Loop Tote, Sea-green",Sea-green,standard,1,189000,189000,0,,0,189000,16065,0,78000,94935,IDR,189000,,PayLater,Shopee Xpress / platform courier,C000515,new,Medan,North Sumatra,ID,completed,2026-07-19,2026-07-22,recommended,,,,
IG-20260719-0004,2026-07-19 18:02:38,2026-07-19,Sunday,Instagram,Instagram (DM/WhatsApp),LT-SND,"Loop Tote, Sand",Sand,standard,1,189000,189000,0,,40000,229000,0,1603,78000,109397,IDR,229000,,QRIS,J&T Express,C000516,new,Jakarta,DKI Jakarta,ID,completed,2026-07-20,2026-07-23,whatsapp_click,,,,
IG-20260719-0005,2026-07-19 18:04:19,2026-07-19,Sunday,Instagram,Instagram (DM/WhatsApp),LT-GRN,"Loop Tote, Sea-green",Sea-green,standard,1,189000,189000,9500,IGDM5,18000,197500,0,1382,78000,100118,IDR,197500,,QRIS,JNE,C000181,returning,Bandung,West Java,ID,completed,2026-07-19,2026-07-21,dm,,,,
IG-20260719-0006,2026-07-19 20:36:27,2026-07-19,Sunday,Instagram,Instagram (DM/WhatsApp),LT-GRN,"Loop Tote, Sea-green",Sea-green,standard,2,189000,378000,0,,40000,418000,0,0,156000,222000,IDR,418000,,COD (local courier),JNE,C000517,new,Tasikmalaya,West Java,ID,completed,2026-07-20,2026-07-24,dm,,,,
113-2030873-1159177,2026-07-20 04:02:43,2026-07-20,Monday,Amazon,Amazon,LT-IND,"Loop Tote, Indigo",Indigo,standard,1,260637,260637,0,,113937,374574,39096,0,78000,143541,USD,22.98,16300,Credit card,DHL eCommerce,C000518,new,Seattle,Washington,US,completed,2026-07-21,2026-08-05,recommended,,,,
#LT10130,2026-07-20 10:27:54,2026-07-20,Monday,Website (Shopify),Website (Shopify),LT-IND,"Loop Tote, Indigo",Indigo,standard,4,189000,756000,0,,0,756000,0,11340,312000,432660,IDR,756000,,GoPay,J&T Express,C000062,returning,Makassar,South Sulawesi,ID,completed,2026-07-20,2026-07-25,instagram / bio_link,ig_always_on,,,
STR-20260720-0001,2026-07-20 10:49:25,2026-07-20,Monday,Physical store,Bandung store,LT-IND,"Loop Tote, Indigo",Indigo,standard,1,189000,189000,0,,0,189000,0,7481,78000,103519,IDR,189000,,Credit card,In-store pickup,C000519,new,Bandung,West Java,ID,completed,2026-07-20,2026-07-20,walk-in,,,,
STR-20260720-0002,2026-07-20 10:54:07,2026-07-20,Monday,Physical store,Bandung store,LT-IND,"Loop Tote, Indigo",Indigo,standard,1,189000,189000,0,,0,189000,0,1323,78000,109677,IDR,189000,,QRIS,In-store pickup,C000520,new,Bandung,West Java,ID,completed,2026-07-20,2026-07-20,walk-in,,,,
IG-20260720-0001,2026-07-20 12:29:24,2026-07-20,Monday,Instagram,Instagram (DM/WhatsApp),LT-SND,"Loop Tote, Sand",Sand,standard,1,189000,189000,0,,25000,214000,0,0,78000,111000,IDR,214000,,Bank transfer (manual),SiCepat,C000521,new,Bogor,West Java,ID,completed,2026-07-20,2026-07-22,dm,,,,
543652365629198,2026-07-20 13:27:56,2026-07-20,Monday,Indonesian marketplace,Lazada,LT-SND,"Loop Tote, Sand",Sand,standard,3,189000,567000,85000,Platform voucher,0,482000,40970,0,234000,207030,IDR,482000,,Credit card,SiCepat,C000522,new,Cimahi,West Java,ID,completed,2026-07-21,2026-07-23,marketplace_campaign,,,,
#LT10131,2026-07-20 13:47:22,2026-07-20,Monday,Website (Shopify),Website (Shopify),LT-GRN,"Loop Tote, Sea-green",Sea-green,standard,1,189000,189000,0,,18000,207000,0,4000,78000,107000,IDR,207000,,Bank transfer (VA),GoSend/Grab Instant,C000523,new,Karawang,West Java,ID,completed,2026-07-21,2026-07-25,google / organic,,,,
BLI-20260720-525174,2026-07-20 14:17:49,2026-07-20,Monday,Indonesian marketplace,Blibli,LT-GRN,"Loop Tote, Sea-green",Sea-green,standard,2,189000,378000,0,,15000,393000,30240,0,156000,191760,IDR,393000,,ShopeePay,Shopee Xpress / platform courier,C000524,new,Denpasar,Bali,ID,completed,2026-07-21,2026-07-27,marketplace_search,,,,
BLI-20260720-265644,2026-07-20 14:42:41,2026-07-20,Monday,Indonesian marketplace,Blibli,LT-IND,"Loop Tote, Indigo",Indigo,standard,1,189000,189000,0,,12000,201000,15120,0,78000,95880,IDR,201000,,PayLater,J&T Express,C000487,returning,Bogor,West Java,ID,completed,2026-07-21,2026-07-24,marketplace_campaign,,,,
STR-20260720-0003,2026-07-20 15:35:00,2026-07-20,Monday,Physical store,Bandung store,LT-IND,"Loop Tote, Indigo",Indigo,standard,2,189000,378000,0,,0,378000,0,2646,156000,219354,IDR,378000,,QRIS,In-store pickup,C000525,new,Bandung,West Java,ID,completed,2026-07-20,2026-07-20,walk-in,,,,
STR-20260720-0004,2026-07-20 17:11:42,2026-07-20,Monday,Physical store,Bandung store,LT-SND,"Loop Tote, Sand",Sand,standard,1,189000,189000,0,,0,189000,0,1323,78000,109677,IDR,189000,,QRIS,In-store pickup,C000526,new,Bandung,West Java,ID,completed,2026-07-20,2026-07-20,walk-in,,,,
26072020902691B,2026-07-20 18:53:43,2026-07-20,Monday,Indonesian marketplace,Shopee,LT-IND,"Loop Tote, Indigo",Indigo,standard,1,189000,189000,15000,Platform voucher,12000,186000,0,0,78000,0,IDR,186000,,Credit card,,C000527,new,Tangerang,Banten,ID,cancelled,,,marketplace_search,,,,
26072083587348C,2026-07-20 18:56:59,2026-07-20,Monday,Indonesian marketplace,Shopee,LT-IND,"Loop Tote, Indigo",Indigo,standard,1,189000,189000,0,,0,189000,17955,0,78000,93045,IDR,189000,,Credit card,J&T Express,C000528,new,Bekasi,West Java,ID,completed,2026-07-21,2026-07-23,shop_page,,,,
IG-20260720-0002,2026-07-20 19:51:12,2026-07-20,Monday,Instagram,Instagram (DM/WhatsApp),LT-IND,"Loop Tote, Indigo",Indigo,standard,1,189000,189000,0,,25000,214000,0,0,78000,111000,IDR,214000,,Bank transfer (manual),SiCepat,C000529,new,Jakarta,DKI Jakarta,ID,completed,2026-07-21,2026-07-22,story_reply,,,,
IG-20260720-0003,2026-07-20 20:34:32,2026-07-20,Monday,Instagram,Instagram (DM/WhatsApp),LT-GRN,"Loop Tote, Sea-green",Sea-green,standard,1,189000,189000,9500,IGDM5,40000,219500,0,0,78000,101500,IDR,219500,,COD (local courier),GoSend/Grab Instant,C000530,new,Jakarta,DKI Jakarta,ID,completed,2026-07-20,2026-07-23,comment,,,,
#LT10132,2026-07-20 21:14:44,2026-07-20,Monday,Website (Shopify),Website (Shopify),LT-IND,"Loop Tote, Indigo",Indigo,standard,1,189000,189000,0,,40000,229000,0,3435,78000,107565,IDR,229000,,OVO,JNE,C000531,new,Banjarmasin,South Kalimantan,ID,completed,2026-07-20,2026-07-24,newsletter,,,,
#LT10133,2026-07-20 21:20:00,2026-07-20,Monday,Website (Shopify),Website (Shopify),LT-GRN,"Loop Tote, Sea-green",Sea-green,standard,1,189000,189000,0,,40000,229000,0,4000,78000,107000,IDR,229000,,Bank transfer (VA),JNE,C000365,returning,Makassar,South Sulawesi,ID,completed,2026-07-21,2026-07-27,google / organic,,,,
26072045134293D,2026-07-20 22:58:20,2026-07-20,Monday,Indonesian marketplace,Shopee,LT-GRN,"Loop Tote, Sea-green",Sea-green,standard,1,189000,189000,0,,30000,219000,17955,0,78000,93045,IDR,219000,,Bank transfer (VA),Shopee Xpress / platform courier,C000532,new,South Tangerang,Banten,ID,completed,2026-07-20,2026-07-22,recommended,,,,
IG-20260721-0001,2026-07-21 07:37:37,2026-07-21,Tuesday,Instagram,Instagram (DM/WhatsApp),LT-GRN,"Loop Tote, Sea-green",Sea-green,standard,1,189000,189000,0,,40000,229000,0,0,78000,111000,IDR,229000,,Bank transfer (manual),J&T Express,C000533,new,Depok,West Java,ID,completed,2026-07-21,2026-07-23,dm,,,,
#LT10134,2026-07-21 11:07:01,2026-07-21,Tuesday,Website (Shopify),Website (Shopify),LT-GRN,"Loop Tote, Sea-green",Sea-green,standard,2,189000,378000,0,,0,378000,0,12962,156000,209038,IDR,378000,,Credit card,J&T Express,C000534,new,South Tangerang,Banten,ID,completed,2026-07-22,2026-07-25,newsletter,,,,
STR-20260721-0001,2026-07-21 13:05:10,2026-07-21,Tuesday,Physical store,Bandung store,LT-GRN,"Loop Tote, Sea-green",Sea-green,standard,1,189000,189000,0,,0,189000,0,0,78000,111000,IDR,189000,,Cash,In-store pickup,C000535,new,Bandung,West Java,ID,completed,2026-07-21,2026-07-21,walk-in,,,,
#LT10135,2026-07-21 13:55:06,2026-07-21,Tuesday,Website (Shopify),Website (Shopify),LT-SND,"Loop Tote, Sand",Sand,standard,1,189000,189000,0,,40000,229000,0,4000,78000,107000,IDR,229000,,Bank transfer (VA),GoSend/Grab Instant,C000391,returning,Bandung,West Java,ID,completed,2026-07-22,2026-07-24,direct,,,,
#LT10136,2026-07-21 16:01:46,2026-07-21,Tuesday,Website (Shopify),Website (Shopify),LT-IND,"Loop Tote, Indigo",Indigo,standard,1,189000,189000,0,,15000,204000,0,1428,78000,109572,IDR,204000,,QRIS,JNE,C000536,new,Bandung,West Java,ID,completed,2026-07-21,2026-07-22,whatsapp,,,,
5545286708560159826,2026-07-21 16:54:16,2026-07-21,Tuesday,Indonesian marketplace,TikTok Shop,LT-GRN,"Loop Tote, Sea-green",Sea-green,standard,1,179000,179000,0,,0,179000,15215,0,78000,85785,IDR,179000,,ShopeePay,Shopee Xpress / platform courier,C000537,new,Depok,West Java,ID,completed,2026-07-21,2026-07-23,recommended,,,,
5262859262454887755,2026-07-21 18:35:00,2026-07-21,Tuesday,Indonesian marketplace,TikTok Shop,LT-GRN,"Loop Tote, Sea-green",Sea-green,standard,1,179000,179000,0,,20000,199000,15215,0,78000,85785,IDR,199000,,COD,JNE,C000538,new,Karawang,West Java,ID,completed,2026-07-22,2026-07-24,recommended,,,,
#LT10137,2026-07-21 20:53:59,2026-07-21,Tuesday,Website (Shopify),Website (Shopify),LT-SND,"Loop Tote, Sand",Sand,standard,1,189000,189000,0,,25000,214000,0,1498,78000,109502,IDR,214000,,QRIS,JNE,C000539,new,Cimahi,West Java,ID,completed,2026-07-22,2026-07-23,direct,,,,
IG-20260721-0002,2026-07-21 20:56:36,2026-07-21,Tuesday,Instagram,Instagram (DM/WhatsApp),LT-SND,"Loop Tote, Sand",Sand,standard,1,189000,189000,0,,15000,204000,0,7916,78000,103084,IDR,204000,,Credit card,GoSend/Grab Instant,C000540,new,Bogor,West Java,ID,completed,2026-07-21,2026-07-22,story_reply,,,,
IG-20260721-0003,2026-07-21 22:14:09,2026-07-21,Tuesday,Instagram,Instagram (DM/WhatsApp),LT-GRN,"Loop Tote, Sea-green",Sea-green,standard,1,189000,189000,0,,40000,229000,0,0,78000,111000,IDR,229000,,Bank transfer (manual),SiCepat,C000541,new,Bekasi,West Java,ID,completed,2026-07-22,2026-07-23,story_reply,,,,
IG-20260721-0004,2026-07-21 22:26:11,2026-07-21,Tuesday,Instagram,Instagram (DM/WhatsApp),LT-IND,"Loop Tote, Indigo",Indigo,standard,1,189000,189000,0,,15000,204000,0,0,78000,111000,IDR,204000,,COD (local courier),SiCepat,C000155,returning,Cimahi,West Java,ID,completed,2026-07-21,2026-07-23,dm,,,,
26072169315113B,2026-07-21 22:34:03,2026-07-21,Tuesday,Indonesian marketplace,Shopee,LT-IND,"Loop Tote, Indigo",Indigo,standard,1,189000,189000,0,,20000,209000,0,0,78000,0,IDR,209000,,PayLater,,C000542,new,Pekanbaru,Riau,ID,cancelled,,,marketplace_search,,,,
5849724754825465525,2026-07-21 23:26:36,2026-07-21,Tuesday,Indonesian marketplace,TikTok Shop,LT-IND,"Loop Tote, Indigo",Indigo,standard,2,179000,358000,0,,35000,393000,30430,0,156000,171570,IDR,393000,,Bank transfer (VA),SiCepat,C000543,new,Bandung,West Java,ID,completed,2026-07-22,2026-07-24,recommended,,,,
5329572475760005444,2026-07-22 12:54:49,2026-07-22,Wednesday,Indonesian marketplace,TikTok Shop,LT-IND,"Loop Tote, Indigo",Indigo,standard,1,179000,179000,18000,Platform voucher,20000,181000,13685,0,78000,69315,IDR,181000,,COD,J&T Express,C000544,new,Cirebon,West Java,ID,completed,2026-07-23,2026-07-26,marketplace_search,,,,
STR-20260722-0001,2026-07-22 14:19:48,2026-07-22,Wednesday,Physical store,Bandung store,LT-GRN,"Loop Tote, Sea-green",Sea-green,standard,1,189000,189000,0,,0,189000,0,1323,78000,109677,IDR,189000,,QRIS,In-store pickup,C000545,new,Bandung,West Java,ID,completed,2026-07-22,2026-07-22,walk-in,,,,
#LT10138,2026-07-22 14:48:25,2026-07-22,Wednesday,Website (Shopify),Website (Shopify),LT-IND,"Loop Tote, Indigo",Indigo,standard,1,189000,189000,0,,32000,221000,0,3315,78000,107685,IDR,221000,,GoPay,JNE,C000546,new,Jakarta,DKI Jakarta,ID,completed,2026-07-22,2026-07-24,instagram / bio_link,ig_always_on,,,
STR-20260722-0002,2026-07-22 16:06:07,2026-07-22,Wednesday,Physical store,Bandung store,LT-IND,"Loop Tote, Indigo",Indigo,standard,1,189000,189000,0,,0,189000,0,1323,78000,109677,IDR,189000,,QRIS,In-store pickup,C000547,new,Cimahi,West Java,ID,completed,2026-07-22,2026-07-22,walk-in,,,,
IG-20260722-0001,2026-07-22 19:15:26,2026-07-22,Wednesday,Instagram,Instagram (DM/WhatsApp),LT-SND,"Loop Tote, Sand",Sand,standard,1,189000,189000,9500,IGDM5,32000,211500,0,1480,78000,100020,IDR,211500,,QRIS,JNE,C000548,new,Cirebon,West Java,ID,completed,2026-07-23,2026-07-26,dm,,,,
#LT10139,2026-07-22 19:32:22,2026-07-22,Wednesday,Website (Shopify),Website (Shopify),LT-GRN,"Loop Tote, Sea-green",Sea-green,standard,1,189000,189000,0,,18000,207000,0,3105,78000,107895,IDR,207000,,OVO,JNE,C000549,new,Surabaya,East Java,ID,completed,2026-07-23,2026-07-26,instagram / bio_link,ig_always_on,,,
26072217005801B,2026-07-22 20:42:55,2026-07-22,Wednesday,Indonesian marketplace,Shopee,LT-IND,"Loop Tote, Indigo",Indigo,standard,3,189000,567000,0,,25000,592000,53865,0,234000,279135,IDR,592000,,Credit card,Shopee Xpress / platform courier,C000550,new,Solo,Central Java,ID,completed,2026-07-23,2026-07-25,marketplace_search,,,,
26072234114078C,2026-07-22 20:48:27,2026-07-22,Wednesday,Indonesian marketplace,Shopee,LT-SND,"Loop Tote, Sand",Sand,standard,1,189000,189000,0,,25000,214000,17955,0,78000,93045,IDR,214000,,PayLater,J&T Express,C000551,new,Karawang,West Java,ID,completed,2026-07-22,2026-07-24,marketplace_search,,,,
BLI-20260722-172479,2026-07-22 20:55:09,2026-07-22,Wednesday,Indonesian marketplace,Blibli,LT-IND,"Loop Tote, Indigo",Indigo,standard,1,189000,189000,0,,25000,214000,15120,0,78000,95880,IDR,214000,,ShopeePay,Shopee Xpress / platform courier,C000552,new,Jakarta,DKI Jakarta,ID,completed,2026-07-23,2026-07-25,recommended,,,,
#LT10140,2026-07-22 20:55:31,2026-07-22,Wednesday,Website (Shopify),Website (Shopify),LT-SND,"Loop Tote, Sand",Sand,standard,2,189000,378000,0,,0,378000,0,4000,156000,218000,IDR,378000,,Bank transfer (VA),J&T Express,C000553,new,Bogor,West Java,ID,completed,2026-07-22,2026-07-24,instagram / bio_link,ig_always_on,,,
#LT10141,2026-07-22 21:24:58,2026-07-22,Wednesday,Website (Shopify),Website (Shopify),LT-GRN,"Loop Tote, Sea-green",Sea-green,standard,1,189000,189000,0,,25000,214000,0,3210,78000,107790,IDR,214000,,ShopeePay,JNE,C000554,new,Bandung,West Java,ID,completed,2026-07-23,2026-07-25,direct,,,,
26072292916305D,2026-07-22 21:29:35,2026-07-22,Wednesday,Indonesian marketplace,Shopee,LT-SND,"Loop Tote, Sand",Sand,standard,1,189000,189000,15000,Platform voucher,0,174000,16530,0,78000,-41530,IDR,174000,,PayLater,J&T Express,C000555,new,South Tangerang,Banten,ID,returned,2026-07-23,2026-07-24,recommended,,,,
#LT10142,2026-07-22 21:38:45,2026-07-22,Wednesday,Website (Shopify),Website (Shopify),LT-GRN,"Loop Tote, Sea-green",Sea-green,standard,2,189000,378000,0,,0,378000,0,2646,156000,219354,IDR,378000,,QRIS,J&T Express,C000556,new,Solo,Central Java,ID,completed,2026-07-23,2026-07-26,instagram / bio_link,ig_always_on,,,
INV/20260722/MPL/245823202,2026-07-22 21:42:14,2026-07-22,Wednesday,Indonesian marketplace,Tokopedia,LT-IND,"Loop Tote, Indigo",Indigo,standard,1,189000,189000,19000,Platform voucher,12000,182000,13600,0,78000,78400,IDR,182000,,ShopeePay,JNE,C000557,new,Surabaya,East Java,ID,completed,2026-07-22,2026-07-26,marketplace_search,,,,
113-3077599-1745896,2026-07-23 01:31:17,2026-07-23,Thursday,Amazon,Amazon,LT-SND,"Loop Tote, Sand",Sand,standard,1,260637,260637,0,,113937,374574,39096,0,78000,143541,USD,22.98,16300,Credit card,DHL eCommerce,C000558,new,Sydney,New South Wales,AU,completed,2026-07-23,2026-08-08,marketplace_search,,,,
113-4667838-8788646,2026-07-23 02:27:43,2026-07-23,Thursday,Amazon,Amazon,LT-GRN,"Loop Tote, Sea-green",Sea-green,standard,1,260637,260637,0,,113937,374574,39096,0,78000,143541,USD,22.98,16300,Credit card,DHL eCommerce,C000249,returning,Los Angeles,California,US,completed,2026-07-23,2026-08-02,recommended,,,,
STR-20260723-0001,2026-07-23 10:05:36,2026-07-23,Thursday,Physical store,Bandung store,LT-GRN,"Loop Tote, Sea-green",Sea-green,standard,1,189000,189000,0,,0,189000,0,1890,78000,109110,IDR,189000,,Debit card,In-store pickup,C000559,new,Bandung,West Java,ID,completed,2026-07-23,2026-07-23,walk-in,,,,
IG-20260723-0001,2026-07-23 12:15:18,2026-07-23,Thursday,Instagram,Instagram (DM/WhatsApp),LT-GRN,"Loop Tote, Sea-green",Sea-green,standard,1,189000,189000,0,,25000,214000,0,3210,78000,107790,IDR,214000,,GoPay/OVO,JNE,C000560,new,Tangerang,Banten,ID,completed,2026-07-24,2026-07-26,whatsapp_click,,,,
#LT10143,2026-07-23 17:35:14,2026-07-23,Thursday,Website (Shopify),Website (Shopify),LT-GRN,"Loop Tote, Sea-green",Sea-green,standard,1,189000,189000,0,,15000,204000,0,4000,78000,107000,IDR,204000,,Bank transfer (VA),J&T Express,C000561,new,Depok,West Java,ID,completed,2026-07-24,2026-07-25,google / organic,,,,
#LT10144,2026-07-23 19:09:10,2026-07-23,Thursday,Website (Shopify),Website (Shopify),LT-GRN,"Loop Tote, Sea-green",Sea-green,standard,1,189000,189000,9500,NEWSLETTER5,15000,194500,0,1362,78000,100138,IDR,194500,,QRIS,JNE,C000398,returning,Bandung,West Java,ID,completed,2026-07-24,2026-07-26,google / organic,,,,
26072370867772B,2026-07-23 20:30:01,2026-07-23,Thursday,Indonesian marketplace,Shopee,LT-GRN,"Loop Tote, Sea-green",Sea-green,standard,1,189000,189000,28500,Platform voucher,25000,185500,0,0,78000,0,IDR,185500,,Bank transfer (VA),,C000562,new,Denpasar,Bali,ID,cancelled,,,marketplace_campaign,,,,
#LT10145,2026-07-23 20:34:31,2026-07-23,Thursday,Website (Shopify),Website (Shopify),LT-SND,"Loop Tote, Sand",Sand,standard,1,189000,189000,0,,15000,204000,0,4000,78000,107000,IDR,204000,,Bank transfer (VA),J&T Express,C000200,returning,Bekasi,West Java,ID,completed,2026-07-24,2026-07-27,google / organic,,,,
26072393481180C,2026-07-23 21:27:15,2026-07-23,Thursday,Indonesian marketplace,Shopee,LT-GRN,"Loop Tote, Sea-green",Sea-green,standard,2,189000,378000,0,,15000,393000,35910,0,156000,186090,IDR,393000,,Bank transfer (VA),JNE,C000563,new,Jakarta,DKI Jakarta,ID,completed,2026-07-23,2026-07-25,recommended,,,,
IG-20260723-0002,2026-07-23 21:49:01,2026-07-23,Thursday,Instagram,Instagram (DM/WhatsApp),LT-GRN,"Loop Tote, Sea-green",Sea-green,standard,1,189000,189000,0,,0,189000,0,2835,78000,108165,IDR,189000,,GoPay/OVO,GoSend/Grab Instant,C000564,new,Jakarta,DKI Jakarta,ID,completed,2026-07-24,2026-07-26,dm,,,,
IG-20260724-0001,2026-07-24 08:14:01,2026-07-24,Friday,Instagram,Instagram (DM/WhatsApp),LT-GRN,"Loop Tote, Sea-green",Sea-green,standard,4,189000,756000,0,,32000,788000,0,0,312000,444000,IDR,788000,,Bank transfer (manual),JNE,C000322,returning,Bekasi,West Java,ID,completed,2026-07-24,2026-07-27,dm,,,,
26072444790006B,2026-07-24 12:52:38,2026-07-24,Friday,Indonesian marketplace,Shopee,LT-SND,"Loop Tote, Sand",Sand,standard,2,189000,378000,0,,12000,390000,35910,0,156000,186090,IDR,390000,,QRIS,Shopee Xpress / platform courier,C000565,new,Surabaya,East Java,ID,completed,2026-07-25,2026-07-29,recommended,,,,
STR-20260724-0001,2026-07-24 14:24:59,2026-07-24,Friday,Physical store,Bandung store,LT-IND,"Loop Tote, Indigo",Indigo,standard,1,189000,189000,0,,0,189000,0,1323,78000,109677,IDR,189000,,QRIS,In-store pickup,C000566,new,Cimahi,West Java,ID,completed,2026-07-24,2026-07-24,walk-in,,,,
STR-20260724-0002,2026-07-24 14:40:51,2026-07-24,Friday,Physical store,Bandung store,LT-IND,"Loop Tote, Indigo",Indigo,standard,1,189000,189000,0,,0,189000,0,1323,78000,109677,IDR,189000,,QRIS,In-store pickup,C000372,returning,Bandung,West Java,ID,completed,2026-07-24,2026-07-24,walk-in,,,,
26072438538578C,2026-07-24 15:18:20,2026-07-24,Friday,Indonesian marketplace,Shopee,LT-GRN,"Loop Tote, Sea-green",Sea-green,standard,2,189000,378000,0,,0,378000,35910,0,156000,186090,IDR,378000,,Bank transfer (VA),SiCepat,C000567,new,Cimahi,West Java,ID,completed,2026-07-24,2026-07-25,recommended,,,,
#LT10146,2026-07-24 15:31:16,2026-07-24,Friday,Website (Shopify),Website (Shopify),LT-GRN,"Loop Tote, Sea-green",Sea-green,standard,1,189000,189000,0,,0,189000,0,2835,78000,108165,IDR,189000,,GoPay,SiCepat,C000060,returning,Medan,North Sumatra,ID,completed,2026-07-24,2026-07-28,instagram / bio_link,ig_always_on,,,
300182155760195,2026-07-24 18:13:46,2026-07-24,Friday,Indonesian marketplace,Lazada,LT-GRN,"Loop Tote, Sea-green",Sea-green,standard,1,189000,189000,0,,25000,214000,16065,0,78000,94935,IDR,214000,,ShopeePay,J&T Express,C000568,new,Manado,North Sulawesi,ID,completed,2026-07-24,2026-07-27,marketplace_campaign,,,,
5573712177889362333,2026-07-24 21:07:56,2026-07-24,Friday,Indonesian marketplace,TikTok Shop,LT-GRN,"Loop Tote, Sea-green",Sea-green,standard,1,179000,179000,0,,0,179000,15215,0,78000,85785,IDR,179000,,COD,Shopee Xpress / platform courier,C000569,new,Padang,West Sumatra,ID,completed,2026-07-24,2026-07-28,shop_page,,,,
STR-20260725-0001,2026-07-25 10:07:30,2026-07-25,Saturday,Physical store,Bandung store,LT-SND,"Loop Tote, Sand",Sand,standard,1,189000,189000,0,,0,189000,0,1890,78000,109110,IDR,189000,,Debit card,In-store pickup,C000570,new,Bandung,West Java,ID,completed,2026-07-25,2026-07-25,walk-in,,,,
26072567071029B,2026-07-25 10:28:11,2026-07-25,Saturday,Indonesian marketplace,Shopee,LT-GRN,"Loop Tote, Sea-green",Sea-green,standard,1,189000,189000,0,,12000,201000,17955,0,78000,93045,IDR,201000,,ShopeePay,J&T Express,C000571,new,Semarang,Central Java,ID,completed,2026-07-26,2026-07-30,shop_page,,,,
#LT10147,2026-07-25 10:44:09,2026-07-25,Saturday,Website (Shopify),Website (Shopify),LT-GRN,"Loop Tote, Sea-green",Sea-green,standard,1,189000,189000,0,,15000,204000,0,1428,78000,109572,IDR,204000,,QRIS,SiCepat,C000572,new,Bekasi,West Java,ID,completed,2026-07-26,2026-07-28,direct,,,,
26072531018353C,2026-07-25 11:51:32,2026-07-25,Saturday,Indonesian marketplace,Shopee,LT-GRN,"Loop Tote, Sea-green",Sea-green,standard,1,189000,189000,0,,12000,201000,17955,0,78000,93045,IDR,201000,,Bank transfer (VA),JNE,C000573,new,Surabaya,East Java,ID,completed,2026-07-26,2026-07-28,marketplace_search,,,,
#LT10148,2026-07-25 11:56:07,2026-07-25,Saturday,Website (Shopify),Website (Shopify),LT-IND,"Loop Tote, Indigo",Indigo,standard,1,189000,189000,0,,0,189000,0,1323,78000,109677,IDR,189000,,QRIS,SiCepat,C000574,new,Bandung,West Java,ID,completed,2026-07-25,2026-07-26,direct,,,,
26072572630854D,2026-07-25 14:47:08,2026-07-25,Saturday,Indonesian marketplace,Shopee,LT-GRN,"Loop Tote, Sea-green",Sea-green,standard,1,189000,189000,0,,30000,219000,17955,0,78000,-42955,IDR,219000,,ShopeePay,SiCepat,C000575,new,Tangerang,Banten,ID,returned,2026-07-25,2026-07-27,recommended,,,,
STR-20260725-0002,2026-07-25 14:56:39,2026-07-25,Saturday,Physical store,Bandung store,LT-GRN,"Loop Tote, Sea-green",Sea-green,standard,1,189000,189000,0,,0,189000,0,0,78000,111000,IDR,189000,,Cash,In-store pickup,C000576,new,Bandung,West Java,ID,completed,2026-07-25,2026-07-25,walk-in,,,,
STR-20260725-0003,2026-07-25 15:27:15,2026-07-25,Saturday,Physical store,Bandung store,LT-SND,"Loop Tote, Sand",Sand,standard,1,189000,189000,0,,0,189000,0,0,78000,111000,IDR,189000,,Cash,In-store pickup,C000409,returning,Bandung,West Java,ID,completed,2026-07-25,2026-07-25,walk-in,,,,
5294804227949507544,2026-07-25 16:27:09,2026-07-25,Saturday,Indonesian marketplace,TikTok Shop,LT-GRN,"Loop Tote, Sea-green",Sea-green,standard,1,179000,179000,0,,35000,214000,15215,0,78000,85785,IDR,214000,,Alfamart/Indomaret,Shopee Xpress / platform courier,C000577,new,Jakarta,DKI Jakarta,ID,completed,2026-07-26,2026-07-29,marketplace_search,,,,
26072587381469E,2026-07-25 17:21:41,2026-07-25,Saturday,Indonesian marketplace,Shopee,LT-GRN,"Loop Tote, Sea-green",Sea-green,standard,1,189000,189000,0,,0,189000,17955,0,78000,93045,IDR,189000,,Alfamart/Indomaret,J&T Express,C000578,new,Cianjur,West Java,ID,completed,2026-07-26,2026-07-28,marketplace_search,,,,
#LT10149,2026-07-25 18:53:36,2026-07-25,Saturday,Website (Shopify),Website (Shopify),LT-GRN,"Loop Tote, Sea-green",Sea-green,standard,1,189000,189000,0,,18000,207000,0,4000,78000,107000,IDR,207000,,Bank transfer (VA),J&T Express,C000400,returning,Cimahi,West Java,ID,completed,2026-07-25,2026-07-27,google / organic,,,,
#LT10150,2026-07-25 19:25:27,2026-07-25,Saturday,Website (Shopify),Website (Shopify),LT-GRN,"Loop Tote, Sea-green",Sea-green,standard,1,189000,189000,0,,0,189000,0,7481,78000,103519,IDR,189000,,Credit card,GoSend/Grab Instant,C000579,new,Jakarta,DKI Jakarta,ID,completed,2026-07-25,2026-07-27,google / organic,,,,
IG-20260725-0001,2026-07-25 19:29:30,2026-07-25,Saturday,Instagram,Instagram (DM/WhatsApp),LT-GRN,"Loop Tote, Sea-green",Sea-green,standard,1,189000,189000,0,,18000,207000,0,1449,78000,109551,IDR,207000,,QRIS,J&T Express,C000373,returning,Denpasar,Bali,ID,completed,2026-07-25,2026-07-29,dm,,,,
979117972374790,2026-07-25 19:40:06,2026-07-25,Saturday,Indonesian marketplace,Lazada,LT-SND,"Loop Tote, Sand",Sand,standard,1,189000,189000,0,,0,189000,16065,0,78000,94935,IDR,189000,,ShopeePay,SiCepat,C000580,new,Semarang,Central Java,ID,completed,2026-07-26,2026-07-29,marketplace_campaign,,,,
IG-20260725-0002,2026-07-25 21:35:47,2026-07-25,Saturday,Instagram,Instagram (DM/WhatsApp),LT-GRN,"Loop Tote, Sea-green",Sea-green,standard,1,189000,189000,0,,25000,214000,0,1498,78000,109502,IDR,214000,,QRIS,JNE,C000039,returning,Malang,East Java,ID,completed,2026-07-26,2026-07-29,dm,,,,
INV/20260725/MPL/156105424,2026-07-25 22:51:45,2026-07-25,Saturday,Indonesian marketplace,Tokopedia,LT-GRN,"Loop Tote, Sea-green",Sea-green,standard,4,189000,756000,0,,35000,791000,60480,0,312000,383520,IDR,791000,,ShopeePay,JNE,C000581,new,Jakarta,DKI Jakarta,ID,completed,2026-07-26,2026-07-29,marketplace_search,,,,
26072657444565B,2026-07-26 00:22:55,2026-07-26,Sunday,Indonesian marketplace,Shopee,LT-GRN,"Loop Tote, Sea-green",Sea-green,standard,1,189000,189000,0,,0,189000,17955,0,78000,93045,IDR,189000,,COD,SiCepat,C000582,new,South Tangerang,Banten,ID,completed,2026-07-27,2026-07-30,recommended,,,,
113-7505821-8814095,2026-07-26 00:31:33,2026-07-26,Sunday,Amazon,Amazon,LT-GRN,"Loop Tote, Sea-green",Sea-green,standard,1,260637,260637,0,,113937,374574,39096,0,78000,143541,USD,22.98,16300,Credit card,DHL eCommerce,C000108,returning,Sydney,New South Wales,AU,completed,2026-07-27,2026-08-08,marketplace_search,,,,
252835119832015,2026-07-26 10:21:00,2026-07-26,Sunday,Indonesian marketplace,Lazada,LT-GRN,"Loop Tote, Sea-green",Sea-green,standard,1,189000,189000,28500,Platform voucher,20000,180500,13643,0,78000,68857,IDR,180500,,Bank transfer (VA),Shopee Xpress / platform courier,C000583,new,Manado,North Sulawesi,ID,completed,2026-07-26,2026-08-01,marketplace_search,,,,
#LT10151,2026-07-26 10:52:03,2026-07-26,Sunday,Website (Shopify),Website (Shopify),LT-SND,"Loop Tote, Sand",Sand,standard,1,189000,189000,0,,32000,221000,0,4000,78000,107000,IDR,221000,,Bank transfer (VA),JNE,C000442,returning,Pekanbaru,Riau,ID,completed,2026-07-27,2026-08-01,direct,,,,
#LT10152,2026-07-26 11:36:49,2026-07-26,Sunday,Website (Shopify),Website (Shopify),LT-IND,"Loop Tote, Indigo",Indigo,standard,1,189000,189000,0,,18000,207000,0,4000,78000,107000,IDR,207000,,Bank transfer (VA),J&T Express,C000584,new,Jakarta,DKI Jakarta,ID,completed,2026-07-27,2026-07-28,direct,,,,
530135067274578,2026-07-26 12:03:39,2026-07-26,Sunday,Indonesian marketplace,Lazada,LT-SND,"Loop Tote, Sand",Sand,standard,1,189000,189000,0,,20000,209000,16065,0,78000,94935,IDR,209000,,Bank transfer (VA),Shopee Xpress / platform courier,C000585,new,Balikpapan,East Kalimantan,ID,completed,2026-07-26,2026-07-31,marketplace_search,,,,
INV/20260726/MPL/401694931,2026-07-26 12:43:29,2026-07-26,Sunday,Indonesian marketplace,Tokopedia,LT-GRN,"Loop Tote, Sea-green",Sea-green,standard,1,189000,189000,0,,20000,209000,15120,0,78000,95880,IDR,209000,,Bank transfer (VA),JNE,C000586,new,South Tangerang,Banten,ID,completed,2026-07-26,2026-07-29,marketplace_search,,,,
STR-20260726-0001,2026-07-26 14:30:40,2026-07-26,Sunday,Physical store,Bandung store,LT-GRN,"Loop Tote, Sea-green",Sea-green,standard,2,189000,378000,0,,0,378000,0,2646,156000,219354,IDR,378000,,QRIS,In-store pickup,C000587,new,Cimahi,West Java,ID,completed,2026-07-26,2026-07-26,walk-in,,,,
STR-20260726-0002,2026-07-26 15:47:50,2026-07-26,Sunday,Physical store,Bandung store,LT-IND,"Loop Tote, Indigo",Indigo,standard,1,189000,189000,0,,0,189000,0,1323,78000,109677,IDR,189000,,QRIS,In-store pickup,C000047,returning,Bandung,West Java,ID,completed,2026-07-26,2026-07-26,walk-in,,,,
448824366822866,2026-07-26 17:22:14,2026-07-26,Sunday,Indonesian marketplace,Lazada,LT-SND,"Loop Tote, Sand",Sand,standard,1,189000,189000,0,,12000,201000,0,0,78000,0,IDR,201000,,ShopeePay,,C000588,new,Jakarta,DKI Jakarta,ID,cancelled,,,shop_page,,,,
INV/20260726/MPL/140984845,2026-07-26 18:54:17,2026-07-26,Sunday,Indonesian marketplace,Tokopedia,LT-SND,"Loop Tote, Sand",Sand,standard,1,189000,189000,28500,Platform voucher,25000,185500,12840,0,78000,-37840,IDR,185500,,PayLater,Shopee Xpress / platform courier,C000589,new,Semarang,Central Java,ID,returned,2026-07-27,2026-07-29,marketplace_campaign,,,,
26072651452959C,2026-07-26 20:41:33,2026-07-26,Sunday,Indonesian marketplace,Shopee,LT-GRN,"Loop Tote, Sea-green",Sea-green,standard,2,189000,378000,0,,30000,408000,35910,0,156000,186090,IDR,408000,,Bank transfer (VA),JNE,C000590,new,Semarang,Central Java,ID,completed,2026-07-26,2026-07-28,recommended,,,,
IG-20260726-0001,2026-07-26 21:54:23,2026-07-26,Sunday,Instagram,Instagram (DM/WhatsApp),LT-GRN,"Loop Tote, Sea-green",Sea-green,standard,3,189000,567000,0,,25000,592000,0,8880,234000,324120,IDR,592000,,GoPay/OVO,J&T Express,C000591,new,Denpasar,Bali,ID,completed,2026-07-26,2026-07-31,comment,,,,
#LT10153,2026-07-26 22:07:24,2026-07-26,Sunday,Website (Shopify),Website (Shopify),LT-GRN,"Loop Tote, Sea-green",Sea-green,standard,1,189000,189000,0,,32000,221000,0,3315,78000,-28315,IDR,221000,,GoPay,GoSend/Grab Instant,C000592,new,Subang,West Java,ID,returned,2026-07-26,2026-07-30,instagram / bio_link,ig_always_on,,,
26072782819782B,2026-07-27 06:02:03,2026-07-27,Monday,Indonesian marketplace,Shopee,LT-GRN,"Loop Tote, Sea-green",Sea-green,standard,1,189000,189000,0,,25000,214000,17955,0,78000,93045,IDR,214000,,Bank transfer (VA),JNE,C000593,new,Jakarta,DKI Jakarta,ID,completed,2026-07-27,2026-07-28,recommended,,,,
26072729144686C,2026-07-27 08:49:23,2026-07-27,Monday,Indonesian marketplace,Shopee,LT-GRN,"Loop Tote, Sea-green",Sea-green,standard,1,189000,189000,0,,15000,204000,17955,0,78000,93045,IDR,204000,,Alfamart/Indomaret,AnterAja,C000186,returning,Depok,West Java,ID,completed,2026-07-27,2026-07-30,marketplace_search,,,,
26072777592762D,2026-07-27 10:08:57,2026-07-27,Monday,Indonesian marketplace,Shopee,LT-IND,"Loop Tote, Indigo",Indigo,standard,1,189000,189000,0,,0,189000,17955,0,78000,93045,IDR,189000,,ShopeePay,JNE,C000594,new,Semarang,Central Java,ID,completed,2026-07-28,2026-07-31,marketplace_search,,,,
#LT10154,2026-07-27 13:31:38,2026-07-27,Monday,Website (Shopify),Website (Shopify),LT-GRN,"Loop Tote, Sea-green",Sea-green,standard,2,189000,378000,19000,NEWSLETTER5,0,359000,0,2513,156000,200487,IDR,359000,,QRIS,GoSend/Grab Instant,C000595,new,Denpasar,Bali,ID,completed,2026-07-28,2026-07-31,direct,,,,
26072728984930E,2026-07-27 15:09:18,2026-07-27,Monday,Indonesian marketplace,Shopee,LT-GRN,"Loop Tote, Sea-green",Sea-green,standard,1,189000,189000,0,,25000,214000,17955,0,78000,93045,IDR,214000,,PayLater,SiCepat,C000596,new,Jakarta,DKI Jakarta,ID,completed,2026-07-28,2026-07-30,marketplace_search,,,,
STR-20260727-0001,2026-07-27 15:43:21,2026-07-27,Monday,Physical store,Bandung store,LT-SND,"Loop Tote, Sand",Sand,standard,3,189000,567000,0,,0,567000,0,3969,234000,329031,IDR,567000,,QRIS,In-store pickup,C000597,new,Bandung,West Java,ID,completed,2026-07-27,2026-07-27,walk-in,,,,
#LT10155,2026-07-27 16:26:16,2026-07-27,Monday,Website (Shopify),Website (Shopify),LT-SND,"Loop Tote, Sand",Sand,standard,1,189000,189000,0,,32000,221000,0,4000,78000,107000,IDR,221000,,Bank transfer (VA),SiCepat,C000598,new,Banjarmasin,South Kalimantan,ID,completed,2026-07-27,2026-07-30,instagram / bio_link,ig_always_on,,,
IG-20260727-0001,2026-07-27 16:59:56,2026-07-27,Monday,Instagram,Instagram (DM/WhatsApp),LT-IND,"Loop Tote, Indigo",Indigo,standard,1,189000,189000,0,,32000,221000,0,1547,78000,109453,IDR,221000,,QRIS,J&T Express,C000599,new,Bogor,West Java,ID,completed,2026-07-28,2026-07-31,dm,,,,
IG-20260727-0002,2026-07-27 19:12:36,2026-07-27,Monday,Instagram,Instagram (DM/WhatsApp),LT-GRN,"Loop Tote, Sea-green",Sea-green,standard,1,189000,189000,0,,15000,204000,0,0,78000,111000,IDR,204000,,Bank transfer (manual),GoSend/Grab Instant,C000600,new,Bandung,West Java,ID,completed,2026-07-27,2026-07-28,story_reply,,,,
INV/20260727/MPL/278093532,2026-07-27 20:08:21,2026-07-27,Monday,Indonesian marketplace,Tokopedia,LT-GRN,"Loop Tote, Sea-green",Sea-green,standard,1,189000,189000,19000,Platform voucher,25000,195000,13600,0,78000,78400,IDR,195000,,QRIS,J&T Express,C000601,new,Bekasi,West Java,ID,completed,2026-07-28,2026-07-29,marketplace_search,,,,
#LT10156,2026-07-27 22:46:29,2026-07-27,Monday,Website (Shopify),Website (Shopify),LT-SND,"Loop Tote, Sand",Sand,standard,1,189000,189000,0,,32000,221000,0,1547,78000,109453,IDR,221000,,QRIS,J&T Express,C000602,new,Batam,Riau Islands,ID,completed,2026-07-27,2026-07-30,direct,,,,
#LT10157,2026-07-28 03:49:53,2026-07-28,Tuesday,Website (Shopify),Website (Shopify),LT-IND,"Loop Tote, Indigo",Indigo,standard,1,189000,189000,9500,NEWSLETTER5,0,179500,0,2692,78000,98808,IDR,179500,,OVO,GoSend/Grab Instant,C000288,returning,Solo,Central Java,ID,completed,2026-07-29,2026-07-31,instagram / bio_link,ig_always_on,,,
IG-20260728-0001,2026-07-28 06:33:50,2026-07-28,Tuesday,Instagram,Instagram (DM/WhatsApp),LT-SND,"Loop Tote, Sand",Sand,standard,1,189000,189000,9500,IGDM5,25000,204500,0,1432,78000,100068,IDR,204500,,QRIS,SiCepat,C000603,new,Karawang,West Java,ID,completed,2026-07-28,2026-07-31,comment,,,,
5580099190392689251,2026-07-28 08:14:36,2026-07-28,Tuesday,Indonesian marketplace,TikTok Shop,LT-GRN,"Loop Tote, Sea-green",Sea-green,standard,1,179000,179000,0,,0,179000,15215,0,78000,85785,IDR,179000,,COD,JNE,C000604,new,Tangerang,Banten,ID,completed,2026-07-28,2026-07-29,marketplace_search,,,,
IG-20260728-0002,2026-07-28 08:35:18,2026-07-28,Tuesday,Instagram,Instagram (DM/WhatsApp),LT-GRN,"Loop Tote, Sea-green",Sea-green,standard,3,189000,567000,0,,15000,582000,0,0,234000,333000,IDR,582000,,Bank transfer (manual),J&T Express,C000529,returning,Jakarta,DKI Jakarta,ID,completed,2026-07-29,2026-07-31,dm,,,,
STR-20260728-0001,2026-07-28 10:52:59,2026-07-28,Tuesday,Physical store,Bandung store,LT-IND,"Loop Tote, Indigo",Indigo,standard,1,189000,189000,0,,0,189000,0,1323,78000,109677,IDR,189000,,QRIS,In-store pickup,C000605,new,Bandung,West Java,ID,completed,2026-07-28,2026-07-28,walk-in,,,,
#LT10158,2026-07-28 10:54:09,2026-07-28,Tuesday,Website (Shopify),Website (Shopify),LT-SND,"Loop Tote, Sand",Sand,standard,1,189000,189000,0,,18000,207000,0,8003,78000,102997,IDR,207000,,Credit card,JNE,C000606,new,Padang,West Sumatra,ID,completed,2026-07-29,2026-08-03,instagram / bio_link,ig_always_on,,,
26072830615981B,2026-07-28 11:20:36,2026-07-28,Tuesday,Indonesian marketplace,Shopee,LT-IND,"Loop Tote, Indigo",Indigo,standard,1,189000,189000,19000,Platform voucher,30000,200000,16150,0,78000,75850,IDR,200000,,COD,SiCepat,C000607,new,Semarang,Central Java,ID,completed,2026-07-29,2026-08-02,marketplace_search,,,,
947333343785015,2026-07-28 11:45:16,2026-07-28,Tuesday,Indonesian marketplace,Lazada,LT-GRN,"Loop Tote, Sea-green",Sea-green,standard,1,189000,189000,0,,15000,204000,16065,0,78000,94935,IDR,204000,,Bank transfer (VA),AnterAja,C000608,new,Cirebon,West Java,ID,completed,2026-07-28,2026-08-01,marketplace_campaign,,,,
5411681033733834027,2026-07-28 12:07:19,2026-07-28,Tuesday,Indonesian marketplace,TikTok Shop,LT-GRN,"Loop Tote, Sea-green",Sea-green,standard,1,179000,179000,0,,0,179000,15215,0,78000,85785,IDR,179000,,ShopeePay,JNE,C000609,new,Medan,North Sumatra,ID,completed,2026-07-29,2026-08-02,marketplace_search,,,,
5340252344104514442,2026-07-28 12:21:13,2026-07-28,Tuesday,Indonesian marketplace,TikTok Shop,LT-SND,"Loop Tote, Sand",Sand,standard,1,179000,179000,0,,35000,214000,15215,0,78000,85785,IDR,214000,,QRIS,JNE,C000610,new,Jakarta,DKI Jakarta,ID,completed,2026-07-28,2026-07-30,marketplace_search,,,,
STR-20260728-0002,2026-07-28 12:31:02,2026-07-28,Tuesday,Physical store,Bandung store,LT-IND,"Loop Tote, Indigo",Indigo,standard,1,189000,189000,0,,0,189000,0,7481,78000,103519,IDR,189000,,Credit card,In-store pickup,C000611,new,Bandung,West Java,ID,completed,2026-07-28,2026-07-28,walk-in,,,,
#LT10159,2026-07-28 17:16:45,2026-07-28,Tuesday,Website (Shopify),Website (Shopify),LT-SND,"Loop Tote, Sand",Sand,standard,1,189000,189000,0,,25000,214000,0,8206,78000,102794,IDR,214000,,Credit card,JNE,C000612,new,Bogor,West Java,ID,completed,2026-07-28,2026-07-29,google / organic,,,,
INV/20260728/MPL/565575435,2026-07-28 18:26:26,2026-07-28,Tuesday,Indonesian marketplace,Tokopedia,LT-GRN,"Loop Tote, Sea-green",Sea-green,standard,2,189000,378000,0,,0,378000,30240,0,156000,191760,IDR,378000,,ShopeePay,JNE,C000613,new,Surabaya,East Java,ID,completed,2026-07-29,2026-08-02,marketplace_campaign,,,,
#LT10160,2026-07-28 18:50:55,2026-07-28,Tuesday,Website (Shopify),Website (Shopify),LT-GRN,"Loop Tote, Sea-green",Sea-green,standard,1,189000,189000,0,,15000,204000,0,1428,78000,109572,IDR,204000,,QRIS,SiCepat,C000614,new,Tasikmalaya,West Java,ID,completed,2026-07-29,2026-07-31,instagram / bio_link,ig_always_on,,,
26072881136356C,2026-07-28 20:15:36,2026-07-28,Tuesday,Indonesian marketplace,Shopee,LT-SND,"Loop Tote, Sand",Sand,standard,1,189000,189000,0,,0,189000,17955,0,78000,93045,IDR,189000,,Bank transfer (VA),AnterAja,C000583,returning,Manado,North Sulawesi,ID,completed,2026-07-28,2026-08-04,marketplace_search,,,,
IG-20260728-0003,2026-07-28 20:52:40,2026-07-28,Tuesday,Instagram,Instagram (DM/WhatsApp),LT-IND,"Loop Tote, Indigo",Indigo,standard,1,189000,189000,0,,32000,221000,0,0,78000,111000,IDR,221000,,Bank transfer (manual),JNE,C000615,new,Bandung,West Java,ID,completed,2026-07-29,2026-07-30,dm,,,,
BLI-20260729-283123,2026-07-29 00:35:08,2026-07-29,Wednesday,Indonesian marketplace,Blibli,LT-GRN,"Loop Tote, Sea-green",Sea-green,standard,2,189000,378000,0,,0,378000,30240,0,156000,191760,IDR,378000,,ShopeePay,J&T Express,C000616,new,Jakarta,DKI Jakarta,ID,completed,2026-07-29,2026-07-30,recommended,,,,
#LT10161,2026-07-29 07:33:50,2026-07-29,Wednesday,Website (Shopify),Website (Shopify),LT-SND,"Loop Tote, Sand",Sand,standard,2,189000,378000,0,,0,378000,0,5670,156000,216330,IDR,378000,,GoPay,SiCepat,C000617,new,Garut,West Java,ID,completed,2026-07-29,2026-07-31,direct,,,,
#LT10162,2026-07-29 09:47:10,2026-07-29,Wednesday,Website (Shopify),Website (Shopify),LT-IND,"Loop Tote, Indigo",Indigo,standard,2,189000,378000,0,,0,378000,0,2646,156000,219354,IDR,378000,,QRIS,GoSend/Grab Instant,C000618,new,Denpasar,Bali,ID,completed,2026-07-30,2026-08-02,direct,,,,
#LT10163,2026-07-29 10:21:49,2026-07-29,Wednesday,Website (Shopify),Website (Shopify),LT-IND,"Loop Tote, Indigo",Indigo,standard,1,189000,189000,0,,40000,229000,0,1603,78000,109397,IDR,229000,,QRIS,JNE,C000598,returning,Banjarmasin,South Kalimantan,ID,completed,2026-07-30,2026-08-06,direct,,,,
26072985146499B,2026-07-29 13:18:49,2026-07-29,Wednesday,Indonesian marketplace,Shopee,LT-GRN,"Loop Tote, Sea-green",Sea-green,standard,1,189000,189000,19000,Platform voucher,25000,195000,16150,0,78000,75850,IDR,195000,,ShopeePay,AnterAja,C000619,new,Bandung,West Java,ID,completed,2026-07-29,2026-07-31,recommended,,,,
STR-20260729-0001,2026-07-29 13:32:26,2026-07-29,Wednesday,Physical store,Bandung store,LT-SND,"Loop Tote, Sand",Sand,standard,2,189000,378000,0,,0,378000,0,2646,156000,219354,IDR,378000,,QRIS,In-store pickup,C000620,new,Bandung,West Java,ID,completed,2026-07-29,2026-07-29,walk-in,,,,
#LT10164,2026-07-29 15:18:09,2026-07-29,Wednesday,Website (Shopify),Website (Shopify),LT-GRN,"Loop Tote, Sea-green",Sea-green,standard,1,189000,189000,0,,32000,221000,0,4000,78000,107000,IDR,221000,,Bank transfer (VA),SiCepat,C000621,new,Bekasi,West Java,ID,completed,2026-07-29,2026-07-31,direct,,,,
INV/20260729/MPL/638723541,2026-07-29 17:19:11,2026-07-29,Wednesday,Indonesian marketplace,Tokopedia,LT-IND,"Loop Tote, Indigo",Indigo,standard,1,189000,189000,0,,15000,204000,0,0,78000,0,IDR,204000,,Bank transfer (VA),,C000622,new,Tangerang,Banten,ID,cancelled,,,marketplace_campaign,,,,
STR-20260729-0002,2026-07-29 18:47:38,2026-07-29,Wednesday,Physical store,Bandung store,LT-IND,"Loop Tote, Indigo",Indigo,standard,1,189000,189000,0,,0,189000,0,0,78000,111000,IDR,189000,,Cash,In-store pickup,C000623,new,Bandung,West Java,ID,completed,2026-07-29,2026-07-29,walk-in,,,,
522771079329584,2026-07-29 21:16:55,2026-07-29,Wednesday,Indonesian marketplace,Lazada,LT-SND,"Loop Tote, Sand",Sand,standard,1,189000,189000,9500,Platform voucher,25000,204500,15258,0,78000,86242,IDR,204500,,Bank transfer (VA),JNE,C000624,new,Pontianak,West Kalimantan,ID,completed,2026-07-29,2026-08-04,recommended,,,,
113-6557534-4020054,2026-07-29 21:48:03,2026-07-29,Wednesday,Amazon,Amazon,LT-IND,"Loop Tote, Indigo",Indigo,standard,1,260637,260637,0,,113937,374574,39096,0,78000,143541,USD,22.98,16300,Credit card,DHL eCommerce,C000625,new,Sydney,New South Wales,AU,completed,2026-07-30,2026-08-09,marketplace_search,,,,
318757580703753,2026-07-30 02:13:29,2026-07-30,Thursday,Indonesian marketplace,Lazada,LT-IND,"Loop Tote, Indigo",Indigo,standard,1,189000,189000,19000,Platform voucher,12000,182000,14450,0,78000,77550,IDR,182000,,Bank transfer (VA),J&T Express,C000567,returning,Cimahi,West Java,ID,completed,2026-07-31,2026-08-01,recommended,,,,
5574689173923442624,2026-07-30 11:19:26,2026-07-30,Thursday,Indonesian marketplace,TikTok Shop,LT-GRN,"Loop Tote, Sea-green",Sea-green,standard,1,179000,179000,14500,Platform voucher,0,164500,13983,0,78000,72517,IDR,164500,,ShopeePay,JNE,C000626,new,Bandung,West Java,ID,completed,2026-07-30,2026-07-31,marketplace_search,,,,
STR-20260730-0001,2026-07-30 13:19:27,2026-07-30,Thursday,Physical store,Bandung store,LT-IND,"Loop Tote, Indigo",Indigo,standard,2,189000,378000,0,,0,378000,0,0,156000,222000,IDR,378000,,Cash,In-store pickup,C000627,new,Cimahi,West Java,ID,completed,2026-07-30,2026-07-30,walk-in,,,,
STR-20260730-0002,2026-07-30 13:24:57,2026-07-30,Thursday,Physical store,Bandung store,LT-IND,"Loop Tote, Indigo",Indigo,standard,1,189000,189000,0,,0,189000,0,1323,78000,109677,IDR,189000,,QRIS,In-store pickup,C000628,new,Bandung,West Java,ID,completed,2026-07-30,2026-07-30,walk-in,,,,
INV/20260730/MPL/900095199,2026-07-30 13:27:16,2026-07-30,Thursday,Indonesian marketplace,Tokopedia,LT-GRN,"Loop Tote, Sea-green",Sea-green,standard,1,189000,189000,0,,0,189000,15120,0,78000,95880,IDR,189000,,ShopeePay,J&T Express,C000629,new,Jakarta,DKI Jakarta,ID,completed,2026-07-31,2026-08-03,marketplace_campaign,,,,
STR-20260730-0003,2026-07-30 13:38:12,2026-07-30,Thursday,Physical store,Bandung store,LT-SND,"Loop Tote, Sand",Sand,standard,1,189000,189000,0,,0,189000,0,1323,78000,109677,IDR,189000,,QRIS,In-store pickup,C000630,new,Bandung,West Java,ID,completed,2026-07-30,2026-07-30,walk-in,,,,
STR-20260730-0004,2026-07-30 14:09:45,2026-07-30,Thursday,Physical store,Bandung store,LT-IND,"Loop Tote, Indigo",Indigo,standard,1,189000,189000,0,,0,189000,0,1323,78000,109677,IDR,189000,,QRIS,In-store pickup,C000631,new,Jakarta,DKI Jakarta,ID,completed,2026-07-30,2026-07-30,walk-in,,,,
#LT10165,2026-07-30 18:54:23,2026-07-30,Thursday,Website (Shopify),Website (Shopify),LT-GRN,"Loop Tote, Sea-green",Sea-green,standard,1,189000,189000,0,,25000,214000,0,3210,78000,107790,IDR,214000,,GoPay,JNE,C000632,new,Cimahi,West Java,ID,completed,2026-07-30,2026-08-01,direct,,,,
26073068974389B,2026-07-30 19:16:01,2026-07-30,Thursday,Indonesian marketplace,Shopee,LT-IND,"Loop Tote, Indigo",Indigo,standard,1,189000,189000,0,,20000,209000,17955,0,78000,93045,IDR,209000,,ShopeePay,AnterAja,C000633,new,Jakarta,DKI Jakarta,ID,completed,2026-07-31,2026-08-03,recommended,,,,
#LT10166,2026-07-30 19:20:53,2026-07-30,Thursday,Website (Shopify),Website (Shopify),LT-IND,"Loop Tote, Indigo",Indigo,standard,1,189000,189000,0,,32000,221000,0,4000,78000,107000,IDR,221000,,Bank transfer (VA),SiCepat,C000634,new,Medan,North Sumatra,ID,completed,2026-07-31,2026-08-05,newsletter,,,,
#LT10167,2026-07-30 20:31:27,2026-07-30,Thursday,Website (Shopify),Website (Shopify),LT-SND,"Loop Tote, Sand",Sand,standard,1,189000,189000,0,,40000,229000,0,1603,78000,109397,IDR,229000,,QRIS,SiCepat,C000635,new,Jakarta,DKI Jakarta,ID,completed,2026-07-30,2026-07-31,google / organic,,,,
26073049213895C,2026-07-30 21:27:53,2026-07-30,Thursday,Indonesian marketplace,Shopee,LT-IND,"Loop Tote, Indigo",Indigo,standard,1,189000,189000,0,,20000,209000,17955,0,78000,93045,IDR,209000,,ShopeePay,J&T Express,C000636,new,Balikpapan,East Kalimantan,ID,completed,2026-07-30,2026-08-06,marketplace_search,,,,
810210518845045,2026-07-30 22:18:14,2026-07-30,Thursday,Indonesian marketplace,Lazada,LT-GRN,"Loop Tote, Sea-green",Sea-green,standard,3,189000,567000,0,,25000,592000,48195,0,234000,284805,IDR,592000,,PayLater,SiCepat,C000637,new,Bandung,West Java,ID,completed,2026-07-30,2026-08-01,marketplace_search,,,,
#LT10168,2026-07-31 08:33:18,2026-07-31,Friday,Website (Shopify),Website (Shopify),LT-SND,"Loop Tote, Sand",Sand,standard,1,189000,189000,0,,0,189000,0,4000,78000,107000,IDR,189000,,Bank transfer (VA),J&T Express,C000442,returning,Pekanbaru,Riau,ID,completed,2026-08-01,2026-08-08,instagram / bio_link,ig_picker_stories_p01,17901551251058872,utm_bio_link,
#LT10169,2026-07-31 12:13:50,2026-07-31,Friday,Website (Shopify),Website (Shopify),LT-GRN,"Loop Tote, Sea-green",Sea-green,standard,1,189000,189000,0,,25000,214000,0,1498,78000,109502,IDR,214000,,QRIS,GoSend/Grab Instant,C000638,new,Bandung,West Java,ID,completed,2026-08-01,2026-08-03,direct,,,,
26073117237814B,2026-07-31 12:47:48,2026-07-31,Friday,Indonesian marketplace,Shopee,LT-IND,"Loop Tote, Indigo",Indigo,standard,1,189000,189000,0,,25000,214000,17955,0,78000,93045,IDR,214000,,Bank transfer (VA),AnterAja,C000639,new,Garut,West Java,ID,completed,2026-07-31,2026-08-04,recommended,,,,
STR-20260731-0001,2026-07-31 13:43:59,2026-07-31,Friday,Physical store,Bandung store,LT-GRN,"Loop Tote, Sea-green",Sea-green,standard,1,189000,189000,0,,0,189000,0,0,78000,111000,IDR,189000,,Cash,In-store pickup,C000640,new,Bandung,West Java,ID,completed,2026-07-31,2026-07-31,walk-in,,,,
#LT10170,2026-07-31 14:01:17,2026-07-31,Friday,Website (Shopify),Website (Shopify),LT-GRN,"Loop Tote, Sea-green",Sea-green,standard,1,189000,189000,0,,32000,221000,0,1547,78000,109453,IDR,221000,,QRIS,J&T Express,C000641,new,Karawang,West Java,ID,completed,2026-07-31,2026-08-04,google / organic,,,,
STR-20260731-0002,2026-07-31 16:11:37,2026-07-31,Friday,Physical store,Bandung store,LT-IND,"Loop Tote, Indigo",Indigo,standard,1,189000,189000,0,,0,189000,0,1323,78000,109677,IDR,189000,,QRIS,In-store pickup,C000071,returning,Bandung,West Java,ID,completed,2026-07-31,2026-07-31,walk-in,,,,
IG-20260731-0001,2026-07-31 16:30:42,2026-07-31,Friday,Instagram,Instagram (DM/WhatsApp),LT-GRN,"Loop Tote, Sea-green",Sea-green,standard,1,189000,189000,0,,25000,214000,0,0,78000,111000,IDR,214000,,Bank transfer (manual),SiCepat,C000642,new,Bekasi,West Java,ID,completed,2026-07-31,2026-08-03,story_reply,,,,
IG-20260731-0002,2026-07-31 16:43:44,2026-07-31,Friday,Instagram,Instagram (DM/WhatsApp),LT-SND,"Loop Tote, Sand",Sand,standard,1,189000,189000,9500,IGDM5,18000,197500,0,0,78000,101500,IDR,197500,,Bank transfer (manual),GoSend/Grab Instant,C000643,new,Solo,Central Java,ID,completed,2026-07-31,2026-08-03,story_reply,,,,
#LT10171,2026-07-31 17:49:56,2026-07-31,Friday,Website (Shopify),Website (Shopify),LT-GRN,"Loop Tote, Sea-green",Sea-green,standard,1,189000,189000,0,,25000,214000,0,3210,78000,107790,IDR,214000,,GoPay,SiCepat,C000644,new,Sukabumi,West Java,ID,completed,2026-07-31,2026-08-02,direct,,,,
#LT10172,2026-07-31 21:14:06,2026-07-31,Friday,Website (Shopify),Website (Shopify),LT-SND,"Loop Tote, Sand",Sand,standard,1,189000,189000,0,,0,189000,0,2835,78000,108165,IDR,189000,,GoPay,JNE,C000645,new,Tasikmalaya,West Java,ID,completed,2026-08-01,2026-08-04,newsletter,,,,
INV/20260731/MPL/520069063,2026-07-31 21:20:43,2026-07-31,Friday,Indonesian marketplace,Tokopedia,LT-SND,"Loop Tote, Sand",Sand,standard,1,189000,189000,0,,30000,219000,15120,0,78000,95880,IDR,219000,,ShopeePay,Shopee Xpress / platform courier,C000646,new,Bandung,West Java,ID,completed,2026-07-31,2026-08-02,marketplace_search,,,,
#LT10173,2026-08-01 05:14:20,2026-08-01,Saturday,Website (Shopify),Website (Shopify),LT-GRN,"Loop Tote, Sea-green",Sea-green,standard,3,189000,567000,0,,0,567000,0,3969,234000,329031,IDR,567000,,QRIS,J&T Express,C000647,new,Tangerang,Banten,ID,completed,2026-08-02,2026-08-03,direct,,,,
273861141067889,2026-08-01 09:22:31,2026-08-01,Saturday,Indonesian marketplace,Lazada,LT-SND,"Loop Tote, Sand",Sand,standard,1,189000,189000,0,,15000,204000,16065,0,78000,94935,IDR,204000,,ShopeePay,AnterAja,C000648,new,Manado,North Sulawesi,ID,completed,2026-08-02,2026-08-09,recommended,,,,
IG-20260801-0001,2026-08-01 09:35:13,2026-08-01,Saturday,Instagram,Instagram (DM/WhatsApp),LT-SND,"Loop Tote, Sand",Sand,standard,1,189000,189000,19000,LOOP14,40000,210000,0,1470,78000,90530,IDR,210000,,QRIS,JNE,C000649,new,Solo,Central Java,ID,completed,2026-08-01,2026-08-04,story_reply,ig_launch_reel,17908775681335588,promo_code_match,
IG-20260801-0002,2026-08-01 10:06:43,2026-08-01,Saturday,Instagram,Instagram (DM/WhatsApp),LT-GRN,"Loop Tote, Sea-green",Sea-green,standard,1,189000,189000,19000,LOOP14,25000,195000,0,1365,78000,90635,IDR,195000,,QRIS,J&T Express,C000421,returning,Bandung,West Java,ID,completed,2026-08-02,2026-08-03,whatsapp_click,ig_launch_reel,17908775681335588,promo_code_match,
#LT10174,2026-08-01 10:48:05,2026-08-01,Saturday,Website (Shopify),Website (Shopify),LT-IND,"Loop Tote, Indigo",Indigo,standard,1,189000,189000,19000,LOOP14,0,170000,0,4000,78000,88000,IDR,170000,,Bank transfer (VA),SiCepat,C000650,new,Balikpapan,East Kalimantan,ID,completed,2026-08-01,2026-08-05,instagram / bio_link,ig_launch_reel,17908775681335588,promo_code_match,
#LT10175,2026-08-01 11:00:51,2026-08-01,Saturday,Website (Shopify),Website (Shopify),LT-IND,"Loop Tote, Indigo",Indigo,standard,1,189000,189000,0,,25000,214000,0,8206,78000,102794,IDR,214000,,Credit card,SiCepat,C000651,new,Bandung,West Java,ID,completed,2026-08-01,2026-08-03,instagram / bio_link,ig_launch_reel,17908775681335588,utm_bio_link,
#LT10176,2026-08-01 11:05:40,2026-08-01,Saturday,Website (Shopify),Website (Shopify),LT-IND,"Loop Tote, Indigo",Indigo,standard,1,189000,189000,19000,LOOP14,32000,202000,0,3030,78000,88970,IDR,202000,,GoPay,SiCepat,C000652,new,Tangerang,Banten,ID,completed,2026-08-02,2026-08-03,instagram / bio_link,ig_launch_reel,17908775681335588,promo_code_match,
STR-20260801-0001,2026-08-01 11:11:35,2026-08-01,Saturday,Physical store,Bandung store,LT-IND,"Loop Tote, Indigo",Indigo,standard,1,189000,189000,0,,0,189000,0,0,78000,111000,IDR,189000,,Cash,In-store pickup,C000653,new,Bandung,West Java,ID,completed,2026-08-01,2026-08-01,walk-in,,,,
26080153643605B,2026-08-01 11:21:17,2026-08-01,Saturday,Indonesian marketplace,Shopee,LT-SND,"Loop Tote, Sand",Sand,standard,1,189000,189000,0,,35000,224000,17955,0,78000,93045,IDR,224000,,Bank transfer (VA),AnterAja,C000654,new,Jakarta,DKI Jakarta,ID,completed,2026-08-02,2026-08-03,marketplace_search,,,,
#LT10177,2026-08-01 11:43:22,2026-08-01,Saturday,Website (Shopify),Website (Shopify),LT-IND,"Loop Tote, Indigo",Indigo,standard,1,189000,189000,19000,LOOP14,25000,195000,0,4000,78000,88000,IDR,195000,,Bank transfer (VA),JNE,C000655,new,Denpasar,Bali,ID,completed,2026-08-02,2026-08-09,google / organic,,,,
303802275246125,2026-08-01 12:16:21,2026-08-01,Saturday,Indonesian marketplace,Lazada,LT-GRN,"Loop Tote, Sea-green",Sea-green,standard,1,189000,189000,0,,0,189000,16065,0,78000,94935,IDR,189000,,Bank transfer (VA),Shopee Xpress / platform courier,C000656,new,Jakarta,DKI Jakarta,ID,completed,2026-08-01,2026-08-02,marketplace_search,,,,
26080195354727C,2026-08-01 12:36:46,2026-08-01,Saturday,Indonesian marketplace,Shopee,LT-IND,"Loop Tote, Indigo",Indigo,standard,1,189000,189000,19000,Platform voucher,35000,205000,16150,0,78000,75850,IDR,205000,,ShopeePay,JNE,C000657,new,Medan,North Sumatra,ID,completed,2026-08-02,2026-08-05,marketplace_campaign,,,,
IG-20260801-0003,2026-08-01 12:38:35,2026-08-01,Saturday,Instagram,Instagram (DM/WhatsApp),LT-IND,"Loop Tote, Indigo",Indigo,standard,1,189000,189000,19000,LOOP14,32000,202000,0,0,78000,92000,IDR,202000,,Bank transfer (manual),SiCepat,C000658,new,Pontianak,West Kalimantan,ID,completed,2026-08-02,2026-08-05,dm,ig_launch_reel,17908775681335588,promo_code_match,
#LT10178,2026-08-01 12:56:35,2026-08-01,Saturday,Website (Shopify),Website (Shopify),LT-GRN,"Loop Tote, Sea-green",Sea-green,standard,1,189000,189000,0,,25000,214000,0,4000,78000,107000,IDR,214000,,Bank transfer (VA),JNE,C000659,new,Jakarta,DKI Jakarta,ID,completed,2026-08-02,2026-08-03,instagram / bio_link,ig_launch_reel,17908775681335588,utm_bio_link,
STR-20260801-0002,2026-08-01 13:02:52,2026-08-01,Saturday,Physical store,Bandung store,LT-GRN,"Loop Tote, Sea-green",Sea-green,standard,1,189000,189000,0,,0,189000,0,1323,78000,109677,IDR,189000,,QRIS,In-store pickup,C000660,new,Bandung,West Java,ID,completed,2026-08-01,2026-08-01,walk-in,,,,
IG-20260801-0004,2026-08-01 13:08:10,2026-08-01,Saturday,Instagram,Instagram (DM/WhatsApp),LT-GRN,"Loop Tote, Sea-green",Sea-green,standard,1,189000,189000,19000,LOOP14,40000,210000,0,3150,78000,88850,IDR,210000,,GoPay/OVO,JNE,C000661,new,Karawang,West Java,ID,completed,2026-08-02,2026-08-06,story_reply,ig_launch_reel,17908775681335588,promo_code_match,
5370671716509803068,2026-08-01 13:12:09,2026-08-01,Saturday,Indonesian marketplace,TikTok Shop,LT-GRN,"Loop Tote, Sea-green",Sea-green,standard,1,179000,179000,0,,35000,214000,15215,0,78000,85785,IDR,214000,,COD,J&T Express,C000662,new,Solo,Central Java,ID,completed,2026-08-02,2026-08-04,recommended,,,,
#LT10179,2026-08-01 13:14:44,2026-08-01,Saturday,Website (Shopify),Website (Shopify),LT-IND,"Loop Tote, Indigo",Indigo,standard,2,189000,378000,0,,0,378000,0,12962,156000,209038,IDR,378000,,Credit card,GoSend/Grab Instant,C000663,new,Bandung,West Java,ID,completed,2026-08-02,2026-08-04,instagram / bio_link,ig_launch_reel,17908775681335588,utm_bio_link,
STR-20260801-0003,2026-08-01 13:23:32,2026-08-01,Saturday,Physical store,Bandung store,LT-SND,"Loop Tote, Sand",Sand,standard,3,189000,567000,0,,0,567000,0,3969,234000,329031,IDR,567000,,QRIS,In-store pickup,C000664,new,Bandung,West Java,ID,completed,2026-08-01,2026-08-01,walk-in,,,,
#LT10180,2026-08-01 13:30:59,2026-08-01,Saturday,Website (Shopify),Website (Shopify),LT-SND,"Loop Tote, Sand",Sand,standard,1,189000,189000,0,,18000,207000,0,8003,78000,102997,IDR,207000,,Credit card,GoSend/Grab Instant,C000665,new,Jakarta,DKI Jakarta,ID,completed,2026-08-02,2026-08-03,google / organic,,,,
#LT10181,2026-08-01 13:41:57,2026-08-01,Saturday,Website (Shopify),Website (Shopify),LT-IND,"Loop Tote, Indigo",Indigo,standard,1,189000,189000,0,,25000,214000,0,4000,78000,107000,IDR,214000,,Bank transfer (VA),SiCepat,C000666,new,Malang,East Java,ID,completed,2026-08-01,2026-08-03,instagram / bio_link,ig_launch_reel,17908775681335588,utm_bio_link,
26080135766877D,2026-08-01 13:56:58,2026-08-01,Saturday,Indonesian marketplace,Shopee,LT-IND,"Loop Tote, Indigo",Indigo,standard,4,189000,756000,0,,12000,768000,71820,0,312000,-96820,IDR,768000,,COD,Shopee Xpress / platform courier,C000667,new,Yogyakarta,DI Yogyakarta,ID,returned,2026-08-02,2026-08-06,marketplace_search,,,,
#LT10182,2026-08-01 14:01:23,2026-08-01,Saturday,Website (Shopify),Website (Shopify),LT-SND,"Loop Tote, Sand",Sand,standard,1,189000,189000,0,,32000,221000,0,3315,78000,107685,IDR,221000,,GoPay,GoSend/Grab Instant,C000668,new,Jakarta,DKI Jakarta,ID,completed,2026-08-02,2026-08-03,direct,,,,
STR-20260801-0004,2026-08-01 14:03:59,2026-08-01,Saturday,Physical store,Bandung store,LT-IND,"Loop Tote, Indigo",Indigo,standard,4,189000,756000,0,,0,756000,0,5292,312000,438708,IDR,756000,,QRIS,In-store pickup,C000669,new,Bandung,West Java,ID,completed,2026-08-01,2026-08-01,walk-in,,17908775681335588,assisted_time_proximity,
IG-20260801-0005,2026-08-01 14:07:17,2026-08-01,Saturday,Instagram,Instagram (DM/WhatsApp),LT-GRN,"Loop Tote, Sea-green",Sea-green,standard,1,189000,189000,19000,LOOP14,0,170000,0,0,78000,92000,IDR,170000,,Bank transfer (manual),SiCepat,C000670,new,Banjarmasin,South Kalimantan,ID,completed,2026-08-02,2026-08-05,dm,ig_launch_reel,17908775681335588,promo_code_match,
#LT10183,2026-08-01 15:05:26,2026-08-01,Saturday,Website (Shopify),Website (Shopify),LT-GRN,"Loop Tote, Sea-green",Sea-green,standard,1,189000,189000,0,,32000,221000,0,4000,78000,107000,IDR,221000,,Bank transfer (VA),J&T Express,C000671,new,Bekasi,West Java,ID,completed,2026-08-01,2026-08-04,instagram / bio_link,ig_launch_reel,17908775681335588,utm_bio_link,
5299277407361427438,2026-08-01 15:06:17,2026-08-01,Saturday,Indonesian marketplace,TikTok Shop,LT-IND,"Loop Tote, Indigo",Indigo,standard,1,179000,179000,0,,15000,194000,15215,0,78000,85785,IDR,194000,,QRIS,Shopee Xpress / platform courier,C000672,new,Pontianak,West Kalimantan,ID,completed,2026-08-01,2026-08-08,marketplace_search,,,,
572341899017284,2026-08-01 15:16:44,2026-08-01,Saturday,Indonesian marketplace,Lazada,LT-GRN,"Loop Tote, Sea-green",Sea-green,standard,1,189000,189000,0,,35000,224000,16065,0,78000,94935,IDR,224000,,ShopeePay,JNE,C000673,new,Jakarta,DKI Jakarta,ID,completed,2026-08-02,2026-08-03,marketplace_search,,,,
#LT10184,2026-08-01 15:18:37,2026-08-01,Saturday,Website (Shopify),Website (Shopify),LT-GRN,"Loop Tote, Sea-green",Sea-green,standard,1,189000,189000,19000,LOOP14,25000,195000,0,7655,78000,84345,IDR,195000,,Credit card,J&T Express,C000674,new,Medan,North Sumatra,ID,completed,2026-08-01,2026-08-06,google / organic,,,,
IG-20260801-0006,2026-08-01 16:16:40,2026-08-01,Saturday,Instagram,Instagram (DM/WhatsApp),LT-IND,"Loop Tote, Indigo",Indigo,standard,1,189000,189000,0,,0,189000,0,7481,78000,103519,IDR,189000,,Credit card,JNE,C000675,new,Depok,West Java,ID,completed,2026-08-02,2026-08-04,comment,ig_launch_reel,17908775681335588,dm_entry_comment,
26080185691353E,2026-08-01 16:19:37,2026-08-01,Saturday,Indonesian marketplace,Shopee,LT-GRN,"Loop Tote, Sea-green",Sea-green,standard,1,189000,189000,0,,15000,204000,17955,0,78000,93045,IDR,204000,,Alfamart/Indomaret,J&T Express,C000676,new,Jakarta,DKI Jakarta,ID,completed,2026-08-02,2026-08-03,marketplace_search,,,,
IG-20260801-0007,2026-08-01 16:51:00,2026-08-01,Saturday,Instagram,Instagram (DM/WhatsApp),LT-GRN,"Loop Tote, Sea-green",Sea-green,standard,1,189000,189000,0,,18000,207000,0,1449,78000,109551,IDR,207000,,QRIS,GoSend/Grab Instant,C000677,new,Tasikmalaya,West Java,ID,completed,2026-08-02,2026-08-05,dm,ig_launch_reel,17908775681335588,dm_time_proximity,
IG-20260801-0008,2026-08-01 16:51:02,2026-08-01,Saturday,Instagram,Instagram (DM/WhatsApp),LT-IND,"Loop Tote, Indigo",Indigo,standard,2,189000,378000,38000,LOOP14,25000,365000,0,0,156000,184000,IDR,365000,,Bank transfer (manual),JNE,C000678,new,Depok,West Java,ID,completed,2026-08-02,2026-08-05,dm,ig_launch_reel,17908775681335588,promo_code_match,
STR-20260801-0005,2026-08-01 17:24:03,2026-08-01,Saturday,Physical store,Bandung store,LT-IND,"Loop Tote, Indigo",Indigo,standard,2,189000,378000,0,,0,378000,0,3780,156000,218220,IDR,378000,,Debit card,In-store pickup,C000679,new,Bandung,West Java,ID,completed,2026-08-01,2026-08-01,walk-in,,,,
IG-20260801-0009,2026-08-01 17:26:49,2026-08-01,Saturday,Instagram,Instagram (DM/WhatsApp),LT-GRN,"Loop Tote, Sea-green",Sea-green,standard,3,189000,567000,0,,18000,585000,0,0,234000,333000,IDR,585000,,Bank transfer (manual),GoSend/Grab Instant,C000680,new,Karawang,West Java,ID,completed,2026-08-02,2026-08-04,story_reply,,,,
#LT10185,2026-08-01 17:32:16,2026-08-01,Saturday,Website (Shopify),Website (Shopify),LT-GRN,"Loop Tote, Sea-green",Sea-green,standard,1,189000,189000,19000,LOOP14,18000,188000,0,1316,78000,90684,IDR,188000,,QRIS,JNE,C000681,new,Bandung,West Java,ID,completed,2026-08-02,2026-08-04,instagram / bio_link,ig_launch_reel,17908775681335588,promo_code_match,
STR-20260801-0006,2026-08-01 17:57:11,2026-08-01,Saturday,Physical store,Bandung store,LT-GRN,"Loop Tote, Sea-green",Sea-green,standard,1,189000,189000,0,,0,189000,0,1323,78000,109677,IDR,189000,,QRIS,In-store pickup,C000682,new,Bandung,West Java,ID,completed,2026-08-01,2026-08-01,walk-in,,,,
5292044021087940670,2026-08-01 18:57:19,2026-08-01,Saturday,Indonesian marketplace,TikTok Shop,LT-GRN,"Loop Tote, Sea-green",Sea-green,standard,1,179000,179000,9000,Platform voucher,15000,185000,14450,0,78000,77550,IDR,185000,,ShopeePay,AnterAja,C000683,new,Depok,West Java,ID,completed,2026-08-01,2026-08-02,recommended,,17908775681335588,assisted_time_proximity,
IG-20260801-0010,2026-08-01 18:58:45,2026-08-01,Saturday,Instagram,Instagram (DM/WhatsApp),LT-SND,"Loop Tote, Sand",Sand,standard,2,189000,378000,38000,LOOP14,18000,358000,0,2506,156000,181494,IDR,358000,,QRIS,SiCepat,C000684,new,Batam,Riau Islands,ID,completed,2026-08-01,2026-08-08,dm,ig_launch_reel,17908775681335588,promo_code_match,
IG-20260801-0011,2026-08-01 19:09:40,2026-08-01,Saturday,Instagram,Instagram (DM/WhatsApp),LT-SND,"Loop Tote, Sand",Sand,standard,1,189000,189000,9500,IGDM5,40000,219500,0,8366,78000,93134,IDR,219500,,Credit card,GoSend/Grab Instant,C000685,new,Bandung,West Java,ID,completed,2026-08-02,2026-08-04,dm,,,,
IG-20260801-0012,2026-08-01 19:19:45,2026-08-01,Saturday,Instagram,Instagram (DM/WhatsApp),LT-IND,"Loop Tote, Indigo",Indigo,standard,1,189000,189000,0,,40000,229000,0,0,78000,111000,IDR,229000,,Bank transfer (manual),J&T Express,C000294,returning,Jakarta,DKI Jakarta,ID,completed,2026-08-01,2026-08-02,dm,,,,
IG-20260801-0013,2026-08-01 19:32:10,2026-08-01,Saturday,Instagram,Instagram (DM/WhatsApp),LT-SND,"Loop Tote, Sand",Sand,standard,1,189000,189000,0,,40000,229000,0,0,78000,111000,IDR,229000,,Bank transfer (manual),GoSend/Grab Instant,C000686,new,Depok,West Java,ID,completed,2026-08-01,2026-08-03,whatsapp_click,,,,
IG-20260801-0014,2026-08-01 19:33:36,2026-08-01,Saturday,Instagram,Instagram (DM/WhatsApp),LT-GRN,"Loop Tote, Sea-green",Sea-green,standard,1,189000,189000,19000,LOOP14,32000,202000,0,0,78000,92000,IDR,202000,,Bank transfer (manual),SiCepat,C000687,new,Karawang,West Java,ID,completed,2026-08-01,2026-08-05,story_reply,,,,
#LT10186,2026-08-01 19:40:14,2026-08-01,Saturday,Website (Shopify),Website (Shopify),LT-GRN,"Loop Tote, Sea-green",Sea-green,standard,1,189000,189000,0,,18000,207000,0,4000,78000,107000,IDR,207000,,Bank transfer (VA),GoSend/Grab Instant,C000688,new,Semarang,Central Java,ID,completed,2026-08-01,2026-08-05,instagram / bio_link,ig_launch_reel,17908775681335588,utm_bio_link,
STR-20260801-0007,2026-08-01 19:49:28,2026-08-01,Saturday,Physical store,Bandung store,LT-IND,"Loop Tote, Indigo",Indigo,standard,1,189000,189000,0,,0,189000,0,0,78000,111000,IDR,189000,,Cash,In-store pickup,C000689,new,Bandung,West Java,ID,completed,2026-08-01,2026-08-01,walk-in,,,,
INV/20260801/MPL/159996610,2026-08-01 20:00:17,2026-08-01,Saturday,Indonesian marketplace,Tokopedia,LT-SND,"Loop Tote, Sand",Sand,standard,2,189000,378000,0,,15000,393000,30240,0,156000,191760,IDR,393000,,PayLater,AnterAja,C000690,new,Bogor,West Java,ID,completed,2026-08-02,2026-08-05,marketplace_campaign,,,,
#LT10187,2026-08-01 20:24:39,2026-08-01,Saturday,Website (Shopify),Website (Shopify),LT-SND,"Loop Tote, Sand",Sand,standard,1,189000,189000,0,,32000,221000,0,4000,78000,107000,IDR,221000,,Bank transfer (VA),J&T Express,C000691,new,Bogor,West Java,ID,completed,2026-08-02,2026-08-04,instagram / bio_link,ig_launch_reel,17908775681335588,utm_bio_link,
26080187808718F,2026-08-01 20:32:33,2026-08-01,Saturday,Indonesian marketplace,Shopee,LT-IND,"Loop Tote, Indigo",Indigo,standard,1,189000,189000,0,,0,189000,17955,0,78000,93045,IDR,189000,,Alfamart/Indomaret,AnterAja,C000692,new,Jakarta,DKI Jakarta,ID,completed,2026-08-01,2026-08-03,marketplace_search,,,,
26080174704676G,2026-08-01 20:44:24,2026-08-01,Saturday,Indonesian marketplace,Shopee,LT-IND,"Loop Tote, Indigo",Indigo,standard,2,189000,378000,0,,35000,413000,35910,0,156000,186090,IDR,413000,,COD,J&T Express,C000693,new,Semarang,Central Java,ID,completed,2026-08-02,2026-08-05,marketplace_search,,,,
26080126656810H,2026-08-01 20:48:25,2026-08-01,Saturday,Indonesian marketplace,Shopee,LT-GRN,"Loop Tote, Sea-green",Sea-green,standard,1,189000,189000,0,,30000,219000,17955,0,78000,93045,IDR,219000,,COD,AnterAja,C000694,new,Denpasar,Bali,ID,completed,2026-08-02,2026-08-08,marketplace_search,,,,
IG-20260801-0015,2026-08-01 21:16:31,2026-08-01,Saturday,Instagram,Instagram (DM/WhatsApp),LT-IND,"Loop Tote, Indigo",Indigo,standard,1,189000,189000,19000,LOOP14,0,170000,0,6930,78000,85070,IDR,170000,,Credit card,SiCepat,C000695,new,Depok,West Java,ID,completed,2026-08-02,2026-08-04,dm,ig_launch_reel,17908775681335588,promo_code_match,
IG-20260801-0016,2026-08-01 21:17:03,2026-08-01,Saturday,Instagram,Instagram (DM/WhatsApp),LT-SND,"Loop Tote, Sand",Sand,standard,1,189000,189000,0,,25000,214000,0,0,78000,111000,IDR,214000,,Bank transfer (manual),GoSend/Grab Instant,C000696,new,Sukabumi,West Java,ID,completed,2026-08-02,2026-08-06,dm,,,,
#LT10188,2026-08-01 21:23:22,2026-08-01,Saturday,Website (Shopify),Website (Shopify),LT-IND,"Loop Tote, Indigo",Indigo,standard,1,189000,189000,0,,25000,214000,0,1498,78000,109502,IDR,214000,,QRIS,JNE,C000697,new,Jakarta,DKI Jakarta,ID,completed,2026-08-01,2026-08-02,instagram / bio_link,ig_launch_reel,17908775681335588,utm_bio_link,
IG-20260801-0017,2026-08-01 21:30:59,2026-08-01,Saturday,Instagram,Instagram (DM/WhatsApp),LT-GRN,"Loop Tote, Sea-green",Sea-green,standard,1,189000,189000,9500,IGDM5,25000,204500,0,0,78000,101500,IDR,204500,,Bank transfer (manual),SiCepat,C000698,new,Bandar Lampung,Lampung,ID,completed,2026-08-01,2026-08-08,dm,ig_launch_reel,17908775681335588,dm_time_proximity,
#LT10189,2026-08-01 21:31:01,2026-08-01,Saturday,Website (Shopify),Website (Shopify),LT-GRN,"Loop Tote, Sea-green",Sea-green,standard,1,189000,189000,19000,LOOP14,32000,202000,0,4000,78000,-29000,IDR,202000,,Bank transfer (VA),SiCepat,C000699,new,Cimahi,West Java,ID,returned,2026-08-02,2026-08-04,instagram / bio_link,ig_launch_reel,17908775681335588,promo_code_match,
#LT10190,2026-08-01 21:34:47,2026-08-01,Saturday,Website (Shopify),Website (Shopify),LT-IND,"Loop Tote, Indigo",Indigo,standard,1,189000,189000,19000,LOOP14,32000,202000,0,4000,78000,-29000,IDR,202000,,Bank transfer (VA),GoSend/Grab Instant,C000700,new,Jakarta,DKI Jakarta,ID,returned,2026-08-02,2026-08-03,instagram / bio_link,ig_launch_reel,17908775681335588,promo_code_match,
IG-20260801-0018,2026-08-01 21:42:11,2026-08-01,Saturday,Instagram,Instagram (DM/WhatsApp),LT-IND,"Loop Tote, Indigo",Indigo,standard,1,189000,189000,19000,LOOP14,18000,188000,0,2820,78000,89180,IDR,188000,,GoPay/OVO,J&T Express,C000701,new,Bandung,West Java,ID,completed,2026-08-02,2026-08-04,dm,ig_launch_reel,17908775681335588,promo_code_match,
BLI-20260801-316294,2026-08-01 23:26:06,2026-08-01,Saturday,Indonesian marketplace,Blibli,LT-IND,"Loop Tote, Indigo",Indigo,standard,1,189000,189000,0,,25000,214000,15120,0,78000,95880,IDR,214000,,ShopeePay,Shopee Xpress / platform courier,C000702,new,Tangerang,Banten,ID,completed,2026-08-02,2026-08-04,marketplace_search,,,,
26080228251625B,2026-08-02 00:02:05,2026-08-02,Sunday,Indonesian marketplace,Shopee,LT-GRN,"Loop Tote, Sea-green",Sea-green,standard,1,189000,189000,0,,12000,201000,17955,0,78000,93045,IDR,201000,,ShopeePay,Shopee Xpress / platform courier,C000703,new,South Tangerang,Banten,ID,completed,2026-08-02,2026-08-04,recommended,,17901551251058872,assisted_time_proximity,
IG-20260802-0001,2026-08-02 06:08:09,2026-08-02,Sunday,Instagram,Instagram (DM/WhatsApp),LT-GRN,"Loop Tote, Sea-green",Sea-green,standard,1,189000,189000,0,,32000,221000,0,0,78000,111000,IDR,221000,,Bank transfer (manual),GoSend/Grab Instant,C000704,new,Sukabumi,West Java,ID,completed,2026-08-03,2026-08-07,dm,ig_launch_reel,17908775681335588,dm_time_proximity,
#LT10191,2026-08-02 07:36:43,2026-08-02,Sunday,Website (Shopify),Website (Shopify),LT-IND,"Loop Tote, Indigo",Indigo,standard,4,189000,756000,75500,LOOP14,0,680500,0,4000,312000,364500,IDR,680500,,Bank transfer (VA),SiCepat,C000705,new,Makassar,South Sulawesi,ID,completed,2026-08-03,2026-08-07,instagram / bio_link,ig_launch_reel,17908775681335588,promo_code_match,
IG-20260802-0002,2026-08-02 08:24:05,2026-08-02,Sunday,Instagram,Instagram (DM/WhatsApp),LT-IND,"Loop Tote, Indigo",Indigo,standard,1,189000,189000,0,,0,189000,0,1323,78000,109677,IDR,189000,,QRIS,GoSend/Grab Instant,C000706,new,Jakarta,DKI Jakarta,ID,completed,2026-08-02,2026-08-03,dm,ig_launch_reel,17908775681335588,dm_time_proximity,
113-9010323-7797725,2026-08-02 08:42:27,2026-08-02,Sunday,Amazon,Amazon,LT-GRN,"Loop Tote, Sea-green",Sea-green,standard,1,260637,260637,0,,113937,374574,39096,0,78000,143541,USD,22.98,16300,Credit card,DHL eCommerce,C000707,new,Singapore,Singapore,SG,completed,2026-08-02,2026-08-15,marketplace_campaign,,,,
IG-20260802-0003,2026-08-02 09:01:01,2026-08-02,Sunday,Instagram,Instagram (DM/WhatsApp),LT-GRN,"Loop Tote, Sea-green",Sea-green,standard,4,189000,756000,75500,LOOP14,0,680500,0,0,312000,368500,IDR,680500,,Bank transfer (manual),JNE,C000708,new,Depok,West Java,ID,completed,2026-08-02,2026-08-05,whatsapp_click,ig_launch_reel,17908775681335588,promo_code_match,
IG-20260802-0004,2026-08-02 09:15:44,2026-08-02,Sunday,Instagram,Instagram (DM/WhatsApp),LT-GRN,"Loop Tote, Sea-green",Sea-green,standard,1,189000,189000,0,,40000,229000,0,3435,78000,107565,IDR,229000,,GoPay/OVO,SiCepat,C000709,new,Bandung,West Java,ID,completed,2026-08-02,2026-08-04,comment,ig_launch_reel,17908775681335588,dm_entry_comment,
INV/20260802/MPL/902936030,2026-08-02 09:49:44,2026-08-02,Sunday,Indonesian marketplace,Tokopedia,LT-SND,"Loop Tote, Sand",Sand,standard,1,189000,189000,15000,Platform voucher,20000,194000,13920,0,78000,82080,IDR,194000,,Credit card,Shopee Xpress / platform courier,C000710,new,Jakarta,DKI Jakarta,ID,completed,2026-08-02,2026-08-04,marketplace_campaign,,17908775681335588,assisted_time_proximity,
#LT10192,2026-08-02 10:47:51,2026-08-02,Sunday,Website (Shopify),Website (Shopify),LT-GRN,"Loop Tote, Sea-green",Sea-green,standard,1,189000,189000,0,,40000,229000,0,1603,78000,109397,IDR,229000,,QRIS,SiCepat,C000711,new,Makassar,South Sulawesi,ID,completed,2026-08-03,2026-08-09,instagram / bio_link,ig_picker_stories_p01,17901551251058872,utm_bio_link,
922959388306452,2026-08-02 10:53:42,2026-08-02,Sunday,Indonesian marketplace,Lazada,LT-SND,"Loop Tote, Sand",Sand,standard,1,189000,189000,19000,Platform voucher,12000,182000,14450,0,78000,77550,IDR,182000,,Alfamart/Indomaret,SiCepat,C000712,new,Tangerang,Banten,ID,completed,2026-08-02,2026-08-03,marketplace_campaign,,17908775681335588,assisted_time_proximity,
IG-20260802-0005,2026-08-02 10:54:29,2026-08-02,Sunday,Instagram,Instagram (DM/WhatsApp),LT-GRN,"Loop Tote, Sea-green",Sea-green,standard,1,189000,189000,0,,25000,214000,0,3210,78000,107790,IDR,214000,,GoPay/OVO,GoSend/Grab Instant,C000713,new,Cirebon,West Java,ID,completed,2026-08-03,2026-08-05,dm,ig_launch_reel,17908775681335588,dm_time_proximity,
STR-20260802-0001,2026-08-02 11:01:30,2026-08-02,Sunday,Physical store,Bandung store,LT-IND,"Loop Tote, Indigo",Indigo,standard,2,189000,378000,0,,0,378000,0,2646,156000,219354,IDR,378000,,QRIS,In-store pickup,C000714,new,Cimahi,West Java,ID,completed,2026-08-02,2026-08-02,walk-in,,,,
IG-20260802-0006,2026-08-02 11:10:29,2026-08-02,Sunday,Instagram,Instagram (DM/WhatsApp),LT-GRN,"Loop Tote, Sea-green",Sea-green,standard,1,189000,189000,9500,IGDM5,15000,194500,0,0,78000,101500,IDR,194500,,Bank transfer (manual),SiCepat,C000715,new,Garut,West Java,ID,completed,2026-08-03,2026-08-05,dm,,,,
IG-20260802-0007,2026-08-02 11:34:20,2026-08-02,Sunday,Instagram,Instagram (DM/WhatsApp),LT-GRN,"Loop Tote, Sea-green",Sea-green,standard,1,189000,189000,0,,0,189000,0,0,78000,111000,IDR,189000,,Bank transfer (manual),SiCepat,C000716,new,Bandung,West Java,ID,completed,2026-08-02,2026-08-04,dm,,,,
STR-20260802-0002,2026-08-02 11:53:36,2026-08-02,Sunday,Physical store,Bandung store,LT-SND,"Loop Tote, Sand",Sand,standard,1,189000,189000,0,,0,189000,0,0,78000,111000,IDR,189000,,Cash,In-store pickup,C000337,returning,Bandung,West Java,ID,completed,2026-08-02,2026-08-02,walk-in,,,,
STR-20260802-0003,2026-08-02 11:57:44,2026-08-02,Sunday,Physical store,Bandung store,LT-IND,"Loop Tote, Indigo",Indigo,standard,2,189000,378000,0,,0,378000,0,0,156000,222000,IDR,378000,,Cash,In-store pickup,C000717,new,Bandung,West Java,ID,completed,2026-08-02,2026-08-02,walk-in,,,,
#LT10193,2026-08-02 12:10:13,2026-08-02,Sunday,Website (Shopify),Website (Shopify),LT-IND,"Loop Tote, Indigo",Indigo,standard,1,189000,189000,19000,LOOP14,25000,195000,0,4000,78000,88000,IDR,195000,,Bank transfer (VA),SiCepat,C000718,new,Bandung,West Java,ID,completed,2026-08-02,2026-08-03,instagram / bio_link,ig_launch_reel,17908775681335588,promo_code_match,
IG-20260802-0008,2026-08-02 12:10:31,2026-08-02,Sunday,Instagram,Instagram (DM/WhatsApp),LT-IND,"Loop Tote, Indigo",Indigo,standard,1,189000,189000,0,,40000,229000,0,3435,78000,107565,IDR,229000,,GoPay/OVO,J&T Express,C000719,new,Bekasi,West Java,ID,completed,2026-08-03,2026-08-04,dm,,,,
#LT10194,2026-08-02 12:36:26,2026-08-02,Sunday,Website (Shopify),Website (Shopify),LT-GRN,"Loop Tote, Sea-green",Sea-green,standard,2,189000,378000,38000,LOOP14,0,340000,0,2380,156000,-27380,IDR,340000,,QRIS,JNE,C000720,new,Depok,West Java,ID,returned,2026-08-02,2026-08-05,instagram / bio_link,ig_launch_reel,17908775681335588,promo_code_match,
#LT10195,2026-08-02 13:17:11,2026-08-02,Sunday,Website (Shopify),Website (Shopify),LT-SND,"Loop Tote, Sand",Sand,standard,1,189000,189000,19000,LOOP14,0,170000,0,4000,78000,88000,IDR,170000,,Bank transfer (VA),SiCepat,C000721,new,Tangerang,Banten,ID,completed,2026-08-02,2026-08-03,instagram / bio_link,ig_launch_reel,17908775681335588,promo_code_match,
#LT10196,2026-08-02 13:24:13,2026-08-02,Sunday,Website (Shopify),Website (Shopify),LT-IND,"Loop Tote, Indigo",Indigo,standard,3,189000,567000,56500,LOOP14,0,510500,0,3574,234000,272926,IDR,510500,,QRIS,SiCepat,C000722,new,Bekasi,West Java,ID,completed,2026-08-03,2026-08-05,direct,,,,
#LT10197,2026-08-02 13:42:45,2026-08-02,Sunday,Website (Shopify),Website (Shopify),LT-SND,"Loop Tote, Sand",Sand,standard,1,189000,189000,0,,15000,204000,0,4000,78000,107000,IDR,204000,,Bank transfer (VA),SiCepat,C000723,new,Tasikmalaya,West Java,ID,completed,2026-08-03,2026-08-05,instagram / bio_link,ig_launch_reel,17908775681335588,utm_bio_link,
#LT10198,2026-08-02 13:51:00,2026-08-02,Sunday,Website (Shopify),Website (Shopify),LT-IND,"Loop Tote, Indigo",Indigo,standard,1,189000,189000,0,,32000,221000,0,1547,78000,109453,IDR,221000,,QRIS,JNE,C000618,returning,Denpasar,Bali,ID,completed,2026-08-02,2026-08-08,instagram / bio_link,ig_launch_reel,17908775681335588,utm_bio_link,
#LT10199,2026-08-02 14:00:32,2026-08-02,Sunday,Website (Shopify),Website (Shopify),LT-SND,"Loop Tote, Sand",Sand,standard,1,189000,189000,19000,LOOP14,32000,202000,0,3030,78000,88970,IDR,202000,,ShopeePay,JNE,C000724,new,Padang,West Sumatra,ID,completed,2026-08-02,2026-08-09,instagram / bio_link,ig_picker_stories_p01,17901551251058872,utm_bio_link,
#LT10200,2026-08-02 14:55:08,2026-08-02,Sunday,Website (Shopify),Website (Shopify),LT-IND,"Loop Tote, Indigo",Indigo,standard,1,189000,189000,19000,LOOP14,25000,195000,0,2925,78000,89075,IDR,195000,,GoPay,SiCepat,C000725,new,Depok,West Java,ID,completed,2026-08-02,2026-08-05,instagram / bio_link,ig_launch_reel,17908775681335588,promo_code_match,
IG-20260802-0009,2026-08-02 15:14:23,2026-08-02,Sunday,Instagram,Instagram (DM/WhatsApp),LT-GRN,"Loop Tote, Sea-green",Sea-green,standard,1,189000,189000,19000,LOOP14,40000,210000,0,0,78000,92000,IDR,210000,,Bank transfer (manual),GoSend/Grab Instant,C000726,new,Bandung,West Java,ID,completed,2026-08-03,2026-08-05,dm,,,,
STR-20260802-0004,2026-08-02 15:37:37,2026-08-02,Sunday,Physical store,Bandung store,LT-IND,"Loop Tote, Indigo",Indigo,standard,1,189000,189000,0,,0,189000,0,0,78000,111000,IDR,189000,,Cash,In-store pickup,C000727,new,Bandung,West Java,ID,completed,2026-08-02,2026-08-02,walk-in,,17908775681335588,assisted_time_proximity,
26080294064050C,2026-08-02 16:04:29,2026-08-02,Sunday,Indonesian marketplace,Shopee,LT-GRN,"Loop Tote, Sea-green",Sea-green,standard,2,189000,378000,0,,20000,398000,35910,0,156000,186090,IDR,398000,,COD,AnterAja,C000728,new,Makassar,South Sulawesi,ID,completed,2026-08-03,2026-08-10,recommended,,,,
STR-20260802-0005,2026-08-02 16:06:41,2026-08-02,Sunday,Physical store,Bandung store,LT-IND,"Loop Tote, Indigo",Indigo,standard,1,189000,189000,0,,0,189000,0,7481,78000,103519,IDR,189000,,Credit card,In-store pickup,C000140,returning,Bandung,West Java,ID,completed,2026-08-02,2026-08-02,walk-in,,,,
STR-20260802-0006,2026-08-02 17:08:53,2026-08-02,Sunday,Physical store,Bandung store,LT-SND,"Loop Tote, Sand",Sand,standard,1,189000,189000,0,,0,189000,0,1323,78000,109677,IDR,189000,,QRIS,In-store pickup,C000729,new,Bandung,West Java,ID,completed,2026-08-02,2026-08-02,walk-in,,,,
STR-20260802-0007,2026-08-02 17:12:54,2026-08-02,Sunday,Physical store,Bandung store,LT-SND,"Loop Tote, Sand",Sand,standard,1,189000,189000,0,,0,189000,0,0,78000,111000,IDR,189000,,Cash,In-store pickup,C000730,new,Bandung,West Java,ID,completed,2026-08-02,2026-08-02,walk-in,,,,
STR-20260802-0008,2026-08-02 17:21:22,2026-08-02,Sunday,Physical store,Bandung store,LT-GRN,"Loop Tote, Sea-green",Sea-green,standard,1,189000,189000,0,,0,189000,0,1890,78000,109110,IDR,189000,,Debit card,In-store pickup,C000731,new,Bandung,West Java,ID,completed,2026-08-02,2026-08-02,walk-in,,,,
591792397799643,2026-08-02 17:51:24,2026-08-02,Sunday,Indonesian marketplace,Lazada,LT-GRN,"Loop Tote, Sea-green",Sea-green,standard,1,189000,189000,0,,20000,209000,16065,0,78000,94935,IDR,209000,,Bank transfer (VA),JNE,C000732,new,Jakarta,DKI Jakarta,ID,completed,2026-08-03,2026-08-06,shop_page,,,,
#LT10201,2026-08-02 17:54:16,2026-08-02,Sunday,Website (Shopify),Website (Shopify),LT-SND,"Loop Tote, Sand",Sand,standard,1,189000,189000,0,,40000,229000,0,8641,78000,102359,IDR,229000,,Credit card,JNE,C000733,new,Medan,North Sumatra,ID,completed,2026-08-02,2026-08-06,instagram / bio_link,ig_launch_reel,17908775681335588,utm_bio_link,
5788240942759441122,2026-08-02 18:29:28,2026-08-02,Sunday,Indonesian marketplace,TikTok Shop,LT-IND,"Loop Tote, Indigo",Indigo,standard,1,179000,179000,0,,0,179000,15215,0,78000,85785,IDR,179000,,COD,Shopee Xpress / platform courier,C000734,new,Bandung,West Java,ID,completed,2026-08-03,2026-08-04,recommended,,,,
IG-20260802-0010,2026-08-02 18:45:35,2026-08-02,Sunday,Instagram,Instagram (DM/WhatsApp),LT-IND,"Loop Tote, Indigo",Indigo,standard,1,189000,189000,19000,LOOP14,40000,210000,0,1470,78000,90530,IDR,210000,,QRIS,SiCepat,C000735,new,Cimahi,West Java,ID,completed,2026-08-02,2026-08-04,dm,ig_launch_reel,17908775681335588,promo_code_match,
26080272719562D,2026-08-02 19:18:56,2026-08-02,Sunday,Indonesian marketplace,Shopee,LT-GRN,"Loop Tote, Sea-green",Sea-green,standard,1,189000,189000,0,,20000,209000,17955,0,78000,93045,IDR,209000,,Alfamart/Indomaret,Shopee Xpress / platform courier,C000224,returning,Semarang,Central Java,ID,completed,2026-08-02,2026-08-04,marketplace_search,,,,
STR-20260802-0009,2026-08-02 19:29:16,2026-08-02,Sunday,Physical store,Bandung store,LT-SND,"Loop Tote, Sand",Sand,standard,1,189000,189000,0,,0,189000,0,1890,78000,109110,IDR,189000,,Debit card,In-store pickup,C000736,new,Bandung,West Java,ID,completed,2026-08-02,2026-08-02,walk-in,,,,
#LT10202,2026-08-02 19:34:36,2026-08-02,Sunday,Website (Shopify),Website (Shopify),LT-GRN,"Loop Tote, Sea-green",Sea-green,standard,1,189000,189000,0,,15000,204000,0,3060,78000,107940,IDR,204000,,OVO,GoSend/Grab Instant,C000737,new,Jakarta,DKI Jakarta,ID,completed,2026-08-02,2026-08-05,google / organic,,,,
STR-20260802-0010,2026-08-02 19:43:33,2026-08-02,Sunday,Physical store,Bandung store,LT-IND,"Loop Tote, Indigo",Indigo,standard,1,189000,189000,0,,0,189000,0,1323,78000,109677,IDR,189000,,QRIS,In-store pickup,C000682,returning,Bandung,West Java,ID,completed,2026-08-02,2026-08-02,walk-in,,,,
#LT10203,2026-08-02 19:51:53,2026-08-02,Sunday,Website (Shopify),Website (Shopify),LT-GRN,"Loop Tote, Sea-green",Sea-green,standard,1,189000,189000,19000,LOOP14,18000,188000,0,2820,78000,89180,IDR,188000,,GoPay,SiCepat,C000738,new,Jakarta,DKI Jakarta,ID,completed,2026-08-03,2026-08-04,instagram / bio_link,ig_launch_reel,17908775681335588,promo_code_match,
#LT10204,2026-08-02 19:58:11,2026-08-02,Sunday,Website (Shopify),Website (Shopify),LT-GRN,"Loop Tote, Sea-green",Sea-green,standard,1,189000,189000,9500,NEWSLETTER5,40000,219500,0,1536,78000,99964,IDR,219500,,QRIS,SiCepat,C000739,new,Surabaya,East Java,ID,completed,2026-08-02,2026-08-06,instagram / bio_link,ig_launch_reel,17908775681335588,utm_bio_link,
IG-20260802-0011,2026-08-02 19:58:59,2026-08-02,Sunday,Instagram,Instagram (DM/WhatsApp),LT-GRN,"Loop Tote, Sea-green",Sea-green,standard,2,189000,378000,38000,LOOP14,32000,372000,0,0,156000,184000,IDR,372000,,Bank transfer (manual),JNE,C000740,new,Bogor,West Java,ID,completed,2026-08-03,2026-08-04,dm,ig_launch_reel,17908775681335588,promo_code_match,
#LT10205,2026-08-02 20:08:30,2026-08-02,Sunday,Website (Shopify),Website (Shopify),LT-IND,"Loop Tote, Indigo",Indigo,standard,1,189000,189000,19000,LOOP14,32000,202000,0,4000,78000,88000,IDR,202000,,Bank transfer (VA),J&T Express,C000741,new,Depok,West Java,ID,completed,2026-08-03,2026-08-05,instagram / bio_link,ig_launch_reel,17908775681335588,promo_code_match,
#LT10206,2026-08-02 20:27:33,2026-08-02,Sunday,Website (Shopify),Website (Shopify),LT-SND,"Loop Tote, Sand",Sand,standard,1,189000,189000,19000,LOOP14,15000,185000,0,2775,78000,89225,IDR,185000,,ShopeePay,J&T Express,C000742,new,Bekasi,West Java,ID,completed,2026-08-03,2026-08-04,instagram / bio_link,ig_launch_reel,17908775681335588,promo_code_match,
IG-20260802-0012,2026-08-02 20:59:07,2026-08-02,Sunday,Instagram,Instagram (DM/WhatsApp),LT-SND,"Loop Tote, Sand",Sand,standard,1,189000,189000,19000,LOOP14,25000,195000,0,0,78000,92000,IDR,195000,,Bank transfer (manual),SiCepat,C000743,new,Cimahi,West Java,ID,completed,2026-08-02,2026-08-04,dm,ig_launch_reel,17908775681335588,promo_code_match,
IG-20260802-0013,2026-08-02 21:19:12,2026-08-02,Sunday,Instagram,Instagram (DM/WhatsApp),LT-SND,"Loop Tote, Sand",Sand,standard,1,189000,189000,19000,LOOP14,0,170000,0,0,78000,92000,IDR,170000,,Bank transfer (manual),SiCepat,C000744,new,Medan,North Sumatra,ID,completed,2026-08-03,2026-08-08,dm,ig_launch_reel,17908775681335588,promo_code_match,
#LT10207,2026-08-02 21:23:35,2026-08-02,Sunday,Website (Shopify),Website (Shopify),LT-GRN,"Loop Tote, Sea-green",Sea-green,standard,1,189000,189000,0,,0,189000,0,4000,78000,107000,IDR,189000,,Bank transfer (VA),J&T Express,C000745,new,Bandung,West Java,ID,completed,2026-08-02,2026-08-03,instagram / bio_link,ig_launch_reel,17908775681335588,utm_bio_link,
26080260804384E,2026-08-02 21:24:05,2026-08-02,Sunday,Indonesian marketplace,Shopee,LT-SND,"Loop Tote, Sand",Sand,standard,1,189000,189000,0,,35000,224000,17955,0,78000,-42955,IDR,224000,,Bank transfer (VA),J&T Express,C000746,new,Bandung,West Java,ID,returned,2026-08-03,2026-08-04,marketplace_search,,,,
26080291468092F,2026-08-02 21:26:06,2026-08-02,Sunday,Indonesian marketplace,Shopee,LT-GRN,"Loop Tote, Sea-green",Sea-green,standard,3,189000,567000,0,,0,567000,53865,0,234000,279135,IDR,567000,,QRIS,J&T Express,C000747,new,Solo,Central Java,ID,completed,2026-08-02,2026-08-05,marketplace_campaign,,17908775681335588,assisted_time_proximity,
IG-20260802-0014,2026-08-02 21:48:17,2026-08-02,Sunday,Instagram,Instagram (DM/WhatsApp),LT-GRN,"Loop Tote, Sea-green",Sea-green,standard,1,189000,189000,0,,32000,221000,0,0,78000,111000,IDR,221000,,Bank transfer (manual),GoSend/Grab Instant,C000748,new,Cirebon,West Java,ID,completed,2026-08-02,2026-08-04,dm,,,,
26080252951086G,2026-08-02 21:51:37,2026-08-02,Sunday,Indonesian marketplace,Shopee,LT-GRN,"Loop Tote, Sea-green",Sea-green,standard,1,189000,189000,0,,20000,209000,17955,0,78000,93045,IDR,209000,,Bank transfer (VA),Shopee Xpress / platform courier,C000749,new,Denpasar,Bali,ID,completed,2026-08-02,2026-08-05,marketplace_search,,,,
26080289927909H,2026-08-02 21:53:40,2026-08-02,Sunday,Indonesian marketplace,Shopee,LT-IND,"Loop Tote, Indigo",Indigo,standard,1,189000,189000,0,,0,189000,17955,0,78000,93045,IDR,189000,,ShopeePay,SiCepat,C000750,new,Malang,East Java,ID,completed,2026-08-02,2026-08-06,marketplace_search,,,,
#LT10208,2026-08-02 23:12:54,2026-08-02,Sunday,Website (Shopify),Website (Shopify),LT-IND,"Loop Tote, Indigo",Indigo,standard,3,189000,567000,56500,LOOP14,0,510500,0,4000,234000,272500,IDR,510500,,Bank transfer (VA),GoSend/Grab Instant,C000288,returning,Solo,Central Java,ID,completed,2026-08-02,2026-08-04,instagram / bio_link,ig_launch_reel,17908775681335588,promo_code_match,
#LT10209,2026-08-02 23:18:51,2026-08-02,Sunday,Website (Shopify),Website (Shopify),LT-SND,"Loop Tote, Sand",Sand,standard,2,189000,378000,0,,0,378000,0,12962,156000,209038,IDR,378000,,Credit card,JNE,C000634,returning,Medan,North Sumatra,ID,completed,2026-08-02,2026-08-06,newsletter,,,,
#LT10210,2026-08-02 23:56:29,2026-08-02,Sunday,Website (Shopify),Website (Shopify),LT-GRN,"Loop Tote, Sea-green",Sea-green,standard,1,189000,189000,0,,15000,204000,0,1428,78000,109572,IDR,204000,,QRIS,GoSend/Grab Instant,C000621,returning,Bekasi,West Java,ID,completed,2026-08-03,2026-08-06,instagram / bio_link,ig_launch_reel,17908775681335588,utm_bio_link,
#LT10211,2026-08-03 02:03:07,2026-08-03,Monday,Website (Shopify),Website (Shopify),LT-SND,"Loop Tote, Sand",Sand,standard,1,189000,189000,19000,LOOP14,0,170000,0,2550,78000,89450,IDR,170000,,GoPay,JNE,C000751,new,Depok,West Java,ID,completed,2026-08-03,2026-08-05,instagram / bio_link,ig_launch_reel,17908775681335588,promo_code_match,
#LT10212,2026-08-03 06:06:38,2026-08-03,Monday,Website (Shopify),Website (Shopify),LT-GRN,"Loop Tote, Sea-green",Sea-green,standard,1,189000,189000,9500,NEWSLETTER5,25000,204500,0,1432,78000,100068,IDR,204500,,QRIS,SiCepat,C000752,new,Depok,West Java,ID,completed,2026-08-04,2026-08-06,newsletter,,,,
IG-20260803-0001,2026-08-03 09:56:54,2026-08-03,Monday,Instagram,Instagram (DM/WhatsApp),LT-GRN,"Loop Tote, Sea-green",Sea-green,standard,1,189000,189000,0,,0,189000,0,2835,78000,108165,IDR,189000,,GoPay/OVO,SiCepat,C000753,new,Bekasi,West Java,ID,completed,2026-08-03,2026-08-05,story_reply,ig_launch_reel,17908775681335588,dm_time_proximity,
#LT10213,2026-08-03 11:08:17,2026-08-03,Monday,Website (Shopify),Website (Shopify),LT-IND,"Loop Tote, Indigo",Indigo,standard,1,189000,189000,0,,25000,214000,0,3210,78000,107790,IDR,214000,,ShopeePay,JNE,C000754,new,Subang,West Java,ID,completed,2026-08-04,2026-08-08,instagram / bio_link,ig_launch_reel,17908775681335588,utm_bio_link,
IG-20260803-0002,2026-08-03 11:21:21,2026-08-03,Monday,Instagram,Instagram (DM/WhatsApp),LT-GRN,"Loop Tote, Sea-green",Sea-green,standard,1,189000,189000,19000,LOOP14,32000,202000,0,7858,78000,84142,IDR,202000,,Credit card,GoSend/Grab Instant,C000678,returning,Depok,West Java,ID,completed,2026-08-03,2026-08-06,comment,ig_launch_reel,17908775681335588,promo_code_match,
IG-20260803-0003,2026-08-03 12:15:51,2026-08-03,Monday,Instagram,Instagram (DM/WhatsApp),LT-GRN,"Loop Tote, Sea-green",Sea-green,standard,1,189000,189000,19000,LOOP14,18000,188000,0,2820,78000,89180,IDR,188000,,GoPay/OVO,JNE,C000755,new,Cimahi,West Java,ID,completed,2026-08-04,2026-08-06,dm,ig_launch_reel,17908775681335588,promo_code_match,
STR-20260803-0001,2026-08-03 12:24:32,2026-08-03,Monday,Physical store,Bandung store,LT-GRN,"Loop Tote, Sea-green",Sea-green,standard,1,189000,189000,0,,0,189000,0,0,78000,111000,IDR,189000,,Cash,In-store pickup,C000756,new,Bandung,West Java,ID,completed,2026-08-03,2026-08-03,walk-in,,,,
26080331647133B,2026-08-03 12:34:19,2026-08-03,Monday,Indonesian marketplace,Shopee,LT-IND,"Loop Tote, Indigo",Indigo,standard,1,189000,189000,28500,Platform voucher,12000,172500,15248,0,78000,67252,IDR,172500,,Credit card,JNE,C000757,new,Manado,North Sulawesi,ID,completed,2026-08-04,2026-08-09,marketplace_campaign,,17908775681335588,assisted_time_proximity,
5415452879836380566,2026-08-03 12:40:33,2026-08-03,Monday,Indonesian marketplace,TikTok Shop,LT-SND,"Loop Tote, Sand",Sand,standard,1,179000,179000,0,,0,179000,15215,0,78000,85785,IDR,179000,,COD,AnterAja,C000758,new,Tangerang,Banten,ID,completed,2026-08-04,2026-08-07,recommended,,,,
IG-20260803-0004,2026-08-03 12:42:34,2026-08-03,Monday,Instagram,Instagram (DM/WhatsApp),LT-GRN,"Loop Tote, Sea-green",Sea-green,standard,1,189000,189000,19000,LOOP14,32000,202000,0,0,78000,92000,IDR,202000,,Bank transfer (manual),JNE,C000759,new,Semarang,Central Java,ID,completed,2026-08-03,2026-08-07,whatsapp_click,,,,
BLI-20260803-416219,2026-08-03 13:11:04,2026-08-03,Monday,Indonesian marketplace,Blibli,LT-GRN,"Loop Tote, Sea-green",Sea-green,standard,1,189000,189000,0,,0,189000,0,0,78000,0,IDR,189000,,Bank transfer (VA),,C000760,new,Malang,East Java,ID,cancelled,,,marketplace_search,,,,
26080366215713C,2026-08-03 13:12:23,2026-08-03,Monday,Indonesian marketplace,Shopee,LT-GRN,"Loop Tote, Sea-green",Sea-green,standard,1,189000,189000,0,,15000,204000,17955,0,78000,93045,IDR,204000,,Alfamart/Indomaret,AnterAja,C000761,new,Tangerang,Banten,ID,completed,2026-08-04,2026-08-07,marketplace_search,,,,
IG-20260803-0005,2026-08-03 13:40:04,2026-08-03,Monday,Instagram,Instagram (DM/WhatsApp),LT-GRN,"Loop Tote, Sea-green",Sea-green,standard,1,189000,189000,0,,15000,204000,0,0,78000,111000,IDR,204000,,Bank transfer (manual),J&T Express,C000762,new,Pontianak,West Kalimantan,ID,completed,2026-08-03,2026-08-07,dm,,,,
IG-20260803-0006,2026-08-03 14:02:22,2026-08-03,Monday,Instagram,Instagram (DM/WhatsApp),LT-GRN,"Loop Tote, Sea-green",Sea-green,standard,1,189000,189000,19000,LOOP14,25000,195000,0,0,78000,92000,IDR,195000,,Bank transfer (manual),JNE,C000763,new,Jakarta,DKI Jakarta,ID,completed,2026-08-04,2026-08-07,dm,ig_launch_reel,17908775681335588,promo_code_match,
IG-20260803-0007,2026-08-03 14:35:28,2026-08-03,Monday,Instagram,Instagram (DM/WhatsApp),LT-GRN,"Loop Tote, Sea-green",Sea-green,standard,1,189000,189000,19000,LOOP14,18000,188000,0,0,78000,-25000,IDR,188000,,Bank transfer (manual),SiCepat,C000530,returning,Jakarta,DKI Jakarta,ID,returned,2026-08-04,2026-08-07,comment,ig_launch_reel,17908775681335588,promo_code_match,
IG-20260803-0008,2026-08-03 15:53:09,2026-08-03,Monday,Instagram,Instagram (DM/WhatsApp),LT-GRN,"Loop Tote, Sea-green",Sea-green,standard,1,189000,189000,19000,LOOP14,0,170000,0,0,78000,92000,IDR,170000,,Bank transfer (manual),J&T Express,C000764,new,Bogor,West Java,ID,completed,2026-08-04,2026-08-05,story_reply,ig_launch_reel,17908775681335588,promo_code_match,
#LT10214,2026-08-03 16:30:03,2026-08-03,Monday,Website (Shopify),Website (Shopify),LT-SND,"Loop Tote, Sand",Sand,standard,1,189000,189000,0,,25000,214000,0,8206,78000,102794,IDR,214000,,Credit card,J&T Express,C000765,new,Bandung,West Java,ID,completed,2026-08-04,2026-08-06,instagram / bio_link,ig_launch_reel,17908775681335588,utm_bio_link,
IG-20260803-0009,2026-08-03 16:30:17,2026-08-03,Monday,Instagram,Instagram (DM/WhatsApp),LT-IND,"Loop Tote, Indigo",Indigo,standard,1,189000,189000,9500,IGDM5,32000,211500,0,8134,78000,93366,IDR,211500,,Credit card,GoSend/Grab Instant,C000766,new,Bandar Lampung,Lampung,ID,completed,2026-08-04,2026-08-10,whatsapp_click,ig_launch_reel,17908775681335588,dm_time_proximity,
5514103916928058773,2026-08-03 17:36:27,2026-08-03,Monday,Indonesian marketplace,TikTok Shop,LT-SND,"Loop Tote, Sand",Sand,standard,1,179000,179000,0,,25000,204000,15215,0,78000,85785,IDR,204000,,ShopeePay,Shopee Xpress / platform courier,C000767,new,Garut,West Java,ID,completed,2026-08-03,2026-08-07,marketplace_search,,,,
#LT10215,2026-08-03 19:06:22,2026-08-03,Monday,Website (Shopify),Website (Shopify),LT-SND,"Loop Tote, Sand",Sand,standard,1,189000,189000,19000,LOOP14,32000,202000,0,4000,78000,88000,IDR,202000,,Bank transfer (VA),J&T Express,C000208,returning,Bandung,West Java,ID,completed,2026-08-04,2026-08-05,instagram / bio_link,ig_launch_reel,17908775681335588,promo_code_match,
INV/20260803/MPL/829840944,2026-08-03 19:06:33,2026-08-03,Monday,Indonesian marketplace,Tokopedia,LT-GRN,"Loop Tote, Sea-green",Sea-green,standard,1,189000,189000,28500,Platform voucher,15000,175500,12840,0,78000,-37840,IDR,175500,,ShopeePay,J&T Express,C000768,new,Bandung,West Java,ID,returned,2026-08-03,2026-08-05,marketplace_search,,17908775681335588,assisted_time_proximity,
IG-20260803-0010,2026-08-03 19:44:43,2026-08-03,Monday,Instagram,Instagram (DM/WhatsApp),LT-IND,"Loop Tote, Indigo",Indigo,standard,1,189000,189000,9500,IGDM5,32000,211500,0,3172,78000,98328,IDR,211500,,GoPay/OVO,JNE,C000769,new,Bekasi,West Java,ID,completed,2026-08-03,2026-08-04,dm,,,,
#LT10216,2026-08-03 19:53:59,2026-08-03,Monday,Website (Shopify),Website (Shopify),LT-IND,"Loop Tote, Indigo",Indigo,standard,1,189000,189000,19000,LOOP14,18000,188000,0,1316,78000,90684,IDR,188000,,QRIS,SiCepat,C000509,returning,Bandung,West Java,ID,completed,2026-08-04,2026-08-06,instagram / bio_link,ig_launch_reel,17908775681335588,promo_code_match,
IG-20260803-0011,2026-08-03 20:18:28,2026-08-03,Monday,Instagram,Instagram (DM/WhatsApp),LT-SND,"Loop Tote, Sand",Sand,standard,1,189000,189000,19000,LOOP14,32000,202000,0,0,78000,0,IDR,202000,,Bank transfer (manual),,C000770,new,Depok,West Java,ID,cancelled,,,dm,ig_launch_reel,17908775681335588,promo_code_match,
#LT10217,2026-08-03 21:08:53,2026-08-03,Monday,Website (Shopify),Website (Shopify),LT-GRN,"Loop Tote, Sea-green",Sea-green,standard,1,189000,189000,0,,0,189000,0,1323,78000,109677,IDR,189000,,QRIS,JNE,C000771,new,Solo,Central Java,ID,completed,2026-08-04,2026-08-07,instagram / bio_link,ig_launch_reel,17908775681335588,utm_bio_link,
#LT10218,2026-08-03 21:40:32,2026-08-03,Monday,Website (Shopify),Website (Shopify),LT-IND,"Loop Tote, Indigo",Indigo,standard,2,189000,378000,0,,0,378000,0,2646,156000,219354,IDR,378000,,QRIS,J&T Express,C000139,returning,Bandung,West Java,ID,completed,2026-08-04,2026-08-06,newsletter,,,,
26080381097476D,2026-08-03 21:53:42,2026-08-03,Monday,Indonesian marketplace,Shopee,LT-GRN,"Loop Tote, Sea-green",Sea-green,standard,2,189000,378000,30000,Platform voucher,0,348000,33060,0,156000,158940,IDR,348000,,ShopeePay,J&T Express,C000772,new,Bandung,West Java,ID,completed,2026-08-03,2026-08-05,recommended,,,,
#LT10219,2026-08-03 22:48:54,2026-08-03,Monday,Website (Shopify),Website (Shopify),LT-GRN,"Loop Tote, Sea-green",Sea-green,standard,1,189000,189000,0,,40000,229000,0,3435,78000,107565,IDR,229000,,GoPay,J&T Express,C000773,new,Garut,West Java,ID,completed,2026-08-04,2026-08-08,instagram / bio_link,ig_launch_reel,17908775681335588,utm_bio_link,
#LT10220,2026-08-03 23:17:03,2026-08-03,Monday,Website (Shopify),Website (Shopify),LT-GRN,"Loop Tote, Sea-green",Sea-green,standard,1,189000,189000,19000,LOOP14,25000,195000,0,4000,78000,88000,IDR,195000,,Bank transfer (VA),GoSend/Grab Instant,C000774,new,Bandung,West Java,ID,completed,2026-08-04,2026-08-06,instagram / bio_link,ig_launch_reel,17908775681335588,promo_code_match,
5437352359286658238,2026-08-04 00:42:46,2026-08-04,Tuesday,Indonesian marketplace,TikTok Shop,LT-GRN,"Loop Tote, Sea-green",Sea-green,standard,1,179000,179000,0,,30000,209000,15215,0,78000,85785,IDR,209000,,ShopeePay,J&T Express,C000775,new,Bogor,West Java,ID,completed,2026-08-05,2026-08-07,marketplace_search,,,,
113-5912806-3566486,2026-08-04 04:14:19,2026-08-04,Tuesday,Amazon,Amazon,LT-GRN,"Loop Tote, Sea-green",Sea-green,standard,1,260637,260637,0,,113937,374574,39096,0,78000,143541,USD,22.98,16300,Credit card,DHL eCommerce,C000776,new,New York,New York,US,completed,2026-08-05,2026-08-14,marketplace_search,,,,
#LT10221,2026-08-04 06:49:39,2026-08-04,Tuesday,Website (Shopify),Website (Shopify),LT-SND,"Loop Tote, Sand",Sand,standard,1,189000,189000,0,,32000,221000,0,4000,78000,107000,IDR,221000,,Bank transfer (VA),J&T Express,C000777,new,Jakarta,DKI Jakarta,ID,completed,2026-08-05,2026-08-06,instagram / bio_link,ig_launch_reel,17908775681335588,utm_bio_link,
#LT10222,2026-08-04 07:20:36,2026-08-04,Tuesday,Website (Shopify),Website (Shopify),LT-GRN,"Loop Tote, Sea-green",Sea-green,standard,1,189000,189000,19000,LOOP14,18000,188000,0,7452,78000,84548,IDR,188000,,Credit card,GoSend/Grab Instant,C000778,new,Jakarta,DKI Jakarta,ID,completed,2026-08-04,2026-08-06,instagram / bio_link,ig_launch_reel,17908775681335588,promo_code_match,
5946619066264137214,2026-08-04 08:10:57,2026-08-04,Tuesday,Indonesian marketplace,TikTok Shop,LT-IND,"Loop Tote, Indigo",Indigo,standard,1,179000,179000,14500,Platform voucher,35000,199500,13983,0,78000,72517,IDR,199500,,ShopeePay,SiCepat,C000025,returning,Surabaya,East Java,ID,completed,2026-08-05,2026-08-07,marketplace_search,,,,
624737402349703,2026-08-04 10:06:28,2026-08-04,Tuesday,Indonesian marketplace,Lazada,LT-GRN,"Loop Tote, Sea-green",Sea-green,standard,1,189000,189000,28500,Platform voucher,20000,180500,13643,0,78000,68857,IDR,180500,,ShopeePay,JNE,C000779,new,Makassar,South Sulawesi,ID,completed,2026-08-04,2026-08-09,marketplace_search,,,,
BLI-20260804-237603,2026-08-04 10:33:26,2026-08-04,Tuesday,Indonesian marketplace,Blibli,LT-SND,"Loop Tote, Sand",Sand,standard,1,189000,189000,0,,35000,224000,15120,0,78000,95880,IDR,224000,,Credit card,JNE,C000780,new,Depok,West Java,ID,completed,2026-08-04,2026-08-06,recommended,,,,
STR-20260804-0001,2026-08-04 11:24:20,2026-08-04,Tuesday,Physical store,Bandung store,LT-SND,"Loop Tote, Sand",Sand,standard,1,189000,189000,0,,0,189000,0,1323,78000,109677,IDR,189000,,QRIS,In-store pickup,C000781,new,Yogyakarta,DI Yogyakarta,ID,completed,2026-08-04,2026-08-04,walk-in,,,,
STR-20260804-0002,2026-08-04 12:33:23,2026-08-04,Tuesday,Physical store,Bandung store,LT-GRN,"Loop Tote, Sea-green",Sea-green,standard,1,189000,189000,0,,0,189000,0,0,78000,111000,IDR,189000,,Cash,In-store pickup,C000782,new,Bandung,West Java,ID,completed,2026-08-04,2026-08-04,walk-in,,,,
26080483387080B,2026-08-04 14:46:25,2026-08-04,Tuesday,Indonesian marketplace,Shopee,LT-SND,"Loop Tote, Sand",Sand,standard,1,189000,189000,0,,30000,219000,17955,0,78000,93045,IDR,219000,,COD,J&T Express,C000569,returning,Padang,West Sumatra,ID,completed,2026-08-05,2026-08-10,marketplace_search,,,,
STR-20260804-0003,2026-08-04 15:55:44,2026-08-04,Tuesday,Physical store,Bandung store,LT-GRN,"Loop Tote, Sea-green",Sea-green,standard,1,189000,189000,0,,0,189000,0,1323,78000,109677,IDR,189000,,QRIS,In-store pickup,C000783,new,Bandung,West Java,ID,completed,2026-08-04,2026-08-04,walk-in,,,,
IG-20260804-0001,2026-08-04 16:24:23,2026-08-04,Tuesday,Instagram,Instagram (DM/WhatsApp),LT-SND,"Loop Tote, Sand",Sand,standard,1,189000,189000,9500,IGDM5,18000,197500,0,7728,78000,93772,IDR,197500,,Credit card,J&T Express,C000784,new,Jakarta,DKI Jakarta,ID,completed,2026-08-04,2026-08-07,dm,ig_launch_reel,17908775681335588,dm_time_proximity,
395401747115648,2026-08-04 16:32:32,2026-08-04,Tuesday,Indonesian marketplace,Lazada,LT-SND,"Loop Tote, Sand",Sand,standard,1,189000,189000,0,,35000,224000,16065,0,78000,-41065,IDR,224000,,Alfamart/Indomaret,Shopee Xpress / platform courier,C000785,new,Manado,North Sulawesi,ID,returned,2026-08-05,2026-08-09,marketplace_search,,,,
STR-20260804-0004,2026-08-04 17:25:30,2026-08-04,Tuesday,Physical store,Bandung store,LT-SND,"Loop Tote, Sand",Sand,standard,1,189000,189000,0,,0,189000,0,1323,78000,109677,IDR,189000,,QRIS,In-store pickup,C000786,new,Bandung,West Java,ID,completed,2026-08-04,2026-08-04,walk-in,,,,
IG-20260804-0002,2026-08-04 19:09:11,2026-08-04,Tuesday,Instagram,Instagram (DM/WhatsApp),LT-GRN,"Loop Tote, Sea-green",Sea-green,standard,1,189000,189000,19000,LOOP14,15000,185000,0,0,78000,92000,IDR,185000,,Bank transfer (manual),GoSend/Grab Instant,C000787,new,Jakarta,DKI Jakarta,ID,completed,2026-08-04,2026-08-07,dm,ig_launch_reel,17908775681335588,promo_code_match,
STR-20260804-0005,2026-08-04 19:45:26,2026-08-04,Tuesday,Physical store,Bandung store,LT-IND,"Loop Tote, Indigo",Indigo,standard,1,189000,189000,0,,0,189000,0,1890,78000,109110,IDR,189000,,Debit card,In-store pickup,C000788,new,Bandung,West Java,ID,completed,2026-08-04,2026-08-04,walk-in,,,,
26080487311641C,2026-08-04 20:14:32,2026-08-04,Tuesday,Indonesian marketplace,Shopee,LT-GRN,"Loop Tote, Sea-green",Sea-green,standard,1,189000,189000,0,,0,189000,17955,0,78000,93045,IDR,189000,,COD,J&T Express,C000789,new,Bogor,West Java,ID,completed,2026-08-04,2026-08-05,marketplace_search,,17908775681335588,assisted_time_proximity,
5913315641395515441,2026-08-04 20:32:52,2026-08-04,Tuesday,Indonesian marketplace,TikTok Shop,LT-GRN,"Loop Tote, Sea-green",Sea-green,standard,1,179000,179000,0,,30000,209000,15215,0,78000,85785,IDR,209000,,PayLater,Shopee Xpress / platform courier,C000790,new,South Tangerang,Banten,ID,completed,2026-08-05,2026-08-07,marketplace_campaign,,,,
BLI-20260804-794086,2026-08-04 20:45:41,2026-08-04,Tuesday,Indonesian marketplace,Blibli,LT-IND,"Loop Tote, Indigo",Indigo,standard,1,189000,189000,0,,20000,209000,15120,0,78000,-40120,IDR,209000,,Bank transfer (VA),SiCepat,C000791,new,Balikpapan,East Kalimantan,ID,returned,2026-08-04,2026-08-10,marketplace_search,,,,
#LT10223,2026-08-04 20:57:10,2026-08-04,Tuesday,Website (Shopify),Website (Shopify),LT-IND,"Loop Tote, Indigo",Indigo,standard,2,189000,378000,0,,0,378000,0,4000,156000,218000,IDR,378000,,Bank transfer (VA),SiCepat,C000792,new,Depok,West Java,ID,completed,2026-08-05,2026-08-08,instagram / bio_link,ig_launch_reel,17908775681335588,utm_bio_link,
INV/20260804/MPL/972935132,2026-08-04 21:04:56,2026-08-04,Tuesday,Indonesian marketplace,Tokopedia,LT-SND,"Loop Tote, Sand",Sand,standard,1,189000,189000,0,,0,189000,15120,0,78000,95880,IDR,189000,,ShopeePay,AnterAja,C000793,new,Bandung,West Java,ID,completed,2026-08-05,2026-08-06,marketplace_search,,,,
INV/20260804/MPL/213715180,2026-08-04 21:07:17,2026-08-04,Tuesday,Indonesian marketplace,Tokopedia,LT-SND,"Loop Tote, Sand",Sand,standard,1,189000,189000,0,,20000,209000,15120,0,78000,95880,IDR,209000,,ShopeePay,JNE,C000794,new,Bekasi,West Java,ID,completed,2026-08-04,2026-08-07,marketplace_search,,,,
#LT10224,2026-08-04 21:33:33,2026-08-04,Tuesday,Website (Shopify),Website (Shopify),LT-GRN,"Loop Tote, Sea-green",Sea-green,standard,1,189000,189000,0,,0,189000,0,4000,78000,107000,IDR,189000,,Bank transfer (VA),JNE,C000795,new,Jakarta,DKI Jakarta,ID,completed,2026-08-05,2026-08-07,instagram / bio_link,ig_launch_reel,17908775681335588,utm_bio_link,
#LT10225,2026-08-04 22:01:08,2026-08-04,Tuesday,Website (Shopify),Website (Shopify),LT-GRN,"Loop Tote, Sea-green",Sea-green,standard,1,189000,189000,0,,25000,214000,0,3210,78000,107790,IDR,214000,,GoPay,J&T Express,C000796,new,Cimahi,West Java,ID,completed,2026-08-05,2026-08-07,instagram / bio_link,ig_launch_reel,17908775681335588,utm_bio_link,
#LT10226,2026-08-04 22:06:25,2026-08-04,Tuesday,Website (Shopify),Website (Shopify),LT-IND,"Loop Tote, Indigo",Indigo,standard,1,189000,189000,19000,LOOP14,0,170000,0,1190,78000,90810,IDR,170000,,QRIS,SiCepat,C000797,new,Bandung,West Java,ID,completed,2026-08-05,2026-08-06,google / organic,,,,
553343227292317,2026-08-04 23:22:55,2026-08-04,Tuesday,Indonesian marketplace,Lazada,LT-GRN,"Loop Tote, Sea-green",Sea-green,standard,1,189000,189000,0,,35000,224000,16065,0,78000,94935,IDR,224000,,Alfamart/Indomaret,AnterAja,C000798,new,Pekanbaru,Riau,ID,completed,2026-08-04,2026-08-09,marketplace_search,,17908775681335588,assisted_time_proximity,
IG-20260804-0003,2026-08-04 23:32:11,2026-08-04,Tuesday,Instagram,Instagram (DM/WhatsApp),LT-GRN,"Loop Tote, Sea-green",Sea-green,standard,1,189000,189000,0,,18000,207000,0,0,78000,111000,IDR,207000,,Bank transfer (manual),SiCepat,C000521,returning,Bogor,West Java,ID,completed,2026-08-04,2026-08-06,story_reply,,,,
IG-20260805-0001,2026-08-05 09:34:04,2026-08-05,Wednesday,Instagram,Instagram (DM/WhatsApp),LT-IND,"Loop Tote, Indigo",Indigo,standard,1,189000,189000,19000,LOOP14,32000,202000,0,0,78000,92000,IDR,202000,,Bank transfer (manual),J&T Express,C000698,returning,Bandar Lampung,Lampung,ID,completed,2026-08-06,2026-08-10,dm,ig_launch_reel,17908775681335588,promo_code_match,
INV/20260805/MPL/312228438,2026-08-05 13:01:05,2026-08-05,Wednesday,Indonesian marketplace,Tokopedia,LT-SND,"Loop Tote, Sand",Sand,standard,3,189000,567000,0,,0,567000,45360,0,234000,287640,IDR,567000,,Bank transfer (VA),AnterAja,C000799,new,Cimahi,West Java,ID,completed,2026-08-05,2026-08-06,marketplace_search,,17908775681335588,assisted_time_proximity,
STR-20260805-0001,2026-08-05 13:19:18,2026-08-05,Wednesday,Physical store,Bandung store,LT-SND,"Loop Tote, Sand",Sand,standard,1,189000,189000,0,,0,189000,0,1323,78000,109677,IDR,189000,,QRIS,In-store pickup,C000800,new,Bandung,West Java,ID,completed,2026-08-05,2026-08-05,walk-in,,,,
STR-20260805-0002,2026-08-05 13:32:28,2026-08-05,Wednesday,Physical store,Bandung store,LT-GRN,"Loop Tote, Sea-green",Sea-green,standard,1,189000,189000,0,,0,189000,0,1890,78000,109110,IDR,189000,,Debit card,In-store pickup,C000801,new,Bandung,West Java,ID,completed,2026-08-05,2026-08-05,walk-in,,,,
IG-20260805-0002,2026-08-05 13:50:33,2026-08-05,Wednesday,Instagram,Instagram (DM/WhatsApp),LT-IND,"Loop Tote, Indigo",Indigo,standard,1,189000,189000,19000,LOOP14,40000,210000,0,1470,78000,90530,IDR,210000,,QRIS,J&T Express,C000802,new,Malang,East Java,ID,completed,2026-08-06,2026-08-08,story_reply,ig_launch_reel,17908775681335588,promo_code_match,
113-6231574-4432649,2026-08-05 15:19:19,2026-08-05,Wednesday,Amazon,Amazon,LT-IND,"Loop Tote, Indigo",Indigo,standard,1,260637,260637,0,,113937,374574,39096,0,78000,143541,USD,22.98,16300,Credit card,DHL eCommerce,C000803,new,Singapore,Singapore,SG,completed,2026-08-06,2026-08-24,marketplace_campaign,,,,
#LT10227,2026-08-05 16:11:53,2026-08-05,Wednesday,Website (Shopify),Website (Shopify),LT-SND,"Loop Tote, Sand",Sand,standard,1,189000,189000,19000,LOOP14,18000,188000,0,4000,78000,88000,IDR,188000,,Bank transfer (VA),SiCepat,C000804,new,Bekasi,West Java,ID,completed,2026-08-06,2026-08-08,instagram / bio_link,ig_launch_reel,17908775681335588,promo_code_match,
113-9237123-2584031,2026-08-05 16:48:52,2026-08-05,Wednesday,Amazon,Amazon,LT-IND,"Loop Tote, Indigo",Indigo,standard,2,260637,521274,0,,113937,635211,78191,0,156000,287083,USD,38.97,16300,Credit card,DHL eCommerce,C000805,new,Sydney,New South Wales,AU,completed,2026-08-06,2026-08-18,marketplace_search,,,,
BLI-20260805-364271,2026-08-05 17:10:25,2026-08-05,Wednesday,Indonesian marketplace,Blibli,LT-GRN,"Loop Tote, Sea-green",Sea-green,standard,1,189000,189000,0,,12000,201000,15120,0,78000,95880,IDR,201000,,ShopeePay,JNE,C000806,new,Jakarta,DKI Jakarta,ID,completed,2026-08-05,2026-08-07,marketplace_search,,,,
IG-20260805-0003,2026-08-05 17:20:03,2026-08-05,Wednesday,Instagram,Instagram (DM/WhatsApp),LT-GRN,"Loop Tote, Sea-green",Sea-green,standard,1,189000,189000,19000,LOOP14,15000,185000,0,0,78000,92000,IDR,185000,,Bank transfer (manual),SiCepat,C000807,new,Bandung,West Java,ID,completed,2026-08-05,2026-08-07,story_reply,ig_launch_reel,17908775681335588,promo_code_match,
#LT10228,2026-08-05 17:35:23,2026-08-05,Wednesday,Website (Shopify),Website (Shopify),LT-IND,"Loop Tote, Indigo",Indigo,standard,1,189000,189000,0,,32000,221000,0,4000,78000,-29000,IDR,221000,,Bank transfer (VA),SiCepat,C000808,new,Jakarta,DKI Jakarta,ID,returned,2026-08-05,2026-08-06,newsletter,,,,
#LT10229,2026-08-05 18:01:06,2026-08-05,Wednesday,Website (Shopify),Website (Shopify),LT-GRN,"Loop Tote, Sea-green",Sea-green,standard,1,189000,189000,19000,LOOP14,32000,202000,0,3030,78000,88970,IDR,202000,,GoPay,JNE,C000809,new,Jakarta,DKI Jakarta,ID,completed,2026-08-05,2026-08-08,instagram / bio_link,ig_launch_reel,17908775681335588,promo_code_match,
STR-20260805-0003,2026-08-05 18:24:34,2026-08-05,Wednesday,Physical store,Bandung store,LT-GRN,"Loop Tote, Sea-green",Sea-green,standard,1,189000,189000,0,,0,189000,0,1323,78000,109677,IDR,189000,,QRIS,In-store pickup,C000810,new,Cimahi,West Java,ID,completed,2026-08-05,2026-08-05,walk-in,,,,
STR-20260805-0004,2026-08-05 19:00:39,2026-08-05,Wednesday,Physical store,Bandung store,LT-SND,"Loop Tote, Sand",Sand,standard,4,189000,756000,0,,0,756000,0,5292,312000,438708,IDR,756000,,QRIS,In-store pickup,C000811,new,Bandung,West Java,ID,completed,2026-08-05,2026-08-05,walk-in,,,,
#LT10230,2026-08-05 20:46:01,2026-08-05,Wednesday,Website (Shopify),Website (Shopify),LT-SND,"Loop Tote, Sand",Sand,standard,1,189000,189000,19000,LOOP14,0,170000,0,1190,78000,90810,IDR,170000,,QRIS,J&T Express,C000812,new,Bandung,West Java,ID,completed,2026-08-05,2026-08-07,instagram / bio_link,ig_launch_reel,17908775681335588,promo_code_match,
#LT10231,2026-08-05 21:34:29,2026-08-05,Wednesday,Website (Shopify),Website (Shopify),LT-IND,"Loop Tote, Indigo",Indigo,standard,1,189000,189000,0,,40000,229000,0,3435,78000,107565,IDR,229000,,ShopeePay,JNE,C000813,new,Jakarta,DKI Jakarta,ID,completed,2026-08-06,2026-08-09,instagram / bio_link,ig_launch_reel,17908775681335588,utm_bio_link,
26080588749102B,2026-08-05 22:13:24,2026-08-05,Wednesday,Indonesian marketplace,Shopee,LT-GRN,"Loop Tote, Sea-green",Sea-green,standard,1,189000,189000,0,,30000,219000,17955,0,78000,93045,IDR,219000,,ShopeePay,Shopee Xpress / platform courier,C000814,new,Bogor,West Java,ID,completed,2026-08-06,2026-08-09,marketplace_campaign,,,,
#LT10232,2026-08-05 23:52:13,2026-08-05,Wednesday,Website (Shopify),Website (Shopify),LT-GRN,"Loop Tote, Sea-green",Sea-green,standard,1,189000,189000,19000,LOOP14,40000,210000,0,3150,78000,88850,IDR,210000,,OVO,JNE,C000815,new,Surabaya,East Java,ID,completed,2026-08-05,2026-08-09,instagram / bio_link,ig_launch_reel,17908775681335588,promo_code_match,
26080691126415B,2026-08-06 11:23:41,2026-08-06,Thursday,Indonesian marketplace,Shopee,LT-GRN,"Loop Tote, Sea-green",Sea-green,standard,1,189000,189000,0,,0,189000,17955,0,78000,93045,IDR,189000,,COD,SiCepat,C000816,new,Jakarta,DKI Jakarta,ID,completed,2026-08-06,2026-08-09,marketplace_campaign,,,,
STR-20260806-0001,2026-08-06 11:59:16,2026-08-06,Thursday,Physical store,Bandung store,LT-GRN,"Loop Tote, Sea-green",Sea-green,standard,1,189000,189000,0,,0,189000,0,1323,78000,109677,IDR,189000,,QRIS,In-store pickup,C000011,returning,Bandung,West Java,ID,completed,2026-08-06,2026-08-06,walk-in,,17903086350274091,assisted_time_proximity,
26080637391567C,2026-08-06 13:56:46,2026-08-06,Thursday,Indonesian marketplace,Shopee,LT-IND,"Loop Tote, Indigo",Indigo,standard,1,189000,189000,0,,0,189000,17955,0,78000,93045,IDR,189000,,Alfamart/Indomaret,JNE,C000817,new,Makassar,South Sulawesi,ID,completed,2026-08-06,2026-08-12,marketplace_search,,,,
STR-20260806-0002,2026-08-06 15:10:45,2026-08-06,Thursday,Physical store,Bandung store,LT-GRN,"Loop Tote, Sea-green",Sea-green,standard,1,189000,189000,0,,0,189000,0,1323,78000,109677,IDR,189000,,QRIS,In-store pickup,C000818,new,Bandung,West Java,ID,completed,2026-08-06,2026-08-06,walk-in,,,,
STR-20260806-0003,2026-08-06 16:19:11,2026-08-06,Thursday,Physical store,Bandung store,LT-IND,"Loop Tote, Indigo",Indigo,standard,1,189000,189000,0,,0,189000,0,1323,78000,109677,IDR,189000,,QRIS,In-store pickup,C000819,new,Bandung,West Java,ID,completed,2026-08-06,2026-08-06,walk-in,,17908775681335588,assisted_time_proximity,
#LT10233,2026-08-06 16:22:45,2026-08-06,Thursday,Website (Shopify),Website (Shopify),LT-IND,"Loop Tote, Indigo",Indigo,standard,2,189000,378000,38000,LOOP14,0,340000,0,2380,156000,181620,IDR,340000,,QRIS,GoSend/Grab Instant,C000820,new,Surabaya,East Java,ID,completed,2026-08-07,2026-08-11,whatsapp,,,,
26080638088812D,2026-08-06 17:42:02,2026-08-06,Thursday,Indonesian marketplace,Shopee,LT-GRN,"Loop Tote, Sea-green",Sea-green,standard,1,189000,189000,0,,0,189000,17955,0,78000,93045,IDR,189000,,ShopeePay,JNE,C000821,new,Yogyakarta,DI Yogyakarta,ID,completed,2026-08-07,2026-08-10,marketplace_search,,,,
#LT10234,2026-08-06 18:34:26,2026-08-06,Thursday,Website (Shopify),Website (Shopify),LT-GRN,"Loop Tote, Sea-green",Sea-green,standard,1,189000,189000,0,,18000,207000,0,1449,78000,109551,IDR,207000,,QRIS,GoSend/Grab Instant,C000822,new,Tangerang,Banten,ID,completed,2026-08-07,2026-08-09,direct,,,,
IG-20260806-0001,2026-08-06 19:09:31,2026-08-06,Thursday,Instagram,Instagram (DM/WhatsApp),LT-IND,"Loop Tote, Indigo",Indigo,standard,1,189000,189000,0,,0,189000,0,1323,78000,109677,IDR,189000,,QRIS,JNE,C000823,new,Jakarta,DKI Jakarta,ID,completed,2026-08-06,2026-08-07,dm,ig_process_impact_p03,17901372461039642,dm_time_proximity,
#LT10235,2026-08-06 19:28:17,2026-08-06,Thursday,Website (Shopify),Website (Shopify),LT-GRN,"Loop Tote, Sea-green",Sea-green,standard,1,189000,189000,9500,NEWSLETTER5,32000,211500,0,4000,78000,97500,IDR,211500,,Bank transfer (VA),JNE,C000824,new,Bekasi,West Java,ID,completed,2026-08-06,2026-08-09,google / organic,,,,
IG-20260806-0002,2026-08-06 19:32:59,2026-08-06,Thursday,Instagram,Instagram (DM/WhatsApp),LT-GRN,"Loop Tote, Sea-green",Sea-green,standard,1,189000,189000,19000,LOOP14,32000,202000,0,0,78000,92000,IDR,202000,,Bank transfer (manual),J&T Express,C000825,new,Bandung,West Java,ID,completed,2026-08-06,2026-08-07,dm,ig_launch_reel,17908775681335588,promo_code_match,
INV/20260806/MPL/480770521,2026-08-06 21:40:28,2026-08-06,Thursday,Indonesian marketplace,Tokopedia,LT-IND,"Loop Tote, Indigo",Indigo,standard,1,189000,189000,0,,25000,214000,15120,0,78000,95880,IDR,214000,,ShopeePay,AnterAja,C000826,new,Bogor,West Java,ID,completed,2026-08-07,2026-08-09,shop_page,,,,
26080663759391E,2026-08-06 21:41:20,2026-08-06,Thursday,Indonesian marketplace,Shopee,LT-SND,"Loop Tote, Sand",Sand,standard,2,189000,378000,0,,0,378000,35910,0,156000,186090,IDR,378000,,PayLater,Shopee Xpress / platform courier,C000827,new,Palembang,South Sumatra,ID,completed,2026-08-06,2026-08-10,marketplace_search,,,,
#LT10236,2026-08-06 21:52:54,2026-08-06,Thursday,Website (Shopify),Website (Shopify),LT-GRN,"Loop Tote, Sea-green",Sea-green,standard,1,189000,189000,19000,LOOP14,25000,195000,0,2925,78000,89075,IDR,195000,,ShopeePay,JNE,C000828,new,Jakarta,DKI Jakarta,ID,completed,2026-08-07,2026-08-10,instagram / bio_link,ig_launch_reel,17908775681335588,promo_code_match,
26080648440356F,2026-08-06 23:22:30,2026-08-06,Thursday,Indonesian marketplace,Shopee,LT-SND,"Loop Tote, Sand",Sand,standard,1,189000,189000,0,,30000,219000,17955,0,78000,93045,IDR,219000,,PayLater,SiCepat,C000829,new,Denpasar,Bali,ID,completed,2026-08-07,2026-08-14,marketplace_search,,,,
113-9827049-4262392,2026-08-07 01:02:47,2026-08-07,Friday,Amazon,Amazon,LT-SND,"Loop Tote, Sand",Sand,standard,1,260637,260637,0,,113937,374574,39096,0,78000,143541,USD,22.98,16300,Credit card,DHL eCommerce,C000830,new,Tokyo,Tokyo,JP,completed,2026-08-08,2026-08-26,recommended,,,,
#LT10237,2026-08-07 09:18:49,2026-08-07,Friday,Website (Shopify),Website (Shopify),LT-IND,"Loop Tote, Indigo",Indigo,standard,2,189000,378000,38000,LOOP14,0,340000,0,4000,156000,180000,IDR,340000,,Bank transfer (VA),SiCepat,C000621,returning,Bekasi,West Java,ID,completed,2026-08-08,2026-08-11,instagram / bio_link,ig_launch_reel,17908775681335588,promo_code_match,
IG-20260807-0001,2026-08-07 09:23:09,2026-08-07,Friday,Instagram,Instagram (DM/WhatsApp),LT-SND,"Loop Tote, Sand",Sand,standard,1,189000,189000,19000,LOOP14,40000,210000,0,0,78000,92000,IDR,210000,,Bank transfer (manual),J&T Express,C000831,new,Bogor,West Java,ID,completed,2026-08-07,2026-08-09,comment,,,,
5806507605151949528,2026-08-07 10:52:06,2026-08-07,Friday,Indonesian marketplace,TikTok Shop,LT-SND,"Loop Tote, Sand",Sand,standard,1,179000,179000,0,,30000,209000,15215,0,78000,85785,IDR,209000,,Bank transfer (VA),JNE,C000832,new,Bandar Lampung,Lampung,ID,completed,2026-08-07,2026-08-11,marketplace_search,,,,
STR-20260807-0001,2026-08-07 12:54:01,2026-08-07,Friday,Physical store,Bandung store,LT-SND,"Loop Tote, Sand",Sand,standard,1,189000,189000,0,,0,189000,0,1323,78000,109677,IDR,189000,,QRIS,In-store pickup,C000833,new,Cimahi,West Java,ID,completed,2026-08-07,2026-08-07,walk-in,,,,
26080754373320B,2026-08-07 13:53:55,2026-08-07,Friday,Indonesian marketplace,Shopee,LT-IND,"Loop Tote, Indigo",Indigo,standard,4,189000,756000,0,,20000,776000,71820,0,312000,372180,IDR,776000,,Bank transfer (VA),JNE,C000834,new,Jakarta,DKI Jakarta,ID,completed,2026-08-08,2026-08-11,marketplace_search,,,,
IG-20260807-0002,2026-08-07 15:31:48,2026-08-07,Friday,Instagram,Instagram (DM/WhatsApp),LT-IND,"Loop Tote, Indigo",Indigo,standard,1,189000,189000,19000,LOOP14,40000,210000,0,1470,78000,90530,IDR,210000,,QRIS,J&T Express,C000835,new,Jakarta,DKI Jakarta,ID,completed,2026-08-08,2026-08-11,story_reply,,,,
113-8245450-4243140,2026-08-07 17:02:13,2026-08-07,Friday,Amazon,Amazon,LT-GRN,"Loop Tote, Sea-green",Sea-green,standard,1,260637,260637,0,,113937,374574,39096,0,78000,143541,USD,22.98,16300,Credit card,DHL eCommerce,C000836,new,Seattle,Washington,US,completed,2026-08-08,2026-08-25,marketplace_search,,,,
#LT10238,2026-08-07 17:04:38,2026-08-07,Friday,Website (Shopify),Website (Shopify),LT-IND,"Loop Tote, Indigo",Indigo,standard,1,189000,189000,0,,18000,207000,0,4000,78000,107000,IDR,207000,,Bank transfer (VA),J&T Express,C000837,new,Depok,West Java,ID,completed,2026-08-07,2026-08-08,instagram / bio_link,ig_process_impact_p03,17901372461039642,utm_bio_link,
STR-20260807-0002,2026-08-07 17:32:16,2026-08-07,Friday,Physical store,Bandung store,LT-SND,"Loop Tote, Sand",Sand,standard,1,189000,189000,0,,0,189000,0,1323,78000,109677,IDR,189000,,QRIS,In-store pickup,C000838,new,Bandung,West Java,ID,completed,2026-08-07,2026-08-07,walk-in,,,,
STR-20260807-0003,2026-08-07 18:44:10,2026-08-07,Friday,Physical store,Bandung store,LT-IND,"Loop Tote, Indigo",Indigo,standard,1,189000,189000,0,,0,189000,0,1890,78000,109110,IDR,189000,,Debit card,In-store pickup,C000839,new,Bandung,West Java,ID,completed,2026-08-07,2026-08-07,walk-in,,,,
26080742051247C,2026-08-07 19:24:25,2026-08-07,Friday,Indonesian marketplace,Shopee,LT-SND,"Loop Tote, Sand",Sand,standard,1,189000,189000,19000,Platform voucher,20000,190000,16150,0,78000,75850,IDR,190000,,ShopeePay,AnterAja,C000840,new,Bandung,West Java,ID,completed,2026-08-07,2026-08-09,recommended,,,,
26080772369730D,2026-08-07 19:58:13,2026-08-07,Friday,Indonesian marketplace,Shopee,LT-GRN,"Loop Tote, Sea-green",Sea-green,standard,2,189000,378000,0,,35000,413000,35910,0,156000,186090,IDR,413000,,PayLater,SiCepat,C000841,new,Makassar,South Sulawesi,ID,completed,2026-08-08,2026-08-13,marketplace_search,,,,
IG-20260807-0003,2026-08-07 21:54:17,2026-08-07,Friday,Instagram,Instagram (DM/WhatsApp),LT-IND,"Loop Tote, Indigo",Indigo,standard,1,189000,189000,0,,40000,229000,0,0,78000,111000,IDR,229000,,Bank transfer (manual),SiCepat,C000842,new,Makassar,South Sulawesi,ID,completed,2026-08-07,2026-08-12,dm,ig_behind_the_scenes_p05,17902209188844506,dm_time_proximity,
BLI-20260807-792545,2026-08-07 22:14:39,2026-08-07,Friday,Indonesian marketplace,Blibli,LT-SND,"Loop Tote, Sand",Sand,standard,1,189000,189000,0,,30000,219000,0,0,78000,0,IDR,219000,,ShopeePay,,C000843,new,Bogor,West Java,ID,cancelled,,,marketplace_search,,17908775681335588,assisted_time_proximity,
113-3284468-2315261,2026-08-07 23:01:19,2026-08-07,Friday,Amazon,Amazon,LT-SND,"Loop Tote, Sand",Sand,standard,1,260637,260637,0,,113937,374574,39096,0,78000,143541,USD,22.98,16300,Credit card,DHL eCommerce,C000844,new,Singapore,Singapore,SG,completed,2026-08-08,2026-08-24,recommended,,,,
IG-20260808-0001,2026-08-08 07:55:01,2026-08-08,Saturday,Instagram,Instagram (DM/WhatsApp),LT-IND,"Loop Tote, Indigo",Indigo,standard,1,189000,189000,0,,15000,204000,0,1428,78000,109572,IDR,204000,,QRIS,GoSend/Grab Instant,C000845,new,Tasikmalaya,West Java,ID,completed,2026-08-08,2026-08-11,dm,ig_launch_reel,17908775681335588,dm_time_proximity,
5695424568727184569,2026-08-08 09:51:21,2026-08-08,Saturday,Indonesian marketplace,TikTok Shop,LT-GRN,"Loop Tote, Sea-green",Sea-green,standard,1,179000,179000,0,,35000,214000,15215,0,78000,85785,IDR,214000,,Bank transfer (VA),SiCepat,C000344,returning,Makassar,South Sulawesi,ID,completed,2026-08-08,2026-08-14,marketplace_search,,,,8.8 Mega Sale
5952117965823394567,2026-08-08 10:13:27,2026-08-08,Saturday,Indonesian marketplace,TikTok Shop,LT-GRN,"Loop Tote, Sea-green",Sea-green,standard,1,179000,179000,27000,Platform voucher,35000,187000,12920,0,78000,61080,IDR,187000,,ShopeePay,Shopee Xpress / platform courier,C000094,returning,Makassar,South Sulawesi,ID,completed,2026-08-08,2026-08-13,marketplace_search,,,,8.8 Mega Sale
IG-20260808-0002,2026-08-08 10:17:37,2026-08-08,Saturday,Instagram,Instagram (DM/WhatsApp),LT-IND,"Loop Tote, Indigo",Indigo,standard,1,189000,189000,0,,32000,221000,0,1547,78000,109453,IDR,221000,,QRIS,GoSend/Grab Instant,C000846,new,Cimahi,West Java,ID,completed,2026-08-08,2026-08-09,comment,,,,
26080878373838B,2026-08-08 11:31:43,2026-08-08,Saturday,Indonesian marketplace,Shopee,LT-IND,"Loop Tote, Indigo",Indigo,standard,1,189000,189000,28500,Platform voucher,12000,172500,15248,0,78000,67252,IDR,172500,,Bank transfer (VA),Shopee Xpress / platform courier,C000847,new,Tangerang,Banten,ID,completed,2026-08-08,2026-08-10,recommended,,,,8.8 Mega Sale
26080814780405C,2026-08-08 12:02:45,2026-08-08,Saturday,Indonesian marketplace,Shopee,LT-SND,"Loop Tote, Sand",Sand,standard,3,189000,567000,28500,Platform voucher,20000,558500,51158,0,234000,253342,IDR,558500,,COD,J&T Express,C000848,new,Bogor,West Java,ID,completed,2026-08-09,2026-08-10,shop_page,,,,8.8 Mega Sale
STR-20260808-0001,2026-08-08 12:38:25,2026-08-08,Saturday,Physical store,Bandung store,LT-GRN,"Loop Tote, Sea-green",Sea-green,standard,1,189000,189000,0,,0,189000,0,1323,78000,109677,IDR,189000,,QRIS,In-store pickup,C000519,returning,Bandung,West Java,ID,completed,2026-08-08,2026-08-08,walk-in,,,,
INV/20260808/MPL/198373999,2026-08-08 14:03:04,2026-08-08,Saturday,Indonesian marketplace,Tokopedia,LT-SND,"Loop Tote, Sand",Sand,standard,3,189000,567000,56500,Platform voucher,20000,530500,40840,0,234000,235660,IDR,530500,,Alfamart/Indomaret,JNE,C000849,new,Medan,North Sumatra,ID,completed,2026-08-08,2026-08-14,marketplace_search,,,,8.8 Mega Sale
26080888643117D,2026-08-08 14:45:41,2026-08-08,Saturday,Indonesian marketplace,Shopee,LT-SND,"Loop Tote, Sand",Sand,standard,1,189000,189000,0,,35000,224000,17955,0,78000,93045,IDR,224000,,ShopeePay,J&T Express,C000850,new,Surabaya,East Java,ID,completed,2026-08-08,2026-08-11,marketplace_search,,,,8.8 Mega Sale
INV/20260808/MPL/360778637,2026-08-08 15:15:03,2026-08-08,Saturday,Indonesian marketplace,Tokopedia,LT-SND,"Loop Tote, Sand",Sand,standard,3,189000,567000,0,,15000,582000,45360,0,234000,287640,IDR,582000,,QRIS,AnterAja,C000851,new,Bogor,West Java,ID,completed,2026-08-08,2026-08-11,marketplace_campaign,,,,8.8 Mega Sale
26080881671975E,2026-08-08 16:54:02,2026-08-08,Saturday,Indonesian marketplace,Shopee,LT-IND,"Loop Tote, Indigo",Indigo,standard,1,189000,189000,19000,Platform voucher,20000,190000,16150,0,78000,75850,IDR,190000,,Bank transfer (VA),J&T Express,C000852,new,Jakarta,DKI Jakarta,ID,completed,2026-08-08,2026-08-10,marketplace_search,,,,8.8 Mega Sale
569760531284875,2026-08-08 17:44:50,2026-08-08,Saturday,Indonesian marketplace,Lazada,LT-SND,"Loop Tote, Sand",Sand,standard,1,189000,189000,15000,Platform voucher,0,174000,14790,0,78000,81210,IDR,174000,,QRIS,AnterAja,C000853,new,Jakarta,DKI Jakarta,ID,completed,2026-08-08,2026-08-09,marketplace_search,,,,8.8 Mega Sale
BLI-20260808-635083,2026-08-08 18:02:01,2026-08-08,Saturday,Indonesian marketplace,Blibli,LT-GRN,"Loop Tote, Sea-green",Sea-green,standard,1,189000,189000,9500,Platform voucher,20000,199500,14360,0,78000,87140,IDR,199500,,PayLater,JNE,C000854,new,Jakarta,DKI Jakarta,ID,completed,2026-08-09,2026-08-11,marketplace_search,,,,8.8 Mega Sale
IG-20260808-0003,2026-08-08 18:09:10,2026-08-08,Saturday,Instagram,Instagram (DM/WhatsApp),LT-GRN,"Loop Tote, Sea-green",Sea-green,standard,1,189000,189000,0,,40000,229000,0,0,78000,111000,IDR,229000,,Bank transfer (manual),GoSend/Grab Instant,C000855,new,Bekasi,West Java,ID,completed,2026-08-08,2026-08-10,dm,,,,
STR-20260808-0002,2026-08-08 18:32:48,2026-08-08,Saturday,Physical store,Bandung store,LT-GRN,"Loop Tote, Sea-green",Sea-green,standard,2,189000,378000,0,,0,378000,0,2646,156000,219354,IDR,378000,,QRIS,In-store pickup,C000856,new,Bandung,West Java,ID,completed,2026-08-08,2026-08-08,walk-in,,,,
IG-20260808-0004,2026-08-08 19:21:57,2026-08-08,Saturday,Instagram,Instagram (DM/WhatsApp),LT-GRN,"Loop Tote, Sea-green",Sea-green,standard,1,189000,189000,0,,25000,214000,0,0,78000,111000,IDR,214000,,Bank transfer (manual),SiCepat,C000857,new,Karawang,West Java,ID,completed,2026-08-08,2026-08-10,dm,ig_process_impact_p03,17901372461039642,dm_time_proximity,
INV/20260808/MPL/250186955,2026-08-08 19:47:37,2026-08-08,Saturday,Indonesian marketplace,Tokopedia,LT-GRN,"Loop Tote, Sea-green",Sea-green,standard,1,189000,189000,0,,12000,201000,15120,0,78000,95880,IDR,201000,,ShopeePay,SiCepat,C000858,new,Balikpapan,East Kalimantan,ID,completed,2026-08-08,2026-08-11,marketplace_search,,,,8.8 Mega Sale
26080886103604F,2026-08-08 22:11:10,2026-08-08,Saturday,Indonesian marketplace,Shopee,LT-SND,"Loop Tote, Sand",Sand,standard,2,189000,378000,0,,12000,390000,35910,0,156000,186090,IDR,390000,,ShopeePay,SiCepat,C000859,new,Semarang,Central Java,ID,completed,2026-08-08,2026-08-10,marketplace_search,,,,8.8 Mega Sale
26080857634636G,2026-08-08 22:12:53,2026-08-08,Saturday,Indonesian marketplace,Shopee,LT-GRN,"Loop Tote, Sea-green",Sea-green,standard,1,189000,189000,19000,Platform voucher,35000,205000,16150,0,78000,75850,IDR,205000,,ShopeePay,AnterAja,C000860,new,Bogor,West Java,ID,completed,2026-08-09,2026-08-10,marketplace_campaign,,,,8.8 Mega Sale
#LT10239,2026-08-08 22:14:23,2026-08-08,Saturday,Website (Shopify),Website (Shopify),LT-GRN,"Loop Tote, Sea-green",Sea-green,standard,1,189000,189000,0,,40000,229000,0,3435,78000,107565,IDR,229000,,GoPay,SiCepat,C000861,new,Bandung,West Java,ID,completed,2026-08-09,2026-08-10,instagram / bio_link,ig_behind_the_scenes_p05,17902209188844506,utm_bio_link,
26080930452215B,2026-08-09 08:58:33,2026-08-09,Sunday,Indonesian marketplace,Shopee,LT-SND,"Loop Tote, Sand",Sand,standard,1,189000,189000,0,,25000,214000,17955,0,78000,93045,IDR,214000,,ShopeePay,JNE,C000862,new,Makassar,South Sulawesi,ID,completed,2026-08-10,2026-08-15,recommended,,,,
STR-20260809-0001,2026-08-09 11:31:48,2026-08-09,Sunday,Physical store,Bandung store,LT-SND,"Loop Tote, Sand",Sand,standard,1,189000,189000,0,,0,189000,0,1323,78000,109677,IDR,189000,,QRIS,In-store pickup,C000863,new,Bandung,West Java,ID,completed,2026-08-09,2026-08-09,walk-in,,,,
INV/20260809/MPL/479796745,2026-08-09 11:47:20,2026-08-09,Sunday,Indonesian marketplace,Tokopedia,LT-IND,"Loop Tote, Indigo",Indigo,standard,1,189000,189000,0,,12000,201000,15120,0,78000,95880,IDR,201000,,ShopeePay,J&T Express,C000864,new,Palembang,South Sumatra,ID,completed,2026-08-10,2026-08-14,shop_page,,,,
IG-20260809-0001,2026-08-09 12:17:55,2026-08-09,Sunday,Instagram,Instagram (DM/WhatsApp),LT-IND,"Loop Tote, Indigo",Indigo,standard,3,189000,567000,0,,0,567000,0,8505,234000,324495,IDR,567000,,GoPay/OVO,SiCepat,C000865,new,Cirebon,West Java,ID,completed,2026-08-09,2026-08-11,dm,,,,
#LT10240,2026-08-09 12:23:50,2026-08-09,Sunday,Website (Shopify),Website (Shopify),LT-GRN,"Loop Tote, Sea-green",Sea-green,standard,2,189000,378000,19000,NEWSLETTER5,0,359000,0,2513,156000,200487,IDR,359000,,QRIS,SiCepat,C000866,new,Bandung,West Java,ID,completed,2026-08-09,2026-08-10,instagram / bio_link,ig_picker_stories_p04,17903086350274091,utm_bio_link,
STR-20260809-0002,2026-08-09 12:39:03,2026-08-09,Sunday,Physical store,Bandung store,LT-GRN,"Loop Tote, Sea-green",Sea-green,standard,1,189000,189000,0,,0,189000,0,1323,78000,109677,IDR,189000,,QRIS,In-store pickup,C000867,new,Bandung,West Java,ID,completed,2026-08-09,2026-08-09,walk-in,,,,
STR-20260809-0003,2026-08-09 14:29:16,2026-08-09,Sunday,Physical store,Bandung store,LT-SND,"Loop Tote, Sand",Sand,standard,1,189000,189000,0,,0,189000,0,0,78000,111000,IDR,189000,,Cash,In-store pickup,C000868,new,Bandung,West Java,ID,completed,2026-08-09,2026-08-09,walk-in,,,,
STR-20260809-0004,2026-08-09 15:13:20,2026-08-09,Sunday,Physical store,Bandung store,LT-IND,"Loop Tote, Indigo",Indigo,standard,1,189000,189000,0,,0,189000,0,0,78000,111000,IDR,189000,,Cash,In-store pickup,C000526,returning,Bandung,West Java,ID,completed,2026-08-09,2026-08-09,walk-in,,,,
STR-20260809-0005,2026-08-09 15:47:15,2026-08-09,Sunday,Physical store,Bandung store,LT-IND,"Loop Tote, Indigo",Indigo,standard,1,189000,189000,0,,0,189000,0,7481,78000,103519,IDR,189000,,Credit card,In-store pickup,C000869,new,Bandung,West Java,ID,completed,2026-08-09,2026-08-09,walk-in,,,,
26080942166022C,2026-08-09 15:52:32,2026-08-09,Sunday,Indonesian marketplace,Shopee,LT-SND,"Loop Tote, Sand",Sand,standard,1,189000,189000,0,,30000,219000,17955,0,78000,93045,IDR,219000,,Credit card,SiCepat,C000870,new,Jakarta,DKI Jakarta,ID,completed,2026-08-10,2026-08-13,marketplace_campaign,,,,
26080969327448D,2026-08-09 21:10:54,2026-08-09,Sunday,Indonesian marketplace,Shopee,LT-GRN,"Loop Tote, Sea-green",Sea-green,standard,1,189000,189000,19000,Platform voucher,12000,182000,16150,0,78000,75850,IDR,182000,,Alfamart/Indomaret,Shopee Xpress / platform courier,C000436,returning,Semarang,Central Java,ID,completed,2026-08-09,2026-08-12,recommended,,,,
IG-20260809-0002,2026-08-09 21:53:53,2026-08-09,Sunday,Instagram,Instagram (DM/WhatsApp),LT-SND,"Loop Tote, Sand",Sand,standard,1,189000,189000,0,,15000,204000,0,0,78000,111000,IDR,204000,,Bank transfer (manual),SiCepat,C000871,new,Jakarta,DKI Jakarta,ID,completed,2026-08-09,2026-08-10,dm,,,,
#LT10241,2026-08-09 22:03:06,2026-08-09,Sunday,Website (Shopify),Website (Shopify),LT-GRN,"Loop Tote, Sea-green",Sea-green,standard,1,189000,189000,0,,18000,207000,0,0,78000,0,IDR,207000,,Bank transfer (VA),,C000176,returning,Padang,West Sumatra,ID,cancelled,,,google / organic,,,,
26080939367554E,2026-08-09 23:27:54,2026-08-09,Sunday,Indonesian marketplace,Shopee,LT-IND,"Loop Tote, Indigo",Indigo,standard,1,189000,189000,0,,25000,214000,17955,0,78000,93045,IDR,214000,,COD,AnterAja,C000872,new,Garut,West Java,ID,completed,2026-08-10,2026-08-13,recommended,,,,
113-3264477-1144406,2026-08-10 04:23:44,2026-08-10,Monday,Amazon,Amazon,LT-IND,"Loop Tote, Indigo",Indigo,standard,1,260637,260637,0,,113937,374574,39096,0,78000,143541,USD,22.98,16300,Credit card,DHL eCommerce,C000873,new,Toronto,Ontario,CA,completed,2026-08-11,2026-08-28,marketplace_search,,,,
IG-20260810-0001,2026-08-10 06:41:01,2026-08-10,Monday,Instagram,Instagram (DM/WhatsApp),LT-GRN,"Loop Tote, Sea-green",Sea-green,standard,1,189000,189000,0,,0,189000,0,2835,78000,108165,IDR,189000,,GoPay/OVO,JNE,C000874,new,Cimahi,West Java,ID,completed,2026-08-10,2026-08-12,dm,,,,
866900321580123,2026-08-10 07:01:40,2026-08-10,Monday,Indonesian marketplace,Lazada,LT-GRN,"Loop Tote, Sea-green",Sea-green,standard,1,189000,189000,0,,30000,219000,16065,0,78000,94935,IDR,219000,,QRIS,JNE,C000190,returning,Manado,North Sulawesi,ID,completed,2026-08-11,2026-08-17,marketplace_search,,,,
#LT10242,2026-08-10 08:28:50,2026-08-10,Monday,Website (Shopify),Website (Shopify),LT-SND,"Loop Tote, Sand",Sand,standard,2,189000,378000,0,,0,378000,0,5670,156000,216330,IDR,378000,,GoPay,J&T Express,C000875,new,Medan,North Sumatra,ID,completed,2026-08-11,2026-08-17,google / organic,,,,
STR-20260810-0001,2026-08-10 12:22:30,2026-08-10,Monday,Physical store,Bandung store,LT-IND,"Loop Tote, Indigo",Indigo,standard,1,189000,189000,0,,0,189000,0,1323,78000,109677,IDR,189000,,QRIS,In-store pickup,C000876,new,Bandung,West Java,ID,completed,2026-08-10,2026-08-10,walk-in,,,,
#LT10243,2026-08-10 13:41:04,2026-08-10,Monday,Website (Shopify),Website (Shopify),LT-IND,"Loop Tote, Indigo",Indigo,standard,1,189000,189000,0,,40000,229000,0,1603,78000,109397,IDR,229000,,QRIS,J&T Express,C000877,new,Jakarta,DKI Jakarta,ID,completed,2026-08-10,2026-08-12,direct,,,,
5582810795285134461,2026-08-10 14:44:43,2026-08-10,Monday,Indonesian marketplace,TikTok Shop,LT-SND,"Loop Tote, Sand",Sand,standard,1,179000,179000,18000,Platform voucher,0,161000,13685,0,78000,69315,IDR,161000,,COD,Shopee Xpress / platform courier,C000878,new,Bandung,West Java,ID,completed,2026-08-10,2026-08-11,marketplace_search,,,,
IG-20260810-0002,2026-08-10 14:46:08,2026-08-10,Monday,Instagram,Instagram (DM/WhatsApp),LT-GRN,"Loop Tote, Sea-green",Sea-green,standard,1,189000,189000,0,,32000,221000,0,0,78000,111000,IDR,221000,,Bank transfer (manual),GoSend/Grab Instant,C000879,new,Bekasi,West Java,ID,completed,2026-08-11,2026-08-12,dm,,,,
970242563600385,2026-08-10 17:01:54,2026-08-10,Monday,Indonesian marketplace,Lazada,LT-GRN,"Loop Tote, Sea-green",Sea-green,standard,1,189000,189000,0,,12000,201000,16065,0,78000,94935,IDR,201000,,Bank transfer (VA),Shopee Xpress / platform courier,C000880,new,Batam,Riau Islands,ID,completed,2026-08-11,2026-08-14,recommended,,,,
#LT10244,2026-08-10 18:56:27,2026-08-10,Monday,Website (Shopify),Website (Shopify),LT-GRN,"Loop Tote, Sea-green",Sea-green,standard,1,189000,189000,0,,40000,229000,0,3435,78000,107565,IDR,229000,,GoPay,JNE,C000554,returning,Bandung,West Java,ID,completed,2026-08-11,2026-08-12,direct,,,,
IG-20260810-0003,2026-08-10 18:59:28,2026-08-10,Monday,Instagram,Instagram (DM/WhatsApp),LT-GRN,"Loop Tote, Sea-green",Sea-green,standard,1,189000,189000,0,,25000,214000,0,0,78000,111000,IDR,214000,,COD (local courier),SiCepat,C000881,new,Bandung,West Java,ID,completed,2026-08-11,2026-08-12,dm,ig_behind_the_scenes_p05,17902209188844506,dm_time_proximity,
26081050002617B,2026-08-10 19:28:16,2026-08-10,Monday,Indonesian marketplace,Shopee,LT-GRN,"Loop Tote, Sea-green",Sea-green,standard,1,189000,189000,0,,12000,201000,17955,0,78000,93045,IDR,201000,,ShopeePay,SiCepat,C000806,returning,Jakarta,DKI Jakarta,ID,completed,2026-08-11,2026-08-12,marketplace_campaign,,,,
INV/20260810/MPL/342383952,2026-08-10 19:52:08,2026-08-10,Monday,Indonesian marketplace,Tokopedia,LT-IND,"Loop Tote, Indigo",Indigo,standard,1,189000,189000,0,,0,189000,15120,0,78000,95880,IDR,189000,,QRIS,J&T Express,C000882,new,Padang,West Sumatra,ID,completed,2026-08-11,2026-08-15,marketplace_campaign,,,,
#LT10245,2026-08-10 20:39:57,2026-08-10,Monday,Website (Shopify),Website (Shopify),LT-SND,"Loop Tote, Sand",Sand,standard,1,189000,189000,0,,0,189000,0,1323,78000,109677,IDR,189000,,QRIS,JNE,C000883,new,Bandung,West Java,ID,completed,2026-08-10,2026-08-12,instagram / bio_link,ig_styling_carousel,17903562482994432,utm_bio_link,
#LT10246,2026-08-10 20:44:38,2026-08-10,Monday,Website (Shopify),Website (Shopify),LT-IND,"Loop Tote, Indigo",Indigo,standard,1,189000,189000,0,,15000,204000,0,1428,78000,109572,IDR,204000,,QRIS,SiCepat,C000884,new,Bekasi,West Java,ID,completed,2026-08-10,2026-08-11,instagram / bio_link,ig_styling_carousel,17903562482994432,utm_bio_link,
IG-20260810-0004,2026-08-10 20:46:40,2026-08-10,Monday,Instagram,Instagram (DM/WhatsApp),LT-IND,"Loop Tote, Indigo",Indigo,standard,1,189000,189000,9500,IGDM5,0,179500,0,0,78000,101500,IDR,179500,,Bank transfer (manual),JNE,C000020,returning,Surabaya,East Java,ID,completed,2026-08-10,2026-08-14,dm,ig_styling_carousel,17903562482994432,dm_time_proximity,
#LT10247,2026-08-10 20:56:06,2026-08-10,Monday,Website (Shopify),Website (Shopify),LT-GRN,"Loop Tote, Sea-green",Sea-green,standard,1,189000,189000,0,,25000,214000,0,3210,78000,107790,IDR,214000,,ShopeePay,J&T Express,C000885,new,Bandar Lampung,Lampung,ID,completed,2026-08-11,2026-08-18,instagram / bio_link,ig_always_on,,,
IG-20260810-0005,2026-08-10 20:56:07,2026-08-10,Monday,Instagram,Instagram (DM/WhatsApp),LT-IND,"Loop Tote, Indigo",Indigo,standard,1,189000,189000,9500,IGDM5,18000,197500,0,0,78000,101500,IDR,197500,,Bank transfer (manual),J&T Express,C000886,new,Jakarta,DKI Jakarta,ID,completed,2026-08-11,2026-08-12,story_reply,ig_styling_carousel,17903562482994432,dm_time_proximity,
#LT10248,2026-08-10 21:03:30,2026-08-10,Monday,Website (Shopify),Website (Shopify),LT-GRN,"Loop Tote, Sea-green",Sea-green,standard,1,189000,189000,0,,25000,214000,0,3210,78000,107790,IDR,214000,,GoPay,JNE,C000887,new,Tangerang,Banten,ID,completed,2026-08-11,2026-08-13,instagram / bio_link,ig_styling_carousel,17903562482994432,utm_bio_link,
IG-20260810-0006,2026-08-10 21:12:56,2026-08-10,Monday,Instagram,Instagram (DM/WhatsApp),LT-GRN,"Loop Tote, Sea-green",Sea-green,standard,1,189000,189000,0,,18000,207000,0,3105,78000,107895,IDR,207000,,GoPay/OVO,JNE,C000888,new,Subang,West Java,ID,completed,2026-08-10,2026-08-13,dm,,,,
#LT10249,2026-08-10 21:13:29,2026-08-10,Monday,Website (Shopify),Website (Shopify),LT-GRN,"Loop Tote, Sea-green",Sea-green,standard,1,189000,189000,0,,25000,214000,0,1498,78000,109502,IDR,214000,,QRIS,J&T Express,C000889,new,Tangerang,Banten,ID,completed,2026-08-11,2026-08-12,instagram / bio_link,ig_styling_carousel,17903562482994432,utm_bio_link,
#LT10250,2026-08-10 21:14:09,2026-08-10,Monday,Website (Shopify),Website (Shopify),LT-GRN,"Loop Tote, Sea-green",Sea-green,standard,2,189000,378000,0,,0,378000,0,4000,156000,218000,IDR,378000,,Bank transfer (VA),SiCepat,C000443,returning,Surabaya,East Java,ID,completed,2026-08-10,2026-08-12,instagram / bio_link,ig_styling_carousel,17903562482994432,utm_bio_link,
#LT10251,2026-08-10 21:26:06,2026-08-10,Monday,Website (Shopify),Website (Shopify),LT-SND,"Loop Tote, Sand",Sand,standard,1,189000,189000,0,,15000,204000,0,3060,78000,107940,IDR,204000,,GoPay,SiCepat,C000890,new,Bandung,West Java,ID,completed,2026-08-11,2026-08-12,instagram / bio_link,ig_styling_carousel,17903562482994432,utm_bio_link,
#LT10252,2026-08-10 21:27:38,2026-08-10,Monday,Website (Shopify),Website (Shopify),LT-IND,"Loop Tote, Indigo",Indigo,standard,1,189000,189000,0,,25000,214000,0,3210,78000,107790,IDR,214000,,OVO,GoSend/Grab Instant,C000598,returning,Banjarmasin,South Kalimantan,ID,completed,2026-08-11,2026-08-17,instagram / bio_link,ig_styling_carousel,17903562482994432,utm_bio_link,
IG-20260810-0007,2026-08-10 21:36:58,2026-08-10,Monday,Instagram,Instagram (DM/WhatsApp),LT-GRN,"Loop Tote, Sea-green",Sea-green,standard,1,189000,189000,0,,40000,229000,0,0,78000,111000,IDR,229000,,Bank transfer (manual),SiCepat,C000891,new,Surabaya,East Java,ID,completed,2026-08-11,2026-08-15,dm,,,,
#LT10253,2026-08-10 21:42:27,2026-08-10,Monday,Website (Shopify),Website (Shopify),LT-GRN,"Loop Tote, Sea-green",Sea-green,standard,3,189000,567000,0,,0,567000,0,4000,234000,329000,IDR,567000,,Bank transfer (VA),GoSend/Grab Instant,C000892,new,Bekasi,West Java,ID,completed,2026-08-10,2026-08-12,instagram / bio_link,ig_styling_carousel,17903562482994432,utm_bio_link,
IG-20260810-0008,2026-08-10 22:09:44,2026-08-10,Monday,Instagram,Instagram (DM/WhatsApp),LT-SND,"Loop Tote, Sand",Sand,standard,4,189000,756000,0,,18000,774000,0,0,312000,444000,IDR,774000,,Bank transfer (manual),JNE,C000893,new,Batam,Riau Islands,ID,completed,2026-08-10,2026-08-14,dm,ig_styling_carousel,17903562482994432,dm_time_proximity,
IG-20260810-0009,2026-08-10 22:12:04,2026-08-10,Monday,Instagram,Instagram (DM/WhatsApp),LT-IND,"Loop Tote, Indigo",Indigo,standard,1,189000,189000,0,,18000,207000,0,0,78000,111000,IDR,207000,,Bank transfer (manual),J&T Express,C000894,new,Karawang,West Java,ID,completed,2026-08-10,2026-08-14,whatsapp_click,ig_styling_carousel,17903562482994432,dm_time_proximity,
26081035966468C,2026-08-10 22:26:49,2026-08-10,Monday,Indonesian marketplace,Shopee,LT-GRN,"Loop Tote, Sea-green",Sea-green,standard,1,189000,189000,19000,Platform voucher,0,170000,16150,0,78000,75850,IDR,170000,,Bank transfer (VA),AnterAja,C000895,new,Surabaya,East Java,ID,completed,2026-08-10,2026-08-14,recommended,,17903562482994432,assisted_time_proximity,
#LT10254,2026-08-10 22:42:52,2026-08-10,Monday,Website (Shopify),Website (Shopify),LT-SND,"Loop Tote, Sand",Sand,standard,4,189000,756000,0,,0,756000,0,5292,312000,438708,IDR,756000,,QRIS,J&T Express,C000338,returning,Semarang,Central Java,ID,completed,2026-08-10,2026-08-12,instagram / bio_link,ig_styling_carousel,17903562482994432,utm_bio_link,
IG-20260810-0010,2026-08-10 22:44:29,2026-08-10,Monday,Instagram,Instagram (DM/WhatsApp),LT-SND,"Loop Tote, Sand",Sand,standard,2,189000,378000,0,,40000,418000,0,0,156000,222000,IDR,418000,,Bank transfer (manual),GoSend/Grab Instant,C000787,returning,Jakarta,DKI Jakarta,ID,completed,2026-08-11,2026-08-14,dm,ig_styling_carousel,17903562482994432,dm_time_proximity,
#LT10255,2026-08-10 22:47:58,2026-08-10,Monday,Website (Shopify),Website (Shopify),LT-SND,"Loop Tote, Sand",Sand,standard,1,189000,189000,0,,40000,229000,0,4000,78000,107000,IDR,229000,,Bank transfer (VA),J&T Express,C000896,new,Cianjur,West Java,ID,completed,2026-08-11,2026-08-14,instagram / bio_link,ig_styling_carousel,17903562482994432,utm_bio_link,
#LT10256,2026-08-10 22:50:52,2026-08-10,Monday,Website (Shopify),Website (Shopify),LT-GRN,"Loop Tote, Sea-green",Sea-green,standard,1,189000,189000,0,,18000,207000,0,3105,78000,107895,IDR,207000,,GoPay,J&T Express,C000897,new,Bandung,West Java,ID,completed,2026-08-10,2026-08-12,instagram / bio_link,ig_styling_carousel,17903562482994432,utm_bio_link,
#LT10257,2026-08-10 23:39:48,2026-08-10,Monday,Website (Shopify),Website (Shopify),LT-SND,"Loop Tote, Sand",Sand,standard,1,189000,189000,0,,32000,221000,0,1547,78000,109453,IDR,221000,,QRIS,JNE,C000898,new,Jakarta,DKI Jakarta,ID,completed,2026-08-11,2026-08-13,instagram / bio_link,ig_styling_carousel,17903562482994432,utm_bio_link,
26081194132981B,2026-08-11 07:09:38,2026-08-11,Tuesday,Indonesian marketplace,Shopee,LT-SND,"Loop Tote, Sand",Sand,standard,1,189000,189000,0,,12000,201000,17955,0,78000,93045,IDR,201000,,Bank transfer (VA),JNE,C000899,new,Depok,West Java,ID,completed,2026-08-11,2026-08-14,recommended,,,,
INV/20260811/MPL/435479527,2026-08-11 07:42:49,2026-08-11,Tuesday,Indonesian marketplace,Tokopedia,LT-IND,"Loop Tote, Indigo",Indigo,standard,2,189000,378000,30000,Platform voucher,35000,383000,27840,0,156000,164160,IDR,383000,,ShopeePay,AnterAja,C000900,new,Pekanbaru,Riau,ID,completed,2026-08-11,2026-08-15,recommended,,,,
IG-20260811-0001,2026-08-11 08:10:29,2026-08-11,Tuesday,Instagram,Instagram (DM/WhatsApp),LT-IND,"Loop Tote, Indigo",Indigo,standard,1,189000,189000,9500,IGDM5,15000,194500,0,0,78000,101500,IDR,194500,,Bank transfer (manual),GoSend/Grab Instant,C000901,new,Tasikmalaya,West Java,ID,completed,2026-08-11,2026-08-15,dm,ig_styling_carousel,17903562482994432,dm_time_proximity,
#LT10258,2026-08-11 08:25:13,2026-08-11,Tuesday,Website (Shopify),Website (Shopify),LT-GRN,"Loop Tote, Sea-green",Sea-green,standard,1,189000,189000,0,,18000,207000,0,3105,78000,107895,IDR,207000,,ShopeePay,GoSend/Grab Instant,C000902,new,Balikpapan,East Kalimantan,ID,completed,2026-08-12,2026-08-15,instagram / bio_link,ig_styling_carousel,17903562482994432,utm_bio_link,
INV/20260811/MPL/696987981,2026-08-11 08:33:31,2026-08-11,Tuesday,Indonesian marketplace,Tokopedia,LT-IND,"Loop Tote, Indigo",Indigo,standard,1,189000,189000,0,,20000,209000,15120,0,78000,95880,IDR,209000,,Credit card,J&T Express,C000903,new,Tasikmalaya,West Java,ID,completed,2026-08-12,2026-08-16,marketplace_search,,,,
5167770701003643213,2026-08-11 09:46:45,2026-08-11,Tuesday,Indonesian marketplace,TikTok Shop,LT-SND,"Loop Tote, Sand",Sand,standard,1,179000,179000,0,,0,179000,15215,0,78000,85785,IDR,179000,,COD,AnterAja,C000904,new,Batam,Riau Islands,ID,completed,2026-08-12,2026-08-19,marketplace_campaign,,,,
5198260780424051546,2026-08-11 10:03:31,2026-08-11,Tuesday,Indonesian marketplace,TikTok Shop,LT-IND,"Loop Tote, Indigo",Indigo,standard,1,179000,179000,27000,Platform voucher,15000,167000,12920,0,78000,61080,IDR,167000,,ShopeePay,SiCepat,C000905,new,Bekasi,West Java,ID,completed,2026-08-11,2026-08-13,recommended,,,,
#LT10259,2026-08-11 10:26:00,2026-08-11,Tuesday,Website (Shopify),Website (Shopify),LT-IND,"Loop Tote, Indigo",Indigo,standard,2,189000,378000,0,,0,378000,0,2646,156000,219354,IDR,378000,,QRIS,SiCepat,C000906,new,Jakarta,DKI Jakarta,ID,completed,2026-08-11,2026-08-14,instagram / bio_link,ig_always_on,,,
IG-20260811-0002,2026-08-11 10:40:07,2026-08-11,Tuesday,Instagram,Instagram (DM/WhatsApp),LT-GRN,"Loop Tote, Sea-green",Sea-green,standard,1,189000,189000,0,,40000,229000,0,0,78000,111000,IDR,229000,,Bank transfer (manual),GoSend/Grab Instant,C000907,new,Bandung,West Java,ID,completed,2026-08-11,2026-08-12,dm,ig_styling_carousel,17903562482994432,dm_time_proximity,
IG-20260811-0003,2026-08-11 10:49:48,2026-08-11,Tuesday,Instagram,Instagram (DM/WhatsApp),LT-IND,"Loop Tote, Indigo",Indigo,standard,1,189000,189000,9500,IGDM5,32000,211500,0,0,78000,101500,IDR,211500,,Bank transfer (manual),JNE,C000908,new,Bogor,West Java,ID,completed,2026-08-12,2026-08-14,dm,ig_styling_carousel,17903562482994432,dm_time_proximity,
#LT10260,2026-08-11 11:20:28,2026-08-11,Tuesday,Website (Shopify),Website (Shopify),LT-IND,"Loop Tote, Indigo",Indigo,standard,1,189000,189000,0,,32000,221000,0,0,78000,0,IDR,221000,,OVO,,C000909,new,Depok,West Java,ID,cancelled,,,instagram / bio_link,ig_styling_carousel,17903562482994432,utm_bio_link,
IG-20260811-0004,2026-08-11 11:36:55,2026-08-11,Tuesday,Instagram,Instagram (DM/WhatsApp),LT-GRN,"Loop Tote, Sea-green",Sea-green,standard,1,189000,189000,0,,18000,207000,0,0,78000,111000,IDR,207000,,Bank transfer (manual),GoSend/Grab Instant,C000910,new,Jakarta,DKI Jakarta,ID,completed,2026-08-11,2026-08-13,dm,ig_styling_carousel,17903562482994432,dm_time_proximity,
5388401410705000667,2026-08-11 11:37:08,2026-08-11,Tuesday,Indonesian marketplace,TikTok Shop,LT-IND,"Loop Tote, Indigo",Indigo,standard,1,179000,179000,0,,30000,209000,15215,0,78000,85785,IDR,209000,,Bank transfer (VA),AnterAja,C000911,new,Depok,West Java,ID,completed,2026-08-12,2026-08-15,marketplace_search,,,,
IG-20260811-0005,2026-08-11 11:41:59,2026-08-11,Tuesday,Instagram,Instagram (DM/WhatsApp),LT-IND,"Loop Tote, Indigo",Indigo,standard,3,189000,567000,0,,18000,585000,0,18965,234000,314035,IDR,585000,,Credit card,JNE,C000912,new,Subang,West Java,ID,completed,2026-08-12,2026-08-14,whatsapp_click,,,,
#LT10261,2026-08-11 12:05:59,2026-08-11,Tuesday,Website (Shopify),Website (Shopify),LT-IND,"Loop Tote, Indigo",Indigo,standard,1,189000,189000,0,,15000,204000,0,1428,78000,109572,IDR,204000,,QRIS,J&T Express,C000913,new,Jakarta,DKI Jakarta,ID,completed,2026-08-11,2026-08-12,instagram / bio_link,ig_styling_carousel,17903562482994432,utm_bio_link,
IG-20260811-0006,2026-08-11 12:16:38,2026-08-11,Tuesday,Instagram,Instagram (DM/WhatsApp),LT-IND,"Loop Tote, Indigo",Indigo,standard,1,189000,189000,0,,0,189000,0,0,78000,111000,IDR,189000,,Bank transfer (manual),GoSend/Grab Instant,C000914,new,Depok,West Java,ID,completed,2026-08-11,2026-08-13,dm,,,,
INV/20260811/MPL/416334271,2026-08-11 12:19:10,2026-08-11,Tuesday,Indonesian marketplace,Tokopedia,LT-IND,"Loop Tote, Indigo",Indigo,standard,1,189000,189000,0,,12000,201000,15120,0,78000,95880,IDR,201000,,ShopeePay,J&T Express,C000915,new,Bandung,West Java,ID,completed,2026-08-11,2026-08-12,marketplace_search,,,,
#LT10262,2026-08-11 12:45:11,2026-08-11,Tuesday,Website (Shopify),Website (Shopify),LT-IND,"Loop Tote, Indigo",Indigo,standard,2,189000,378000,0,,0,378000,0,5670,156000,216330,IDR,378000,,OVO,J&T Express,C000916,new,Makassar,South Sulawesi,ID,completed,2026-08-11,2026-08-15,instagram / bio_link,ig_styling_carousel,17903562482994432,utm_bio_link,
#LT10263,2026-08-11 12:57:37,2026-08-11,Tuesday,Website (Shopify),Website (Shopify),LT-GRN,"Loop Tote, Sea-green",Sea-green,standard,1,189000,189000,0,,40000,229000,0,4000,78000,107000,IDR,229000,,Bank transfer (VA),GoSend/Grab Instant,C000917,new,Garut,West Java,ID,completed,2026-08-11,2026-08-15,instagram / bio_link,ig_styling_carousel,17903562482994432,utm_bio_link,
#LT10264,2026-08-11 13:14:33,2026-08-11,Tuesday,Website (Shopify),Website (Shopify),LT-IND,"Loop Tote, Indigo",Indigo,standard,3,189000,567000,0,,0,567000,0,3969,234000,329031,IDR,567000,,QRIS,SiCepat,C000918,new,Karawang,West Java,ID,completed,2026-08-12,2026-08-15,instagram / bio_link,ig_styling_carousel,17903562482994432,utm_bio_link,
789510240145446,2026-08-11 13:14:36,2026-08-11,Tuesday,Indonesian marketplace,Lazada,LT-IND,"Loop Tote, Indigo",Indigo,standard,1,189000,189000,0,,15000,204000,16065,0,78000,94935,IDR,204000,,Alfamart/Indomaret,JNE,C000919,new,Makassar,South Sulawesi,ID,completed,2026-08-11,2026-08-15,marketplace_search,,,,
#LT10265,2026-08-11 13:16:15,2026-08-11,Tuesday,Website (Shopify),Website (Shopify),LT-GRN,"Loop Tote, Sea-green",Sea-green,standard,1,189000,189000,9500,NEWSLETTER5,15000,194500,0,2918,78000,98582,IDR,194500,,GoPay,JNE,C000920,new,Semarang,Central Java,ID,completed,2026-08-12,2026-08-15,instagram / bio_link,ig_styling_carousel,17903562482994432,utm_bio_link,
#LT10266,2026-08-11 13:44:38,2026-08-11,Tuesday,Website (Shopify),Website (Shopify),LT-SND,"Loop Tote, Sand",Sand,standard,1,189000,189000,0,,25000,214000,0,4000,78000,107000,IDR,214000,,Bank transfer (VA),SiCepat,C000921,new,Jakarta,DKI Jakarta,ID,completed,2026-08-12,2026-08-13,instagram / bio_link,ig_styling_carousel,17903562482994432,utm_bio_link,
IG-20260811-0007,2026-08-11 14:19:23,2026-08-11,Tuesday,Instagram,Instagram (DM/WhatsApp),LT-SND,"Loop Tote, Sand",Sand,standard,1,189000,189000,9500,IGDM5,32000,211500,0,0,78000,101500,IDR,211500,,Bank transfer (manual),JNE,C000922,new,Jakarta,DKI Jakarta,ID,completed,2026-08-11,2026-08-14,whatsapp_click,ig_styling_carousel,17903562482994432,dm_time_proximity,
STR-20260811-0001,2026-08-11 14:55:14,2026-08-11,Tuesday,Physical store,Bandung store,LT-IND,"Loop Tote, Indigo",Indigo,standard,1,189000,189000,0,,0,189000,0,1323,78000,109677,IDR,189000,,QRIS,In-store pickup,C000923,new,Bandung,West Java,ID,completed,2026-08-11,2026-08-11,walk-in,,17903562482994432,assisted_time_proximity,
IG-20260811-0008,2026-08-11 15:04:17,2026-08-11,Tuesday,Instagram,Instagram (DM/WhatsApp),LT-GRN,"Loop Tote, Sea-green",Sea-green,standard,1,189000,189000,9500,IGDM5,40000,219500,0,0,78000,101500,IDR,219500,,Bank transfer (manual),JNE,C000924,new,Yogyakarta,DI Yogyakarta,ID,completed,2026-08-12,2026-08-16,story_reply,,,,
#LT10267,2026-08-11 15:05:26,2026-08-11,Tuesday,Website (Shopify),Website (Shopify),LT-SND,"Loop Tote, Sand",Sand,standard,1,189000,189000,0,,40000,229000,0,1603,78000,109397,IDR,229000,,QRIS,SiCepat,C000925,new,Karawang,West Java,ID,completed,2026-08-11,2026-08-14,instagram / bio_link,ig_styling_carousel,17903562482994432,utm_bio_link,
IG-20260811-0009,2026-08-11 16:17:00,2026-08-11,Tuesday,Instagram,Instagram (DM/WhatsApp),LT-GRN,"Loop Tote, Sea-green",Sea-green,standard,1,189000,189000,0,,32000,221000,0,1547,78000,109453,IDR,221000,,QRIS,J&T Express,C000926,new,Jakarta,DKI Jakarta,ID,completed,2026-08-11,2026-08-14,dm,,,,
STR-20260811-0002,2026-08-11 16:41:20,2026-08-11,Tuesday,Physical store,Bandung store,LT-GRN,"Loop Tote, Sea-green",Sea-green,standard,1,189000,189000,0,,0,189000,0,1323,78000,109677,IDR,189000,,QRIS,In-store pickup,C000927,new,Bandung,West Java,ID,completed,2026-08-11,2026-08-11,walk-in,,,,
IG-20260811-0010,2026-08-11 16:50:53,2026-08-11,Tuesday,Instagram,Instagram (DM/WhatsApp),LT-GRN,"Loop Tote, Sea-green",Sea-green,standard,1,189000,189000,0,,15000,204000,0,1428,78000,109572,IDR,204000,,QRIS,JNE,C000928,new,Sukabumi,West Java,ID,completed,2026-08-11,2026-08-15,story_reply,ig_styling_carousel,17903562482994432,dm_time_proximity,
IG-20260811-0011,2026-08-11 16:52:09,2026-08-11,Tuesday,Instagram,Instagram (DM/WhatsApp),LT-IND,"Loop Tote, Indigo",Indigo,standard,1,189000,189000,0,,0,189000,0,0,78000,111000,IDR,189000,,Bank transfer (manual),JNE,C000373,returning,Denpasar,Bali,ID,completed,2026-08-11,2026-08-16,whatsapp_click,ig_styling_carousel,17903562482994432,dm_time_proximity,
STR-20260811-0003,2026-08-11 17:25:13,2026-08-11,Tuesday,Physical store,Bandung store,LT-IND,"Loop Tote, Indigo",Indigo,standard,1,189000,189000,0,,0,189000,0,1323,78000,109677,IDR,189000,,QRIS,In-store pickup,C000929,new,Bandung,West Java,ID,completed,2026-08-11,2026-08-11,walk-in,,,,
STR-20260811-0004,2026-08-11 17:28:24,2026-08-11,Tuesday,Physical store,Bandung store,LT-GRN,"Loop Tote, Sea-green",Sea-green,standard,1,189000,189000,0,,0,189000,0,7481,78000,103519,IDR,189000,,Credit card,In-store pickup,C000839,returning,Bandung,West Java,ID,completed,2026-08-11,2026-08-11,walk-in,,,,
26081198871648C,2026-08-11 17:43:54,2026-08-11,Tuesday,Indonesian marketplace,Shopee,LT-IND,"Loop Tote, Indigo",Indigo,standard,1,189000,189000,0,,12000,201000,17955,0,78000,93045,IDR,201000,,Bank transfer (VA),SiCepat,C000930,new,Depok,West Java,ID,completed,2026-08-11,2026-08-13,marketplace_campaign,,,,
IG-20260811-0012,2026-08-11 19:01:28,2026-08-11,Tuesday,Instagram,Instagram (DM/WhatsApp),LT-GRN,"Loop Tote, Sea-green",Sea-green,standard,1,189000,189000,0,,15000,204000,0,7916,78000,103084,IDR,204000,,Credit card,SiCepat,C000931,new,Karawang,West Java,ID,completed,2026-08-12,2026-08-15,dm,,,,
IG-20260811-0013,2026-08-11 19:07:50,2026-08-11,Tuesday,Instagram,Instagram (DM/WhatsApp),LT-GRN,"Loop Tote, Sea-green",Sea-green,standard,2,189000,378000,19000,IGDM5,15000,374000,0,0,156000,203000,IDR,374000,,Bank transfer (manual),J&T Express,C000932,new,Bekasi,West Java,ID,completed,2026-08-12,2026-08-13,dm,ig_styling_carousel,17903562482994432,dm_time_proximity,
STR-20260811-0005,2026-08-11 19:08:55,2026-08-11,Tuesday,Physical store,Bandung store,LT-GRN,"Loop Tote, Sea-green",Sea-green,standard,1,189000,189000,0,,0,189000,0,1323,78000,109677,IDR,189000,,QRIS,In-store pickup,C000933,new,Bandung,West Java,ID,completed,2026-08-11,2026-08-11,walk-in,,17903562482994432,assisted_time_proximity,
#LT10268,2026-08-11 19:28:43,2026-08-11,Tuesday,Website (Shopify),Website (Shopify),LT-IND,"Loop Tote, Indigo",Indigo,standard,3,189000,567000,0,,0,567000,0,4000,234000,329000,IDR,567000,,Bank transfer (VA),J&T Express,C000934,new,Cimahi,West Java,ID,completed,2026-08-12,2026-08-14,instagram / bio_link,ig_always_on,,,
#LT10269,2026-08-11 19:29:52,2026-08-11,Tuesday,Website (Shopify),Website (Shopify),LT-IND,"Loop Tote, Indigo",Indigo,standard,1,189000,189000,0,,25000,214000,0,8206,78000,102794,IDR,214000,,Credit card,GoSend/Grab Instant,C000935,new,Jakarta,DKI Jakarta,ID,completed,2026-08-12,2026-08-13,instagram / bio_link,ig_styling_carousel,17903562482994432,utm_bio_link,
INV/20260811/MPL/541573165,2026-08-11 19:36:29,2026-08-11,Tuesday,Indonesian marketplace,Tokopedia,LT-GRN,"Loop Tote, Sea-green",Sea-green,standard,2,189000,378000,0,,0,378000,30240,0,156000,191760,IDR,378000,,Bank transfer (VA),J&T Express,C000936,new,Jakarta,DKI Jakarta,ID,completed,2026-08-12,2026-08-15,marketplace_search,,,,
26081138089763D,2026-08-11 20:15:49,2026-08-11,Tuesday,Indonesian marketplace,Shopee,LT-IND,"Loop Tote, Indigo",Indigo,standard,3,189000,567000,0,,20000,587000,53865,0,234000,279135,IDR,587000,,COD,JNE,C000799,returning,Cimahi,West Java,ID,completed,2026-08-12,2026-08-13,shop_page,,17903562482994432,assisted_time_proximity,
IG-20260811-0014,2026-08-11 20:27:24,2026-08-11,Tuesday,Instagram,Instagram (DM/WhatsApp),LT-IND,"Loop Tote, Indigo",Indigo,standard,1,189000,189000,0,,40000,229000,0,1603,78000,-26603,IDR,229000,,QRIS,GoSend/Grab Instant,C000937,new,Bandung,West Java,ID,returned,2026-08-12,2026-08-14,dm,,,,
#LT10270,2026-08-11 20:55:20,2026-08-11,Tuesday,Website (Shopify),Website (Shopify),LT-GRN,"Loop Tote, Sea-green",Sea-green,standard,1,189000,189000,0,,25000,214000,0,0,78000,0,IDR,214000,,QRIS,,C000938,new,Bandung,West Java,ID,cancelled,,,instagram / bio_link,ig_behind_the_scenes_p05,17902209188844506,utm_bio_link,
IG-20260811-0015,2026-08-11 20:58:46,2026-08-11,Tuesday,Instagram,Instagram (DM/WhatsApp),LT-SND,"Loop Tote, Sand",Sand,standard,4,189000,756000,0,,15000,771000,0,24359,312000,419641,IDR,771000,,Credit card,J&T Express,C000939,new,Depok,West Java,ID,completed,2026-08-11,2026-08-14,dm,,,,
#LT10271,2026-08-11 21:00:31,2026-08-11,Tuesday,Website (Shopify),Website (Shopify),LT-GRN,"Loop Tote, Sea-green",Sea-green,standard,1,189000,189000,0,,18000,207000,0,1449,78000,109551,IDR,207000,,QRIS,JNE,C000940,new,Banjarmasin,South Kalimantan,ID,completed,2026-08-11,2026-08-16,instagram / bio_link,ig_always_on,,,
5812543991903865233,2026-08-11 21:15:38,2026-08-11,Tuesday,Indonesian marketplace,TikTok Shop,LT-SND,"Loop Tote, Sand",Sand,standard,1,179000,179000,0,,20000,199000,15215,0,78000,85785,IDR,199000,,Bank transfer (VA),J&T Express,C000941,new,Denpasar,Bali,ID,completed,2026-08-12,2026-08-16,marketplace_campaign,,,,
IG-20260811-0016,2026-08-11 21:27:11,2026-08-11,Tuesday,Instagram,Instagram (DM/WhatsApp),LT-GRN,"Loop Tote, Sea-green",Sea-green,standard,1,189000,189000,0,,15000,204000,0,1428,78000,109572,IDR,204000,,QRIS,J&T Express,C000942,new,Jakarta,DKI Jakarta,ID,completed,2026-08-12,2026-08-15,dm,ig_styling_carousel,17903562482994432,dm_time_proximity,
#LT10272,2026-08-11 21:57:56,2026-08-11,Tuesday,Website (Shopify),Website (Shopify),LT-SND,"Loop Tote, Sand",Sand,standard,1,189000,189000,0,,25000,214000,0,3210,78000,107790,IDR,214000,,ShopeePay,JNE,C000943,new,Yogyakarta,DI Yogyakarta,ID,completed,2026-08-11,2026-08-13,instagram / bio_link,ig_styling_carousel,17903562482994432,utm_bio_link,
113-5191268-6964347,2026-08-12 00:46:00,2026-08-12,Wednesday,Amazon,Amazon,LT-GRN,"Loop Tote, Sea-green",Sea-green,standard,4,260637,1042548,0,,113937,1156485,156382,0,312000,574166,USD,70.95,16300,Credit card,DHL eCommerce,C000944,new,Singapore,Singapore,SG,completed,2026-08-12,2026-08-22,marketplace_search,,,,
IG-20260812-0001,2026-08-12 05:27:05,2026-08-12,Wednesday,Instagram,Instagram (DM/WhatsApp),LT-SND,"Loop Tote, Sand",Sand,standard,2,189000,378000,19000,IGDM5,0,359000,0,5385,156000,197615,IDR,359000,,GoPay/OVO,SiCepat,C000438,returning,Bekasi,West Java,ID,completed,2026-08-13,2026-08-16,story_reply,,,,
#LT10273,2026-08-12 07:49:30,2026-08-12,Wednesday,Website (Shopify),Website (Shopify),LT-IND,"Loop Tote, Indigo",Indigo,standard,1,189000,189000,0,,15000,204000,0,3060,78000,107940,IDR,204000,,ShopeePay,JNE,C000945,new,Subang,West Java,ID,completed,2026-08-13,2026-08-16,instagram / bio_link,ig_styling_carousel,17903562482994432,utm_bio_link,
#LT10274,2026-08-12 08:06:10,2026-08-12,Wednesday,Website (Shopify),Website (Shopify),LT-SND,"Loop Tote, Sand",Sand,standard,2,189000,378000,0,,0,378000,0,0,156000,0,IDR,378000,,QRIS,,C000938,returning,Bandung,West Java,ID,cancelled,,,instagram / bio_link,ig_behind_the_scenes_p05,17902209188844506,utm_bio_link,
IG-20260812-0002,2026-08-12 09:45:50,2026-08-12,Wednesday,Instagram,Instagram (DM/WhatsApp),LT-SND,"Loop Tote, Sand",Sand,standard,1,189000,189000,0,,18000,207000,0,0,78000,111000,IDR,207000,,Bank transfer (manual),JNE,C000706,returning,Jakarta,DKI Jakarta,ID,completed,2026-08-12,2026-08-15,dm,,,,
IG-20260812-0003,2026-08-12 09:48:23,2026-08-12,Wednesday,Instagram,Instagram (DM/WhatsApp),LT-GRN,"Loop Tote, Sea-green",Sea-green,standard,1,189000,189000,0,,15000,204000,0,0,78000,111000,IDR,204000,,Bank transfer (manual),GoSend/Grab Instant,C000946,new,Jakarta,DKI Jakarta,ID,completed,2026-08-13,2026-08-16,dm,,,,
#LT10275,2026-08-12 10:38:22,2026-08-12,Wednesday,Website (Shopify),Website (Shopify),LT-IND,"Loop Tote, Indigo",Indigo,standard,1,189000,189000,0,,15000,204000,0,1428,78000,109572,IDR,204000,,QRIS,J&T Express,C000663,returning,Bandung,West Java,ID,completed,2026-08-12,2026-08-14,instagram / bio_link,ig_styling_carousel,17903562482994432,utm_bio_link,
#LT10276,2026-08-12 10:40:28,2026-08-12,Wednesday,Website (Shopify),Website (Shopify),LT-IND,"Loop Tote, Indigo",Indigo,standard,1,189000,189000,0,,0,189000,0,2835,78000,108165,IDR,189000,,GoPay,SiCepat,C000947,new,Makassar,South Sulawesi,ID,completed,2026-08-13,2026-08-19,instagram / bio_link,ig_styling_carousel,17903562482994432,utm_bio_link,
#LT10277,2026-08-12 10:53:31,2026-08-12,Wednesday,Website (Shopify),Website (Shopify),LT-SND,"Loop Tote, Sand",Sand,standard,1,189000,189000,0,,18000,207000,0,8003,78000,102997,IDR,207000,,Credit card,J&T Express,C000948,new,Bekasi,West Java,ID,completed,2026-08-12,2026-08-15,instagram / bio_link,ig_styling_carousel,17903562482994432,utm_bio_link,
#LT10278,2026-08-12 11:00:01,2026-08-12,Wednesday,Website (Shopify),Website (Shopify),LT-GRN,"Loop Tote, Sea-green",Sea-green,standard,1,189000,189000,0,,18000,207000,0,3105,78000,107895,IDR,207000,,ShopeePay,SiCepat,C000949,new,Sukabumi,West Java,ID,completed,2026-08-12,2026-08-15,google / organic,,,,
STR-20260812-0001,2026-08-12 11:04:17,2026-08-12,Wednesday,Physical store,Bandung store,LT-GRN,"Loop Tote, Sea-green",Sea-green,standard,1,189000,189000,0,,0,189000,0,1323,78000,109677,IDR,189000,,QRIS,In-store pickup,C000950,new,Bandung,West Java,ID,completed,2026-08-12,2026-08-12,walk-in,,,,
IG-20260812-0004,2026-08-12 11:48:48,2026-08-12,Wednesday,Instagram,Instagram (DM/WhatsApp),LT-GRN,"Loop Tote, Sea-green",Sea-green,standard,1,189000,189000,0,,18000,207000,0,0,78000,111000,IDR,207000,,Bank transfer (manual),J&T Express,C000726,returning,Bandung,West Java,ID,completed,2026-08-12,2026-08-13,dm,ig_styling_carousel,17903562482994432,dm_time_proximity,
INV/20260812/MPL/410514294,2026-08-12 11:50:30,2026-08-12,Wednesday,Indonesian marketplace,Tokopedia,LT-GRN,"Loop Tote, Sea-green",Sea-green,standard,2,189000,378000,0,,0,378000,30240,0,156000,191760,IDR,378000,,Bank transfer (VA),AnterAja,C000951,new,South Tangerang,Banten,ID,completed,2026-08-12,2026-08-15,recommended,,,,
IG-20260812-0005,2026-08-12 11:57:11,2026-08-12,Wednesday,Instagram,Instagram (DM/WhatsApp),LT-GRN,"Loop Tote, Sea-green",Sea-green,standard,1,189000,189000,9500,IGDM5,32000,211500,0,0,78000,101500,IDR,211500,,Bank transfer (manual),SiCepat,C000952,new,Bandung,West Java,ID,completed,2026-08-13,2026-08-14,dm,,,,
26081221617513B,2026-08-12 12:30:22,2026-08-12,Wednesday,Indonesian marketplace,Shopee,LT-SND,"Loop Tote, Sand",Sand,standard,1,189000,189000,0,,0,189000,17955,0,78000,93045,IDR,189000,,Credit card,AnterAja,C000953,new,Malang,East Java,ID,completed,2026-08-13,2026-08-16,recommended,,,,
#LT10279,2026-08-12 12:54:10,2026-08-12,Wednesday,Website (Shopify),Website (Shopify),LT-SND,"Loop Tote, Sand",Sand,standard,1,189000,189000,0,,32000,221000,0,3315,78000,107685,IDR,221000,,ShopeePay,SiCepat,C000954,new,Bandung,West Java,ID,completed,2026-08-12,2026-08-13,instagram / bio_link,ig_styling_carousel,17903562482994432,utm_bio_link,
965701403617085,2026-08-12 13:39:17,2026-08-12,Wednesday,Indonesian marketplace,Lazada,LT-GRN,"Loop Tote, Sea-green",Sea-green,standard,1,189000,189000,0,,12000,201000,16065,0,78000,94935,IDR,201000,,Alfamart/Indomaret,AnterAja,C000955,new,Palembang,South Sumatra,ID,completed,2026-08-13,2026-08-16,marketplace_search,,,,
26081259342332C,2026-08-12 14:34:04,2026-08-12,Wednesday,Indonesian marketplace,Shopee,LT-SND,"Loop Tote, Sand",Sand,standard,1,189000,189000,0,,20000,209000,17955,0,78000,93045,IDR,209000,,PayLater,AnterAja,C000956,new,Balikpapan,East Kalimantan,ID,completed,2026-08-12,2026-08-16,recommended,,,,
#LT10280,2026-08-12 15:57:00,2026-08-12,Wednesday,Website (Shopify),Website (Shopify),LT-MIX,"Loop Tote (assorted, bulk)",Assorted,bulk_corporate,118,189000,22302000,2676000,CORPORATE,0,19626000,0,137382,9204000,10284618,IDR,19626000,,QRIS,JNE,B00962,business,Jakarta,DKI Jakarta,ID,completed,2026-08-13,2026-08-16,whatsapp,,,,
IG-20260812-0006,2026-08-12 16:09:42,2026-08-12,Wednesday,Instagram,Instagram (DM/WhatsApp),LT-SND,"Loop Tote, Sand",Sand,standard,1,189000,189000,0,,18000,207000,0,1449,78000,109551,IDR,207000,,QRIS,SiCepat,C000958,new,Jakarta,DKI Jakarta,ID,completed,2026-08-13,2026-08-16,story_reply,,,,
IG-20260812-0007,2026-08-12 16:48:22,2026-08-12,Wednesday,Instagram,Instagram (DM/WhatsApp),LT-IND,"Loop Tote, Indigo",Indigo,standard,1,189000,189000,0,,18000,207000,0,1449,78000,109551,IDR,207000,,QRIS,SiCepat,C000959,new,Cianjur,West Java,ID,completed,2026-08-13,2026-08-16,dm,ig_styling_carousel,17903562482994432,dm_time_proximity,
IG-20260812-0008,2026-08-12 16:52:36,2026-08-12,Wednesday,Instagram,Instagram (DM/WhatsApp),LT-GRN,"Loop Tote, Sea-green",Sea-green,standard,1,189000,189000,9500,IGDM5,0,179500,0,1256,78000,100244,IDR,179500,,QRIS,J&T Express,C000960,new,Depok,West Java,ID,completed,2026-08-13,2026-08-14,dm,ig_styling_carousel,17903562482994432,dm_time_proximity,
STR-20260812-0002,2026-08-12 18:51:42,2026-08-12,Wednesday,Physical store,Bandung store,LT-GRN,"Loop Tote, Sea-green",Sea-green,standard,1,189000,189000,0,,0,189000,0,1323,78000,-26323,IDR,189000,,QRIS,In-store pickup,C000961,new,Bandung,West Java,ID,returned,2026-08-12,2026-08-12,walk-in,,17903562482994432,assisted_time_proximity,
#LT10281,2026-08-12 18:56:44,2026-08-12,Wednesday,Website (Shopify),Website (Shopify),LT-GRN,"Loop Tote, Sea-green",Sea-green,standard,1,189000,189000,0,,40000,229000,0,8641,78000,102359,IDR,229000,,Credit card,GoSend/Grab Instant,C000962,new,Cirebon,West Java,ID,completed,2026-08-13,2026-08-16,instagram / bio_link,ig_styling_carousel,17903562482994432,utm_bio_link,
#LT10282,2026-08-12 19:21:58,2026-08-12,Wednesday,Website (Shopify),Website (Shopify),LT-GRN,"Loop Tote, Sea-green",Sea-green,standard,4,189000,756000,0,,0,756000,0,4000,312000,440000,IDR,756000,,Bank transfer (VA),J&T Express,C000963,new,Bogor,West Java,ID,completed,2026-08-13,2026-08-15,instagram / bio_link,ig_styling_carousel,17903562482994432,utm_bio_link,
#LT10283,2026-08-12 19:47:53,2026-08-12,Wednesday,Website (Shopify),Website (Shopify),LT-IND,"Loop Tote, Indigo",Indigo,standard,1,189000,189000,0,,32000,221000,0,0,78000,0,IDR,221000,,QRIS,,C000964,new,Karawang,West Java,ID,cancelled,,,instagram / bio_link,ig_styling_carousel,17903562482994432,utm_bio_link,
#LT10284,2026-08-12 20:34:08,2026-08-12,Wednesday,Website (Shopify),Website (Shopify),LT-GRN,"Loop Tote, Sea-green",Sea-green,standard,1,189000,189000,0,,40000,229000,0,1603,78000,109397,IDR,229000,,QRIS,JNE,C000324,returning,Jakarta,DKI Jakarta,ID,completed,2026-08-13,2026-08-16,instagram / bio_link,ig_always_on,,,
5902391218314218899,2026-08-12 20:51:08,2026-08-12,Wednesday,Indonesian marketplace,TikTok Shop,LT-IND,"Loop Tote, Indigo",Indigo,standard,1,179000,179000,9000,Platform voucher,0,170000,14450,0,78000,77550,IDR,170000,,ShopeePay,Shopee Xpress / platform courier,C000965,new,Batam,Riau Islands,ID,completed,2026-08-13,2026-08-17,marketplace_search,,,,
#LT10285,2026-08-12 21:24:12,2026-08-12,Wednesday,Website (Shopify),Website (Shopify),LT-GRN,"Loop Tote, Sea-green",Sea-green,standard,3,189000,567000,0,,0,567000,0,8505,234000,324495,IDR,567000,,ShopeePay,GoSend/Grab Instant,C000966,new,Bekasi,West Java,ID,completed,2026-08-12,2026-08-13,newsletter,,,,
5621023578098456264,2026-08-12 22:23:24,2026-08-12,Wednesday,Indonesian marketplace,TikTok Shop,LT-SND,"Loop Tote, Sand",Sand,standard,1,179000,179000,14500,Platform voucher,12000,176500,13983,0,78000,72517,IDR,176500,,COD,JNE,C000967,new,Jakarta,DKI Jakarta,ID,completed,2026-08-12,2026-08-15,marketplace_search,,17903562482994432,assisted_time_proximity,
26081261410780D,2026-08-12 22:25:16,2026-08-12,Wednesday,Indonesian marketplace,Shopee,LT-SND,"Loop Tote, Sand",Sand,standard,3,189000,567000,45500,Platform voucher,0,521500,49542,0,234000,237958,IDR,521500,,ShopeePay,JNE,C000968,new,Bekasi,West Java,ID,completed,2026-08-12,2026-08-14,marketplace_campaign,,,,
IG-20260813-0001,2026-08-13 09:19:41,2026-08-13,Thursday,Instagram,Instagram (DM/WhatsApp),LT-IND,"Loop Tote, Indigo",Indigo,standard,1,189000,189000,0,,0,189000,0,0,78000,111000,IDR,189000,,Bank transfer (manual),J&T Express,C000969,new,Garut,West Java,ID,completed,2026-08-14,2026-08-17,story_reply,,,,
#LT10286,2026-08-13 09:33:26,2026-08-13,Thursday,Website (Shopify),Website (Shopify),LT-IND,"Loop Tote, Indigo",Indigo,standard,1,189000,189000,0,,25000,214000,0,4000,78000,107000,IDR,214000,,Bank transfer (VA),SiCepat,C000970,new,Bogor,West Java,ID,completed,2026-08-13,2026-08-15,direct,,,,
INV/20260813/MPL/718576291,2026-08-13 10:18:02,2026-08-13,Thursday,Indonesian marketplace,Tokopedia,LT-IND,"Loop Tote, Indigo",Indigo,standard,1,189000,189000,0,,0,189000,0,0,78000,0,IDR,189000,,Bank transfer (VA),,C000971,new,Surabaya,East Java,ID,cancelled,,,marketplace_search,,,,
#LT10287,2026-08-13 12:20:49,2026-08-13,Thursday,Website (Shopify),Website (Shopify),LT-IND,"Loop Tote, Indigo",Indigo,standard,2,189000,378000,0,,0,378000,0,2646,156000,219354,IDR,378000,,QRIS,SiCepat,C000972,new,Depok,West Java,ID,completed,2026-08-14,2026-08-16,instagram / bio_link,ig_process_impact_p07,17902701623909724,utm_bio_link,
STR-20260813-0001,2026-08-13 13:50:43,2026-08-13,Thursday,Physical store,Bandung store,LT-GRN,"Loop Tote, Sea-green",Sea-green,standard,2,189000,378000,0,,0,378000,0,2646,156000,219354,IDR,378000,,QRIS,In-store pickup,C000973,new,Bandung,West Java,ID,completed,2026-08-13,2026-08-13,walk-in,,,,
26081397160366B,2026-08-13 14:06:07,2026-08-13,Thursday,Indonesian marketplace,Shopee,LT-SND,"Loop Tote, Sand",Sand,standard,1,189000,189000,0,,12000,201000,17955,0,78000,93045,IDR,201000,,Bank transfer (VA),J&T Express,C000974,new,Tangerang,Banten,ID,completed,2026-08-14,2026-08-15,marketplace_campaign,,,,
STR-20260813-0002,2026-08-13 14:48:38,2026-08-13,Thursday,Physical store,Bandung store,LT-GRN,"Loop Tote, Sea-green",Sea-green,standard,1,189000,189000,0,,0,189000,0,0,78000,111000,IDR,189000,,Cash,In-store pickup,C000449,returning,Bandung,West Java,ID,completed,2026-08-13,2026-08-13,walk-in,,,,
BLI-20260813-981352,2026-08-13 15:13:28,2026-08-13,Thursday,Indonesian marketplace,Blibli,LT-GRN,"Loop Tote, Sea-green",Sea-green,standard,1,189000,189000,9500,Platform voucher,25000,204500,14360,0,78000,87140,IDR,204500,,ShopeePay,J&T Express,C000975,new,Yogyakarta,DI Yogyakarta,ID,completed,2026-08-14,2026-08-18,marketplace_search,,,,
IG-20260813-0002,2026-08-13 15:41:27,2026-08-13,Thursday,Instagram,Instagram (DM/WhatsApp),LT-IND,"Loop Tote, Indigo",Indigo,standard,1,189000,189000,0,,18000,207000,0,1449,78000,109551,IDR,207000,,QRIS,GoSend/Grab Instant,C000976,new,Surabaya,East Java,ID,completed,2026-08-14,2026-08-16,whatsapp_click,ig_styling_carousel,17903562482994432,dm_time_proximity,
#LT10288,2026-08-13 16:51:08,2026-08-13,Thursday,Website (Shopify),Website (Shopify),LT-SND,"Loop Tote, Sand",Sand,standard,3,189000,567000,0,,0,567000,0,4000,234000,329000,IDR,567000,,Bank transfer (VA),J&T Express,C000977,new,Padang,West Sumatra,ID,completed,2026-08-13,2026-08-19,instagram / bio_link,ig_styling_carousel,17903562482994432,utm_bio_link,
IG-20260813-0003,2026-08-13 17:22:28,2026-08-13,Thursday,Instagram,Instagram (DM/WhatsApp),LT-GRN,"Loop Tote, Sea-green",Sea-green,standard,1,189000,189000,0,,0,189000,0,7481,78000,103519,IDR,189000,,Credit card,GoSend/Grab Instant,C000978,new,Cimahi,West Java,ID,completed,2026-08-14,2026-08-16,story_reply,,,,
IG-20260813-0004,2026-08-13 17:48:30,2026-08-13,Thursday,Instagram,Instagram (DM/WhatsApp),LT-GRN,"Loop Tote, Sea-green",Sea-green,standard,1,189000,189000,0,,18000,207000,0,0,78000,111000,IDR,207000,,Bank transfer (manual),SiCepat,C000979,new,Bandung,West Java,ID,completed,2026-08-14,2026-08-16,dm,,,,
#LT10289,2026-08-13 17:57:32,2026-08-13,Thursday,Website (Shopify),Website (Shopify),LT-GRN,"Loop Tote, Sea-green",Sea-green,standard,1,189000,189000,0,,25000,214000,0,3210,78000,107790,IDR,214000,,GoPay,SiCepat,C000980,new,Jakarta,DKI Jakarta,ID,completed,2026-08-14,2026-08-17,newsletter,,,,
360091480715660,2026-08-13 18:50:27,2026-08-13,Thursday,Indonesian marketplace,Lazada,LT-IND,"Loop Tote, Indigo",Indigo,standard,4,189000,756000,38000,Platform voucher,25000,743000,61030,0,312000,344970,IDR,743000,,Credit card,Shopee Xpress / platform courier,C000981,new,Medan,North Sumatra,ID,completed,2026-08-13,2026-08-19,marketplace_search,,,,
#LT10290,2026-08-13 19:31:12,2026-08-13,Thursday,Website (Shopify),Website (Shopify),LT-SND,"Loop Tote, Sand",Sand,standard,1,189000,189000,0,,15000,204000,0,3060,78000,107940,IDR,204000,,GoPay,GoSend/Grab Instant,C000064,returning,Jakarta,DKI Jakarta,ID,completed,2026-08-13,2026-08-16,google / organic,,,,
26081331274819C,2026-08-13 19:38:57,2026-08-13,Thursday,Indonesian marketplace,Shopee,LT-GRN,"Loop Tote, Sea-green",Sea-green,standard,1,189000,189000,0,,12000,201000,17955,0,78000,93045,IDR,201000,,Bank transfer (VA),JNE,C000982,new,Jakarta,DKI Jakarta,ID,completed,2026-08-14,2026-08-16,marketplace_search,,,,
IG-20260813-0005,2026-08-13 19:41:26,2026-08-13,Thursday,Instagram,Instagram (DM/WhatsApp),LT-GRN,"Loop Tote, Sea-green",Sea-green,standard,1,189000,189000,0,,25000,214000,0,0,78000,111000,IDR,214000,,Bank transfer (manual),J&T Express,C000983,new,Jakarta,DKI Jakarta,ID,completed,2026-08-14,2026-08-16,dm,ig_styling_carousel,17903562482994432,dm_time_proximity,
INV/20260813/MPL/540144454,2026-08-13 20:20:40,2026-08-13,Thursday,Indonesian marketplace,Tokopedia,LT-SND,"Loop Tote, Sand",Sand,standard,1,189000,189000,0,,35000,224000,15120,0,78000,95880,IDR,224000,,Bank transfer (VA),Shopee Xpress / platform courier,C000984,new,Makassar,South Sulawesi,ID,completed,2026-08-13,2026-08-18,recommended,,,,
26081310421529D,2026-08-13 20:59:18,2026-08-13,Thursday,Indonesian marketplace,Shopee,LT-SND,"Loop Tote, Sand",Sand,standard,1,189000,189000,0,,15000,204000,17955,0,78000,93045,IDR,204000,,PayLater,J&T Express,C000985,new,Bandung,West Java,ID,completed,2026-08-14,2026-08-16,marketplace_campaign,,,,
IG-20260813-0006,2026-08-13 21:29:37,2026-08-13,Thursday,Instagram,Instagram (DM/WhatsApp),LT-GRN,"Loop Tote, Sea-green",Sea-green,standard,1,189000,189000,0,,0,189000,0,0,78000,111000,IDR,189000,,Bank transfer (manual),GoSend/Grab Instant,C000986,new,Jakarta,DKI Jakarta,ID,completed,2026-08-14,2026-08-16,dm,ig_behind_the_scenes_p05,17902209188844506,dm_time_proximity,
5486336972105642625,2026-08-13 21:33:54,2026-08-13,Thursday,Indonesian marketplace,TikTok Shop,LT-IND,"Loop Tote, Indigo",Indigo,standard,1,179000,179000,0,,25000,204000,15215,0,78000,85785,IDR,204000,,Alfamart/Indomaret,J&T Express,C000987,new,Bogor,West Java,ID,completed,2026-08-14,2026-08-17,marketplace_search,,,,
26081379965881E,2026-08-13 21:53:15,2026-08-13,Thursday,Indonesian marketplace,Shopee,LT-IND,"Loop Tote, Indigo",Indigo,standard,1,189000,189000,0,,0,189000,17955,0,78000,93045,IDR,189000,,Bank transfer (VA),AnterAja,C000988,new,Bogor,West Java,ID,completed,2026-08-14,2026-08-17,shop_page,,17902209188844506,assisted_time_proximity,
#LT10291,2026-08-13 22:03:20,2026-08-13,Thursday,Website (Shopify),Website (Shopify),LT-SND,"Loop Tote, Sand",Sand,standard,1,189000,189000,0,,18000,207000,0,1449,78000,109551,IDR,207000,,QRIS,J&T Express,C000989,new,Tangerang,Banten,ID,completed,2026-08-13,2026-08-14,instagram / bio_link,ig_always_on,,,
IG-20260813-0007,2026-08-13 22:20:58,2026-08-13,Thursday,Instagram,Instagram (DM/WhatsApp),LT-GRN,"Loop Tote, Sea-green",Sea-green,standard,1,189000,189000,9500,IGDM5,40000,219500,0,8366,78000,93134,IDR,219500,,Credit card,JNE,C000990,new,Batam,Riau Islands,ID,completed,2026-08-14,2026-08-17,dm,,,,
113-5224708-3040078,2026-08-14 02:31:39,2026-08-14,Friday,Amazon,Amazon,LT-GRN,"Loop Tote, Sea-green",Sea-green,standard,1,260637,260637,0,,113937,374574,39096,0,78000,143541,USD,22.98,16300,Credit card,DHL eCommerce,C000991,new,Amsterdam,North Holland,NL,completed,2026-08-14,2026-08-22,marketplace_search,,,,
IG-20260814-0001,2026-08-14 10:29:46,2026-08-14,Friday,Instagram,Instagram (DM/WhatsApp),LT-SND,"Loop Tote, Sand",Sand,standard,1,189000,189000,0,,18000,207000,0,0,78000,111000,IDR,207000,,Bank transfer (manual),JNE,C000942,returning,Jakarta,DKI Jakarta,ID,completed,2026-08-15,2026-08-18,whatsapp_click,ig_styling_carousel,17903562482994432,dm_time_proximity,
26081417065338B,2026-08-14 11:16:35,2026-08-14,Friday,Indonesian marketplace,Shopee,LT-IND,"Loop Tote, Indigo",Indigo,standard,1,189000,189000,0,,15000,204000,17955,0,78000,93045,IDR,204000,,ShopeePay,JNE,C000992,new,Bandung,West Java,ID,completed,2026-08-14,2026-08-15,shop_page,,,,
STR-20260814-0001,2026-08-14 13:37:34,2026-08-14,Friday,Physical store,Bandung store,LT-GRN,"Loop Tote, Sea-green",Sea-green,standard,1,189000,189000,0,,0,189000,0,0,78000,111000,IDR,189000,,Cash,In-store pickup,C000993,new,Bandung,West Java,ID,completed,2026-08-14,2026-08-14,walk-in,,,,
#LT10292,2026-08-14 14:17:07,2026-08-14,Friday,Website (Shopify),Website (Shopify),LT-GRN,"Loop Tote, Sea-green",Sea-green,standard,3,189000,567000,0,,0,567000,0,4000,234000,329000,IDR,567000,,Bank transfer (VA),SiCepat,C000994,new,Bandung,West Java,ID,completed,2026-08-14,2026-08-15,instagram / bio_link,ig_styling_carousel,17903562482994432,utm_bio_link,
IG-20260814-0002,2026-08-14 14:44:06,2026-08-14,Friday,Instagram,Instagram (DM/WhatsApp),LT-IND,"Loop Tote, Indigo",Indigo,standard,1,189000,189000,9500,IGDM5,0,179500,0,2692,78000,98808,IDR,179500,,GoPay/OVO,SiCepat,C000995,new,Bekasi,West Java,ID,completed,2026-08-14,2026-08-16,story_reply,,,,
26081490217124C,2026-08-14 17:28:04,2026-08-14,Friday,Indonesian marketplace,Shopee,LT-SND,"Loop Tote, Sand",Sand,standard,1,189000,189000,0,,20000,209000,17955,0,78000,93045,IDR,209000,,ShopeePay,JNE,C000996,new,Jakarta,DKI Jakarta,ID,completed,2026-08-15,2026-08-16,shop_page,,,,
IG-20260814-0003,2026-08-14 18:23:18,2026-08-14,Friday,Instagram,Instagram (DM/WhatsApp),LT-GRN,"Loop Tote, Sea-green",Sea-green,standard,2,189000,378000,0,,25000,403000,0,13687,156000,208313,IDR,403000,,Credit card,SiCepat,C000997,new,Bandung,West Java,ID,completed,2026-08-15,2026-08-16,dm,,,,
BLI-20260814-268977,2026-08-14 18:37:23,2026-08-14,Friday,Indonesian marketplace,Blibli,LT-GRN,"Loop Tote, Sea-green",Sea-green,standard,1,189000,189000,28500,Platform voucher,12000,172500,12840,0,78000,69660,IDR,172500,,Credit card,SiCepat,C000998,new,Balikpapan,East Kalimantan,ID,completed,2026-08-14,2026-08-21,marketplace_search,,,,
26081453705396D,2026-08-14 19:05:39,2026-08-14,Friday,Indonesian marketplace,Shopee,LT-SND,"Loop Tote, Sand",Sand,standard,1,189000,189000,0,,15000,204000,17955,0,78000,93045,IDR,204000,,ShopeePay,J&T Express,C000999,new,Malang,East Java,ID,completed,2026-08-14,2026-08-16,marketplace_campaign,,,,
#LT10293,2026-08-14 21:31:49,2026-08-14,Friday,Website (Shopify),Website (Shopify),LT-IND,"Loop Tote, Indigo",Indigo,standard,1,189000,189000,0,,15000,204000,0,1428,78000,109572,IDR,204000,,QRIS,GoSend/Grab Instant,C001000,new,Bekasi,West Java,ID,completed,2026-08-14,2026-08-17,instagram / bio_link,ig_always_on,,,
#LT10294,2026-08-14 23:02:47,2026-08-14,Friday,Website (Shopify),Website (Shopify),LT-IND,"Loop Tote, Indigo",Indigo,standard,1,189000,189000,0,,0,189000,0,7481,78000,103519,IDR,189000,,Credit card,GoSend/Grab Instant,C001001,new,Sukabumi,West Java,ID,completed,2026-08-14,2026-08-18,newsletter,,,,
5431995609071362317,2026-08-14 23:43:58,2026-08-14,Friday,Indonesian marketplace,TikTok Shop,LT-IND,"Loop Tote, Indigo",Indigo,standard,4,179000,716000,0,,12000,728000,60860,0,312000,343140,IDR,728000,,QRIS,J&T Express,C001002,new,Yogyakarta,DI Yogyakarta,ID,completed,2026-08-15,2026-08-17,marketplace_search,,,,
26081522977511B,2026-08-15 07:08:57,2026-08-15,Saturday,Indonesian marketplace,Shopee,LT-IND,"Loop Tote, Indigo",Indigo,standard,2,189000,378000,38000,Platform voucher,15000,355000,32300,0,156000,151700,IDR,355000,,Bank transfer (VA),SiCepat,C001003,new,Jakarta,DKI Jakarta,ID,completed,2026-08-16,2026-08-17,marketplace_campaign,,,,
#LT10295,2026-08-15 09:12:43,2026-08-15,Saturday,Website (Shopify),Website (Shopify),LT-GRN,"Loop Tote, Sea-green",Sea-green,standard,1,189000,189000,0,,32000,221000,0,4000,78000,107000,IDR,221000,,Bank transfer (VA),JNE,C001004,new,Garut,West Java,ID,completed,2026-08-15,2026-08-18,instagram / bio_link,ig_always_on,,,
IG-20260815-0001,2026-08-15 11:05:26,2026-08-15,Saturday,Instagram,Instagram (DM/WhatsApp),LT-IND,"Loop Tote, Indigo",Indigo,standard,1,189000,189000,0,,25000,214000,0,3210,78000,107790,IDR,214000,,GoPay/OVO,JNE,C001005,new,Jakarta,DKI Jakarta,ID,completed,2026-08-16,2026-08-19,story_reply,,,,
#LT10296,2026-08-15 13:27:23,2026-08-15,Saturday,Website (Shopify),Website (Shopify),LT-SND,"Loop Tote, Sand",Sand,standard,1,189000,189000,0,,15000,204000,0,3060,78000,107940,IDR,204000,,ShopeePay,GoSend/Grab Instant,C001006,new,Bogor,West Java,ID,completed,2026-08-15,2026-08-16,direct,,,,
BLI-20260815-133966,2026-08-15 15:44:40,2026-08-15,Saturday,Indonesian marketplace,Blibli,LT-GRN,"Loop Tote, Sea-green",Sea-green,standard,1,189000,189000,19000,Platform voucher,0,170000,13600,0,78000,78400,IDR,170000,,PayLater,J&T Express,C001007,new,Pontianak,West Kalimantan,ID,completed,2026-08-15,2026-08-18,marketplace_campaign,,,,
#LT10297,2026-08-15 15:44:57,2026-08-15,Saturday,Website (Shopify),Website (Shopify),LT-GRN,"Loop Tote, Sea-green",Sea-green,standard,1,189000,189000,0,,32000,221000,0,3315,78000,107685,IDR,221000,,OVO,SiCepat,C001008,new,Sukabumi,West Java,ID,completed,2026-08-15,2026-08-17,whatsapp,,,,
26081537923190C,2026-08-15 15:52:40,2026-08-15,Saturday,Indonesian marketplace,Shopee,LT-GRN,"Loop Tote, Sea-green",Sea-green,standard,1,189000,189000,0,,0,189000,17955,0,78000,93045,IDR,189000,,ShopeePay,J&T Express,C001009,new,Medan,North Sumatra,ID,completed,2026-08-15,2026-08-21,shop_page,,,,
#LT10298,2026-08-15 16:41:46,2026-08-15,Saturday,Website (Shopify),Website (Shopify),LT-IND,"Loop Tote, Indigo",Indigo,standard,1,189000,189000,0,,0,189000,0,7481,78000,103519,IDR,189000,,Credit card,SiCepat,C001010,new,Depok,West Java,ID,completed,2026-08-16,2026-08-17,instagram / bio_link,ig_always_on,,,
STR-20260815-0001,2026-08-15 16:55:36,2026-08-15,Saturday,Physical store,Bandung store,LT-GRN,"Loop Tote, Sea-green",Sea-green,standard,1,189000,189000,0,,0,189000,0,1323,78000,109677,IDR,189000,,QRIS,In-store pickup,C001011,new,Bandung,West Java,ID,completed,2026-08-15,2026-08-15,walk-in,,,,
IG-20260815-0002,2026-08-15 18:44:24,2026-08-15,Saturday,Instagram,Instagram (DM/WhatsApp),LT-GRN,"Loop Tote, Sea-green",Sea-green,standard,2,189000,378000,19000,IGDM5,32000,391000,0,0,156000,203000,IDR,391000,,COD (local courier),JNE,C000969,returning,Garut,West Java,ID,completed,2026-08-16,2026-08-19,dm,,,,
343301957512141,2026-08-15 19:03:26,2026-08-15,Saturday,Indonesian marketplace,Lazada,LT-GRN,"Loop Tote, Sea-green",Sea-green,standard,1,189000,189000,0,,20000,209000,16065,0,78000,94935,IDR,209000,,ShopeePay,AnterAja,C001012,new,Surabaya,East Java,ID,completed,2026-08-15,2026-08-17,shop_page,,,,
STR-20260815-0002,2026-08-15 19:06:02,2026-08-15,Saturday,Physical store,Bandung store,LT-SND,"Loop Tote, Sand",Sand,standard,2,189000,378000,0,,0,378000,0,0,156000,222000,IDR,378000,,Cash,In-store pickup,C001013,new,Bandung,West Java,ID,completed,2026-08-15,2026-08-15,walk-in,,,,
#LT10299,2026-08-15 19:29:08,2026-08-15,Saturday,Website (Shopify),Website (Shopify),LT-SND,"Loop Tote, Sand",Sand,standard,1,189000,189000,0,,32000,221000,0,3315,78000,107685,IDR,221000,,GoPay,GoSend/Grab Instant,C001014,new,Depok,West Java,ID,completed,2026-08-15,2026-08-18,direct,,,,
STR-20260815-0003,2026-08-15 19:39:08,2026-08-15,Saturday,Physical store,Bandung store,LT-GRN,"Loop Tote, Sea-green",Sea-green,standard,1,189000,189000,0,,0,189000,0,0,78000,111000,IDR,189000,,Cash,In-store pickup,C001015,new,Bandung,West Java,ID,completed,2026-08-15,2026-08-15,walk-in,,,,
26081577789029D,2026-08-15 20:34:58,2026-08-15,Saturday,Indonesian marketplace,Shopee,LT-IND,"Loop Tote, Indigo",Indigo,standard,2,189000,378000,38000,Platform voucher,25000,365000,32300,0,156000,151700,IDR,365000,,COD,J&T Express,C001016,new,Denpasar,Bali,ID,completed,2026-08-15,2026-08-19,marketplace_search,,,,
281334080869415,2026-08-16 00:11:10,2026-08-16,Sunday,Indonesian marketplace,Lazada,LT-SND,"Loop Tote, Sand",Sand,standard,1,189000,189000,15000,Platform voucher,0,174000,14790,0,78000,81210,IDR,174000,,ShopeePay,AnterAja,C001017,new,Semarang,Central Java,ID,completed,2026-08-16,2026-08-20,marketplace_search,,,,
113-8486884-9011560,2026-08-16 03:58:06,2026-08-16,Sunday,Amazon,Amazon,LT-GRN,"Loop Tote, Sea-green",Sea-green,standard,1,260637,260637,0,,113937,374574,39096,0,78000,143541,USD,22.98,16300,Credit card,DHL eCommerce,C001018,new,Singapore,Singapore,SG,completed,2026-08-16,2026-08-25,marketplace_search,,,,
26081679228704B,2026-08-16 06:37:33,2026-08-16,Sunday,Indonesian marketplace,Shopee,LT-SND,"Loop Tote, Sand",Sand,standard,1,189000,189000,0,,15000,204000,17955,0,78000,93045,IDR,204000,,QRIS,SiCepat,C001019,new,Yogyakarta,DI Yogyakarta,ID,completed,2026-08-17,2026-08-20,marketplace_search,,,,
IG-20260816-0001,2026-08-16 11:05:10,2026-08-16,Sunday,Instagram,Instagram (DM/WhatsApp),LT-SND,"Loop Tote, Sand",Sand,standard,1,189000,189000,0,,32000,221000,0,0,78000,111000,IDR,221000,,Bank transfer (manual),J&T Express,C001020,new,Jakarta,DKI Jakarta,ID,completed,2026-08-16,2026-08-19,dm,,,,
#LT10300,2026-08-16 12:47:03,2026-08-16,Sunday,Website (Shopify),Website (Shopify),LT-GRN,"Loop Tote, Sea-green",Sea-green,standard,1,189000,189000,9500,NEWSLETTER5,18000,197500,0,1382,78000,100118,IDR,197500,,QRIS,GoSend/Grab Instant,C001021,new,Jakarta,DKI Jakarta,ID,completed,2026-08-16,2026-08-19,instagram / bio_link,ig_always_on,,,
IG-20260816-0002,2026-08-16 13:24:24,2026-08-16,Sunday,Instagram,Instagram (DM/WhatsApp),LT-IND,"Loop Tote, Indigo",Indigo,standard,1,189000,189000,0,,40000,229000,0,1603,78000,109397,IDR,229000,,QRIS,JNE,C001022,new,Sukabumi,West Java,ID,completed,2026-08-16,2026-08-19,story_reply,,,,
INV/20260816/MPL/862713303,2026-08-16 13:31:06,2026-08-16,Sunday,Indonesian marketplace,Tokopedia,LT-IND,"Loop Tote, Indigo",Indigo,standard,1,189000,189000,0,,25000,214000,15120,0,78000,95880,IDR,214000,,Bank transfer (VA),Shopee Xpress / platform courier,C001023,new,Bandung,West Java,ID,completed,2026-08-16,2026-08-18,marketplace_search,,,,
STR-20260816-0001,2026-08-16 15:09:11,2026-08-16,Sunday,Physical store,Bandung store,LT-SND,"Loop Tote, Sand",Sand,standard,2,189000,378000,0,,0,378000,0,0,156000,222000,IDR,378000,,Cash,In-store pickup,C001024,new,Bandung,West Java,ID,completed,2026-08-16,2026-08-16,walk-in,,,,
26081668298253C,2026-08-16 15:36:38,2026-08-16,Sunday,Indonesian marketplace,Shopee,LT-GRN,"Loop Tote, Sea-green",Sea-green,standard,3,189000,567000,0,,15000,582000,53865,0,234000,279135,IDR,582000,,Credit card,AnterAja,C001025,new,Jakarta,DKI Jakarta,ID,completed,2026-08-16,2026-08-18,marketplace_campaign,,,,
STR-20260816-0002,2026-08-16 15:56:37,2026-08-16,Sunday,Physical store,Bandung store,LT-IND,"Loop Tote, Indigo",Indigo,standard,4,189000,756000,0,,0,756000,0,5292,312000,438708,IDR,756000,,QRIS,In-store pickup,C001026,new,Bandung,West Java,ID,completed,2026-08-16,2026-08-16,walk-in,,,,
5819395701665676693,2026-08-16 17:00:17,2026-08-16,Sunday,Indonesian marketplace,TikTok Shop,LT-SND,"Loop Tote, Sand",Sand,standard,3,179000,537000,0,,25000,562000,45645,0,234000,257355,IDR,562000,,COD,J&T Express,C001027,new,Jakarta,DKI Jakarta,ID,completed,2026-08-16,2026-08-17,shop_page,,,,
STR-20260816-0003,2026-08-16 17:57:16,2026-08-16,Sunday,Physical store,Bandung store,LT-GRN,"Loop Tote, Sea-green",Sea-green,standard,1,189000,189000,0,,0,189000,0,1323,78000,109677,IDR,189000,,QRIS,In-store pickup,C000923,returning,Bandung,West Java,ID,completed,2026-08-16,2026-08-16,walk-in,,,,
#LT10301,2026-08-16 18:21:46,2026-08-16,Sunday,Website (Shopify),Website (Shopify),LT-IND,"Loop Tote, Indigo",Indigo,standard,1,189000,189000,0,,0,189000,0,2835,78000,108165,IDR,189000,,OVO,GoSend/Grab Instant,C001028,new,Bekasi,West Java,ID,completed,2026-08-17,2026-08-20,instagram / bio_link,ig_always_on,,,
STR-20260816-0004,2026-08-16 18:51:27,2026-08-16,Sunday,Physical store,Bandung store,LT-GRN,"Loop Tote, Sea-green",Sea-green,standard,1,189000,189000,0,,0,189000,0,1323,78000,109677,IDR,189000,,QRIS,In-store pickup,C000184,returning,Bandung,West Java,ID,completed,2026-08-16,2026-08-16,walk-in,,,,
#LT10302,2026-08-16 19:21:50,2026-08-16,Sunday,Website (Shopify),Website (Shopify),LT-SND,"Loop Tote, Sand",Sand,standard,1,189000,189000,0,,40000,229000,0,4000,78000,107000,IDR,229000,,Bank transfer (VA),J&T Express,C000391,returning,Bandung,West Java,ID,completed,2026-08-16,2026-08-17,direct,,,,
#LT10303,2026-08-16 19:35:17,2026-08-16,Sunday,Website (Shopify),Website (Shopify),LT-IND,"Loop Tote, Indigo",Indigo,standard,1,189000,189000,0,,18000,207000,0,1449,78000,109551,IDR,207000,,QRIS,SiCepat,C001029,new,Bekasi,West Java,ID,completed,2026-08-16,2026-08-17,instagram / bio_link,ig_always_on,,,
26081647446368D,2026-08-16 20:30:49,2026-08-16,Sunday,Indonesian marketplace,Shopee,LT-IND,"Loop Tote, Indigo",Indigo,standard,1,189000,189000,0,,15000,204000,17955,0,78000,93045,IDR,204000,,Credit card,AnterAja,C001030,new,Karawang,West Java,ID,completed,2026-08-16,2026-08-19,shop_page,,,,
IG-20260816-0003,2026-08-16 21:13:58,2026-08-16,Sunday,Instagram,Instagram (DM/WhatsApp),LT-GRN,"Loop Tote, Sea-green",Sea-green,standard,1,189000,189000,9500,IGDM5,0,179500,0,0,78000,0,IDR,179500,,QRIS,,C000511,returning,Yogyakarta,DI Yogyakarta,ID,cancelled,,,story_reply,,,,
IG-20260816-0004,2026-08-16 22:10:56,2026-08-16,Sunday,Instagram,Instagram (DM/WhatsApp),LT-GRN,"Loop Tote, Sea-green",Sea-green,standard,3,189000,567000,0,,0,567000,0,0,234000,333000,IDR,567000,,Bank transfer (manual),J&T Express,C001031,new,Bandung,West Java,ID,completed,2026-08-16,2026-08-17,story_reply,,,,
26081672419144E,2026-08-16 22:34:42,2026-08-16,Sunday,Indonesian marketplace,Shopee,LT-GRN,"Loop Tote, Sea-green",Sea-green,standard,1,189000,189000,0,,20000,209000,17955,0,78000,93045,IDR,209000,,ShopeePay,J&T Express,C001032,new,Medan,North Sumatra,ID,completed,2026-08-16,2026-08-21,marketplace_search,,,,
26081748290738B,2026-08-17 00:40:43,2026-08-17,Monday,Indonesian marketplace,Shopee,LT-GRN,"Loop Tote, Sea-green",Sea-green,standard,1,189000,189000,9500,Platform voucher,30000,209500,17052,0,78000,84448,IDR,209500,,ShopeePay,Shopee Xpress / platform courier,C001033,new,Jakarta,DKI Jakarta,ID,completed,2026-08-17,2026-08-18,marketplace_search,,,,17 Agustus Sale
26081760648157C,2026-08-17 08:03:31,2026-08-17,Monday,Indonesian marketplace,Shopee,LT-IND,"Loop Tote, Indigo",Indigo,standard,2,189000,378000,38000,Platform voucher,0,340000,32300,0,156000,151700,IDR,340000,,Bank transfer (VA),Shopee Xpress / platform courier,C001034,new,Surabaya,East Java,ID,completed,2026-08-17,2026-08-21,marketplace_search,,,,17 Agustus Sale
26081777005854D,2026-08-17 08:26:15,2026-08-17,Monday,Indonesian marketplace,Shopee,LT-GRN,"Loop Tote, Sea-green",Sea-green,standard,1,189000,189000,19000,Platform voucher,25000,195000,16150,0,78000,75850,IDR,195000,,PayLater,AnterAja,C001035,new,Depok,West Java,ID,completed,2026-08-18,2026-08-21,recommended,,,,17 Agustus Sale
532433783629638,2026-08-17 08:49:25,2026-08-17,Monday,Indonesian marketplace,Lazada,LT-IND,"Loop Tote, Indigo",Indigo,standard,1,189000,189000,28500,Platform voucher,0,160500,13643,0,78000,68857,IDR,160500,,Credit card,Shopee Xpress / platform courier,C001036,new,Surabaya,East Java,ID,completed,2026-08-18,2026-08-22,marketplace_search,,,,17 Agustus Sale
#LT10304,2026-08-17 09:38:40,2026-08-17,Monday,Website (Shopify),Website (Shopify),LT-IND,"Loop Tote, Indigo",Indigo,standard,1,189000,189000,0,,0,189000,0,4000,78000,107000,IDR,189000,,Bank transfer (VA),GoSend/Grab Instant,C000837,returning,Depok,West Java,ID,completed,2026-08-18,2026-08-21,direct,,,,
INV/20260817/MPL/677707255,2026-08-17 13:26:31,2026-08-17,Monday,Indonesian marketplace,Tokopedia,LT-IND,"Loop Tote, Indigo",Indigo,standard,1,189000,189000,19000,Platform voucher,12000,182000,13600,0,78000,78400,IDR,182000,,PayLater,J&T Express,C001037,new,Surabaya,East Java,ID,completed,2026-08-17,2026-08-19,recommended,,,,17 Agustus Sale
113-1087128-4194865,2026-08-17 14:14:17,2026-08-17,Monday,Amazon,Amazon,LT-GRN,"Loop Tote, Sea-green",Sea-green,standard,1,260637,260637,0,,113937,374574,39096,0,78000,143541,USD,22.98,16300,Credit card,DHL eCommerce,C001038,new,Los Angeles,California,US,completed,2026-08-18,2026-08-28,marketplace_search,,,,
STR-20260817-0001,2026-08-17 15:07:58,2026-08-17,Monday,Physical store,Bandung store,LT-IND,"Loop Tote, Indigo",Indigo,standard,1,189000,189000,0,,0,189000,0,7481,78000,103519,IDR,189000,,Credit card,In-store pickup,C001039,new,Bandung,West Java,ID,completed,2026-08-17,2026-08-17,walk-in,,,,
26081723217104E,2026-08-17 16:45:00,2026-08-17,Monday,Indonesian marketplace,Shopee,LT-SND,"Loop Tote, Sand",Sand,standard,1,189000,189000,19000,Platform voucher,0,170000,16150,0,78000,75850,IDR,170000,,PayLater,J&T Express,C001040,new,Jakarta,DKI Jakarta,ID,completed,2026-08-18,2026-08-21,marketplace_search,,,,17 Agustus Sale
#LT10305,2026-08-17 18:13:59,2026-08-17,Monday,Website (Shopify),Website (Shopify),LT-SND,"Loop Tote, Sand",Sand,standard,1,189000,189000,0,,40000,229000,0,3435,78000,107565,IDR,229000,,GoPay,SiCepat,C001041,new,Bogor,West Java,ID,completed,2026-08-17,2026-08-20,instagram / bio_link,ig_always_on,,,
INV/20260817/MPL/810880446,2026-08-17 19:11:39,2026-08-17,Monday,Indonesian marketplace,Tokopedia,LT-GRN,"Loop Tote, Sea-green",Sea-green,standard,2,189000,378000,0,,12000,390000,30240,0,156000,191760,IDR,390000,,ShopeePay,J&T Express,C000568,returning,Manado,North Sulawesi,ID,completed,2026-08-18,2026-08-23,marketplace_search,,,,17 Agustus Sale
#LT10306,2026-08-17 19:17:25,2026-08-17,Monday,Website (Shopify),Website (Shopify),LT-GRN,"Loop Tote, Sea-green",Sea-green,standard,1,189000,189000,0,,18000,207000,0,3105,78000,107895,IDR,207000,,GoPay,J&T Express,C001042,new,Palembang,South Sumatra,ID,completed,2026-08-18,2026-08-24,direct,,,,
IG-20260817-0001,2026-08-17 19:21:32,2026-08-17,Monday,Instagram,Instagram (DM/WhatsApp),LT-GRN,"Loop Tote, Sea-green",Sea-green,standard,2,189000,378000,0,,15000,393000,0,0,156000,222000,IDR,393000,,Bank transfer (manual),SiCepat,C001043,new,Bandar Lampung,Lampung,ID,completed,2026-08-18,2026-08-23,dm,,,,
IG-20260817-0002,2026-08-17 19:52:37,2026-08-17,Monday,Instagram,Instagram (DM/WhatsApp),LT-SND,"Loop Tote, Sand",Sand,standard,1,189000,189000,0,,25000,214000,0,0,78000,111000,IDR,214000,,Bank transfer (manual),J&T Express,C001044,new,Bandar Lampung,Lampung,ID,completed,2026-08-17,2026-08-20,dm,,,,
INV/20260817/MPL/217119981,2026-08-17 20:51:54,2026-08-17,Monday,Indonesian marketplace,Tokopedia,LT-SND,"Loop Tote, Sand",Sand,standard,1,189000,189000,28500,Platform voucher,20000,180500,12840,0,78000,-37840,IDR,180500,,ShopeePay,AnterAja,C001045,new,Palembang,South Sumatra,ID,returned,2026-08-17,2026-08-22,marketplace_search,,,,17 Agustus Sale
IG-20260817-0003,2026-08-17 20:59:46,2026-08-17,Monday,Instagram,Instagram (DM/WhatsApp),LT-SND,"Loop Tote, Sand",Sand,standard,1,189000,189000,0,,0,189000,0,0,78000,111000,IDR,189000,,Bank transfer (manual),JNE,C001046,new,Jakarta,DKI Jakarta,ID,completed,2026-08-17,2026-08-18,whatsapp_click,,,,
#LT10307,2026-08-17 21:07:32,2026-08-17,Monday,Website (Shopify),Website (Shopify),LT-SND,"Loop Tote, Sand",Sand,standard,1,189000,189000,0,,15000,204000,0,4000,78000,107000,IDR,204000,,Bank transfer (VA),GoSend/Grab Instant,C001047,new,Palembang,South Sumatra,ID,completed,2026-08-18,2026-08-24,newsletter,,,,
26081732207793F,2026-08-17 22:03:51,2026-08-17,Monday,Indonesian marketplace,Shopee,LT-IND,"Loop Tote, Indigo",Indigo,standard,2,189000,378000,19000,Platform voucher,0,359000,34105,0,156000,168895,IDR,359000,,Bank transfer (VA),Shopee Xpress / platform courier,C001048,new,Surabaya,East Java,ID,completed,2026-08-18,2026-08-21,recommended,,,,17 Agustus Sale
113-5213895-4135343,2026-08-17 23:09:57,2026-08-17,Monday,Amazon,Amazon,LT-IND,"Loop Tote, Indigo",Indigo,standard,1,260637,260637,0,,113937,374574,39096,0,78000,143541,USD,22.98,16300,Credit card,DHL eCommerce,C001049,new,Singapore,Singapore,SG,completed,2026-08-17,2026-08-29,marketplace_search,,,,
113-5070005-9445738,2026-08-18 03:00:36,2026-08-18,Tuesday,Amazon,Amazon,LT-SND,"Loop Tote, Sand",Sand,standard,2,260637,521274,0,,113937,635211,78191,0,156000,287083,USD,38.97,16300,Credit card,DHL eCommerce,C001050,new,Amsterdam,North Holland,NL,completed,2026-08-18,2026-08-28,marketplace_campaign,,,,
#LT10308,2026-08-18 08:43:57,2026-08-18,Tuesday,Website (Shopify),Website (Shopify),LT-GRN,"Loop Tote, Sea-green",Sea-green,standard,1,189000,189000,0,,0,189000,0,4000,78000,107000,IDR,189000,,Bank transfer (VA),JNE,C001051,new,Cianjur,West Java,ID,completed,2026-08-18,2026-08-22,instagram / bio_link,ig_education_p10,17902418134265098,utm_bio_link,
#LT10309,2026-08-18 11:32:03,2026-08-18,Tuesday,Website (Shopify),Website (Shopify),LT-SND,"Loop Tote, Sand",Sand,standard,1,189000,189000,0,,40000,229000,0,1603,78000,109397,IDR,229000,,QRIS,GoSend/Grab Instant,C001052,new,Cianjur,West Java,ID,completed,2026-08-18,2026-08-21,google / organic,,,,
26081889377153B,2026-08-18 13:00:18,2026-08-18,Tuesday,Indonesian marketplace,Shopee,LT-GRN,"Loop Tote, Sea-green",Sea-green,standard,1,189000,189000,0,,30000,219000,17955,0,78000,93045,IDR,219000,,Credit card,SiCepat,C001053,new,Batam,Riau Islands,ID,completed,2026-08-19,2026-08-26,marketplace_search,,,,
26081812106360C,2026-08-18 14:07:49,2026-08-18,Tuesday,Indonesian marketplace,Shopee,LT-IND,"Loop Tote, Indigo",Indigo,standard,2,189000,378000,0,,20000,398000,35910,0,156000,186090,IDR,398000,,Credit card,J&T Express,C001054,new,Bekasi,West Java,ID,completed,2026-08-18,2026-08-19,recommended,,,,
STR-20260818-0001,2026-08-18 14:57:49,2026-08-18,Tuesday,Physical store,Bandung store,LT-GRN,"Loop Tote, Sea-green",Sea-green,standard,1,189000,189000,0,,0,189000,0,1323,78000,109677,IDR,189000,,QRIS,In-store pickup,C001055,new,Bandung,West Java,ID,completed,2026-08-18,2026-08-18,walk-in,,,,
BLI-20260818-970142,2026-08-18 17:04:14,2026-08-18,Tuesday,Indonesian marketplace,Blibli,LT-IND,"Loop Tote, Indigo",Indigo,standard,4,189000,756000,0,,0,756000,60480,0,312000,-85480,IDR,756000,,PayLater,Shopee Xpress / platform courier,C001056,new,Depok,West Java,ID,returned,2026-08-18,2026-08-19,recommended,,,,
26081864662550D,2026-08-18 18:10:44,2026-08-18,Tuesday,Indonesian marketplace,Shopee,LT-GRN,"Loop Tote, Sea-green",Sea-green,standard,1,189000,189000,0,,35000,224000,17955,0,78000,-42955,IDR,224000,,PayLater,AnterAja,C000493,returning,Solo,Central Java,ID,returned,2026-08-19,2026-08-23,recommended,,,,
5777988769804713478,2026-08-18 20:33:23,2026-08-18,Tuesday,Indonesian marketplace,TikTok Shop,LT-GRN,"Loop Tote, Sea-green",Sea-green,standard,1,179000,179000,0,,30000,209000,15215,0,78000,85785,IDR,209000,,COD,SiCepat,C001057,new,Jakarta,DKI Jakarta,ID,completed,2026-08-18,2026-08-21,marketplace_campaign,,,,
113-6542835-1495906,2026-08-18 21:38:38,2026-08-18,Tuesday,Amazon,Amazon,LT-GRN,"Loop Tote, Sea-green",Sea-green,standard,1,260637,260637,0,,113937,374574,39096,0,78000,143541,USD,22.98,16300,Credit card,DHL eCommerce,C001058,new,New York,New York,US,completed,2026-08-19,2026-09-02,shop_page,,,,
#LT10310,2026-08-18 21:46:54,2026-08-18,Tuesday,Website (Shopify),Website (Shopify),LT-SND,"Loop Tote, Sand",Sand,standard,1,189000,189000,0,,40000,229000,0,4000,78000,107000,IDR,229000,,Bank transfer (VA),GoSend/Grab Instant,C001059,new,Bandung,West Java,ID,completed,2026-08-19,2026-08-21,google / organic,,,,
113-9628501-1353586,2026-08-19 01:52:33,2026-08-19,Wednesday,Amazon,Amazon,LT-GRN,"Loop Tote, Sea-green",Sea-green,standard,2,260637,521274,0,,113937,635211,78191,0,156000,287083,USD,38.97,16300,Credit card,DHL eCommerce,C000055,returning,Toronto,Ontario,CA,completed,2026-08-20,2026-09-07,marketplace_campaign,,,,
26081959979859B,2026-08-19 06:39:57,2026-08-19,Wednesday,Indonesian marketplace,Shopee,LT-GRN,"Loop Tote, Sea-green",Sea-green,standard,2,189000,378000,19000,Platform voucher,12000,371000,34105,0,156000,168895,IDR,371000,,COD,SiCepat,C001060,new,Yogyakarta,DI Yogyakarta,ID,completed,2026-08-19,2026-08-22,marketplace_campaign,,17902418134265098,assisted_time_proximity,
26081911786259C,2026-08-19 07:04:53,2026-08-19,Wednesday,Indonesian marketplace,Shopee,LT-IND,"Loop Tote, Indigo",Indigo,standard,1,189000,189000,0,,12000,201000,17955,0,78000,93045,IDR,201000,,COD,JNE,C001061,new,Padang,West Sumatra,ID,completed,2026-08-19,2026-08-24,shop_page,,,,
IG-20260819-0001,2026-08-19 09:08:21,2026-08-19,Wednesday,Instagram,Instagram (DM/WhatsApp),LT-IND,"Loop Tote, Indigo",Indigo,standard,1,189000,189000,0,,18000,207000,0,1449,78000,109551,IDR,207000,,QRIS,JNE,C001062,new,Bandung,West Java,ID,completed,2026-08-20,2026-08-22,comment,ig_education_p10,17902418134265098,dm_entry_comment,
26081963952023D,2026-08-19 10:13:22,2026-08-19,Wednesday,Indonesian marketplace,Shopee,LT-GRN,"Loop Tote, Sea-green",Sea-green,standard,1,189000,189000,0,,30000,219000,0,0,78000,0,IDR,219000,,Bank transfer (VA),,C000639,returning,Garut,West Java,ID,cancelled,,,shop_page,,,,
IG-20260819-0002,2026-08-19 10:32:41,2026-08-19,Wednesday,Instagram,Instagram (DM/WhatsApp),LT-IND,"Loop Tote, Indigo",Indigo,standard,2,189000,378000,19000,IGDM5,0,359000,0,0,156000,203000,IDR,359000,,Bank transfer (manual),GoSend/Grab Instant,C001063,new,Jakarta,DKI Jakarta,ID,completed,2026-08-20,2026-08-21,dm,ig_education_p10,17902418134265098,dm_time_proximity,
IG-20260819-0003,2026-08-19 12:31:51,2026-08-19,Wednesday,Instagram,Instagram (DM/WhatsApp),LT-GRN,"Loop Tote, Sea-green",Sea-green,standard,1,189000,189000,9500,IGDM5,15000,194500,0,0,78000,101500,IDR,194500,,COD (local courier),J&T Express,C001064,new,Jakarta,DKI Jakarta,ID,completed,2026-08-20,2026-08-22,dm,ig_education_p10,17902418134265098,dm_time_proximity,
26081989578271E,2026-08-19 13:51:13,2026-08-19,Wednesday,Indonesian marketplace,Shopee,LT-GRN,"Loop Tote, Sea-green",Sea-green,standard,1,189000,189000,0,,15000,204000,17955,0,78000,93045,IDR,204000,,Bank transfer (VA),JNE,C001065,new,Bekasi,West Java,ID,completed,2026-08-20,2026-08-21,shop_page,,,,
IG-20260819-0004,2026-08-19 14:02:51,2026-08-19,Wednesday,Instagram,Instagram (DM/WhatsApp),LT-GRN,"Loop Tote, Sea-green",Sea-green,standard,1,189000,189000,0,,15000,204000,0,0,78000,111000,IDR,204000,,Bank transfer (manual),GoSend/Grab Instant,C001066,new,Jakarta,DKI Jakarta,ID,completed,2026-08-19,2026-08-21,dm,ig_education_p10,17902418134265098,dm_time_proximity,
STR-20260819-0001,2026-08-19 15:01:45,2026-08-19,Wednesday,Physical store,Bandung store,LT-SND,"Loop Tote, Sand",Sand,standard,1,189000,189000,0,,0,189000,0,7481,78000,103519,IDR,189000,,Credit card,In-store pickup,C001067,new,Bandung,West Java,ID,completed,2026-08-19,2026-08-19,walk-in,,,,
26081941685103F,2026-08-19 15:12:29,2026-08-19,Wednesday,Indonesian marketplace,Shopee,LT-SND,"Loop Tote, Sand",Sand,standard,1,189000,189000,0,,15000,204000,17955,0,78000,93045,IDR,204000,,ShopeePay,SiCepat,C001068,new,Batam,Riau Islands,ID,completed,2026-08-20,2026-08-24,marketplace_search,,,,
INV/20260819/MPL/782433802,2026-08-19 18:02:29,2026-08-19,Wednesday,Indonesian marketplace,Tokopedia,LT-SND,"Loop Tote, Sand",Sand,standard,3,189000,567000,0,,25000,592000,45360,0,234000,287640,IDR,592000,,Bank transfer (VA),JNE,C000134,returning,Batam,Riau Islands,ID,completed,2026-08-19,2026-08-24,marketplace_campaign,,,,
STR-20260819-0002,2026-08-19 18:36:01,2026-08-19,Wednesday,Physical store,Bandung store,LT-IND,"Loop Tote, Indigo",Indigo,standard,1,189000,189000,0,,0,189000,0,1890,78000,109110,IDR,189000,,Debit card,In-store pickup,C000499,returning,Bandung,West Java,ID,completed,2026-08-19,2026-08-19,walk-in,,,,
26081951138806G,2026-08-19 19:56:47,2026-08-19,Wednesday,Indonesian marketplace,Shopee,LT-GRN,"Loop Tote, Sea-green",Sea-green,standard,1,189000,189000,9500,Platform voucher,30000,209500,17052,0,78000,84448,IDR,209500,,Alfamart/Indomaret,Shopee Xpress / platform courier,C001069,new,Subang,West Java,ID,completed,2026-08-19,2026-08-23,marketplace_search,,,,
#LT10311,2026-08-19 20:53:12,2026-08-19,Wednesday,Website (Shopify),Website (Shopify),LT-IND,"Loop Tote, Indigo",Indigo,standard,2,189000,378000,0,,0,378000,0,4000,156000,218000,IDR,378000,,Bank transfer (VA),GoSend/Grab Instant,C001070,new,Banjarmasin,South Kalimantan,ID,completed,2026-08-20,2026-08-27,whatsapp,,,,
IG-20260819-0005,2026-08-19 21:46:23,2026-08-19,Wednesday,Instagram,Instagram (DM/WhatsApp),LT-GRN,"Loop Tote, Sea-green",Sea-green,standard,1,189000,189000,0,,40000,229000,0,0,78000,111000,IDR,229000,,COD (local courier),J&T Express,C000540,returning,Bogor,West Java,ID,completed,2026-08-20,2026-08-21,whatsapp_click,ig_education_p10,17902418134265098,dm_time_proximity,
567786438633368,2026-08-19 22:32:44,2026-08-19,Wednesday,Indonesian marketplace,Lazada,LT-GRN,"Loop Tote, Sea-green",Sea-green,standard,2,189000,378000,30000,Platform voucher,35000,383000,0,0,156000,0,IDR,383000,,ShopeePay,,C001071,new,Jakarta,DKI Jakarta,ID,cancelled,,,recommended,,,,
113-5849723-3013898,2026-08-20 02:33:35,2026-08-20,Thursday,Amazon,Amazon,LT-GRN,"Loop Tote, Sea-green",Sea-green,standard,1,260637,260637,0,,113937,374574,39096,0,78000,143541,USD,22.98,16300,Credit card,DHL eCommerce,C001072,new,Amsterdam,North Holland,NL,completed,2026-08-21,2026-09-06,marketplace_search,,,,
113-7677341-1266433,2026-08-20 13:17:42,2026-08-20,Thursday,Amazon,Amazon,LT-SND,"Loop Tote, Sand",Sand,standard,1,260637,260637,0,,113937,374574,39096,0,78000,143541,USD,22.98,16300,Credit card,DHL eCommerce,C001073,new,Berlin,Berlin,DE,completed,2026-08-21,2026-08-29,recommended,,,,
26082047665421B,2026-08-20 13:25:32,2026-08-20,Thursday,Indonesian marketplace,Shopee,LT-GRN,"Loop Tote, Sea-green",Sea-green,standard,1,189000,189000,0,,15000,204000,17955,0,78000,93045,IDR,204000,,PayLater,JNE,C001074,new,Bandar Lampung,Lampung,ID,completed,2026-08-21,2026-08-24,marketplace_search,,,,
IG-20260820-0001,2026-08-20 13:42:00,2026-08-20,Thursday,Instagram,Instagram (DM/WhatsApp),LT-MIX,"Loop Tote (assorted, bulk)",Assorted,bulk_corporate,89,189000,16821000,2019000,CORPORATE,0,14802000,0,0,6942000,-25000,IDR,14802000,,Bank transfer (manual),SiCepat,B01080,business,Jakarta,DKI Jakarta,ID,returned,2026-08-20,2026-08-22,dm,ig_b2b_partners_p09,17904387674666942,b2b_post_proximity,
#LT10312,2026-08-20 14:10:27,2026-08-20,Thursday,Website (Shopify),Website (Shopify),LT-GRN,"Loop Tote, Sea-green",Sea-green,standard,1,189000,189000,0,,0,189000,0,2835,78000,108165,IDR,189000,,GoPay,GoSend/Grab Instant,C001076,new,Cimahi,West Java,ID,completed,2026-08-21,2026-08-22,direct,,,,
#LT10313,2026-08-20 19:40:11,2026-08-20,Thursday,Website (Shopify),Website (Shopify),LT-GRN,"Loop Tote, Sea-green",Sea-green,standard,1,189000,189000,0,,32000,221000,0,8409,78000,102591,IDR,221000,,Credit card,JNE,C001077,new,Medan,North Sumatra,ID,completed,2026-08-21,2026-08-26,direct,,,,
INV/20260821/MPL/252590766,2026-08-21 01:10:37,2026-08-21,Friday,Indonesian marketplace,Tokopedia,LT-IND,"Loop Tote, Indigo",Indigo,standard,1,189000,189000,0,,0,189000,15120,0,78000,95880,IDR,189000,,ShopeePay,SiCepat,C001078,new,Cimahi,West Java,ID,completed,2026-08-22,2026-08-23,marketplace_search,,,,
STR-20260821-0001,2026-08-21 11:41:39,2026-08-21,Friday,Physical store,Bandung store,LT-GRN,"Loop Tote, Sea-green",Sea-green,standard,1,189000,189000,0,,0,189000,0,1890,78000,109110,IDR,189000,,Debit card,In-store pickup,C001079,new,Bandung,West Java,ID,completed,2026-08-21,2026-08-21,walk-in,,,,
INV/20260821/MPL/275284993,2026-08-21 12:53:35,2026-08-21,Friday,Indonesian marketplace,Tokopedia,LT-IND,"Loop Tote, Indigo",Indigo,standard,2,189000,378000,0,,20000,398000,30240,0,156000,191760,IDR,398000,,ShopeePay,JNE,C001080,new,Tangerang,Banten,ID,completed,2026-08-22,2026-08-25,marketplace_search,,,,
891668354369166,2026-08-21 15:52:39,2026-08-21,Friday,Indonesian marketplace,Lazada,LT-GRN,"Loop Tote, Sea-green",Sea-green,standard,1,189000,189000,0,,0,189000,16065,0,78000,94935,IDR,189000,,Credit card,AnterAja,C001081,new,Jakarta,DKI Jakarta,ID,completed,2026-08-21,2026-08-22,marketplace_search,,,,
STR-20260821-0002,2026-08-21 15:55:40,2026-08-21,Friday,Physical store,Bandung store,LT-GRN,"Loop Tote, Sea-green",Sea-green,standard,1,189000,189000,0,,0,189000,0,1890,78000,109110,IDR,189000,,Debit card,In-store pickup,C001082,new,Bandung,West Java,ID,completed,2026-08-21,2026-08-21,walk-in,,,,
#LT10314,2026-08-21 16:12:01,2026-08-21,Friday,Website (Shopify),Website (Shopify),LT-IND,"Loop Tote, Indigo",Indigo,standard,1,189000,189000,0,,32000,221000,0,0,78000,0,IDR,221000,,Bank transfer (VA),,C001083,new,Yogyakarta,DI Yogyakarta,ID,cancelled,,,instagram / bio_link,ig_always_on,,,
BLI-20260821-250724,2026-08-21 16:41:32,2026-08-21,Friday,Indonesian marketplace,Blibli,LT-IND,"Loop Tote, Indigo",Indigo,standard,1,189000,189000,0,,12000,201000,15120,0,78000,95880,IDR,201000,,Bank transfer (VA),JNE,C000274,returning,Banjarmasin,South Kalimantan,ID,completed,2026-08-22,2026-08-29,marketplace_search,,,,
IG-20260821-0001,2026-08-21 17:03:26,2026-08-21,Friday,Instagram,Instagram (DM/WhatsApp),LT-SND,"Loop Tote, Sand",Sand,standard,1,189000,189000,9500,IGDM5,15000,194500,0,0,78000,101500,IDR,194500,,Bank transfer (manual),GoSend/Grab Instant,C001084,new,Jakarta,DKI Jakarta,ID,completed,2026-08-22,2026-08-24,story_reply,,,,
147243751232378,2026-08-21 17:43:57,2026-08-21,Friday,Indonesian marketplace,Lazada,LT-GRN,"Loop Tote, Sea-green",Sea-green,standard,1,189000,189000,28500,Platform voucher,25000,185500,13643,0,78000,68857,IDR,185500,,Credit card,Shopee Xpress / platform courier,C001085,new,Semarang,Central Java,ID,completed,2026-08-21,2026-08-23,marketplace_search,,,,
#LT10315,2026-08-21 17:56:30,2026-08-21,Friday,Website (Shopify),Website (Shopify),LT-GRN,"Loop Tote, Sea-green",Sea-green,standard,2,189000,378000,0,,0,378000,0,5670,156000,216330,IDR,378000,,GoPay,SiCepat,C001086,new,Jakarta,DKI Jakarta,ID,completed,2026-08-22,2026-08-24,direct,,,,
STR-20260821-0003,2026-08-21 17:59:47,2026-08-21,Friday,Physical store,Bandung store,LT-GRN,"Loop Tote, Sea-green",Sea-green,standard,1,189000,189000,0,,0,189000,0,1323,78000,109677,IDR,189000,,QRIS,In-store pickup,C001087,new,Bandung,West Java,ID,completed,2026-08-21,2026-08-21,walk-in,,,,
#LT10316,2026-08-21 18:47:45,2026-08-21,Friday,Website (Shopify),Website (Shopify),LT-GRN,"Loop Tote, Sea-green",Sea-green,standard,1,189000,189000,0,,15000,204000,0,3060,78000,107940,IDR,204000,,GoPay,SiCepat,C001088,new,Cianjur,West Java,ID,completed,2026-08-22,2026-08-26,google / organic,,,,
STR-20260821-0004,2026-08-21 18:49:57,2026-08-21,Friday,Physical store,Bandung store,LT-SND,"Loop Tote, Sand",Sand,standard,2,189000,378000,0,,0,378000,0,3780,156000,218220,IDR,378000,,Debit card,In-store pickup,C001089,new,Bandung,West Java,ID,completed,2026-08-21,2026-08-21,walk-in,,,,
STR-20260821-0005,2026-08-21 19:13:54,2026-08-21,Friday,Physical store,Bandung store,LT-SND,"Loop Tote, Sand",Sand,standard,1,189000,189000,0,,0,189000,0,1890,78000,109110,IDR,189000,,Debit card,In-store pickup,C001090,new,Bandung,West Java,ID,completed,2026-08-21,2026-08-21,walk-in,,17902418134265098,assisted_time_proximity,
#LT10317,2026-08-21 19:41:21,2026-08-21,Friday,Website (Shopify),Website (Shopify),LT-IND,"Loop Tote, Indigo",Indigo,standard,1,189000,189000,0,,40000,229000,0,4000,78000,107000,IDR,229000,,Bank transfer (VA),J&T Express,C001091,new,Bekasi,West Java,ID,completed,2026-08-22,2026-08-23,whatsapp,,,,
IG-20260821-0002,2026-08-21 20:05:34,2026-08-21,Friday,Instagram,Instagram (DM/WhatsApp),LT-IND,"Loop Tote, Indigo",Indigo,standard,1,189000,189000,0,,15000,204000,0,3060,78000,107940,IDR,204000,,GoPay/OVO,SiCepat,C001092,new,Bandung,West Java,ID,completed,2026-08-21,2026-08-23,dm,,,,
26082177452543B,2026-08-21 20:07:18,2026-08-21,Friday,Indonesian marketplace,Shopee,LT-GRN,"Loop Tote, Sea-green",Sea-green,standard,2,189000,378000,38000,Platform voucher,0,340000,32300,0,156000,151700,IDR,340000,,Bank transfer (VA),J&T Express,C001093,new,Palembang,South Sumatra,ID,completed,2026-08-22,2026-08-25,marketplace_search,,,,
#LT10318,2026-08-21 21:25:46,2026-08-21,Friday,Website (Shopify),Website (Shopify),LT-GRN,"Loop Tote, Sea-green",Sea-green,standard,1,189000,189000,0,,40000,229000,0,4000,78000,-29000,IDR,229000,,Bank transfer (VA),GoSend/Grab Instant,C001094,new,Jakarta,DKI Jakarta,ID,returned,2026-08-21,2026-08-23,instagram / bio_link,ig_always_on,,,
113-7519243-3864249,2026-08-22 03:34:17,2026-08-22,Saturday,Amazon,Amazon,LT-GRN,"Loop Tote, Sea-green",Sea-green,standard,1,260637,260637,0,,113937,374574,39096,0,78000,143541,USD,22.98,16300,Credit card,DHL eCommerce,C001095,new,Singapore,Singapore,SG,completed,2026-08-23,2026-09-04,marketplace_campaign,,,,
#LT10319,2026-08-22 06:23:02,2026-08-22,Saturday,Website (Shopify),Website (Shopify),LT-GRN,"Loop Tote, Sea-green",Sea-green,standard,1,189000,189000,0,,32000,221000,0,3315,78000,107685,IDR,221000,,ShopeePay,JNE,C000949,returning,Sukabumi,West Java,ID,completed,2026-08-22,2026-08-26,direct,,,,
IG-20260822-0001,2026-08-22 08:30:44,2026-08-22,Saturday,Instagram,Instagram (DM/WhatsApp),LT-SND,"Loop Tote, Sand",Sand,standard,1,189000,189000,0,,40000,229000,0,0,78000,111000,IDR,229000,,Bank transfer (manual),JNE,C001096,new,Cimahi,West Java,ID,completed,2026-08-22,2026-08-23,dm,,,,
INV/20260822/MPL/651799913,2026-08-22 09:55:56,2026-08-22,Saturday,Indonesian marketplace,Tokopedia,LT-IND,"Loop Tote, Indigo",Indigo,standard,2,189000,378000,0,,20000,398000,30240,0,156000,191760,IDR,398000,,ShopeePay,SiCepat,C001002,returning,Yogyakarta,DI Yogyakarta,ID,completed,2026-08-23,2026-08-27,marketplace_search,,,,
STR-20260822-0001,2026-08-22 10:24:26,2026-08-22,Saturday,Physical store,Bandung store,LT-GRN,"Loop Tote, Sea-green",Sea-green,standard,1,189000,189000,0,,0,189000,0,0,78000,111000,IDR,189000,,Cash,In-store pickup,C001097,new,Bandung,West Java,ID,completed,2026-08-22,2026-08-22,walk-in,,17902418134265098,assisted_time_proximity,
#LT10320,2026-08-22 10:28:14,2026-08-22,Saturday,Website (Shopify),Website (Shopify),LT-IND,"Loop Tote, Indigo",Indigo,standard,1,189000,189000,0,,0,189000,0,4000,78000,107000,IDR,189000,,Bank transfer (VA),SiCepat,C001098,new,South Tangerang,Banten,ID,completed,2026-08-23,2026-08-24,direct,,,,
IG-20260822-0002,2026-08-22 11:43:58,2026-08-22,Saturday,Instagram,Instagram (DM/WhatsApp),LT-SND,"Loop Tote, Sand",Sand,standard,1,189000,189000,0,,25000,214000,0,0,78000,-25000,IDR,214000,,Bank transfer (manual),SiCepat,C001099,new,Subang,West Java,ID,returned,2026-08-22,2026-08-25,dm,,,,
STR-20260822-0002,2026-08-22 12:08:14,2026-08-22,Saturday,Physical store,Bandung store,LT-IND,"Loop Tote, Indigo",Indigo,standard,1,189000,189000,0,,0,189000,0,0,78000,111000,IDR,189000,,Cash,In-store pickup,C001100,new,Bandung,West Java,ID,completed,2026-08-22,2026-08-22,walk-in,,,,
113-2906317-5669990,2026-08-22 13:13:34,2026-08-22,Saturday,Amazon,Amazon,LT-IND,"Loop Tote, Indigo",Indigo,standard,1,260637,260637,0,,113937,374574,39096,0,78000,143541,USD,22.98,16300,Credit card,DHL eCommerce,C001101,new,Berlin,Berlin,DE,completed,2026-08-22,2026-09-04,marketplace_search,,,,
INV/20260822/MPL/140306186,2026-08-22 14:28:17,2026-08-22,Saturday,Indonesian marketplace,Tokopedia,LT-GRN,"Loop Tote, Sea-green",Sea-green,standard,2,189000,378000,0,,0,378000,30240,0,156000,191760,IDR,378000,,Bank transfer (VA),SiCepat,C001102,new,Bekasi,West Java,ID,completed,2026-08-23,2026-08-24,marketplace_campaign,,,,
STR-20260822-0003,2026-08-22 16:15:25,2026-08-22,Saturday,Physical store,Bandung store,LT-GRN,"Loop Tote, Sea-green",Sea-green,standard,1,189000,189000,0,,0,189000,0,1323,78000,109677,IDR,189000,,QRIS,In-store pickup,C001103,new,Bandung,West Java,ID,completed,2026-08-22,2026-08-22,walk-in,,,,
26082297760283B,2026-08-22 18:03:03,2026-08-22,Saturday,Indonesian marketplace,Shopee,LT-GRN,"Loop Tote, Sea-green",Sea-green,standard,1,189000,189000,19000,Platform voucher,15000,185000,16150,0,78000,75850,IDR,185000,,Bank transfer (VA),JNE,C001104,new,Semarang,Central Java,ID,completed,2026-08-22,2026-08-24,marketplace_search,,,,
STR-20260822-0004,2026-08-22 18:19:23,2026-08-22,Saturday,Physical store,Bandung store,LT-GRN,"Loop Tote, Sea-green",Sea-green,standard,1,189000,189000,0,,0,189000,0,1890,78000,109110,IDR,189000,,Debit card,In-store pickup,C001105,new,Bandung,West Java,ID,completed,2026-08-22,2026-08-22,walk-in,,,,
STR-20260822-0005,2026-08-22 18:31:41,2026-08-22,Saturday,Physical store,Bandung store,LT-IND,"Loop Tote, Indigo",Indigo,standard,1,189000,189000,0,,0,189000,0,0,78000,111000,IDR,189000,,Cash,In-store pickup,C001106,new,Bandung,West Java,ID,completed,2026-08-22,2026-08-22,walk-in,,,,
506006290481978,2026-08-22 19:36:11,2026-08-22,Saturday,Indonesian marketplace,Lazada,LT-IND,"Loop Tote, Indigo",Indigo,standard,4,189000,756000,38000,Platform voucher,0,718000,61030,0,312000,344970,IDR,718000,,Credit card,JNE,C001107,new,Jakarta,DKI Jakarta,ID,completed,2026-08-22,2026-08-25,marketplace_search,,,,
#LT10321,2026-08-22 21:27:22,2026-08-22,Saturday,Website (Shopify),Website (Shopify),LT-IND,"Loop Tote, Indigo",Indigo,standard,1,189000,189000,0,,25000,214000,0,4000,78000,107000,IDR,214000,,Bank transfer (VA),JNE,C001108,new,Bekasi,West Java,ID,completed,2026-08-22,2026-08-25,instagram / bio_link,ig_quiz_image,17909171324675683,utm_bio_link,
IG-20260822-0003,2026-08-22 22:23:42,2026-08-22,Saturday,Instagram,Instagram (DM/WhatsApp),LT-IND,"Loop Tote, Indigo",Indigo,standard,1,189000,189000,0,,15000,204000,0,0,78000,111000,IDR,204000,,Bank transfer (manual),SiCepat,C001109,new,Jakarta,DKI Jakarta,ID,completed,2026-08-22,2026-08-25,comment,ig_quiz_image,17909171324675683,dm_entry_comment,
#LT10322,2026-08-22 22:48:51,2026-08-22,Saturday,Website (Shopify),Website (Shopify),LT-GRN,"Loop Tote, Sea-green",Sea-green,standard,2,189000,378000,0,,0,378000,0,2646,156000,219354,IDR,378000,,QRIS,SiCepat,C001110,new,Jakarta,DKI Jakarta,ID,completed,2026-08-22,2026-08-25,instagram / bio_link,ig_always_on,,,
#LT10323,2026-08-23 08:35:46,2026-08-23,Sunday,Website (Shopify),Website (Shopify),LT-SND,"Loop Tote, Sand",Sand,standard,1,189000,189000,0,,25000,214000,0,4000,78000,107000,IDR,214000,,Bank transfer (VA),GoSend/Grab Instant,C001111,new,Jakarta,DKI Jakarta,ID,completed,2026-08-24,2026-08-26,direct,,,,
26082382396260B,2026-08-23 08:51:42,2026-08-23,Sunday,Indonesian marketplace,Shopee,LT-IND,"Loop Tote, Indigo",Indigo,standard,1,189000,189000,0,,15000,204000,17955,0,78000,93045,IDR,204000,,ShopeePay,SiCepat,C000410,returning,Palembang,South Sumatra,ID,completed,2026-08-23,2026-08-28,shop_page,,,,
113-2153225-6129050,2026-08-23 10:23:35,2026-08-23,Sunday,Amazon,Amazon,LT-IND,"Loop Tote, Indigo",Indigo,standard,3,260637,781911,0,,113937,895848,117287,0,234000,430624,USD,54.96,16300,Credit card,DHL eCommerce,C001112,new,Singapore,Singapore,SG,completed,2026-08-23,2026-09-05,recommended,,17909171324675683,assisted_time_proximity,
INV/20260823/MPL/456659733,2026-08-23 10:51:43,2026-08-23,Sunday,Indonesian marketplace,Tokopedia,LT-SND,"Loop Tote, Sand",Sand,standard,1,189000,189000,0,,20000,209000,15120,0,78000,95880,IDR,209000,,PayLater,AnterAja,C001113,new,Bandung,West Java,ID,completed,2026-08-23,2026-08-24,marketplace_search,,17909171324675683,assisted_time_proximity,
STR-20260823-0001,2026-08-23 11:58:40,2026-08-23,Sunday,Physical store,Bandung store,LT-SND,"Loop Tote, Sand",Sand,standard,1,189000,189000,0,,0,189000,0,1323,78000,109677,IDR,189000,,QRIS,In-store pickup,C001114,new,Jakarta,DKI Jakarta,ID,completed,2026-08-23,2026-08-23,walk-in,,,,
#LT10324,2026-08-23 12:20:56,2026-08-23,Sunday,Website (Shopify),Website (Shopify),LT-SND,"Loop Tote, Sand",Sand,standard,1,189000,189000,0,,25000,214000,0,4000,78000,107000,IDR,214000,,Bank transfer (VA),JNE,C001115,new,Bandung,West Java,ID,completed,2026-08-23,2026-08-25,instagram / bio_link,ig_quiz_image,17909171324675683,utm_bio_link,
STR-20260823-0002,2026-08-23 13:27:38,2026-08-23,Sunday,Physical store,Bandung store,LT-GRN,"Loop Tote, Sea-green",Sea-green,standard,2,189000,378000,0,,0,378000,0,2646,156000,219354,IDR,378000,,QRIS,In-store pickup,C001116,new,Bandung,West Java,ID,completed,2026-08-23,2026-08-23,walk-in,,,,
#LT10325,2026-08-23 13:33:32,2026-08-23,Sunday,Website (Shopify),Website (Shopify),LT-GRN,"Loop Tote, Sea-green",Sea-green,standard,1,189000,189000,0,,25000,214000,0,1498,78000,109502,IDR,214000,,QRIS,J&T Express,C001117,new,Cimahi,West Java,ID,completed,2026-08-24,2026-08-25,instagram / bio_link,ig_quiz_image,17909171324675683,utm_bio_link,
IG-20260823-0001,2026-08-23 13:39:58,2026-08-23,Sunday,Instagram,Instagram (DM/WhatsApp),LT-IND,"Loop Tote, Indigo",Indigo,standard,1,189000,189000,0,,40000,229000,0,0,78000,111000,IDR,229000,,Bank transfer (manual),J&T Express,C001118,new,Cimahi,West Java,ID,completed,2026-08-24,2026-08-25,comment,ig_quiz_image,17909171324675683,dm_entry_comment,
IG-20260823-0002,2026-08-23 14:48:14,2026-08-23,Sunday,Instagram,Instagram (DM/WhatsApp),LT-GRN,"Loop Tote, Sea-green",Sea-green,standard,1,189000,189000,0,,32000,221000,0,0,78000,111000,IDR,221000,,Bank transfer (manual),J&T Express,C001119,new,Sukabumi,West Java,ID,completed,2026-08-24,2026-08-26,story_reply,,,,
#LT10326,2026-08-23 15:04:30,2026-08-23,Sunday,Website (Shopify),Website (Shopify),LT-IND,"Loop Tote, Indigo",Indigo,standard,1,189000,189000,0,,15000,204000,0,3060,78000,107940,IDR,204000,,GoPay,J&T Express,C001120,new,Bekasi,West Java,ID,completed,2026-08-23,2026-08-24,instagram / bio_link,ig_quiz_image,17909171324675683,utm_bio_link,
113-9506751-1938731,2026-08-23 16:08:38,2026-08-23,Sunday,Amazon,Amazon,LT-IND,"Loop Tote, Indigo",Indigo,standard,1,260637,260637,0,,113937,374574,39096,0,78000,143541,USD,22.98,16300,Credit card,DHL eCommerce,C001121,new,Toronto,Ontario,CA,completed,2026-08-23,2026-09-02,marketplace_campaign,,,,
#LT10327,2026-08-23 16:54:03,2026-08-23,Sunday,Website (Shopify),Website (Shopify),LT-SND,"Loop Tote, Sand",Sand,standard,1,189000,189000,0,,40000,229000,0,4000,78000,107000,IDR,229000,,Bank transfer (VA),GoSend/Grab Instant,C001122,new,Denpasar,Bali,ID,completed,2026-08-23,2026-08-30,instagram / bio_link,ig_quiz_image,17909171324675683,utm_bio_link,
#LT10328,2026-08-23 18:36:28,2026-08-23,Sunday,Website (Shopify),Website (Shopify),LT-SND,"Loop Tote, Sand",Sand,standard,1,189000,189000,0,,15000,204000,0,3060,78000,107940,IDR,204000,,ShopeePay,SiCepat,C001123,new,Depok,West Java,ID,completed,2026-08-23,2026-08-26,direct,,,,
26082371385520C,2026-08-23 18:52:59,2026-08-23,Sunday,Indonesian marketplace,Shopee,LT-IND,"Loop Tote, Indigo",Indigo,standard,1,189000,189000,0,,12000,201000,17955,0,78000,-42955,IDR,201000,,Credit card,J&T Express,C001124,new,Bekasi,West Java,ID,returned,2026-08-24,2026-08-26,recommended,,,,
#LT10329,2026-08-23 19:17:19,2026-08-23,Sunday,Website (Shopify),Website (Shopify),LT-SND,"Loop Tote, Sand",Sand,standard,1,189000,189000,0,,0,189000,0,1323,78000,109677,IDR,189000,,QRIS,J&T Express,C001125,new,Depok,West Java,ID,completed,2026-08-24,2026-08-27,google / organic,,,,
#LT10330,2026-08-23 19:51:56,2026-08-23,Sunday,Website (Shopify),Website (Shopify),LT-GRN,"Loop Tote, Sea-green",Sea-green,standard,2,189000,378000,0,,0,378000,0,4000,156000,218000,IDR,378000,,Bank transfer (VA),GoSend/Grab Instant,C001126,new,Bandung,West Java,ID,completed,2026-08-23,2026-08-25,instagram / bio_link,ig_education_p13,17908305184474765,utm_bio_link,
26082370500230D,2026-08-23 20:33:26,2026-08-23,Sunday,Indonesian marketplace,Shopee,LT-IND,"Loop Tote, Indigo",Indigo,standard,1,189000,189000,0,,20000,209000,17955,0,78000,93045,IDR,209000,,ShopeePay,SiCepat,C001127,new,Tasikmalaya,West Java,ID,completed,2026-08-23,2026-08-26,shop_page,,,,
IG-20260823-0003,2026-08-23 21:00:32,2026-08-23,Sunday,Instagram,Instagram (DM/WhatsApp),LT-GRN,"Loop Tote, Sea-green",Sea-green,standard,1,189000,189000,0,,15000,204000,0,0,78000,111000,IDR,204000,,Bank transfer (manual),JNE,C001128,new,Tangerang,Banten,ID,completed,2026-08-23,2026-08-26,dm,ig_quiz_image,17909171324675683,dm_time_proximity,
26082337463352E,2026-08-23 21:00:51,2026-08-23,Sunday,Indonesian marketplace,Shopee,LT-GRN,"Loop Tote, Sea-green",Sea-green,standard,1,189000,189000,19000,Platform voucher,25000,195000,16150,0,78000,75850,IDR,195000,,ShopeePay,AnterAja,C001129,new,Semarang,Central Java,ID,completed,2026-08-24,2026-08-27,recommended,,,,
IG-20260823-0004,2026-08-23 22:19:40,2026-08-23,Sunday,Instagram,Instagram (DM/WhatsApp),LT-GRN,"Loop Tote, Sea-green",Sea-green,standard,1,189000,189000,0,,15000,204000,0,1428,78000,109572,IDR,204000,,QRIS,GoSend/Grab Instant,C000089,returning,Bandar Lampung,Lampung,ID,completed,2026-08-23,2026-08-27,dm,ig_education_p13,17908305184474765,dm_time_proximity,
113-4229026-6857879,2026-08-24 03:21:44,2026-08-24,Monday,Amazon,Amazon,LT-SND,"Loop Tote, Sand",Sand,standard,1,260637,260637,0,,113937,374574,39096,0,78000,143541,USD,22.98,16300,Credit card,DHL eCommerce,C001130,new,New York,New York,US,completed,2026-08-24,2026-09-01,marketplace_search,,,,
INV/20260824/MPL/270581930,2026-08-24 05:13:51,2026-08-24,Monday,Indonesian marketplace,Tokopedia,LT-GRN,"Loop Tote, Sea-green",Sea-green,standard,1,189000,189000,0,,0,189000,15120,0,78000,95880,IDR,189000,,Alfamart/Indomaret,SiCepat,C001131,new,Surabaya,East Java,ID,completed,2026-08-24,2026-08-28,marketplace_search,,,,
#LT10331,2026-08-24 11:09:40,2026-08-24,Monday,Website (Shopify),Website (Shopify),LT-IND,"Loop Tote, Indigo",Indigo,standard,2,189000,378000,0,,0,378000,0,2646,156000,219354,IDR,378000,,QRIS,SiCepat,C001132,new,Bandung,West Java,ID,completed,2026-08-25,2026-08-26,direct,,,,
IG-20260824-0001,2026-08-24 11:40:11,2026-08-24,Monday,Instagram,Instagram (DM/WhatsApp),LT-IND,"Loop Tote, Indigo",Indigo,standard,1,189000,189000,9500,IGDM5,32000,211500,0,8134,78000,93366,IDR,211500,,Credit card,JNE,C001084,returning,Jakarta,DKI Jakarta,ID,completed,2026-08-24,2026-08-26,whatsapp_click,ig_education_p13,17908305184474765,dm_time_proximity,
#LT10332,2026-08-24 12:38:09,2026-08-24,Monday,Website (Shopify),Website (Shopify),LT-GRN,"Loop Tote, Sea-green",Sea-green,standard,1,189000,189000,0,,40000,229000,0,8641,78000,102359,IDR,229000,,Credit card,GoSend/Grab Instant,C001133,new,Pekanbaru,Riau,ID,completed,2026-08-24,2026-08-29,instagram / bio_link,ig_always_on,,,
STR-20260824-0001,2026-08-24 12:43:22,2026-08-24,Monday,Physical store,Bandung store,LT-SND,"Loop Tote, Sand",Sand,standard,1,189000,189000,0,,0,189000,0,1323,78000,109677,IDR,189000,,QRIS,In-store pickup,C000112,returning,Jakarta,DKI Jakarta,ID,completed,2026-08-24,2026-08-24,walk-in,,,,
STR-20260824-0002,2026-08-24 13:56:44,2026-08-24,Monday,Physical store,Bandung store,LT-IND,"Loop Tote, Indigo",Indigo,standard,1,189000,189000,0,,0,189000,0,1890,78000,109110,IDR,189000,,Debit card,In-store pickup,C001134,new,Bandung,West Java,ID,completed,2026-08-24,2026-08-24,walk-in,,,,
#LT10333,2026-08-24 14:45:39,2026-08-24,Monday,Website (Shopify),Website (Shopify),LT-SND,"Loop Tote, Sand",Sand,standard,1,189000,189000,0,,32000,221000,0,1547,78000,109453,IDR,221000,,QRIS,SiCepat,C001135,new,Sukabumi,West Java,ID,completed,2026-08-25,2026-08-29,google / organic,,,,
#LT10334,2026-08-24 17:42:34,2026-08-24,Monday,Website (Shopify),Website (Shopify),LT-SND,"Loop Tote, Sand",Sand,standard,2,189000,378000,0,,0,378000,0,0,156000,0,IDR,378000,,QRIS,,C001136,new,Cimahi,West Java,ID,cancelled,,,instagram / bio_link,ig_quiz_image,17909171324675683,utm_bio_link,
#LT10335,2026-08-24 18:09:51,2026-08-24,Monday,Website (Shopify),Website (Shopify),LT-SND,"Loop Tote, Sand",Sand,standard,3,189000,567000,0,,0,567000,0,8505,234000,324495,IDR,567000,,ShopeePay,SiCepat,C001137,new,Medan,North Sumatra,ID,completed,2026-08-25,2026-09-01,google / organic,,,,
#LT10336,2026-08-24 19:02:52,2026-08-24,Monday,Website (Shopify),Website (Shopify),LT-IND,"Loop Tote, Indigo",Indigo,standard,1,189000,189000,0,,32000,221000,0,4000,78000,107000,IDR,221000,,Bank transfer (VA),GoSend/Grab Instant,C001138,new,Cimahi,West Java,ID,completed,2026-08-25,2026-08-26,instagram / bio_link,ig_always_on,,,
940074335266996,2026-08-24 20:35:59,2026-08-24,Monday,Indonesian marketplace,Lazada,LT-SND,"Loop Tote, Sand",Sand,standard,1,189000,189000,0,,12000,201000,16065,0,78000,94935,IDR,201000,,ShopeePay,AnterAja,C001139,new,Karawang,West Java,ID,completed,2026-08-25,2026-08-29,recommended,,,,
IG-20260824-0002,2026-08-24 20:38:23,2026-08-24,Monday,Instagram,Instagram (DM/WhatsApp),LT-GRN,"Loop Tote, Sea-green",Sea-green,standard,1,189000,189000,9500,IGDM5,40000,219500,0,1536,78000,99964,IDR,219500,,QRIS,J&T Express,C000931,returning,Karawang,West Java,ID,completed,2026-08-24,2026-08-27,whatsapp_click,,,,
IG-20260824-0003,2026-08-24 21:39:58,2026-08-24,Monday,Instagram,Instagram (DM/WhatsApp),LT-GRN,"Loop Tote, Sea-green",Sea-green,standard,1,189000,189000,0,,15000,204000,0,0,78000,111000,IDR,204000,,COD (local courier),J&T Express,C000151,returning,Sukabumi,West Java,ID,completed,2026-08-24,2026-08-27,dm,ig_quiz_image,17909171324675683,dm_time_proximity,
#LT10337,2026-08-25 02:14:47,2026-08-25,Tuesday,Website (Shopify),Website (Shopify),LT-GRN,"Loop Tote, Sea-green",Sea-green,standard,1,189000,189000,0,,25000,214000,0,4000,78000,107000,IDR,214000,,Bank transfer (VA),J&T Express,C001140,new,Yogyakarta,DI Yogyakarta,ID,completed,2026-08-26,2026-08-29,instagram / bio_link,ig_always_on,,,
26082586482826B,2026-08-25 02:34:42,2026-08-25,Tuesday,Indonesian marketplace,Shopee,LT-SND,"Loop Tote, Sand",Sand,standard,1,189000,189000,9500,Platform voucher,15000,194500,0,0,78000,0,IDR,194500,,ShopeePay,,C001141,new,Denpasar,Bali,ID,cancelled,,,marketplace_campaign,,,,
#LT10338,2026-08-25 08:08:12,2026-08-25,Tuesday,Website (Shopify),Website (Shopify),LT-SND,"Loop Tote, Sand",Sand,standard,1,189000,189000,0,,25000,214000,0,1498,78000,109502,IDR,214000,,QRIS,JNE,C001142,new,Garut,West Java,ID,completed,2026-08-26,2026-08-30,direct,,,,
#LT10339,2026-08-25 08:13:58,2026-08-25,Tuesday,Website (Shopify),Website (Shopify),LT-GRN,"Loop Tote, Sea-green",Sea-green,standard,2,189000,378000,0,,0,378000,0,2646,156000,219354,IDR,378000,,QRIS,SiCepat,C000534,returning,South Tangerang,Banten,ID,completed,2026-08-25,2026-08-27,instagram / bio_link,ig_always_on,,,
5846107901831935589,2026-08-25 10:00:06,2026-08-25,Tuesday,Indonesian marketplace,TikTok Shop,LT-SND,"Loop Tote, Sand",Sand,standard,1,179000,179000,0,,0,179000,15215,0,78000,85785,IDR,179000,,QRIS,AnterAja,C001143,new,Jakarta,DKI Jakarta,ID,completed,2026-08-25,2026-08-27,recommended,,,,
IG-20260825-0001,2026-08-25 10:02:51,2026-08-25,Tuesday,Instagram,Instagram (DM/WhatsApp),LT-IND,"Loop Tote, Indigo",Indigo,standard,1,189000,189000,9500,IGDM5,40000,219500,0,3292,78000,98208,IDR,219500,,GoPay/OVO,GoSend/Grab Instant,C000530,returning,Jakarta,DKI Jakarta,ID,completed,2026-08-25,2026-08-26,dm,,,,
115982356995520,2026-08-25 11:35:52,2026-08-25,Tuesday,Indonesian marketplace,Lazada,LT-IND,"Loop Tote, Indigo",Indigo,standard,1,189000,189000,0,,15000,204000,0,0,78000,0,IDR,204000,,Alfamart/Indomaret,,C001144,new,Karawang,West Java,ID,cancelled,,,marketplace_search,,,,
INV/20260825/MPL/703427960,2026-08-25 12:17:45,2026-08-25,Tuesday,Indonesian marketplace,Tokopedia,LT-SND,"Loop Tote, Sand",Sand,standard,2,189000,378000,0,,0,378000,30240,0,156000,191760,IDR,378000,,ShopeePay,SiCepat,C001145,new,Jakarta,DKI Jakarta,ID,completed,2026-08-26,2026-08-27,recommended,,,,
#LT10340,2026-08-25 14:03:26,2026-08-25,Tuesday,Website (Shopify),Website (Shopify),LT-GRN,"Loop Tote, Sea-green",Sea-green,standard,1,189000,189000,0,,15000,204000,0,7916,78000,103084,IDR,204000,,Credit card,JNE,C001146,new,Cimahi,West Java,ID,completed,2026-08-26,2026-08-28,instagram / bio_link,ig_always_on,,,
IG-20260825-0002,2026-08-25 14:57:17,2026-08-25,Tuesday,Instagram,Instagram (DM/WhatsApp),LT-GRN,"Loop Tote, Sea-green",Sea-green,standard,1,189000,189000,0,,18000,207000,0,8003,78000,102997,IDR,207000,,Credit card,JNE,C001147,new,Jakarta,DKI Jakarta,ID,completed,2026-08-26,2026-08-28,comment,,,,
#LT10341,2026-08-25 15:41:54,2026-08-25,Tuesday,Website (Shopify),Website (Shopify),LT-SND,"Loop Tote, Sand",Sand,standard,1,189000,189000,0,,40000,229000,0,1603,78000,109397,IDR,229000,,QRIS,J&T Express,C001148,new,Jakarta,DKI Jakarta,ID,completed,2026-08-26,2026-08-27,direct,,,,
113-4018100-7581185,2026-08-25 15:42:42,2026-08-25,Tuesday,Amazon,Amazon,LT-GRN,"Loop Tote, Sea-green",Sea-green,standard,1,260637,260637,0,,113937,374574,39096,0,78000,143541,USD,22.98,16300,Credit card,DHL eCommerce,C001149,new,Seattle,Washington,US,completed,2026-08-25,2026-09-07,marketplace_campaign,,,,
808002645936602,2026-08-25 15:46:29,2026-08-25,Tuesday,Indonesian marketplace,Lazada,LT-GRN,"Loop Tote, Sea-green",Sea-green,standard,2,189000,378000,0,,15000,393000,32130,0,156000,189870,IDR,393000,,Bank transfer (VA),SiCepat,C001150,new,Malang,East Java,ID,completed,2026-08-25,2026-08-27,marketplace_search,,,,
26082564620263C,2026-08-25 16:39:16,2026-08-25,Tuesday,Indonesian marketplace,Shopee,LT-SND,"Loop Tote, Sand",Sand,standard,1,189000,189000,0,,0,189000,17955,0,78000,93045,IDR,189000,,PayLater,JNE,C001151,new,Medan,North Sumatra,ID,completed,2026-08-26,2026-08-30,marketplace_search,,,,
26082586478030D,2026-08-25 16:49:11,2026-08-25,Tuesday,Indonesian marketplace,Shopee,LT-IND,"Loop Tote, Indigo",Indigo,standard,4,189000,756000,0,,12000,768000,71820,0,312000,372180,IDR,768000,,COD,AnterAja,C001152,new,Semarang,Central Java,ID,completed,2026-08-26,2026-08-30,marketplace_search,,,,
#LT10342,2026-08-25 18:57:54,2026-08-25,Tuesday,Website (Shopify),Website (Shopify),LT-GRN,"Loop Tote, Sea-green",Sea-green,standard,1,189000,189000,0,,0,189000,0,4000,78000,107000,IDR,189000,,Bank transfer (VA),JNE,C000398,returning,Bandung,West Java,ID,completed,2026-08-26,2026-08-27,direct,,,,
#LT10343,2026-08-25 19:26:28,2026-08-25,Tuesday,Website (Shopify),Website (Shopify),LT-IND,"Loop Tote, Indigo",Indigo,standard,1,189000,189000,0,,32000,221000,0,1547,78000,109453,IDR,221000,,QRIS,SiCepat,C001153,new,Jakarta,DKI Jakarta,ID,completed,2026-08-26,2026-08-29,instagram / bio_link,ig_always_on,,,
#LT10344,2026-08-25 20:17:37,2026-08-25,Tuesday,Website (Shopify),Website (Shopify),LT-GRN,"Loop Tote, Sea-green",Sea-green,standard,1,189000,189000,0,,32000,221000,0,4000,78000,107000,IDR,221000,,Bank transfer (VA),J&T Express,C000060,returning,Medan,North Sumatra,ID,completed,2026-08-25,2026-08-31,instagram / bio_link,ig_always_on,,,
IG-20260825-0003,2026-08-25 22:07:14,2026-08-25,Tuesday,Instagram,Instagram (DM/WhatsApp),LT-GRN,"Loop Tote, Sea-green",Sea-green,standard,3,189000,567000,0,,18000,585000,0,0,234000,333000,IDR,585000,,Bank transfer (manual),JNE,C001154,new,Bandung,West Java,ID,completed,2026-08-25,2026-08-27,dm,,,,
INV/20260825/MPL/274590751,2026-08-25 22:45:24,2026-08-25,Tuesday,Indonesian marketplace,Tokopedia,LT-GRN,"Loop Tote, Sea-green",Sea-green,standard,1,189000,189000,0,,25000,214000,15120,0,78000,95880,IDR,214000,,QRIS,J&T Express,C001155,new,Jakarta,DKI Jakarta,ID,completed,2026-08-25,2026-08-26,marketplace_campaign,,,,
113-9141503-5849161,2026-08-26 03:54:34,2026-08-26,Wednesday,Amazon,Amazon,LT-GRN,"Loop Tote, Sea-green",Sea-green,standard,1,260637,260637,0,,113937,374574,39096,0,78000,143541,USD,22.98,16300,Credit card,DHL eCommerce,C000196,returning,Los Angeles,California,US,completed,2026-08-26,2026-09-08,marketplace_campaign,,,,
STR-20260826-0001,2026-08-26 10:12:57,2026-08-26,Wednesday,Physical store,Bandung store,LT-GRN,"Loop Tote, Sea-green",Sea-green,standard,2,189000,378000,0,,0,378000,0,2646,156000,219354,IDR,378000,,QRIS,In-store pickup,C001156,new,Jakarta,DKI Jakarta,ID,completed,2026-08-26,2026-08-26,walk-in,,,,
26082677356360B,2026-08-26 11:12:27,2026-08-26,Wednesday,Indonesian marketplace,Shopee,LT-IND,"Loop Tote, Indigo",Indigo,standard,1,189000,189000,15000,Platform voucher,15000,189000,16530,0,78000,79470,IDR,189000,,ShopeePay,Shopee Xpress / platform courier,C001157,new,Bekasi,West Java,ID,completed,2026-08-27,2026-08-30,marketplace_search,,,,
INV/20260826/MPL/508818555,2026-08-26 12:11:04,2026-08-26,Wednesday,Indonesian marketplace,Tokopedia,LT-GRN,"Loop Tote, Sea-green",Sea-green,standard,1,189000,189000,0,,0,189000,0,0,78000,0,IDR,189000,,Bank transfer (VA),,C000880,returning,Batam,Riau Islands,ID,cancelled,,,recommended,,,,
STR-20260826-0002,2026-08-26 12:37:38,2026-08-26,Wednesday,Physical store,Bandung store,LT-SND,"Loop Tote, Sand",Sand,standard,4,189000,756000,0,,0,756000,0,7560,312000,436440,IDR,756000,,Debit card,In-store pickup,C001158,new,Bandung,West Java,ID,completed,2026-08-26,2026-08-26,walk-in,,,,
STR-20260826-0003,2026-08-26 13:30:36,2026-08-26,Wednesday,Physical store,Bandung store,LT-GRN,"Loop Tote, Sea-green",Sea-green,standard,1,189000,189000,0,,0,189000,0,1323,78000,109677,IDR,189000,,QRIS,In-store pickup,C001159,new,Bandung,West Java,ID,completed,2026-08-26,2026-08-26,walk-in,,,,
STR-20260826-0004,2026-08-26 13:36:10,2026-08-26,Wednesday,Physical store,Bandung store,LT-GRN,"Loop Tote, Sea-green",Sea-green,standard,1,189000,189000,0,,0,189000,0,1323,78000,109677,IDR,189000,,QRIS,In-store pickup,C001160,new,Bandung,West Java,ID,completed,2026-08-26,2026-08-26,walk-in,,,,
#LT10345,2026-08-26 13:50:47,2026-08-26,Wednesday,Website (Shopify),Website (Shopify),LT-IND,"Loop Tote, Indigo",Indigo,standard,1,189000,189000,0,,15000,204000,0,0,78000,0,IDR,204000,,Bank transfer (VA),,C001161,new,Bandung,West Java,ID,cancelled,,,direct,,,,
26082676630012C,2026-08-26 14:16:43,2026-08-26,Wednesday,Indonesian marketplace,Shopee,LT-IND,"Loop Tote, Indigo",Indigo,standard,4,189000,756000,0,,25000,781000,71820,0,312000,372180,IDR,781000,,ShopeePay,AnterAja,C001162,new,Makassar,South Sulawesi,ID,completed,2026-08-26,2026-08-29,marketplace_search,,,,
26082614145510D,2026-08-26 17:12:47,2026-08-26,Wednesday,Indonesian marketplace,Shopee,LT-SND,"Loop Tote, Sand",Sand,standard,1,189000,189000,0,,0,189000,17955,0,78000,93045,IDR,189000,,ShopeePay,SiCepat,C001163,new,Surabaya,East Java,ID,completed,2026-08-27,2026-08-31,marketplace_search,,,,
#LT10346,2026-08-26 17:22:05,2026-08-26,Wednesday,Website (Shopify),Website (Shopify),LT-GRN,"Loop Tote, Sea-green",Sea-green,standard,1,189000,189000,0,,18000,207000,0,8003,78000,102997,IDR,207000,,Credit card,SiCepat,C000561,returning,Depok,West Java,ID,completed,2026-08-27,2026-08-28,instagram / bio_link,ig_always_on,,,
INV/20260826/MPL/814956643,2026-08-26 19:25:41,2026-08-26,Wednesday,Indonesian marketplace,Tokopedia,LT-GRN,"Loop Tote, Sea-green",Sea-green,standard,1,189000,189000,0,,30000,219000,15120,0,78000,95880,IDR,219000,,ShopeePay,JNE,C001164,new,Depok,West Java,ID,completed,2026-08-26,2026-08-27,recommended,,,,
#LT10347,2026-08-26 19:53:55,2026-08-26,Wednesday,Website (Shopify),Website (Shopify),LT-IND,"Loop Tote, Indigo",Indigo,standard,1,189000,189000,0,,25000,214000,0,3210,78000,107790,IDR,214000,,ShopeePay,JNE,C001165,new,Karawang,West Java,ID,completed,2026-08-26,2026-08-29,direct,,,,
26082615394528E,2026-08-26 20:57:10,2026-08-26,Wednesday,Indonesian marketplace,Shopee,LT-IND,"Loop Tote, Indigo",Indigo,standard,1,189000,189000,19000,Platform voucher,0,170000,16150,0,78000,75850,IDR,170000,,Alfamart/Indomaret,Shopee Xpress / platform courier,C001166,new,Jakarta,DKI Jakarta,ID,completed,2026-08-26,2026-08-29,marketplace_campaign,,,,
26082644470765F,2026-08-26 21:40:39,2026-08-26,Wednesday,Indonesian marketplace,Shopee,LT-IND,"Loop Tote, Indigo",Indigo,standard,3,189000,567000,0,,0,567000,53865,0,234000,279135,IDR,567000,,ShopeePay,J&T Express,C001167,new,Manado,North Sulawesi,ID,completed,2026-08-26,2026-08-31,marketplace_search,,,,
5522565491306205805,2026-08-26 22:44:18,2026-08-26,Wednesday,Indonesian marketplace,TikTok Shop,LT-IND,"Loop Tote, Indigo",Indigo,standard,1,179000,179000,0,,0,179000,15215,0,78000,85785,IDR,179000,,Alfamart/Indomaret,SiCepat,C001168,new,Bandung,West Java,ID,completed,2026-08-26,2026-08-27,marketplace_search,,,,
5485075768834579739,2026-08-27 08:53:01,2026-08-27,Thursday,Indonesian marketplace,TikTok Shop,LT-SND,"Loop Tote, Sand",Sand,standard,1,179000,179000,0,,20000,199000,15215,0,78000,85785,IDR,199000,,Bank transfer (VA),JNE,C001169,new,Pekanbaru,Riau,ID,completed,2026-08-28,2026-09-01,recommended,,,,
5475290793709471266,2026-08-27 09:20:21,2026-08-27,Thursday,Indonesian marketplace,TikTok Shop,LT-GRN,"Loop Tote, Sea-green",Sea-green,standard,1,179000,179000,0,,35000,214000,15215,0,78000,85785,IDR,214000,,Bank transfer (VA),AnterAja,C001170,new,Pekanbaru,Riau,ID,completed,2026-08-28,2026-08-31,recommended,,,,
STR-20260827-0001,2026-08-27 10:11:48,2026-08-27,Thursday,Physical store,Bandung store,LT-GRN,"Loop Tote, Sea-green",Sea-green,standard,1,189000,189000,0,,0,189000,0,1890,78000,109110,IDR,189000,,Debit card,In-store pickup,C001171,new,Bandung,West Java,ID,completed,2026-08-27,2026-08-27,walk-in,,,,
26082793886299B,2026-08-27 12:46:37,2026-08-27,Thursday,Indonesian marketplace,Shopee,LT-SND,"Loop Tote, Sand",Sand,standard,1,189000,189000,15000,Platform voucher,15000,189000,16530,0,78000,79470,IDR,189000,,PayLater,AnterAja,C001172,new,Makassar,South Sulawesi,ID,completed,2026-08-27,2026-08-31,marketplace_search,,,,
#LT10348,2026-08-27 13:04:03,2026-08-27,Thursday,Website (Shopify),Website (Shopify),LT-SND,"Loop Tote, Sand",Sand,standard,1,189000,189000,0,,40000,229000,0,8641,78000,102359,IDR,229000,,Credit card,SiCepat,C001173,new,Tasikmalaya,West Java,ID,completed,2026-08-28,2026-08-31,instagram / bio_link,ig_always_on,,,
113-2717680-8290131,2026-08-27 13:45:52,2026-08-27,Thursday,Amazon,Amazon,LT-IND,"Loop Tote, Indigo",Indigo,standard,2,260637,521274,0,,113937,635211,78191,0,156000,287083,USD,38.97,16300,Credit card,DHL eCommerce,C001174,new,Tokyo,Tokyo,JP,completed,2026-08-28,2026-09-06,marketplace_campaign,,,,
26082747291510C,2026-08-27 16:45:23,2026-08-27,Thursday,Indonesian marketplace,Shopee,LT-GRN,"Loop Tote, Sea-green",Sea-green,standard,1,189000,189000,0,,35000,224000,17955,0,78000,93045,IDR,224000,,PayLater,J&T Express,C001175,new,Surabaya,East Java,ID,completed,2026-08-28,2026-09-01,marketplace_campaign,,,,
STR-20260827-0002,2026-08-27 16:49:15,2026-08-27,Thursday,Physical store,Bandung store,LT-IND,"Loop Tote, Indigo",Indigo,standard,1,189000,189000,0,,0,189000,0,0,78000,111000,IDR,189000,,Cash,In-store pickup,C001176,new,Bandung,West Java,ID,completed,2026-08-27,2026-08-27,walk-in,,,,
IG-20260827-0001,2026-08-27 17:15:59,2026-08-27,Thursday,Instagram,Instagram (DM/WhatsApp),LT-GRN,"Loop Tote, Sea-green",Sea-green,standard,1,189000,189000,0,,18000,207000,0,0,78000,111000,IDR,207000,,Bank transfer (manual),SiCepat,C001177,new,Jakarta,DKI Jakarta,ID,completed,2026-08-27,2026-08-30,story_reply,,,,
IG-20260827-0002,2026-08-27 19:13:28,2026-08-27,Thursday,Instagram,Instagram (DM/WhatsApp),LT-GRN,"Loop Tote, Sea-green",Sea-green,standard,1,189000,189000,0,,32000,221000,0,0,78000,-25000,IDR,221000,,Bank transfer (manual),J&T Express,C001178,new,Jakarta,DKI Jakarta,ID,returned,2026-08-28,2026-08-31,dm,,,,
IG-20260827-0003,2026-08-27 19:13:43,2026-08-27,Thursday,Instagram,Instagram (DM/WhatsApp),LT-IND,"Loop Tote, Indigo",Indigo,standard,1,189000,189000,0,,0,189000,0,0,78000,111000,IDR,189000,,Bank transfer (manual),GoSend/Grab Instant,C001179,new,Bandung,West Java,ID,completed,2026-08-28,2026-08-30,whatsapp_click,,,,
#LT10349,2026-08-27 19:39:02,2026-08-27,Thursday,Website (Shopify),Website (Shopify),LT-SND,"Loop Tote, Sand",Sand,standard,1,189000,189000,0,,40000,229000,0,3435,78000,107565,IDR,229000,,OVO,GoSend/Grab Instant,C000411,returning,Bandung,West Java,ID,completed,2026-08-27,2026-08-28,direct,,,,
INV/20260827/MPL/787026815,2026-08-27 19:46:23,2026-08-27,Thursday,Indonesian marketplace,Tokopedia,LT-IND,"Loop Tote, Indigo",Indigo,standard,1,189000,189000,0,,0,189000,15120,0,78000,95880,IDR,189000,,Bank transfer (VA),AnterAja,C000470,returning,Palembang,South Sumatra,ID,completed,2026-08-28,2026-09-04,marketplace_search,,,,
26082765104816D,2026-08-27 19:59:28,2026-08-27,Thursday,Indonesian marketplace,Shopee,LT-IND,"Loop Tote, Indigo",Indigo,standard,4,189000,756000,0,,0,756000,71820,0,312000,372180,IDR,756000,,Credit card,J&T Express,C001180,new,Karawang,West Java,ID,completed,2026-08-27,2026-08-31,marketplace_search,,,,
INV/20260827/MPL/677556291,2026-08-27 20:13:32,2026-08-27,Thursday,Indonesian marketplace,Tokopedia,LT-IND,"Loop Tote, Indigo",Indigo,standard,1,189000,189000,0,,0,189000,15120,0,78000,95880,IDR,189000,,QRIS,JNE,C001181,new,Medan,North Sumatra,ID,completed,2026-08-28,2026-09-03,marketplace_search,,,,
#LT10350,2026-08-27 20:54:29,2026-08-27,Thursday,Website (Shopify),Website (Shopify),LT-IND,"Loop Tote, Indigo",Indigo,standard,1,189000,189000,0,,15000,204000,0,1428,78000,109572,IDR,204000,,QRIS,SiCepat,C001182,new,Bandung,West Java,ID,completed,2026-08-28,2026-08-30,instagram / bio_link,ig_always_on,,,
INV/20260827/MPL/400116524,2026-08-27 21:12:40,2026-08-27,Thursday,Indonesian marketplace,Tokopedia,LT-SND,"Loop Tote, Sand",Sand,standard,3,189000,567000,28500,Platform voucher,12000,550500,43080,0,234000,261420,IDR,550500,,ShopeePay,Shopee Xpress / platform courier,C001183,new,Makassar,South Sulawesi,ID,completed,2026-08-28,2026-09-02,marketplace_search,,,,
INV/20260827/MPL/576062061,2026-08-27 22:53:43,2026-08-27,Thursday,Indonesian marketplace,Tokopedia,LT-GRN,"Loop Tote, Sea-green",Sea-green,standard,3,189000,567000,0,,15000,582000,45360,0,234000,287640,IDR,582000,,ShopeePay,SiCepat,C001184,new,Bandung,West Java,ID,completed,2026-08-28,2026-08-29,marketplace_campaign,,,,
26082878310469B,2026-08-28 09:03:49,2026-08-28,Friday,Indonesian marketplace,Shopee,LT-IND,"Loop Tote, Indigo",Indigo,standard,2,189000,378000,0,,20000,398000,0,0,156000,0,IDR,398000,,Bank transfer (VA),,C001185,new,Surabaya,East Java,ID,cancelled,,,recommended,,,,
IG-20260828-0001,2026-08-28 09:37:14,2026-08-28,Friday,Instagram,Instagram (DM/WhatsApp),LT-SND,"Loop Tote, Sand",Sand,standard,1,189000,189000,0,,32000,221000,0,3315,78000,107685,IDR,221000,,GoPay/OVO,J&T Express,C001186,new,Bekasi,West Java,ID,completed,2026-08-28,2026-08-30,dm,ig_batik_reel,17902562330559770,dm_time_proximity,
5315774390543941017,2026-08-28 09:40:31,2026-08-28,Friday,Indonesian marketplace,TikTok Shop,LT-IND,"Loop Tote, Indigo",Indigo,standard,1,179000,179000,14500,Platform voucher,0,164500,13983,0,78000,72517,IDR,164500,,Bank transfer (VA),Shopee Xpress / platform courier,C001187,new,Yogyakarta,DI Yogyakarta,ID,completed,2026-08-28,2026-08-31,marketplace_search,,,,
113-1148888-9411712,2026-08-28 10:21:01,2026-08-28,Friday,Amazon,Amazon,LT-SND,"Loop Tote, Sand",Sand,standard,1,260637,260637,0,,113937,374574,39096,0,78000,143541,USD,22.98,16300,Credit card,DHL eCommerce,C001188,new,New York,New York,US,completed,2026-08-28,2026-09-06,marketplace_search,,,,
#LT10351,2026-08-28 10:27:47,2026-08-28,Friday,Website (Shopify),Website (Shopify),LT-GRN,"Loop Tote, Sea-green",Sea-green,standard,1,189000,189000,0,,25000,214000,0,3210,78000,107790,IDR,214000,,GoPay,SiCepat,C001189,new,Jakarta,DKI Jakarta,ID,completed,2026-08-29,2026-08-30,instagram / bio_link,ig_batik_reel,17902562330559770,utm_bio_link,
#LT10352,2026-08-28 10:29:42,2026-08-28,Friday,Website (Shopify),Website (Shopify),LT-SND,"Loop Tote, Sand",Sand,standard,1,189000,189000,0,,15000,204000,0,1428,78000,109572,IDR,204000,,QRIS,JNE,C000721,returning,Tangerang,Banten,ID,completed,2026-08-28,2026-08-30,instagram / bio_link,ig_batik_reel,17902562330559770,utm_bio_link,
#LT10353,2026-08-28 10:42:52,2026-08-28,Friday,Website (Shopify),Website (Shopify),LT-SND,"Loop Tote, Sand",Sand,standard,1,189000,189000,0,,32000,221000,0,3315,78000,107685,IDR,221000,,ShopeePay,J&T Express,C001190,new,Cirebon,West Java,ID,completed,2026-08-29,2026-08-31,instagram / bio_link,ig_always_on,,,
IG-20260828-0002,2026-08-28 11:09:02,2026-08-28,Friday,Instagram,Instagram (DM/WhatsApp),LT-IND,"Loop Tote, Indigo",Indigo,standard,1,189000,189000,0,,18000,207000,0,0,78000,111000,IDR,207000,,Bank transfer (manual),J&T Express,C001191,new,Medan,North Sumatra,ID,completed,2026-08-28,2026-09-03,dm,ig_batik_reel,17902562330559770,dm_time_proximity,
STR-20260828-0001,2026-08-28 11:11:15,2026-08-28,Friday,Physical store,Bandung store,LT-GRN,"Loop Tote, Sea-green",Sea-green,standard,1,189000,189000,0,,0,189000,0,1890,78000,109110,IDR,189000,,Debit card,In-store pickup,C001192,new,Bandung,West Java,ID,completed,2026-08-28,2026-08-28,walk-in,,,,
26082872199402C,2026-08-28 11:12:00,2026-08-28,Friday,Indonesian marketplace,Shopee,LT-GRN,"Loop Tote, Sea-green",Sea-green,standard,2,189000,378000,0,,0,378000,35910,0,156000,186090,IDR,378000,,Bank transfer (VA),Shopee Xpress / platform courier,C001193,new,Pontianak,West Kalimantan,ID,completed,2026-08-28,2026-08-31,marketplace_search,,,,
#LT10354,2026-08-28 11:16:31,2026-08-28,Friday,Website (Shopify),Website (Shopify),LT-GRN,"Loop Tote, Sea-green",Sea-green,standard,2,189000,378000,0,,0,378000,0,2646,156000,219354,IDR,378000,,QRIS,GoSend/Grab Instant,C001194,new,Bekasi,West Java,ID,completed,2026-08-28,2026-08-31,instagram / bio_link,ig_batik_reel,17902562330559770,utm_bio_link,
IG-20260828-0003,2026-08-28 11:18:31,2026-08-28,Friday,Instagram,Instagram (DM/WhatsApp),LT-SND,"Loop Tote, Sand",Sand,standard,2,189000,378000,0,,18000,396000,0,0,156000,222000,IDR,396000,,Bank transfer (manual),GoSend/Grab Instant,C000926,returning,Jakarta,DKI Jakarta,ID,completed,2026-08-29,2026-09-01,story_reply,,,,
5347509804664345003,2026-08-28 11:21:41,2026-08-28,Friday,Indonesian marketplace,TikTok Shop,LT-GRN,"Loop Tote, Sea-green",Sea-green,standard,1,179000,179000,14500,Platform voucher,15000,179500,13983,0,78000,72517,IDR,179500,,Bank transfer (VA),Shopee Xpress / platform courier,C001195,new,Banjarmasin,South Kalimantan,ID,completed,2026-08-29,2026-09-02,shop_page,,,,
#LT10355,2026-08-28 11:22:29,2026-08-28,Friday,Website (Shopify),Website (Shopify),LT-IND,"Loop Tote, Indigo",Indigo,standard,1,189000,189000,0,,25000,214000,0,1498,78000,109502,IDR,214000,,QRIS,J&T Express,C001196,new,Bandung,West Java,ID,completed,2026-08-29,2026-08-30,instagram / bio_link,ig_batik_reel,17902562330559770,utm_bio_link,
#LT10356,2026-08-28 11:22:59,2026-08-28,Friday,Website (Shopify),Website (Shopify),LT-GRN,"Loop Tote, Sea-green",Sea-green,standard,2,189000,378000,0,,0,378000,0,4000,156000,218000,IDR,378000,,Bank transfer (VA),GoSend/Grab Instant,C001197,new,Tasikmalaya,West Java,ID,completed,2026-08-28,2026-08-31,instagram / bio_link,ig_batik_reel,17902562330559770,utm_bio_link,
#LT10357,2026-08-28 11:36:35,2026-08-28,Friday,Website (Shopify),Website (Shopify),LT-IND,"Loop Tote, Indigo",Indigo,standard,1,189000,189000,0,,25000,214000,0,4000,78000,107000,IDR,214000,,Bank transfer (VA),J&T Express,C001198,new,Bandung,West Java,ID,completed,2026-08-29,2026-08-30,instagram / bio_link,ig_batik_reel,17902562330559770,utm_bio_link,
#LT10358,2026-08-28 11:40:56,2026-08-28,Friday,Website (Shopify),Website (Shopify),LT-GRN,"Loop Tote, Sea-green",Sea-green,standard,1,189000,189000,0,,15000,204000,0,4000,78000,107000,IDR,204000,,Bank transfer (VA),J&T Express,C001199,new,Jakarta,DKI Jakarta,ID,completed,2026-08-29,2026-08-30,instagram / bio_link,ig_batik_reel,17902562330559770,utm_bio_link,
#LT10359,2026-08-28 12:06:28,2026-08-28,Friday,Website (Shopify),Website (Shopify),LT-IND,"Loop Tote, Indigo",Indigo,standard,1,189000,189000,0,,18000,207000,0,1449,78000,109551,IDR,207000,,QRIS,J&T Express,C001200,new,Yogyakarta,DI Yogyakarta,ID,completed,2026-08-29,2026-09-02,instagram / bio_link,ig_batik_reel,17902562330559770,utm_bio_link,
IG-20260828-0004,2026-08-28 12:07:50,2026-08-28,Friday,Instagram,Instagram (DM/WhatsApp),LT-IND,"Loop Tote, Indigo",Indigo,standard,1,189000,189000,0,,32000,221000,0,0,78000,111000,IDR,221000,,Bank transfer (manual),JNE,C001201,new,Jakarta,DKI Jakarta,ID,completed,2026-08-28,2026-08-29,dm,ig_batik_reel,17902562330559770,dm_time_proximity,
STR-20260828-0002,2026-08-28 12:11:51,2026-08-28,Friday,Physical store,Bandung store,LT-GRN,"Loop Tote, Sea-green",Sea-green,standard,1,189000,189000,0,,0,189000,0,1323,78000,109677,IDR,189000,,QRIS,In-store pickup,C001202,new,Bandung,West Java,ID,completed,2026-08-28,2026-08-28,walk-in,,,,
#LT10360,2026-08-28 12:18:49,2026-08-28,Friday,Website (Shopify),Website (Shopify),LT-GRN,"Loop Tote, Sea-green",Sea-green,standard,1,189000,189000,9500,NEWSLETTER5,18000,197500,0,4000,78000,97500,IDR,197500,,Bank transfer (VA),SiCepat,C001203,new,Bandar Lampung,Lampung,ID,completed,2026-08-28,2026-09-04,instagram / bio_link,ig_always_on,,,
26082877239856D,2026-08-28 12:25:01,2026-08-28,Friday,Indonesian marketplace,Shopee,LT-GRN,"Loop Tote, Sea-green",Sea-green,standard,2,189000,378000,30000,Platform voucher,20000,368000,33060,0,156000,158940,IDR,368000,,PayLater,AnterAja,C001204,new,Jakarta,DKI Jakarta,ID,completed,2026-08-29,2026-09-01,marketplace_campaign,,,,
#LT10361,2026-08-28 12:26:26,2026-08-28,Friday,Website (Shopify),Website (Shopify),LT-IND,"Loop Tote, Indigo",Indigo,standard,1,189000,189000,0,,15000,204000,0,4000,78000,107000,IDR,204000,,Bank transfer (VA),JNE,C001205,new,Bogor,West Java,ID,completed,2026-08-29,2026-08-31,instagram / bio_link,ig_batik_reel,17902562330559770,utm_bio_link,
#LT10362,2026-08-28 12:27:59,2026-08-28,Friday,Website (Shopify),Website (Shopify),LT-GRN,"Loop Tote, Sea-green",Sea-green,standard,4,189000,756000,0,,0,756000,0,11340,312000,432660,IDR,756000,,ShopeePay,SiCepat,C001206,new,Yogyakarta,DI Yogyakarta,ID,completed,2026-08-29,2026-09-02,instagram / bio_link,ig_batik_reel,17902562330559770,utm_bio_link,
#LT10363,2026-08-28 12:32:51,2026-08-28,Friday,Website (Shopify),Website (Shopify),LT-GRN,"Loop Tote, Sea-green",Sea-green,standard,1,189000,189000,0,,0,189000,0,4000,78000,107000,IDR,189000,,Bank transfer (VA),SiCepat,C001207,new,Jakarta,DKI Jakarta,ID,completed,2026-08-29,2026-08-30,instagram / bio_link,ig_batik_reel,17902562330559770,utm_bio_link,
INV/20260828/MPL/435440762,2026-08-28 12:35:52,2026-08-28,Friday,Indonesian marketplace,Tokopedia,LT-IND,"Loop Tote, Indigo",Indigo,standard,3,189000,567000,0,,0,567000,45360,0,234000,287640,IDR,567000,,Alfamart/Indomaret,Shopee Xpress / platform courier,C001208,new,Bogor,West Java,ID,completed,2026-08-29,2026-08-30,marketplace_campaign,,17902562330559770,assisted_time_proximity,
IG-20260828-0005,2026-08-28 12:40:48,2026-08-28,Friday,Instagram,Instagram (DM/WhatsApp),LT-GRN,"Loop Tote, Sea-green",Sea-green,standard,1,189000,189000,0,,32000,221000,0,8409,78000,102591,IDR,221000,,Credit card,GoSend/Grab Instant,C001209,new,Depok,West Java,ID,completed,2026-08-29,2026-08-31,dm,ig_batik_reel,17902562330559770,dm_time_proximity,
IG-20260828-0006,2026-08-28 12:44:59,2026-08-28,Friday,Instagram,Instagram (DM/WhatsApp),LT-GRN,"Loop Tote, Sea-green",Sea-green,standard,2,189000,378000,0,,25000,403000,0,0,156000,222000,IDR,403000,,Bank transfer (manual),SiCepat,C001210,new,Jakarta,DKI Jakarta,ID,completed,2026-08-28,2026-08-30,story_reply,,,,
#LT10364,2026-08-28 12:49:37,2026-08-28,Friday,Website (Shopify),Website (Shopify),LT-GRN,"Loop Tote, Sea-green",Sea-green,standard,1,189000,189000,0,,15000,204000,0,3060,78000,107940,IDR,204000,,GoPay,GoSend/Grab Instant,C000666,returning,Malang,East Java,ID,completed,2026-08-28,2026-09-01,instagram / bio_link,ig_education_p13,17908305184474765,utm_bio_link,
#LT10365,2026-08-28 12:50:59,2026-08-28,Friday,Website (Shopify),Website (Shopify),LT-GRN,"Loop Tote, Sea-green",Sea-green,standard,2,189000,378000,0,,0,378000,0,5670,156000,216330,IDR,378000,,GoPay,GoSend/Grab Instant,C001211,new,Bandung,West Java,ID,completed,2026-08-28,2026-08-29,instagram / bio_link,ig_batik_reel,17902562330559770,utm_bio_link,
#LT10366,2026-08-28 12:51:18,2026-08-28,Friday,Website (Shopify),Website (Shopify),LT-SND,"Loop Tote, Sand",Sand,standard,1,189000,189000,0,,15000,204000,0,3060,78000,107940,IDR,204000,,GoPay,SiCepat,C001212,new,Bekasi,West Java,ID,completed,2026-08-28,2026-08-30,instagram / bio_link,ig_batik_reel,17902562330559770,utm_bio_link,
IG-20260828-0007,2026-08-28 12:56:20,2026-08-28,Friday,Instagram,Instagram (DM/WhatsApp),LT-SND,"Loop Tote, Sand",Sand,standard,1,189000,189000,9500,IGDM5,18000,197500,0,0,78000,101500,IDR,197500,,Bank transfer (manual),GoSend/Grab Instant,C001213,new,Garut,West Java,ID,completed,2026-08-28,2026-09-01,dm,,,,
IG-20260828-0008,2026-08-28 13:18:38,2026-08-28,Friday,Instagram,Instagram (DM/WhatsApp),LT-SND,"Loop Tote, Sand",Sand,standard,1,189000,189000,9500,IGDM5,25000,204500,0,0,78000,0,IDR,204500,,Bank transfer (manual),,C000151,returning,Sukabumi,West Java,ID,cancelled,,,story_reply,,,,
26082842801102E,2026-08-28 13:29:07,2026-08-28,Friday,Indonesian marketplace,Shopee,LT-IND,"Loop Tote, Indigo",Indigo,standard,1,189000,189000,19000,Platform voucher,0,170000,16150,0,78000,75850,IDR,170000,,Bank transfer (VA),JNE,C001214,new,Surabaya,East Java,ID,completed,2026-08-28,2026-08-30,recommended,,,,
#LT10367,2026-08-28 13:44:27,2026-08-28,Friday,Website (Shopify),Website (Shopify),LT-SND,"Loop Tote, Sand",Sand,standard,1,189000,189000,0,,40000,229000,0,8641,78000,102359,IDR,229000,,Credit card,J&T Express,C001215,new,Bogor,West Java,ID,completed,2026-08-29,2026-08-31,instagram / bio_link,ig_batik_reel,17902562330559770,utm_bio_link,
26082883107245F,2026-08-28 14:10:06,2026-08-28,Friday,Indonesian marketplace,Shopee,LT-SND,"Loop Tote, Sand",Sand,standard,1,189000,189000,0,,12000,201000,17955,0,78000,93045,IDR,201000,,ShopeePay,Shopee Xpress / platform courier,C001216,new,Tangerang,Banten,ID,completed,2026-08-28,2026-08-29,shop_page,,,,
#LT10368,2026-08-28 14:23:35,2026-08-28,Friday,Website (Shopify),Website (Shopify),LT-IND,"Loop Tote, Indigo",Indigo,standard,1,189000,189000,0,,0,189000,0,1323,78000,109677,IDR,189000,,QRIS,SiCepat,C000534,returning,South Tangerang,Banten,ID,completed,2026-08-29,2026-09-01,instagram / bio_link,ig_batik_reel,17902562330559770,utm_bio_link,
INV/20260828/MPL/872469580,2026-08-28 14:34:10,2026-08-28,Friday,Indonesian marketplace,Tokopedia,LT-SND,"Loop Tote, Sand",Sand,standard,1,189000,189000,0,,25000,214000,15120,0,78000,95880,IDR,214000,,PayLater,SiCepat,C001217,new,Pekanbaru,Riau,ID,completed,2026-08-29,2026-09-02,marketplace_search,,,,
#LT10369,2026-08-28 14:38:38,2026-08-28,Friday,Website (Shopify),Website (Shopify),LT-GRN,"Loop Tote, Sea-green",Sea-green,standard,1,189000,189000,0,,18000,207000,0,3105,78000,107895,IDR,207000,,GoPay,J&T Express,C001218,new,Jakarta,DKI Jakarta,ID,completed,2026-08-28,2026-08-29,instagram / bio_link,ig_batik_reel,17902562330559770,utm_bio_link,
#LT10370,2026-08-28 14:53:19,2026-08-28,Friday,Website (Shopify),Website (Shopify),LT-SND,"Loop Tote, Sand",Sand,standard,1,189000,189000,0,,32000,221000,0,4000,78000,107000,IDR,221000,,Bank transfer (VA),GoSend/Grab Instant,C001219,new,Bekasi,West Java,ID,completed,2026-08-28,2026-08-31,instagram / bio_link,ig_batik_reel,17902562330559770,utm_bio_link,
#LT10371,2026-08-28 15:11:01,2026-08-28,Friday,Website (Shopify),Website (Shopify),LT-IND,"Loop Tote, Indigo",Indigo,standard,1,189000,189000,0,,25000,214000,0,1498,78000,109502,IDR,214000,,QRIS,JNE,C001220,new,Bandung,West Java,ID,completed,2026-08-29,2026-08-31,instagram / bio_link,ig_batik_reel,17902562330559770,utm_bio_link,
26082882200696G,2026-08-28 15:19:02,2026-08-28,Friday,Indonesian marketplace,Shopee,LT-IND,"Loop Tote, Indigo",Indigo,standard,1,189000,189000,19000,Platform voucher,0,170000,16150,0,78000,75850,IDR,170000,,Alfamart/Indomaret,J&T Express,C001221,new,Bekasi,West Java,ID,completed,2026-08-29,2026-09-01,marketplace_search,,17902562330559770,assisted_time_proximity,
#LT10372,2026-08-28 15:22:18,2026-08-28,Friday,Website (Shopify),Website (Shopify),LT-SND,"Loop Tote, Sand",Sand,standard,1,189000,189000,0,,25000,214000,0,0,78000,0,IDR,214000,,ShopeePay,,C001222,new,Depok,West Java,ID,cancelled,,,instagram / bio_link,ig_batik_reel,17902562330559770,utm_bio_link,
#LT10373,2026-08-28 15:23:01,2026-08-28,Friday,Website (Shopify),Website (Shopify),LT-IND,"Loop Tote, Indigo",Indigo,standard,1,189000,189000,0,,25000,214000,0,1498,78000,109502,IDR,214000,,QRIS,J&T Express,C001205,returning,Bogor,West Java,ID,completed,2026-08-28,2026-08-29,instagram / bio_link,ig_batik_reel,17902562330559770,utm_bio_link,
IG-20260828-0009,2026-08-28 15:47:18,2026-08-28,Friday,Instagram,Instagram (DM/WhatsApp),LT-IND,"Loop Tote, Indigo",Indigo,standard,1,189000,189000,0,,25000,214000,0,1498,78000,109502,IDR,214000,,QRIS,GoSend/Grab Instant,C000642,returning,Bekasi,West Java,ID,completed,2026-08-28,2026-08-29,story_reply,,,,
STR-20260828-0003,2026-08-28 15:55:02,2026-08-28,Friday,Physical store,Bandung store,LT-GRN,"Loop Tote, Sea-green",Sea-green,standard,1,189000,189000,0,,0,189000,0,1323,78000,109677,IDR,189000,,QRIS,In-store pickup,C001223,new,Yogyakarta,DI Yogyakarta,ID,completed,2026-08-28,2026-08-28,walk-in,,,,
IG-20260828-0010,2026-08-28 16:04:30,2026-08-28,Friday,Instagram,Instagram (DM/WhatsApp),LT-IND,"Loop Tote, Indigo",Indigo,standard,1,189000,189000,0,,18000,207000,0,8003,78000,102997,IDR,207000,,Credit card,GoSend/Grab Instant,C001224,new,Jakarta,DKI Jakarta,ID,completed,2026-08-29,2026-09-01,whatsapp_click,,,,
#LT10374,2026-08-28 16:14:03,2026-08-28,Friday,Website (Shopify),Website (Shopify),LT-GRN,"Loop Tote, Sea-green",Sea-green,standard,1,189000,189000,0,,25000,214000,0,1498,78000,109502,IDR,214000,,QRIS,J&T Express,C000147,returning,Jakarta,DKI Jakarta,ID,completed,2026-08-29,2026-09-01,instagram / bio_link,ig_always_on,,,
STR-20260828-0004,2026-08-28 16:19:45,2026-08-28,Friday,Physical store,Bandung store,LT-IND,"Loop Tote, Indigo",Indigo,standard,1,189000,189000,0,,0,189000,0,1323,78000,109677,IDR,189000,,QRIS,In-store pickup,C001225,new,Bandung,West Java,ID,completed,2026-08-28,2026-08-28,walk-in,,,,
#LT10375,2026-08-28 16:24:29,2026-08-28,Friday,Website (Shopify),Website (Shopify),LT-IND,"Loop Tote, Indigo",Indigo,standard,1,189000,189000,0,,0,189000,0,1323,78000,109677,IDR,189000,,QRIS,GoSend/Grab Instant,C001226,new,Bandung,West Java,ID,completed,2026-08-29,2026-08-30,instagram / bio_link,ig_batik_reel,17902562330559770,utm_bio_link,
IG-20260828-0011,2026-08-28 16:25:41,2026-08-28,Friday,Instagram,Instagram (DM/WhatsApp),LT-IND,"Loop Tote, Indigo",Indigo,standard,1,189000,189000,9500,IGDM5,40000,219500,0,0,78000,101500,IDR,219500,,Bank transfer (manual),SiCepat,C001227,new,Depok,West Java,ID,completed,2026-08-29,2026-08-31,dm,ig_batik_reel,17902562330559770,dm_time_proximity,
#LT10376,2026-08-28 16:31:05,2026-08-28,Friday,Website (Shopify),Website (Shopify),LT-IND,"Loop Tote, Indigo",Indigo,standard,1,189000,189000,0,,0,189000,0,4000,78000,107000,IDR,189000,,Bank transfer (VA),GoSend/Grab Instant,C001228,new,Yogyakarta,DI Yogyakarta,ID,completed,2026-08-29,2026-09-02,instagram / bio_link,ig_batik_reel,17902562330559770,utm_bio_link,
IG-20260828-0012,2026-08-28 16:44:23,2026-08-28,Friday,Instagram,Instagram (DM/WhatsApp),LT-SND,"Loop Tote, Sand",Sand,standard,1,189000,189000,9500,IGDM5,0,179500,0,2692,78000,98808,IDR,179500,,GoPay/OVO,SiCepat,C001229,new,Bandung,West Java,ID,completed,2026-08-29,2026-08-31,dm,ig_batik_reel,17902562330559770,dm_time_proximity,
167006591858619,2026-08-28 16:51:58,2026-08-28,Friday,Indonesian marketplace,Lazada,LT-GRN,"Loop Tote, Sea-green",Sea-green,standard,1,189000,189000,0,,15000,204000,16065,0,78000,94935,IDR,204000,,Alfamart/Indomaret,JNE,C000067,returning,Cirebon,West Java,ID,completed,2026-08-29,2026-09-01,shop_page,,,,
#LT10377,2026-08-28 17:07:10,2026-08-28,Friday,Website (Shopify),Website (Shopify),LT-SND,"Loop Tote, Sand",Sand,standard,1,189000,189000,0,,32000,221000,0,1547,78000,109453,IDR,221000,,QRIS,SiCepat,C000285,returning,Bekasi,West Java,ID,completed,2026-08-28,2026-08-30,instagram / bio_link,ig_batik_reel,17902562330559770,utm_bio_link,
IG-20260828-0013,2026-08-28 17:16:56,2026-08-28,Friday,Instagram,Instagram (DM/WhatsApp),LT-GRN,"Loop Tote, Sea-green",Sea-green,standard,1,189000,189000,0,,25000,214000,0,0,78000,111000,IDR,214000,,Bank transfer (manual),JNE,C001230,new,Bogor,West Java,ID,completed,2026-08-29,2026-09-01,dm,,,,
113-3695006-2879833,2026-08-28 17:33:27,2026-08-28,Friday,Amazon,Amazon,LT-IND,"Loop Tote, Indigo",Indigo,standard,1,260637,260637,0,,113937,374574,39096,0,78000,143541,USD,22.98,16300,Credit card,DHL eCommerce,C001231,new,New York,New York,US,completed,2026-08-29,2026-09-12,marketplace_campaign,,17902562330559770,assisted_time_proximity,
#LT10378,2026-08-28 17:42:06,2026-08-28,Friday,Website (Shopify),Website (Shopify),LT-SND,"Loop Tote, Sand",Sand,standard,1,189000,189000,0,,32000,221000,0,8409,78000,102591,IDR,221000,,Credit card,J&T Express,C001232,new,Bogor,West Java,ID,completed,2026-08-28,2026-08-30,instagram / bio_link,ig_batik_reel,17902562330559770,utm_bio_link,
INV/20260828/MPL/894619810,2026-08-28 17:58:34,2026-08-28,Friday,Indonesian marketplace,Tokopedia,LT-IND,"Loop Tote, Indigo",Indigo,standard,1,189000,189000,0,,0,189000,15120,0,78000,95880,IDR,189000,,Alfamart/Indomaret,AnterAja,C001233,new,Surabaya,East Java,ID,completed,2026-08-29,2026-09-01,marketplace_search,,,,
26082867903451H,2026-08-28 18:30:23,2026-08-28,Friday,Indonesian marketplace,Shopee,LT-GRN,"Loop Tote, Sea-green",Sea-green,standard,2,189000,378000,0,,0,378000,35910,0,156000,186090,IDR,378000,,PayLater,Shopee Xpress / platform courier,C001234,new,Depok,West Java,ID,completed,2026-08-28,2026-08-30,marketplace_campaign,,,,
IG-20260828-0014,2026-08-28 18:45:35,2026-08-28,Friday,Instagram,Instagram (DM/WhatsApp),LT-GRN,"Loop Tote, Sea-green",Sea-green,standard,1,189000,189000,0,,25000,214000,0,0,78000,111000,IDR,214000,,Bank transfer (manual),GoSend/Grab Instant,C001235,new,Surabaya,East Java,ID,completed,2026-08-29,2026-08-31,dm,ig_batik_reel,17902562330559770,dm_time_proximity,
INV/20260828/MPL/640226622,2026-08-28 19:00:09,2026-08-28,Friday,Indonesian marketplace,Tokopedia,LT-SND,"Loop Tote, Sand",Sand,standard,1,189000,189000,0,,30000,219000,15120,0,78000,95880,IDR,219000,,Alfamart/Indomaret,JNE,C001236,new,Semarang,Central Java,ID,completed,2026-08-28,2026-09-01,shop_page,,,,
INV/20260828/MPL/718623650,2026-08-28 19:18:44,2026-08-28,Friday,Indonesian marketplace,Tokopedia,LT-GRN,"Loop Tote, Sea-green",Sea-green,standard,1,189000,189000,0,,30000,219000,15120,0,78000,95880,IDR,219000,,ShopeePay,J&T Express,C001237,new,Depok,West Java,ID,completed,2026-08-28,2026-08-29,recommended,,,,
#LT10379,2026-08-28 19:28:08,2026-08-28,Friday,Website (Shopify),Website (Shopify),LT-GRN,"Loop Tote, Sea-green",Sea-green,standard,1,189000,189000,0,,25000,214000,0,8206,78000,102794,IDR,214000,,Credit card,JNE,C001238,new,Bekasi,West Java,ID,completed,2026-08-29,2026-08-31,instagram / bio_link,ig_batik_reel,17902562330559770,utm_bio_link,
#LT10380,2026-08-28 19:28:24,2026-08-28,Friday,Website (Shopify),Website (Shopify),LT-GRN,"Loop Tote, Sea-green",Sea-green,standard,1,189000,189000,0,,25000,214000,0,0,78000,0,IDR,214000,,Credit card,,C001239,new,Bogor,West Java,ID,cancelled,,,instagram / bio_link,ig_batik_reel,17902562330559770,utm_bio_link,
113-7624889-5308233,2026-08-28 19:29:14,2026-08-28,Friday,Amazon,Amazon,LT-SND,"Loop Tote, Sand",Sand,standard,1,260637,260637,0,,113937,374574,39096,0,78000,143541,USD,22.98,16300,Credit card,DHL eCommerce,C001240,new,Sydney,New South Wales,AU,completed,2026-08-29,2026-09-09,marketplace_search,,,,
IG-20260828-0015,2026-08-28 19:35:29,2026-08-28,Friday,Instagram,Instagram (DM/WhatsApp),LT-SND,"Loop Tote, Sand",Sand,standard,1,189000,189000,0,,18000,207000,0,0,78000,111000,IDR,207000,,Bank transfer (manual),J&T Express,C001241,new,Bekasi,West Java,ID,completed,2026-08-28,2026-08-29,dm,ig_batik_reel,17902562330559770,dm_time_proximity,
#LT10381,2026-08-28 19:39:57,2026-08-28,Friday,Website (Shopify),Website (Shopify),LT-IND,"Loop Tote, Indigo",Indigo,standard,2,189000,378000,0,,0,378000,0,5670,156000,216330,IDR,378000,,GoPay,GoSend/Grab Instant,C000561,returning,Depok,West Java,ID,completed,2026-08-28,2026-08-30,instagram / bio_link,ig_batik_reel,17902562330559770,utm_bio_link,
26082840287154I,2026-08-28 19:42:33,2026-08-28,Friday,Indonesian marketplace,Shopee,LT-IND,"Loop Tote, Indigo",Indigo,standard,1,189000,189000,0,,20000,209000,17955,0,78000,93045,IDR,209000,,Credit card,AnterAja,C001242,new,Medan,North Sumatra,ID,completed,2026-08-28,2026-09-03,marketplace_campaign,,,,
522162521221837,2026-08-28 20:11:33,2026-08-28,Friday,Indonesian marketplace,Lazada,LT-GRN,"Loop Tote, Sea-green",Sea-green,standard,1,189000,189000,0,,15000,204000,16065,0,78000,94935,IDR,204000,,Bank transfer (VA),SiCepat,C001243,new,Medan,North Sumatra,ID,completed,2026-08-28,2026-08-31,recommended,,,,
#LT10382,2026-08-28 20:16:50,2026-08-28,Friday,Website (Shopify),Website (Shopify),LT-GRN,"Loop Tote, Sea-green",Sea-green,standard,1,189000,189000,9500,NEWSLETTER5,40000,219500,0,1536,78000,99964,IDR,219500,,QRIS,J&T Express,C001244,new,Bekasi,West Java,ID,completed,2026-08-28,2026-08-31,whatsapp,,,,
IG-20260828-0016,2026-08-28 20:26:00,2026-08-28,Friday,Instagram,Instagram (DM/WhatsApp),LT-GRN,"Loop Tote, Sea-green",Sea-green,standard,3,189000,567000,0,,40000,607000,0,0,234000,333000,IDR,607000,,Bank transfer (manual),J&T Express,C001245,new,Surabaya,East Java,ID,completed,2026-08-29,2026-09-01,comment,ig_batik_reel,17902562330559770,dm_entry_comment,
26082872539703J,2026-08-28 20:35:30,2026-08-28,Friday,Indonesian marketplace,Shopee,LT-SND,"Loop Tote, Sand",Sand,standard,1,189000,189000,0,,0,189000,17955,0,78000,93045,IDR,189000,,Bank transfer (VA),AnterAja,C001246,new,Pontianak,West Kalimantan,ID,completed,2026-08-29,2026-09-03,marketplace_search,,,,
IG-20260828-0017,2026-08-28 20:35:53,2026-08-28,Friday,Instagram,Instagram (DM/WhatsApp),LT-SND,"Loop Tote, Sand",Sand,standard,1,189000,189000,0,,32000,221000,0,0,78000,111000,IDR,221000,,Bank transfer (manual),J&T Express,C001247,new,Surabaya,East Java,ID,completed,2026-08-29,2026-09-01,story_reply,,,,
INV/20260828/MPL/221007338,2026-08-28 20:48:01,2026-08-28,Friday,Indonesian marketplace,Tokopedia,LT-GRN,"Loop Tote, Sea-green",Sea-green,standard,1,189000,189000,15000,Platform voucher,15000,189000,13920,0,78000,82080,IDR,189000,,ShopeePay,J&T Express,C001033,returning,Jakarta,DKI Jakarta,ID,completed,2026-08-28,2026-08-29,marketplace_search,,,,
26082847494005K,2026-08-28 20:58:09,2026-08-28,Friday,Indonesian marketplace,Shopee,LT-SND,"Loop Tote, Sand",Sand,standard,1,189000,189000,15000,Platform voucher,35000,209000,0,0,78000,0,IDR,209000,,Bank transfer (VA),,C001248,new,Pekanbaru,Riau,ID,cancelled,,,recommended,,17902562330559770,assisted_time_proximity,
903008692339574,2026-08-28 21:10:59,2026-08-28,Friday,Indonesian marketplace,Lazada,LT-IND,"Loop Tote, Indigo",Indigo,standard,1,189000,189000,0,,0,189000,16065,0,78000,94935,IDR,189000,,Bank transfer (VA),J&T Express,C001249,new,Batam,Riau Islands,ID,completed,2026-08-29,2026-09-01,recommended,,,,
26082861556546L,2026-08-28 21:23:23,2026-08-28,Friday,Indonesian marketplace,Shopee,LT-SND,"Loop Tote, Sand",Sand,standard,1,189000,189000,15000,Platform voucher,25000,199000,16530,0,78000,79470,IDR,199000,,COD,JNE,C001250,new,Solo,Central Java,ID,completed,2026-08-28,2026-08-31,recommended,,,,
#LT10383,2026-08-28 21:33:33,2026-08-28,Friday,Website (Shopify),Website (Shopify),LT-IND,"Loop Tote, Indigo",Indigo,standard,1,189000,189000,0,,15000,204000,0,1428,78000,109572,IDR,204000,,QRIS,J&T Express,C000824,returning,Bekasi,West Java,ID,completed,2026-08-28,2026-08-29,instagram / bio_link,ig_batik_reel,17902562330559770,utm_bio_link,
IG-20260828-0018,2026-08-28 21:39:43,2026-08-28,Friday,Instagram,Instagram (DM/WhatsApp),LT-SND,"Loop Tote, Sand",Sand,standard,3,189000,567000,28500,IGDM5,25000,563500,0,0,234000,304500,IDR,563500,,Bank transfer (manual),JNE,C001251,new,Karawang,West Java,ID,completed,2026-08-29,2026-08-31,dm,ig_batik_reel,17902562330559770,dm_time_proximity,
IG-20260828-0019,2026-08-28 21:39:51,2026-08-28,Friday,Instagram,Instagram (DM/WhatsApp),LT-SND,"Loop Tote, Sand",Sand,standard,2,189000,378000,0,,18000,396000,0,0,156000,222000,IDR,396000,,Bank transfer (manual),SiCepat,C001252,new,Malang,East Java,ID,completed,2026-08-28,2026-09-01,story_reply,,,,
5303456855791874340,2026-08-28 21:45:23,2026-08-28,Friday,Indonesian marketplace,TikTok Shop,LT-GRN,"Loop Tote, Sea-green",Sea-green,standard,1,179000,179000,9000,Platform voucher,25000,195000,14450,0,78000,77550,IDR,195000,,ShopeePay,SiCepat,C001253,new,Medan,North Sumatra,ID,completed,2026-08-29,2026-09-04,recommended,,,,
26082895187348M,2026-08-28 21:45:49,2026-08-28,Friday,Indonesian marketplace,Shopee,LT-GRN,"Loop Tote, Sea-green",Sea-green,standard,1,189000,189000,9500,Platform voucher,0,179500,17052,0,78000,84448,IDR,179500,,ShopeePay,SiCepat,C001254,new,Manado,North Sulawesi,ID,completed,2026-08-29,2026-09-01,marketplace_campaign,,,,
IG-20260828-0020,2026-08-28 22:42:31,2026-08-28,Friday,Instagram,Instagram (DM/WhatsApp),LT-GRN,"Loop Tote, Sea-green",Sea-green,standard,1,189000,189000,0,,15000,204000,0,0,78000,111000,IDR,204000,,Bank transfer (manual),JNE,C001255,new,Jakarta,DKI Jakarta,ID,completed,2026-08-29,2026-08-30,dm,,,,
#LT10384,2026-08-28 22:57:23,2026-08-28,Friday,Website (Shopify),Website (Shopify),LT-SND,"Loop Tote, Sand",Sand,standard,1,189000,189000,0,,0,189000,0,4000,78000,107000,IDR,189000,,Bank transfer (VA),JNE,C001256,new,Bogor,West Java,ID,completed,2026-08-28,2026-08-31,instagram / bio_link,ig_always_on,,,
#LT10385,2026-08-28 23:10:54,2026-08-28,Friday,Website (Shopify),Website (Shopify),LT-IND,"Loop Tote, Indigo",Indigo,standard,1,189000,189000,0,,15000,204000,0,4000,78000,107000,IDR,204000,,Bank transfer (VA),GoSend/Grab Instant,C001257,new,Bandung,West Java,ID,completed,2026-08-28,2026-08-30,instagram / bio_link,ig_batik_reel,17902562330559770,utm_bio_link,
IG-20260828-0021,2026-08-28 23:25:45,2026-08-28,Friday,Instagram,Instagram (DM/WhatsApp),LT-GRN,"Loop Tote, Sea-green",Sea-green,standard,2,189000,378000,0,,15000,393000,0,2751,156000,219249,IDR,393000,,QRIS,GoSend/Grab Instant,C001258,new,Pekanbaru,Riau,ID,completed,2026-08-29,2026-09-04,comment,ig_batik_reel,17902562330559770,dm_entry_comment,
#LT10386,2026-08-28 23:43:30,2026-08-28,Friday,Website (Shopify),Website (Shopify),LT-GRN,"Loop Tote, Sea-green",Sea-green,standard,1,189000,189000,0,,0,189000,0,4000,78000,107000,IDR,189000,,Bank transfer (VA),J&T Express,C001259,new,Jakarta,DKI Jakarta,ID,completed,2026-08-29,2026-08-30,instagram / bio_link,ig_batik_reel,17902562330559770,utm_bio_link,
INV/20260829/MPL/476114600,2026-08-29 01:20:31,2026-08-29,Saturday,Indonesian marketplace,Tokopedia,LT-GRN,"Loop Tote, Sea-green",Sea-green,standard,1,189000,189000,0,,25000,214000,15120,0,78000,95880,IDR,214000,,ShopeePay,Shopee Xpress / platform courier,C001260,new,Batam,Riau Islands,ID,completed,2026-08-30,2026-09-02,marketplace_campaign,,,,
113-9119121-4513849,2026-08-29 05:14:34,2026-08-29,Saturday,Amazon,Amazon,LT-IND,"Loop Tote, Indigo",Indigo,standard,1,260637,260637,0,,113937,374574,39096,0,78000,143541,USD,22.98,16300,Credit card,DHL eCommerce,C001261,new,Tokyo,Tokyo,JP,completed,2026-08-30,2026-09-10,recommended,,,,
IG-20260829-0001,2026-08-29 06:23:31,2026-08-29,Saturday,Instagram,Instagram (DM/WhatsApp),LT-IND,"Loop Tote, Indigo",Indigo,standard,1,189000,189000,9500,IGDM5,40000,219500,0,8366,78000,93134,IDR,219500,,Credit card,J&T Express,C001262,new,Jakarta,DKI Jakarta,ID,completed,2026-08-29,2026-08-30,dm,,,,
IG-20260829-0002,2026-08-29 07:07:24,2026-08-29,Saturday,Instagram,Instagram (DM/WhatsApp),LT-GRN,"Loop Tote, Sea-green",Sea-green,standard,1,189000,189000,0,,32000,221000,0,1547,78000,109453,IDR,221000,,QRIS,J&T Express,C001263,new,Bandung,West Java,ID,completed,2026-08-30,2026-08-31,dm,ig_batik_reel,17902562330559770,dm_time_proximity,
26082982268861B,2026-08-29 07:12:58,2026-08-29,Saturday,Indonesian marketplace,Shopee,LT-GRN,"Loop Tote, Sea-green",Sea-green,standard,1,189000,189000,0,,12000,201000,17955,0,78000,93045,IDR,201000,,Bank transfer (VA),SiCepat,C000029,returning,Banjarmasin,South Kalimantan,ID,completed,2026-08-29,2026-09-05,marketplace_search,,,,
IG-20260829-0003,2026-08-29 07:24:01,2026-08-29,Saturday,Instagram,Instagram (DM/WhatsApp),LT-SND,"Loop Tote, Sand",Sand,standard,1,189000,189000,0,,32000,221000,0,0,78000,111000,IDR,221000,,Bank transfer (manual),SiCepat,C001264,new,South Tangerang,Banten,ID,completed,2026-08-29,2026-09-01,dm,ig_batik_reel,17902562330559770,dm_time_proximity,
26082982382408C,2026-08-29 08:03:38,2026-08-29,Saturday,Indonesian marketplace,Shopee,LT-SND,"Loop Tote, Sand",Sand,standard,1,189000,189000,0,,12000,201000,17955,0,78000,93045,IDR,201000,,COD,JNE,C001265,new,Jakarta,DKI Jakarta,ID,completed,2026-08-30,2026-09-01,marketplace_search,,,,
#LT10387,2026-08-29 08:16:39,2026-08-29,Saturday,Website (Shopify),Website (Shopify),LT-SND,"Loop Tote, Sand",Sand,standard,1,189000,189000,0,,32000,221000,0,3315,78000,107685,IDR,221000,,OVO,GoSend/Grab Instant,C001266,new,Depok,West Java,ID,completed,2026-08-29,2026-08-30,instagram / bio_link,ig_batik_reel,17902562330559770,utm_bio_link,
IG-20260829-0004,2026-08-29 08:34:20,2026-08-29,Saturday,Instagram,Instagram (DM/WhatsApp),LT-IND,"Loop Tote, Indigo",Indigo,standard,1,189000,189000,0,,25000,214000,0,0,78000,111000,IDR,214000,,Bank transfer (manual),GoSend/Grab Instant,C001267,new,Subang,West Java,ID,completed,2026-08-29,2026-09-01,dm,,,,
#LT10388,2026-08-29 08:41:26,2026-08-29,Saturday,Website (Shopify),Website (Shopify),LT-SND,"Loop Tote, Sand",Sand,standard,1,189000,189000,0,,15000,204000,0,1428,78000,109572,IDR,204000,,QRIS,J&T Express,C001268,new,Depok,West Java,ID,completed,2026-08-29,2026-08-30,instagram / bio_link,ig_batik_reel,17902562330559770,utm_bio_link,
26082968360883D,2026-08-29 08:45:29,2026-08-29,Saturday,Indonesian marketplace,Shopee,LT-SND,"Loop Tote, Sand",Sand,standard,2,189000,378000,0,,12000,390000,35910,0,156000,186090,IDR,390000,,COD,Shopee Xpress / platform courier,C001269,new,Makassar,South Sulawesi,ID,completed,2026-08-30,2026-09-02,marketplace_campaign,,,,
26082913579162E,2026-08-29 08:46:51,2026-08-29,Saturday,Indonesian marketplace,Shopee,LT-IND,"Loop Tote, Indigo",Indigo,standard,1,189000,189000,0,,25000,214000,17955,0,78000,93045,IDR,214000,,COD,J&T Express,C001270,new,Bandung,West Java,ID,completed,2026-08-30,2026-08-31,marketplace_campaign,,,,
INV/20260829/MPL/649643044,2026-08-29 08:59:22,2026-08-29,Saturday,Indonesian marketplace,Tokopedia,LT-IND,"Loop Tote, Indigo",Indigo,standard,1,189000,189000,15000,Platform voucher,30000,204000,13920,0,78000,82080,IDR,204000,,Bank transfer (VA),Shopee Xpress / platform courier,C001271,new,Jakarta,DKI Jakarta,ID,completed,2026-08-29,2026-09-01,shop_page,,,,
#LT10389,2026-08-29 09:04:34,2026-08-29,Saturday,Website (Shopify),Website (Shopify),LT-GRN,"Loop Tote, Sea-green",Sea-green,standard,1,189000,189000,0,,0,189000,0,7481,78000,103519,IDR,189000,,Credit card,SiCepat,C001272,new,Bandung,West Java,ID,completed,2026-08-29,2026-08-31,instagram / bio_link,ig_batik_reel,17902562330559770,utm_bio_link,
IG-20260829-0005,2026-08-29 09:34:52,2026-08-29,Saturday,Instagram,Instagram (DM/WhatsApp),LT-SND,"Loop Tote, Sand",Sand,standard,1,189000,189000,0,,25000,214000,0,0,78000,111000,IDR,214000,,Bank transfer (manual),GoSend/Grab Instant,C000952,returning,Bandung,West Java,ID,completed,2026-08-29,2026-08-30,dm,ig_batik_reel,17902562330559770,dm_time_proximity,
#LT10390,2026-08-29 10:19:14,2026-08-29,Saturday,Website (Shopify),Website (Shopify),LT-GRN,"Loop Tote, Sea-green",Sea-green,standard,1,189000,189000,0,,18000,207000,0,4000,78000,107000,IDR,207000,,Bank transfer (VA),JNE,C001273,new,Depok,West Java,ID,completed,2026-08-29,2026-08-30,instagram / bio_link,ig_batik_reel,17902562330559770,utm_bio_link,
INV/20260829/MPL/248260253,2026-08-29 10:27:39,2026-08-29,Saturday,Indonesian marketplace,Tokopedia,LT-GRN,"Loop Tote, Sea-green",Sea-green,standard,1,189000,189000,0,,0,189000,15120,0,78000,95880,IDR,189000,,Bank transfer (VA),AnterAja,C001274,new,Semarang,Central Java,ID,completed,2026-08-30,2026-09-03,marketplace_search,,,,
#LT10391,2026-08-29 12:08:49,2026-08-29,Saturday,Website (Shopify),Website (Shopify),LT-GRN,"Loop Tote, Sea-green",Sea-green,standard,1,189000,189000,0,,32000,221000,0,4000,78000,107000,IDR,221000,,Bank transfer (VA),JNE,C001275,new,Jakarta,DKI Jakarta,ID,completed,2026-08-30,2026-08-31,direct,,,,
26082954563758F,2026-08-29 12:13:33,2026-08-29,Saturday,Indonesian marketplace,Shopee,LT-GRN,"Loop Tote, Sea-green",Sea-green,standard,1,189000,189000,0,,12000,201000,17955,0,78000,93045,IDR,201000,,Alfamart/Indomaret,AnterAja,C001276,new,South Tangerang,Banten,ID,completed,2026-08-29,2026-08-31,marketplace_search,,17902562330559770,assisted_time_proximity,
IG-20260829-0006,2026-08-29 12:20:22,2026-08-29,Saturday,Instagram,Instagram (DM/WhatsApp),LT-SND,"Loop Tote, Sand",Sand,standard,1,189000,189000,0,,18000,207000,0,3105,78000,107895,IDR,207000,,GoPay/OVO,SiCepat,C001277,new,South Tangerang,Banten,ID,completed,2026-08-29,2026-08-30,dm,ig_batik_reel,17902562330559770,dm_time_proximity,
#LT10392,2026-08-29 12:22:27,2026-08-29,Saturday,Website (Shopify),Website (Shopify),LT-GRN,"Loop Tote, Sea-green",Sea-green,standard,3,189000,567000,0,,0,567000,0,8505,234000,324495,IDR,567000,,ShopeePay,GoSend/Grab Instant,C001278,new,Bandung,West Java,ID,completed,2026-08-30,2026-09-01,instagram / bio_link,ig_batik_reel,17902562330559770,utm_bio_link,
#LT10393,2026-08-29 12:28:43,2026-08-29,Saturday,Website (Shopify),Website (Shopify),LT-IND,"Loop Tote, Indigo",Indigo,standard,2,189000,378000,0,,0,378000,0,5670,156000,216330,IDR,378000,,GoPay,GoSend/Grab Instant,C001279,new,Manado,North Sulawesi,ID,completed,2026-08-29,2026-09-04,instagram / bio_link,ig_batik_reel,17902562330559770,utm_bio_link,
#LT10394,2026-08-29 12:57:44,2026-08-29,Saturday,Website (Shopify),Website (Shopify),LT-SND,"Loop Tote, Sand",Sand,standard,2,189000,378000,0,,0,378000,0,12962,156000,209038,IDR,378000,,Credit card,J&T Express,C001142,returning,Garut,West Java,ID,completed,2026-08-30,2026-09-01,instagram / bio_link,ig_batik_reel,17902562330559770,utm_bio_link,
26082956481841G,2026-08-29 13:21:39,2026-08-29,Saturday,Indonesian marketplace,Shopee,LT-SND,"Loop Tote, Sand",Sand,standard,1,189000,189000,15000,Platform voucher,30000,204000,16530,0,78000,79470,IDR,204000,,Bank transfer (VA),Shopee Xpress / platform courier,C001280,new,Medan,North Sumatra,ID,completed,2026-08-30,2026-09-05,recommended,,,,
#LT10395,2026-08-29 13:27:52,2026-08-29,Saturday,Website (Shopify),Website (Shopify),LT-GRN,"Loop Tote, Sea-green",Sea-green,standard,1,189000,189000,0,,15000,204000,0,4000,78000,107000,IDR,204000,,Bank transfer (VA),GoSend/Grab Instant,C001281,new,Depok,West Java,ID,completed,2026-08-30,2026-09-01,instagram / bio_link,ig_batik_reel,17902562330559770,utm_bio_link,
IG-20260829-0007,2026-08-29 13:30:43,2026-08-29,Saturday,Instagram,Instagram (DM/WhatsApp),LT-IND,"Loop Tote, Indigo",Indigo,standard,1,189000,189000,9500,IGDM5,25000,204500,0,0,78000,101500,IDR,204500,,Bank transfer (manual),GoSend/Grab Instant,C000846,returning,Cimahi,West Java,ID,completed,2026-08-29,2026-08-31,story_reply,,,,
#LT10396,2026-08-29 14:18:41,2026-08-29,Saturday,Website (Shopify),Website (Shopify),LT-GRN,"Loop Tote, Sea-green",Sea-green,standard,1,189000,189000,0,,15000,204000,0,3060,78000,107940,IDR,204000,,ShopeePay,GoSend/Grab Instant,C001282,new,Bekasi,West Java,ID,completed,2026-08-30,2026-09-01,instagram / bio_link,ig_batik_reel,17902562330559770,utm_bio_link,
INV/20260829/MPL/306660993,2026-08-29 14:19:39,2026-08-29,Saturday,Indonesian marketplace,Tokopedia,LT-IND,"Loop Tote, Indigo",Indigo,standard,1,189000,189000,28500,Platform voucher,30000,190500,12840,0,78000,69660,IDR,190500,,ShopeePay,JNE,C001283,new,Bandung,West Java,ID,completed,2026-08-30,2026-09-01,marketplace_search,,,,
IG-20260829-0008,2026-08-29 15:13:06,2026-08-29,Saturday,Instagram,Instagram (DM/WhatsApp),LT-IND,"Loop Tote, Indigo",Indigo,standard,1,189000,189000,0,,0,189000,0,0,78000,111000,IDR,189000,,Bank transfer (manual),J&T Express,C001284,new,Depok,West Java,ID,completed,2026-08-30,2026-08-31,dm,ig_batik_reel,17902562330559770,dm_time_proximity,
STR-20260829-0001,2026-08-29 15:20:32,2026-08-29,Saturday,Physical store,Bandung store,LT-IND,"Loop Tote, Indigo",Indigo,standard,1,189000,189000,0,,0,189000,0,0,78000,111000,IDR,189000,,Cash,In-store pickup,C000395,returning,Bandung,West Java,ID,completed,2026-08-29,2026-08-29,walk-in,,,,
INV/20260829/MPL/138786679,2026-08-29 15:25:06,2026-08-29,Saturday,Indonesian marketplace,Tokopedia,LT-GRN,"Loop Tote, Sea-green",Sea-green,standard,1,189000,189000,0,,30000,219000,15120,0,78000,-40120,IDR,219000,,ShopeePay,JNE,C001285,new,Jakarta,DKI Jakarta,ID,returned,2026-08-30,2026-09-01,shop_page,,,,
IG-20260829-0009,2026-08-29 15:41:01,2026-08-29,Saturday,Instagram,Instagram (DM/WhatsApp),LT-IND,"Loop Tote, Indigo",Indigo,standard,1,189000,189000,9500,IGDM5,25000,204500,0,0,78000,101500,IDR,204500,,COD (local courier),GoSend/Grab Instant,C001286,new,Pontianak,West Kalimantan,ID,completed,2026-08-30,2026-09-03,dm,ig_batik_reel,17902562330559770,dm_time_proximity,
#LT10397,2026-08-29 15:42:01,2026-08-29,Saturday,Website (Shopify),Website (Shopify),LT-GRN,"Loop Tote, Sea-green",Sea-green,standard,1,189000,189000,0,,18000,207000,0,3105,78000,107895,IDR,207000,,OVO,SiCepat,C001287,new,Semarang,Central Java,ID,completed,2026-08-29,2026-08-31,instagram / bio_link,ig_batik_reel,17902562330559770,utm_bio_link,
STR-20260829-0002,2026-08-29 15:55:42,2026-08-29,Saturday,Physical store,Bandung store,LT-GRN,"Loop Tote, Sea-green",Sea-green,standard,1,189000,189000,0,,0,189000,0,1323,78000,109677,IDR,189000,,QRIS,In-store pickup,C001288,new,Bandung,West Java,ID,completed,2026-08-29,2026-08-29,walk-in,,,,
STR-20260829-0003,2026-08-29 16:06:46,2026-08-29,Saturday,Physical store,Bandung store,LT-SND,"Loop Tote, Sand",Sand,standard,1,189000,189000,0,,0,189000,0,1323,78000,109677,IDR,189000,,QRIS,In-store pickup,C001289,new,Bandung,West Java,ID,completed,2026-08-29,2026-08-29,walk-in,,,,
IG-20260829-0010,2026-08-29 16:27:18,2026-08-29,Saturday,Instagram,Instagram (DM/WhatsApp),LT-IND,"Loop Tote, Indigo",Indigo,standard,1,189000,189000,0,,32000,221000,0,0,78000,111000,IDR,221000,,Bank transfer (manual),GoSend/Grab Instant,C001290,new,Bandung,West Java,ID,completed,2026-08-29,2026-08-31,story_reply,ig_batik_reel,17902562330559770,dm_time_proximity,
IG-20260829-0011,2026-08-29 16:33:50,2026-08-29,Saturday,Instagram,Instagram (DM/WhatsApp),LT-SND,"Loop Tote, Sand",Sand,standard,2,189000,378000,0,,40000,418000,0,6270,156000,215730,IDR,418000,,GoPay/OVO,SiCepat,C001291,new,Depok,West Java,ID,completed,2026-08-30,2026-08-31,dm,ig_behind_the_scenes_p14,17903887245863979,dm_time_proximity,
STR-20260829-0004,2026-08-29 16:42:24,2026-08-29,Saturday,Physical store,Bandung store,LT-GRN,"Loop Tote, Sea-green",Sea-green,standard,3,189000,567000,0,,0,567000,0,3969,234000,329031,IDR,567000,,QRIS,In-store pickup,C001292,new,Cimahi,West Java,ID,completed,2026-08-29,2026-08-29,walk-in,,,,
#LT10398,2026-08-29 17:08:37,2026-08-29,Saturday,Website (Shopify),Website (Shopify),LT-GRN,"Loop Tote, Sea-green",Sea-green,standard,1,189000,189000,0,,32000,221000,0,8409,78000,102591,IDR,221000,,Credit card,J&T Express,C001293,new,Jakarta,DKI Jakarta,ID,completed,2026-08-30,2026-09-02,direct,,,,
STR-20260829-0005,2026-08-29 17:40:59,2026-08-29,Saturday,Physical store,Bandung store,LT-IND,"Loop Tote, Indigo",Indigo,standard,1,189000,189000,0,,0,189000,0,7481,78000,103519,IDR,189000,,Credit card,In-store pickup,C001294,new,Bandung,West Java,ID,completed,2026-08-29,2026-08-29,walk-in,,,,
IG-20260829-0012,2026-08-29 17:46:24,2026-08-29,Saturday,Instagram,Instagram (DM/WhatsApp),LT-IND,"Loop Tote, Indigo",Indigo,standard,2,189000,378000,0,,25000,403000,0,0,156000,222000,IDR,403000,,Bank transfer (manual),JNE,C000307,returning,Tangerang,Banten,ID,completed,2026-08-30,2026-09-01,whatsapp_click,,,,
981792848630488,2026-08-29 18:01:45,2026-08-29,Saturday,Indonesian marketplace,Lazada,LT-GRN,"Loop Tote, Sea-green",Sea-green,standard,1,189000,189000,0,,35000,224000,16065,0,78000,94935,IDR,224000,,Bank transfer (VA),AnterAja,C001295,new,Cimahi,West Java,ID,completed,2026-08-29,2026-08-30,marketplace_search,,,,
IG-20260829-0013,2026-08-29 18:05:57,2026-08-29,Saturday,Instagram,Instagram (DM/WhatsApp),LT-GRN,"Loop Tote, Sea-green",Sea-green,standard,1,189000,189000,9500,IGDM5,0,179500,0,2692,78000,98808,IDR,179500,,GoPay/OVO,JNE,C001296,new,Garut,West Java,ID,completed,2026-08-29,2026-09-01,dm,ig_batik_reel,17902562330559770,dm_time_proximity,
26082922040526H,2026-08-29 18:10:21,2026-08-29,Saturday,Indonesian marketplace,Shopee,LT-SND,"Loop Tote, Sand",Sand,standard,1,189000,189000,9500,Platform voucher,30000,209500,17052,0,78000,84448,IDR,209500,,Alfamart/Indomaret,Shopee Xpress / platform courier,C001297,new,Batam,Riau Islands,ID,completed,2026-08-30,2026-09-04,marketplace_search,,,,
IG-20260829-0014,2026-08-29 18:10:22,2026-08-29,Saturday,Instagram,Instagram (DM/WhatsApp),LT-GRN,"Loop Tote, Sea-green",Sea-green,standard,1,189000,189000,9500,IGDM5,25000,204500,0,0,78000,101500,IDR,204500,,COD (local courier),GoSend/Grab Instant,C001298,new,Cirebon,West Java,ID,completed,2026-08-30,2026-09-01,dm,ig_batik_reel,17902562330559770,dm_time_proximity,
STR-20260829-0006,2026-08-29 18:38:07,2026-08-29,Saturday,Physical store,Bandung store,LT-GRN,"Loop Tote, Sea-green",Sea-green,standard,1,189000,189000,0,,0,189000,0,7481,78000,103519,IDR,189000,,Credit card,In-store pickup,C001299,new,Bandung,West Java,ID,completed,2026-08-29,2026-08-29,walk-in,,,,
#LT10399,2026-08-29 18:51:04,2026-08-29,Saturday,Website (Shopify),Website (Shopify),LT-SND,"Loop Tote, Sand",Sand,standard,2,189000,378000,0,,0,378000,0,12962,156000,209038,IDR,378000,,Credit card,GoSend/Grab Instant,C001300,new,Depok,West Java,ID,completed,2026-08-30,2026-09-01,instagram / bio_link,ig_batik_reel,17902562330559770,utm_bio_link,
26082938762041I,2026-08-29 18:51:21,2026-08-29,Saturday,Indonesian marketplace,Shopee,LT-SND,"Loop Tote, Sand",Sand,standard,1,189000,189000,0,,25000,214000,17955,0,78000,93045,IDR,214000,,QRIS,AnterAja,C001301,new,South Tangerang,Banten,ID,completed,2026-08-30,2026-09-02,marketplace_campaign,,,,
IG-20260829-0015,2026-08-29 19:08:00,2026-08-29,Saturday,Instagram,Instagram (DM/WhatsApp),LT-GRN,"Loop Tote, Sea-green",Sea-green,standard,1,189000,189000,9500,IGDM5,0,179500,0,1256,78000,-26256,IDR,179500,,QRIS,GoSend/Grab Instant,C001302,new,Cimahi,West Java,ID,returned,2026-08-30,2026-08-31,dm,ig_batik_reel,17902562330559770,dm_time_proximity,
#LT10400,2026-08-29 19:08:54,2026-08-29,Saturday,Website (Shopify),Website (Shopify),LT-GRN,"Loop Tote, Sea-green",Sea-green,standard,1,189000,189000,0,,32000,221000,0,4000,78000,107000,IDR,221000,,Bank transfer (VA),GoSend/Grab Instant,C001303,new,Makassar,South Sulawesi,ID,completed,2026-08-30,2026-09-06,instagram / bio_link,ig_batik_reel,17902562330559770,utm_bio_link,
#LT10401,2026-08-29 19:19:21,2026-08-29,Saturday,Website (Shopify),Website (Shopify),LT-IND,"Loop Tote, Indigo",Indigo,standard,1,189000,189000,0,,25000,214000,0,3210,78000,-28210,IDR,214000,,OVO,GoSend/Grab Instant,C001304,new,Jakarta,DKI Jakarta,ID,returned,2026-08-29,2026-08-31,instagram / bio_link,ig_batik_reel,17902562330559770,utm_bio_link,
STR-20260829-0007,2026-08-29 19:21:07,2026-08-29,Saturday,Physical store,Bandung store,LT-GRN,"Loop Tote, Sea-green",Sea-green,standard,1,189000,189000,0,,0,189000,0,1890,78000,109110,IDR,189000,,Debit card,In-store pickup,C001305,new,Bandung,West Java,ID,completed,2026-08-29,2026-08-29,walk-in,,,,
IG-20260829-0016,2026-08-29 19:21:24,2026-08-29,Saturday,Instagram,Instagram (DM/WhatsApp),LT-IND,"Loop Tote, Indigo",Indigo,standard,1,189000,189000,0,,25000,214000,0,0,78000,111000,IDR,214000,,Bank transfer (manual),GoSend/Grab Instant,C001306,new,Bandung,West Java,ID,completed,2026-08-29,2026-08-30,whatsapp_click,,,,
IG-20260829-0017,2026-08-29 19:22:36,2026-08-29,Saturday,Instagram,Instagram (DM/WhatsApp),LT-IND,"Loop Tote, Indigo",Indigo,standard,1,189000,189000,0,,18000,207000,0,0,78000,111000,IDR,207000,,Bank transfer (manual),JNE,C001307,new,Tasikmalaya,West Java,ID,completed,2026-08-29,2026-09-01,dm,ig_batik_reel,17902562330559770,dm_time_proximity,
IG-20260829-0018,2026-08-29 19:24:43,2026-08-29,Saturday,Instagram,Instagram (DM/WhatsApp),LT-SND,"Loop Tote, Sand",Sand,standard,1,189000,189000,0,,15000,204000,0,3060,78000,107940,IDR,204000,,GoPay/OVO,J&T Express,C001308,new,Depok,West Java,ID,completed,2026-08-29,2026-08-30,story_reply,ig_batik_reel,17902562330559770,dm_time_proximity,
IG-20260829-0019,2026-08-29 19:36:53,2026-08-29,Saturday,Instagram,Instagram (DM/WhatsApp),LT-GRN,"Loop Tote, Sea-green",Sea-green,standard,1,189000,189000,0,,32000,221000,0,1547,78000,109453,IDR,221000,,QRIS,JNE,C001309,new,Depok,West Java,ID,completed,2026-08-30,2026-09-02,whatsapp_click,ig_batik_reel,17902562330559770,dm_time_proximity,
#LT10402,2026-08-29 19:37:34,2026-08-29,Saturday,Website (Shopify),Website (Shopify),LT-GRN,"Loop Tote, Sea-green",Sea-green,standard,1,189000,189000,0,,15000,204000,0,1428,78000,109572,IDR,204000,,QRIS,J&T Express,C001310,new,Malang,East Java,ID,completed,2026-08-29,2026-08-31,instagram / bio_link,ig_batik_reel,17902562330559770,utm_bio_link,
IG-20260829-0020,2026-08-29 19:42:50,2026-08-29,Saturday,Instagram,Instagram (DM/WhatsApp),LT-IND,"Loop Tote, Indigo",Indigo,standard,1,189000,189000,0,,15000,204000,0,0,78000,111000,IDR,204000,,COD (local courier),GoSend/Grab Instant,C001311,new,Jakarta,DKI Jakarta,ID,completed,2026-08-30,2026-08-31,story_reply,ig_batik_reel,17902562330559770,dm_time_proximity,
5351892525842441564,2026-08-29 19:43:52,2026-08-29,Saturday,Indonesian marketplace,TikTok Shop,LT-GRN,"Loop Tote, Sea-green",Sea-green,standard,2,179000,358000,0,,35000,393000,30430,0,156000,171570,IDR,393000,,PayLater,J&T Express,C001312,new,South Tangerang,Banten,ID,completed,2026-08-29,2026-08-30,marketplace_search,,,,
#LT10403,2026-08-29 19:52:12,2026-08-29,Saturday,Website (Shopify),Website (Shopify),LT-GRN,"Loop Tote, Sea-green",Sea-green,standard,1,189000,189000,0,,32000,221000,0,8409,78000,102591,IDR,221000,,Credit card,J&T Express,C001313,new,Semarang,Central Java,ID,completed,2026-08-30,2026-09-03,instagram / bio_link,ig_batik_reel,17902562330559770,utm_bio_link,
#LT10404,2026-08-29 20:04:05,2026-08-29,Saturday,Website (Shopify),Website (Shopify),LT-GRN,"Loop Tote, Sea-green",Sea-green,standard,2,189000,378000,0,,0,378000,0,4000,156000,218000,IDR,378000,,Bank transfer (VA),JNE,C001314,new,Bandung,West Java,ID,completed,2026-08-29,2026-08-30,instagram / bio_link,ig_batik_reel,17902562330559770,utm_bio_link,
IG-20260829-0021,2026-08-29 20:16:51,2026-08-29,Saturday,Instagram,Instagram (DM/WhatsApp),LT-GRN,"Loop Tote, Sea-green",Sea-green,standard,1,189000,189000,9500,IGDM5,40000,219500,0,1536,78000,99964,IDR,219500,,QRIS,SiCepat,C000307,returning,Tangerang,Banten,ID,completed,2026-08-30,2026-09-02,comment,ig_batik_reel,17902562330559770,dm_entry_comment,
#LT10405,2026-08-29 20:21:07,2026-08-29,Saturday,Website (Shopify),Website (Shopify),LT-IND,"Loop Tote, Indigo",Indigo,standard,2,189000,378000,0,,0,378000,0,12962,156000,209038,IDR,378000,,Credit card,SiCepat,C001315,new,Tangerang,Banten,ID,completed,2026-08-29,2026-08-31,instagram / bio_link,ig_batik_reel,17902562330559770,utm_bio_link,
529046025129418,2026-08-29 20:29:18,2026-08-29,Saturday,Indonesian marketplace,Lazada,LT-GRN,"Loop Tote, Sea-green",Sea-green,standard,2,189000,378000,0,,25000,403000,32130,0,156000,189870,IDR,403000,,Bank transfer (VA),Shopee Xpress / platform courier,C001316,new,Banjarmasin,South Kalimantan,ID,completed,2026-08-29,2026-09-05,marketplace_campaign,,,,
5639855677899290975,2026-08-29 20:35:39,2026-08-29,Saturday,Indonesian marketplace,TikTok Shop,LT-SND,"Loop Tote, Sand",Sand,standard,2,179000,358000,0,,30000,388000,30430,0,156000,171570,IDR,388000,,Bank transfer (VA),SiCepat,C001317,new,Surabaya,East Java,ID,completed,2026-08-29,2026-09-01,marketplace_search,,,,
IG-20260829-0022,2026-08-29 20:36:53,2026-08-29,Saturday,Instagram,Instagram (DM/WhatsApp),LT-SND,"Loop Tote, Sand",Sand,standard,2,189000,378000,0,,25000,403000,0,2821,156000,219179,IDR,403000,,QRIS,GoSend/Grab Instant,C001318,new,Jakarta,DKI Jakarta,ID,completed,2026-08-30,2026-09-01,dm,,,,
#LT10406,2026-08-29 21:32:14,2026-08-29,Saturday,Website (Shopify),Website (Shopify),LT-IND,"Loop Tote, Indigo",Indigo,standard,3,189000,567000,0,,0,567000,0,4000,234000,329000,IDR,567000,,Bank transfer (VA),J&T Express,C001319,new,Bogor,West Java,ID,completed,2026-08-30,2026-08-31,instagram / bio_link,ig_batik_reel,17902562330559770,utm_bio_link,
113-1328751-3763944,2026-08-29 21:58:02,2026-08-29,Saturday,Amazon,Amazon,LT-IND,"Loop Tote, Indigo",Indigo,standard,1,260637,260637,0,,113937,374574,39096,0,78000,143541,USD,22.98,16300,Credit card,DHL eCommerce,C001320,new,Seattle,Washington,US,completed,2026-08-30,2026-09-15,marketplace_search,,,,
#LT10407,2026-08-29 21:59:32,2026-08-29,Saturday,Website (Shopify),Website (Shopify),LT-GRN,"Loop Tote, Sea-green",Sea-green,standard,1,189000,189000,0,,0,189000,0,1323,78000,109677,IDR,189000,,QRIS,JNE,C001321,new,Bandung,West Java,ID,completed,2026-08-30,2026-08-31,instagram / bio_link,ig_batik_reel,17902562330559770,utm_bio_link,
#LT10408,2026-08-29 22:01:28,2026-08-29,Saturday,Website (Shopify),Website (Shopify),LT-GRN,"Loop Tote, Sea-green",Sea-green,standard,1,189000,189000,9500,NEWSLETTER5,15000,194500,0,2918,78000,98582,IDR,194500,,ShopeePay,GoSend/Grab Instant,C001322,new,South Tangerang,Banten,ID,completed,2026-08-29,2026-09-01,instagram / bio_link,ig_batik_reel,17902562330559770,utm_bio_link,
26082979863565J,2026-08-29 22:03:35,2026-08-29,Saturday,Indonesian marketplace,Shopee,LT-GRN,"Loop Tote, Sea-green",Sea-green,standard,2,189000,378000,0,,12000,390000,35910,0,156000,186090,IDR,390000,,ShopeePay,SiCepat,C001323,new,Denpasar,Bali,ID,completed,2026-08-30,2026-09-02,marketplace_campaign,,,,
#LT10409,2026-08-29 22:20:27,2026-08-29,Saturday,Website (Shopify),Website (Shopify),LT-IND,"Loop Tote, Indigo",Indigo,standard,1,189000,189000,0,,0,189000,0,4000,78000,107000,IDR,189000,,Bank transfer (VA),GoSend/Grab Instant,C001324,new,Depok,West Java,ID,completed,2026-08-30,2026-09-02,instagram / bio_link,ig_batik_reel,17902562330559770,utm_bio_link,
#LT10410,2026-08-29 22:34:34,2026-08-29,Saturday,Website (Shopify),Website (Shopify),LT-SND,"Loop Tote, Sand",Sand,standard,1,189000,189000,0,,25000,214000,0,3210,78000,107790,IDR,214000,,GoPay,GoSend/Grab Instant,C001325,new,Jakarta,DKI Jakarta,ID,completed,2026-08-29,2026-08-30,instagram / bio_link,ig_batik_reel,17902562330559770,utm_bio_link,
IG-20260829-0023,2026-08-29 23:05:55,2026-08-29,Saturday,Instagram,Instagram (DM/WhatsApp),LT-SND,"Loop Tote, Sand",Sand,standard,1,189000,189000,0,,15000,204000,0,0,78000,111000,IDR,204000,,Bank transfer (manual),SiCepat,C000294,returning,Jakarta,DKI Jakarta,ID,completed,2026-08-30,2026-09-01,story_reply,,,,
26083098161943B,2026-08-30 08:30:35,2026-08-30,Sunday,Indonesian marketplace,Shopee,LT-GRN,"Loop Tote, Sea-green",Sea-green,standard,1,189000,189000,0,,0,189000,17955,0,78000,93045,IDR,189000,,Bank transfer (VA),JNE,C000389,returning,Banjarmasin,South Kalimantan,ID,completed,2026-08-31,2026-09-05,shop_page,,,,
26083080300025C,2026-08-30 08:58:09,2026-08-30,Sunday,Indonesian marketplace,Shopee,LT-IND,"Loop Tote, Indigo",Indigo,standard,1,189000,189000,15000,Platform voucher,0,174000,16530,0,78000,79470,IDR,174000,,ShopeePay,Shopee Xpress / platform courier,C001326,new,Balikpapan,East Kalimantan,ID,completed,2026-08-31,2026-09-03,recommended,,,,
#LT10411,2026-08-30 09:13:33,2026-08-30,Sunday,Website (Shopify),Website (Shopify),LT-GRN,"Loop Tote, Sea-green",Sea-green,standard,1,189000,189000,0,,0,189000,0,4000,78000,107000,IDR,189000,,Bank transfer (VA),J&T Express,C001327,new,Manado,North Sulawesi,ID,completed,2026-08-31,2026-09-03,instagram / bio_link,ig_batik_reel,17902562330559770,utm_bio_link,
INV/20260830/MPL/433681582,2026-08-30 10:04:23,2026-08-30,Sunday,Indonesian marketplace,Tokopedia,LT-SND,"Loop Tote, Sand",Sand,standard,1,189000,189000,28500,Platform voucher,25000,185500,12840,0,78000,69660,IDR,185500,,ShopeePay,SiCepat,C001328,new,Bandung,West Java,ID,completed,2026-08-30,2026-09-01,marketplace_campaign,,,,
#LT10412,2026-08-30 10:13:30,2026-08-30,Sunday,Website (Shopify),Website (Shopify),LT-IND,"Loop Tote, Indigo",Indigo,standard,1,189000,189000,0,,25000,214000,0,1498,78000,109502,IDR,214000,,QRIS,GoSend/Grab Instant,C001329,new,Denpasar,Bali,ID,completed,2026-08-31,2026-09-06,instagram / bio_link,ig_process_impact_p16,17901296159799218,utm_bio_link,
STR-20260830-0001,2026-08-30 10:39:50,2026-08-30,Sunday,Physical store,Bandung store,LT-GRN,"Loop Tote, Sea-green",Sea-green,standard,1,189000,189000,0,,0,189000,0,1890,78000,109110,IDR,189000,,Debit card,In-store pickup,C001330,new,Bandung,West Java,ID,completed,2026-08-30,2026-08-30,walk-in,,,,
#LT10413,2026-08-30 10:40:15,2026-08-30,Sunday,Website (Shopify),Website (Shopify),LT-IND,"Loop Tote, Indigo",Indigo,standard,1,189000,189000,0,,15000,204000,0,4000,78000,107000,IDR,204000,,Bank transfer (VA),J&T Express,C001331,new,Tasikmalaya,West Java,ID,completed,2026-08-30,2026-09-01,instagram / bio_link,ig_batik_reel,17902562330559770,utm_bio_link,
#LT10414,2026-08-30 10:45:20,2026-08-30,Sunday,Website (Shopify),Website (Shopify),LT-GRN,"Loop Tote, Sea-green",Sea-green,standard,2,189000,378000,0,,0,378000,0,5670,156000,216330,IDR,378000,,ShopeePay,GoSend/Grab Instant,C001332,new,Bogor,West Java,ID,completed,2026-08-30,2026-08-31,instagram / bio_link,ig_batik_reel,17902562330559770,utm_bio_link,
#LT10415,2026-08-30 10:46:13,2026-08-30,Sunday,Website (Shopify),Website (Shopify),LT-GRN,"Loop Tote, Sea-green",Sea-green,standard,2,189000,378000,0,,0,378000,0,2646,156000,219354,IDR,378000,,QRIS,GoSend/Grab Instant,C001333,new,Surabaya,East Java,ID,completed,2026-08-30,2026-09-03,instagram / bio_link,ig_always_on,,,
IG-20260830-0001,2026-08-30 11:21:32,2026-08-30,Sunday,Instagram,Instagram (DM/WhatsApp),LT-SND,"Loop Tote, Sand",Sand,standard,1,189000,189000,0,,32000,221000,0,3315,78000,107685,IDR,221000,,GoPay/OVO,SiCepat,C001334,new,Jakarta,DKI Jakarta,ID,completed,2026-08-31,2026-09-03,story_reply,,,,
#LT10416,2026-08-30 11:34:17,2026-08-30,Sunday,Website (Shopify),Website (Shopify),LT-GRN,"Loop Tote, Sea-green",Sea-green,standard,1,189000,189000,0,,25000,214000,0,1498,78000,109502,IDR,214000,,QRIS,J&T Express,C001335,new,Jakarta,DKI Jakarta,ID,completed,2026-08-30,2026-09-02,instagram / bio_link,ig_batik_reel,17902562330559770,utm_bio_link,
113-4490200-3005122,2026-08-30 11:38:13,2026-08-30,Sunday,Amazon,Amazon,LT-IND,"Loop Tote, Indigo",Indigo,standard,1,260637,260637,0,,113937,374574,39096,0,78000,143541,USD,22.98,16300,Credit card,DHL eCommerce,C001336,new,New York,New York,US,completed,2026-08-31,2026-09-16,shop_page,,,,
STR-20260830-0002,2026-08-30 12:41:29,2026-08-30,Sunday,Physical store,Bandung store,LT-GRN,"Loop Tote, Sea-green",Sea-green,standard,1,189000,189000,0,,0,189000,0,1323,78000,109677,IDR,189000,,QRIS,In-store pickup,C001337,new,Cimahi,West Java,ID,completed,2026-08-30,2026-08-30,walk-in,,17902562330559770,assisted_time_proximity,
#LT10417,2026-08-30 12:43:06,2026-08-30,Sunday,Website (Shopify),Website (Shopify),LT-IND,"Loop Tote, Indigo",Indigo,standard,2,189000,378000,0,,0,378000,0,4000,156000,218000,IDR,378000,,Bank transfer (VA),GoSend/Grab Instant,C001338,new,Bekasi,West Java,ID,completed,2026-08-31,2026-09-02,instagram / bio_link,ig_batik_reel,17902562330559770,utm_bio_link,
STR-20260830-0003,2026-08-30 12:44:48,2026-08-30,Sunday,Physical store,Bandung store,LT-SND,"Loop Tote, Sand",Sand,standard,1,189000,189000,0,,0,189000,0,0,78000,111000,IDR,189000,,Cash,In-store pickup,C001339,new,Bandung,West Java,ID,completed,2026-08-30,2026-08-30,walk-in,,,,
26083054691514D,2026-08-30 13:46:28,2026-08-30,Sunday,Indonesian marketplace,Shopee,LT-IND,"Loop Tote, Indigo",Indigo,standard,3,189000,567000,0,,20000,587000,53865,0,234000,279135,IDR,587000,,Bank transfer (VA),Shopee Xpress / platform courier,C001340,new,Yogyakarta,DI Yogyakarta,ID,completed,2026-08-31,2026-09-04,shop_page,,,,
#LT10418,2026-08-30 14:42:44,2026-08-30,Sunday,Website (Shopify),Website (Shopify),LT-IND,"Loop Tote, Indigo",Indigo,standard,1,189000,189000,0,,18000,207000,0,4000,78000,107000,IDR,207000,,Bank transfer (VA),SiCepat,C000137,returning,Subang,West Java,ID,completed,2026-08-30,2026-09-02,whatsapp,,,,
#LT10419,2026-08-30 14:58:43,2026-08-30,Sunday,Website (Shopify),Website (Shopify),LT-IND,"Loop Tote, Indigo",Indigo,standard,2,189000,378000,0,,0,378000,0,4000,156000,218000,IDR,378000,,Bank transfer (VA),JNE,C001341,new,Karawang,West Java,ID,completed,2026-08-30,2026-09-03,direct,,,,
IG-20260830-0002,2026-08-30 15:19:58,2026-08-30,Sunday,Instagram,Instagram (DM/WhatsApp),LT-IND,"Loop Tote, Indigo",Indigo,standard,1,189000,189000,0,,0,189000,0,0,78000,111000,IDR,189000,,Bank transfer (manual),GoSend/Grab Instant,C001342,new,Subang,West Java,ID,completed,2026-08-30,2026-09-01,story_reply,,,,
INV/20260830/MPL/269732406,2026-08-30 16:02:30,2026-08-30,Sunday,Indonesian marketplace,Tokopedia,LT-GRN,"Loop Tote, Sea-green",Sea-green,standard,1,189000,189000,28500,Platform voucher,12000,172500,12840,0,78000,69660,IDR,172500,,QRIS,SiCepat,C001343,new,Bandung,West Java,ID,completed,2026-08-30,2026-08-31,shop_page,,,,
#LT10420,2026-08-30 16:35:57,2026-08-30,Sunday,Website (Shopify),Website (Shopify),LT-GRN,"Loop Tote, Sea-green",Sea-green,standard,1,189000,189000,9500,NEWSLETTER5,15000,194500,0,7640,78000,93860,IDR,194500,,Credit card,GoSend/Grab Instant,C001344,new,Bogor,West Java,ID,completed,2026-08-31,2026-09-02,instagram / bio_link,ig_batik_reel,17902562330559770,utm_bio_link,
#LT10421,2026-08-30 17:13:09,2026-08-30,Sunday,Website (Shopify),Website (Shopify),LT-SND,"Loop Tote, Sand",Sand,standard,1,189000,189000,0,,40000,229000,0,1603,78000,109397,IDR,229000,,QRIS,SiCepat,C001345,new,Jakarta,DKI Jakarta,ID,completed,2026-08-31,2026-09-02,instagram / bio_link,ig_process_impact_p16,17901296159799218,utm_bio_link,
IG-20260830-0003,2026-08-30 17:45:19,2026-08-30,Sunday,Instagram,Instagram (DM/WhatsApp),LT-SND,"Loop Tote, Sand",Sand,standard,1,189000,189000,0,,32000,221000,0,0,78000,0,IDR,221000,,GoPay/OVO,,C001346,new,Jakarta,DKI Jakarta,ID,cancelled,,,whatsapp_click,,,,
26083057492757E,2026-08-30 18:38:39,2026-08-30,Sunday,Indonesian marketplace,Shopee,LT-GRN,"Loop Tote, Sea-green",Sea-green,standard,1,189000,189000,0,,35000,224000,17955,0,78000,93045,IDR,224000,,Bank transfer (VA),JNE,C001347,new,Bandung,West Java,ID,completed,2026-08-30,2026-09-01,marketplace_search,,,,
5139949957388388829,2026-08-30 18:43:09,2026-08-30,Sunday,Indonesian marketplace,TikTok Shop,LT-GRN,"Loop Tote, Sea-green",Sea-green,standard,1,179000,179000,27000,Platform voucher,30000,182000,12920,0,78000,61080,IDR,182000,,COD,Shopee Xpress / platform courier,C001348,new,Malang,East Java,ID,completed,2026-08-30,2026-09-03,recommended,,,,
26083081456477F,2026-08-30 19:29:02,2026-08-30,Sunday,Indonesian marketplace,Shopee,LT-GRN,"Loop Tote, Sea-green",Sea-green,standard,1,189000,189000,0,,15000,204000,0,0,78000,0,IDR,204000,,ShopeePay,,C001349,new,Karawang,West Java,ID,cancelled,,,marketplace_search,,17901296159799218,assisted_time_proximity,
#LT10422,2026-08-30 19:29:18,2026-08-30,Sunday,Website (Shopify),Website (Shopify),LT-GRN,"Loop Tote, Sea-green",Sea-green,standard,1,189000,189000,0,,32000,221000,0,8409,78000,102591,IDR,221000,,Credit card,J&T Express,C000450,returning,Bekasi,West Java,ID,completed,2026-08-31,2026-09-01,instagram / bio_link,ig_batik_reel,17902562330559770,utm_bio_link,
IG-20260830-0004,2026-08-30 19:53:45,2026-08-30,Sunday,Instagram,Instagram (DM/WhatsApp),LT-SND,"Loop Tote, Sand",Sand,standard,1,189000,189000,0,,18000,207000,0,0,78000,111000,IDR,207000,,COD (local courier),JNE,C001350,new,Semarang,Central Java,ID,completed,2026-08-30,2026-09-02,story_reply,ig_process_impact_p16,17901296159799218,dm_time_proximity,
#LT10423,2026-08-30 20:01:53,2026-08-30,Sunday,Website (Shopify),Website (Shopify),LT-IND,"Loop Tote, Indigo",Indigo,standard,1,189000,189000,0,,15000,204000,0,3060,78000,107940,IDR,204000,,OVO,SiCepat,C001351,new,Surabaya,East Java,ID,completed,2026-08-31,2026-09-04,instagram / bio_link,ig_batik_reel,17902562330559770,utm_bio_link,
#LT10424,2026-08-30 20:27:11,2026-08-30,Sunday,Website (Shopify),Website (Shopify),LT-IND,"Loop Tote, Indigo",Indigo,standard,2,189000,378000,0,,0,378000,0,5670,156000,-30670,IDR,378000,,OVO,JNE,C001352,new,Jakarta,DKI Jakarta,ID,returned,2026-08-31,2026-09-03,instagram / bio_link,ig_batik_reel,17902562330559770,utm_bio_link,
#LT10425,2026-08-30 20:46:11,2026-08-30,Sunday,Website (Shopify),Website (Shopify),LT-SND,"Loop Tote, Sand",Sand,standard,1,189000,189000,0,,0,189000,0,4000,78000,107000,IDR,189000,,Bank transfer (VA),JNE,C001115,returning,Bandung,West Java,ID,completed,2026-08-30,2026-09-01,instagram / bio_link,ig_always_on,,,
#LT10426,2026-08-30 20:53:23,2026-08-30,Sunday,Website (Shopify),Website (Shopify),LT-GRN,"Loop Tote, Sea-green",Sea-green,standard,1,189000,189000,0,,25000,214000,0,1498,78000,109502,IDR,214000,,QRIS,SiCepat,C001353,new,Bogor,West Java,ID,completed,2026-08-31,2026-09-01,instagram / bio_link,ig_batik_reel,17902562330559770,utm_bio_link,
IG-20260830-0005,2026-08-30 20:56:47,2026-08-30,Sunday,Instagram,Instagram (DM/WhatsApp),LT-SND,"Loop Tote, Sand",Sand,standard,1,189000,189000,0,,25000,214000,0,1498,78000,-26498,IDR,214000,,QRIS,GoSend/Grab Instant,C001354,new,Depok,West Java,ID,returned,2026-08-30,2026-09-02,dm,,,,
#LT10427,2026-08-30 21:00:41,2026-08-30,Sunday,Website (Shopify),Website (Shopify),LT-SND,"Loop Tote, Sand",Sand,standard,1,189000,189000,0,,15000,204000,0,3060,78000,107940,IDR,204000,,GoPay,GoSend/Grab Instant,C001355,new,Bogor,West Java,ID,completed,2026-08-31,2026-09-01,instagram / bio_link,ig_batik_reel,17902562330559770,utm_bio_link,
IG-20260830-0006,2026-08-30 22:01:49,2026-08-30,Sunday,Instagram,Instagram (DM/WhatsApp),LT-IND,"Loop Tote, Indigo",Indigo,standard,1,189000,189000,0,,0,189000,0,0,78000,111000,IDR,189000,,Bank transfer (manual),GoSend/Grab Instant,C001356,new,Denpasar,Bali,ID,completed,2026-08-31,2026-09-07,whatsapp_click,ig_process_impact_p16,17901296159799218,dm_time_proximity,
#LT10428,2026-08-30 22:32:23,2026-08-30,Sunday,Website (Shopify),Website (Shopify),LT-GRN,"Loop Tote, Sea-green",Sea-green,standard,2,189000,378000,0,,0,378000,0,4000,156000,218000,IDR,378000,,Bank transfer (VA),JNE,C000739,returning,Surabaya,East Java,ID,completed,2026-08-30,2026-09-02,instagram / bio_link,ig_process_impact_p16,17901296159799218,utm_bio_link,
113-7871307-7968889,2026-08-30 22:38:55,2026-08-30,Sunday,Amazon,Amazon,LT-SND,"Loop Tote, Sand",Sand,standard,1,260637,260637,0,,113937,374574,39096,0,78000,143541,USD,22.98,16300,Credit card,DHL eCommerce,C001357,new,London,England,GB,completed,2026-08-30,2026-09-17,shop_page,,,,
IG-20260831-0001,2026-08-31 04:35:48,2026-08-31,Monday,Instagram,Instagram (DM/WhatsApp),LT-SND,"Loop Tote, Sand",Sand,standard,1,189000,189000,0,,0,189000,0,0,78000,111000,IDR,189000,,Bank transfer (manual),SiCepat,C001358,new,Bandung,West Java,ID,completed,2026-09-01,2026-09-02,dm,,,,
#LT10429,2026-08-31 09:07:58,2026-08-31,Monday,Website (Shopify),Website (Shopify),LT-GRN,"Loop Tote, Sea-green",Sea-green,standard,1,189000,189000,0,,18000,207000,0,1449,78000,109551,IDR,207000,,QRIS,J&T Express,C001359,new,Cianjur,West Java,ID,completed,2026-08-31,2026-09-04,direct,,,,
IG-20260831-0002,2026-08-31 09:50:50,2026-08-31,Monday,Instagram,Instagram (DM/WhatsApp),LT-GRN,"Loop Tote, Sea-green",Sea-green,standard,1,189000,189000,0,,0,189000,0,1323,78000,109677,IDR,189000,,QRIS,SiCepat,C001360,new,Depok,West Java,ID,completed,2026-08-31,2026-09-01,dm,,,,
218604400805499,2026-08-31 10:05:17,2026-08-31,Monday,Indonesian marketplace,Lazada,LT-GRN,"Loop Tote, Sea-green",Sea-green,standard,1,189000,189000,0,,20000,209000,16065,0,78000,94935,IDR,209000,,ShopeePay,SiCepat,C001361,new,Tangerang,Banten,ID,completed,2026-08-31,2026-09-01,marketplace_search,,,,
#LT10430,2026-08-31 11:27:39,2026-08-31,Monday,Website (Shopify),Website (Shopify),LT-GRN,"Loop Tote, Sea-green",Sea-green,standard,2,189000,378000,19000,NEWSLETTER5,0,359000,0,2513,156000,200487,IDR,359000,,QRIS,SiCepat,C001042,returning,Palembang,South Sumatra,ID,completed,2026-09-01,2026-09-06,instagram / bio_link,ig_batik_reel,17902562330559770,utm_bio_link,
#LT10431,2026-08-31 11:46:31,2026-08-31,Monday,Website (Shopify),Website (Shopify),LT-IND,"Loop Tote, Indigo",Indigo,standard,1,189000,189000,0,,18000,207000,0,8003,78000,102997,IDR,207000,,Credit card,GoSend/Grab Instant,C001287,returning,Semarang,Central Java,ID,completed,2026-08-31,2026-09-03,instagram / bio_link,ig_batik_reel,17902562330559770,utm_bio_link,
IG-20260831-0003,2026-08-31 12:44:53,2026-08-31,Monday,Instagram,Instagram (DM/WhatsApp),LT-GRN,"Loop Tote, Sea-green",Sea-green,standard,1,189000,189000,0,,15000,204000,0,0,78000,0,IDR,204000,,QRIS,,C001362,new,Jakarta,DKI Jakarta,ID,cancelled,,,story_reply,,,,
IG-20260831-0004,2026-08-31 13:41:06,2026-08-31,Monday,Instagram,Instagram (DM/WhatsApp),LT-IND,"Loop Tote, Indigo",Indigo,standard,1,189000,189000,0,,32000,221000,0,1547,78000,109453,IDR,221000,,QRIS,GoSend/Grab Instant,C001363,new,Cirebon,West Java,ID,completed,2026-09-01,2026-09-03,whatsapp_click,ig_batik_reel,17902562330559770,dm_time_proximity,
#LT10432,2026-08-31 16:05:07,2026-08-31,Monday,Website (Shopify),Website (Shopify),LT-SND,"Loop Tote, Sand",Sand,standard,2,189000,378000,0,,0,378000,0,5670,156000,216330,IDR,378000,,ShopeePay,JNE,C001364,new,Jakarta,DKI Jakarta,ID,completed,2026-09-01,2026-09-03,instagram / bio_link,ig_batik_reel,17902562330559770,utm_bio_link,
INV/20260831/MPL/602706522,2026-08-31 16:40:13,2026-08-31,Monday,Indonesian marketplace,Tokopedia,LT-GRN,"Loop Tote, Sea-green",Sea-green,standard,1,189000,189000,0,,35000,224000,15120,0,78000,95880,IDR,224000,,Alfamart/Indomaret,AnterAja,C001365,new,Bogor,West Java,ID,completed,2026-08-31,2026-09-03,marketplace_search,,,,
IG-20260831-0005,2026-08-31 17:06:53,2026-08-31,Monday,Instagram,Instagram (DM/WhatsApp),LT-SND,"Loop Tote, Sand",Sand,standard,1,189000,189000,0,,25000,214000,0,0,78000,111000,IDR,214000,,Bank transfer (manual),GoSend/Grab Instant,C001178,returning,Jakarta,DKI Jakarta,ID,completed,2026-08-31,2026-09-03,comment,ig_process_impact_p16,17901296159799218,dm_entry_comment,
26083168692664B,2026-08-31 17:21:25,2026-08-31,Monday,Indonesian marketplace,Shopee,LT-SND,"Loop Tote, Sand",Sand,standard,1,189000,189000,0,,0,189000,17955,0,78000,93045,IDR,189000,,ShopeePay,SiCepat,C001366,new,Surabaya,East Java,ID,completed,2026-08-31,2026-09-03,marketplace_search,,,,
26083118624814C,2026-08-31 18:31:02,2026-08-31,Monday,Indonesian marketplace,Shopee,LT-GRN,"Loop Tote, Sea-green",Sea-green,standard,1,189000,189000,0,,0,189000,17955,0,78000,93045,IDR,189000,,PayLater,AnterAja,C001295,returning,Cimahi,West Java,ID,completed,2026-09-01,2026-09-02,marketplace_search,,,,
IG-20260831-0006,2026-08-31 18:56:48,2026-08-31,Monday,Instagram,Instagram (DM/WhatsApp),LT-GRN,"Loop Tote, Sea-green",Sea-green,standard,2,189000,378000,0,,18000,396000,0,0,156000,222000,IDR,396000,,Bank transfer (manual),JNE,C000845,returning,Tasikmalaya,West Java,ID,completed,2026-09-01,2026-09-03,story_reply,ig_process_impact_p16,17901296159799218,dm_time_proximity,
#LT10433,2026-08-31 19:03:42,2026-08-31,Monday,Website (Shopify),Website (Shopify),LT-GRN,"Loop Tote, Sea-green",Sea-green,standard,1,189000,189000,0,,0,189000,0,7481,78000,103519,IDR,189000,,Credit card,J&T Express,C000741,returning,Depok,West Java,ID,completed,2026-08-31,2026-09-02,instagram / bio_link,ig_batik_reel,17902562330559770,utm_bio_link,
IG-20260831-0007,2026-08-31 19:12:17,2026-08-31,Monday,Instagram,Instagram (DM/WhatsApp),LT-GRN,"Loop Tote, Sea-green",Sea-green,standard,1,189000,189000,0,,0,189000,0,0,78000,111000,IDR,189000,,Bank transfer (manual),SiCepat,C001367,new,Garut,West Java,ID,completed,2026-09-01,2026-09-03,dm,ig_batik_reel,17902562330559770,dm_time_proximity,
#LT10434,2026-08-31 19:44:25,2026-08-31,Monday,Website (Shopify),Website (Shopify),LT-IND,"Loop Tote, Indigo",Indigo,standard,1,189000,189000,0,,18000,207000,0,3105,78000,107895,IDR,207000,,ShopeePay,JNE,C000837,returning,Depok,West Java,ID,completed,2026-08-31,2026-09-03,instagram / bio_link,ig_batik_reel,17902562330559770,utm_bio_link,
#LT10435,2026-08-31 19:44:32,2026-08-31,Monday,Website (Shopify),Website (Shopify),LT-IND,"Loop Tote, Indigo",Indigo,standard,1,189000,189000,0,,32000,221000,0,1547,78000,109453,IDR,221000,,QRIS,SiCepat,C001368,new,Bekasi,West Java,ID,completed,2026-09-01,2026-09-03,instagram / bio_link,ig_batik_reel,17902562330559770,utm_bio_link,
26083194616228D,2026-08-31 20:01:10,2026-08-31,Monday,Indonesian marketplace,Shopee,LT-IND,"Loop Tote, Indigo",Indigo,standard,1,189000,189000,0,,25000,214000,17955,0,78000,93045,IDR,214000,,ShopeePay,JNE,C001369,new,Tangerang,Banten,ID,completed,2026-08-31,2026-09-01,marketplace_search,,,,
206345619263584,2026-08-31 20:03:16,2026-08-31,Monday,Indonesian marketplace,Lazada,LT-GRN,"Loop Tote, Sea-green",Sea-green,standard,1,189000,189000,0,,20000,209000,16065,0,78000,94935,IDR,209000,,ShopeePay,SiCepat,C001370,new,Surabaya,East Java,ID,completed,2026-09-01,2026-09-05,recommended,,,,
#LT10436,2026-08-31 20:07:51,2026-08-31,Monday,Website (Shopify),Website (Shopify),LT-GRN,"Loop Tote, Sea-green",Sea-green,standard,1,189000,189000,0,,40000,229000,0,4000,78000,107000,IDR,229000,,Bank transfer (VA),JNE,C001371,new,Bogor,West Java,ID,completed,2026-09-01,2026-09-04,whatsapp,,,,
#LT10437,2026-08-31 20:18:28,2026-08-31,Monday,Website (Shopify),Website (Shopify),LT-GRN,"Loop Tote, Sea-green",Sea-green,standard,1,189000,189000,0,,18000,207000,0,1449,78000,109551,IDR,207000,,QRIS,JNE,C001372,new,Depok,West Java,ID,completed,2026-09-01,2026-09-02,instagram / bio_link,ig_batik_reel,17902562330559770,utm_bio_link,
#LT10438,2026-08-31 20:24:09,2026-08-31,Monday,Website (Shopify),Website (Shopify),LT-GRN,"Loop Tote, Sea-green",Sea-green,standard,1,189000,189000,0,,15000,204000,0,4000,78000,107000,IDR,204000,,Bank transfer (VA),SiCepat,C000641,returning,Karawang,West Java,ID,completed,2026-08-31,2026-09-04,instagram / bio_link,ig_batik_reel,17902562330559770,utm_bio_link,
#LT10439,2026-08-31 20:24:14,2026-08-31,Monday,Website (Shopify),Website (Shopify),LT-SND,"Loop Tote, Sand",Sand,standard,1,189000,189000,9500,NEWSLETTER5,25000,204500,0,1432,78000,100068,IDR,204500,,QRIS,JNE,C001373,new,Medan,North Sumatra,ID,completed,2026-09-01,2026-09-08,instagram / bio_link,ig_process_impact_p16,17901296159799218,utm_bio_link,
IG-20260831-0008,2026-08-31 20:53:34,2026-08-31,Monday,Instagram,Instagram (DM/WhatsApp),LT-GRN,"Loop Tote, Sea-green",Sea-green,standard,1,189000,189000,0,,32000,221000,0,3315,78000,107685,IDR,221000,,GoPay/OVO,SiCepat,C001374,new,Jakarta,DKI Jakarta,ID,completed,2026-09-01,2026-09-02,whatsapp_click,ig_process_impact_p16,17901296159799218,dm_time_proximity,
IG-20260831-0009,2026-08-31 20:59:58,2026-08-31,Monday,Instagram,Instagram (DM/WhatsApp),LT-GRN,"Loop Tote, Sea-green",Sea-green,standard,1,189000,189000,0,,32000,221000,0,0,78000,111000,IDR,221000,,Bank transfer (manual),JNE,C001277,returning,South Tangerang,Banten,ID,completed,2026-08-31,2026-09-02,dm,ig_batik_reel,17902562330559770,dm_time_proximity,
IG-20260831-0010,2026-08-31 21:15:46,2026-08-31,Monday,Instagram,Instagram (DM/WhatsApp),LT-GRN,"Loop Tote, Sea-green",Sea-green,standard,1,189000,189000,0,,15000,204000,0,1428,78000,109572,IDR,204000,,QRIS,JNE,C000959,returning,Cianjur,West Java,ID,completed,2026-09-01,2026-09-04,dm,ig_batik_reel,17902562330559770,dm_time_proximity,
#LT10440,2026-08-31 21:25:17,2026-08-31,Monday,Website (Shopify),Website (Shopify),LT-IND,"Loop Tote, Indigo",Indigo,standard,1,189000,189000,0,,15000,204000,0,3060,78000,107940,IDR,204000,,ShopeePay,GoSend/Grab Instant,C001375,new,Cirebon,West Java,ID,completed,2026-09-01,2026-09-04,instagram / bio_link,ig_batik_reel,17902562330559770,utm_bio_link,
IG-20260831-0011,2026-08-31 21:53:59,2026-08-31,Monday,Instagram,Instagram (DM/WhatsApp),LT-GRN,"Loop Tote, Sea-green",Sea-green,standard,1,189000,189000,9500,IGDM5,18000,197500,0,0,78000,101500,IDR,197500,,Bank transfer (manual),SiCepat,C001247,returning,Surabaya,East Java,ID,completed,2026-09-01,2026-09-04,dm,ig_batik_reel,17902562330559770,dm_time_proximity,
#LT10441,2026-08-31 21:54:36,2026-08-31,Monday,Website (Shopify),Website (Shopify),LT-GRN,"Loop Tote, Sea-green",Sea-green,standard,1,189000,189000,0,,40000,229000,0,3435,78000,107565,IDR,229000,,GoPay,JNE,C001376,new,Depok,West Java,ID,completed,2026-09-01,2026-09-04,instagram / bio_link,ig_batik_reel,17902562330559770,utm_bio_link,
IG-20260831-0012,2026-08-31 22:22:45,2026-08-31,Monday,Instagram,Instagram (DM/WhatsApp),LT-GRN,"Loop Tote, Sea-green",Sea-green,standard,2,189000,378000,0,,25000,403000,0,13687,156000,208313,IDR,403000,,Credit card,J&T Express,C001377,new,Semarang,Central Java,ID,completed,2026-09-01,2026-09-03,story_reply,,,,
IG-20260831-0013,2026-08-31 22:38:03,2026-08-31,Monday,Instagram,Instagram (DM/WhatsApp),LT-GRN,"Loop Tote, Sea-green",Sea-green,standard,2,189000,378000,19000,IGDM5,32000,391000,0,13339,156000,189661,IDR,391000,,Credit card,J&T Express,C000698,returning,Bandar Lampung,Lampung,ID,completed,2026-08-31,2026-09-07,story_reply,,,,
#LT10442,2026-09-01 00:07:28,2026-09-01,Tuesday,Website (Shopify),Website (Shopify),LT-GRN,"Loop Tote, Sea-green",Sea-green,standard,1,189000,189000,0,,25000,214000,0,3210,78000,107790,IDR,214000,,GoPay,SiCepat,C001378,new,Jakarta,DKI Jakarta,ID,completed,2026-09-01,2026-09-04,instagram / bio_link,ig_batik_reel,17902562330559770,utm_bio_link,
BLI-20260901-229091,2026-09-01 04:30:42,2026-09-01,Tuesday,Indonesian marketplace,Blibli,LT-SND,"Loop Tote, Sand",Sand,standard,2,189000,378000,56500,Platform voucher,20000,341500,25720,0,156000,139780,IDR,341500,,QRIS,SiCepat,C001379,new,Surabaya,East Java,ID,completed,2026-09-01,2026-09-03,marketplace_campaign,,,,
#LT10443,2026-09-01 04:52:20,2026-09-01,Tuesday,Website (Shopify),Website (Shopify),LT-GRN,"Loop Tote, Sea-green",Sea-green,standard,1,189000,189000,0,,0,189000,0,1323,78000,109677,IDR,189000,,QRIS,JNE,C001380,new,Jakarta,DKI Jakarta,ID,completed,2026-09-01,2026-09-03,whatsapp,,,,
IG-20260901-0001,2026-09-01 06:37:02,2026-09-01,Tuesday,Instagram,Instagram (DM/WhatsApp),LT-IND,"Loop Tote, Indigo",Indigo,standard,2,189000,378000,0,,0,378000,0,0,156000,222000,IDR,378000,,Bank transfer (manual),JNE,C001381,new,Jakarta,DKI Jakarta,ID,completed,2026-09-01,2026-09-02,dm,ig_batik_reel,17902562330559770,dm_time_proximity,
#LT10444,2026-09-01 07:27:50,2026-09-01,Tuesday,Website (Shopify),Website (Shopify),LT-IND,"Loop Tote, Indigo",Indigo,standard,1,189000,189000,0,,18000,207000,0,3105,78000,107895,IDR,207000,,GoPay,SiCepat,C001382,new,Depok,West Java,ID,completed,2026-09-01,2026-09-03,instagram / bio_link,ig_process_impact_p16,17901296159799218,utm_bio_link,
IG-20260901-0002,2026-09-01 08:35:22,2026-09-01,Tuesday,Instagram,Instagram (DM/WhatsApp),LT-GRN,"Loop Tote, Sea-green",Sea-green,standard,1,189000,189000,9500,IGDM5,15000,194500,0,2918,78000,98582,IDR,194500,,GoPay/OVO,GoSend/Grab Instant,C001383,new,Bogor,West Java,ID,completed,2026-09-01,2026-09-03,story_reply,,,,
INV/20260901/MPL/301204460,2026-09-01 09:39:04,2026-09-01,Tuesday,Indonesian marketplace,Tokopedia,LT-IND,"Loop Tote, Indigo",Indigo,standard,1,189000,189000,0,,25000,214000,15120,0,78000,95880,IDR,214000,,ShopeePay,Shopee Xpress / platform courier,C001384,new,Medan,North Sumatra,ID,completed,2026-09-02,2026-09-07,marketplace_search,,,,
#LT10445,2026-09-01 10:05:40,2026-09-01,Tuesday,Website (Shopify),Website (Shopify),LT-GRN,"Loop Tote, Sea-green",Sea-green,standard,1,189000,189000,0,,40000,229000,0,1603,78000,109397,IDR,229000,,QRIS,JNE,C001385,new,Bandung,West Java,ID,completed,2026-09-02,2026-09-04,instagram / bio_link,ig_batik_reel,17902562330559770,utm_bio_link,
IG-20260901-0003,2026-09-01 10:07:53,2026-09-01,Tuesday,Instagram,Instagram (DM/WhatsApp),LT-GRN,"Loop Tote, Sea-green",Sea-green,standard,1,189000,189000,9500,IGDM5,15000,194500,0,1362,78000,100138,IDR,194500,,QRIS,J&T Express,C001386,new,Jakarta,DKI Jakarta,ID,completed,2026-09-01,2026-09-04,dm,ig_batik_reel,17902562330559770,dm_time_proximity,
STR-20260901-0001,2026-09-01 10:25:19,2026-09-01,Tuesday,Physical store,Bandung store,LT-SND,"Loop Tote, Sand",Sand,standard,1,189000,189000,0,,0,189000,0,1890,78000,109110,IDR,189000,,Debit card,In-store pickup,C001387,new,Bandung,West Java,ID,completed,2026-09-01,2026-09-01,walk-in,,,,
STR-20260901-0002,2026-09-01 11:32:50,2026-09-01,Tuesday,Physical store,Bandung store,LT-SND,"Loop Tote, Sand",Sand,standard,1,189000,189000,0,,0,189000,0,1323,78000,109677,IDR,189000,,QRIS,In-store pickup,C001087,returning,Bandung,West Java,ID,completed,2026-09-01,2026-09-01,walk-in,,,,
STR-20260901-0003,2026-09-01 11:46:15,2026-09-01,Tuesday,Physical store,Bandung store,LT-SND,"Loop Tote, Sand",Sand,standard,1,189000,189000,0,,0,189000,0,1323,78000,109677,IDR,189000,,QRIS,In-store pickup,C001388,new,Bandung,West Java,ID,completed,2026-09-01,2026-09-01,walk-in,,17902562330559770,assisted_time_proximity,
IG-20260901-0004,2026-09-01 14:22:55,2026-09-01,Tuesday,Instagram,Instagram (DM/WhatsApp),LT-GRN,"Loop Tote, Sea-green",Sea-green,standard,3,189000,567000,0,,32000,599000,0,8985,234000,324015,IDR,599000,,GoPay/OVO,J&T Express,C001389,new,Bekasi,West Java,ID,completed,2026-09-02,2026-09-03,dm,ig_batik_reel,17902562330559770,dm_time_proximity,
IG-20260901-0005,2026-09-01 14:35:21,2026-09-01,Tuesday,Instagram,Instagram (DM/WhatsApp),LT-SND,"Loop Tote, Sand",Sand,standard,1,189000,189000,9500,IGDM5,18000,197500,0,0,78000,101500,IDR,197500,,COD (local courier),J&T Express,C001390,new,Bandung,West Java,ID,completed,2026-09-02,2026-09-03,dm,ig_batik_reel,17902562330559770,dm_time_proximity,
IG-20260901-0006,2026-09-01 14:41:16,2026-09-01,Tuesday,Instagram,Instagram (DM/WhatsApp),LT-GRN,"Loop Tote, Sea-green",Sea-green,standard,1,189000,189000,0,,32000,221000,0,3315,78000,107685,IDR,221000,,GoPay/OVO,JNE,C001391,new,Bandung,West Java,ID,completed,2026-09-01,2026-09-03,whatsapp_click,ig_batik_reel,17902562330559770,dm_time_proximity,
STR-20260901-0004,2026-09-01 14:42:35,2026-09-01,Tuesday,Physical store,Bandung store,LT-SND,"Loop Tote, Sand",Sand,standard,3,189000,567000,0,,0,567000,0,0,234000,333000,IDR,567000,,Cash,In-store pickup,C001392,new,Bandung,West Java,ID,completed,2026-09-01,2026-09-01,walk-in,,,,
IG-20260901-0007,2026-09-01 16:48:09,2026-09-01,Tuesday,Instagram,Instagram (DM/WhatsApp),LT-GRN,"Loop Tote, Sea-green",Sea-green,standard,1,189000,189000,9500,IGDM5,15000,194500,0,0,78000,101500,IDR,194500,,Bank transfer (manual),J&T Express,C001393,new,Depok,West Java,ID,completed,2026-09-02,2026-09-04,story_reply,,,,
STR-20260901-0005,2026-09-01 18:00:17,2026-09-01,Tuesday,Physical store,Bandung store,LT-GRN,"Loop Tote, Sea-green",Sea-green,standard,3,189000,567000,0,,0,567000,0,3969,234000,329031,IDR,567000,,QRIS,In-store pickup,C001394,new,Jakarta,DKI Jakarta,ID,completed,2026-09-01,2026-09-01,walk-in,,,,
26090191885610B,2026-09-01 18:51:49,2026-09-01,Tuesday,Indonesian marketplace,Shopee,LT-IND,"Loop Tote, Indigo",Indigo,standard,1,189000,189000,0,,30000,219000,17955,0,78000,93045,IDR,219000,,COD,Shopee Xpress / platform courier,C001395,new,Semarang,Central Java,ID,completed,2026-09-02,2026-09-06,marketplace_search,,17902562330559770,assisted_time_proximity,
#LT10446,2026-09-01 19:21:47,2026-09-01,Tuesday,Website (Shopify),Website (Shopify),LT-SND,"Loop Tote, Sand",Sand,standard,1,189000,189000,0,,32000,221000,0,1547,78000,109453,IDR,221000,,QRIS,SiCepat,C001396,new,Surabaya,East Java,ID,completed,2026-09-01,2026-09-03,whatsapp,,,,
INV/20260901/MPL/204554382,2026-09-01 19:45:22,2026-09-01,Tuesday,Indonesian marketplace,Tokopedia,LT-GRN,"Loop Tote, Sea-green",Sea-green,standard,1,189000,189000,28500,Platform voucher,35000,195500,12840,0,78000,69660,IDR,195500,,Bank transfer (VA),JNE,C001397,new,Surabaya,East Java,ID,completed,2026-09-01,2026-09-04,marketplace_search,,,,
INV/20260901/MPL/855723981,2026-09-01 19:46:51,2026-09-01,Tuesday,Indonesian marketplace,Tokopedia,LT-SND,"Loop Tote, Sand",Sand,standard,1,189000,189000,0,,25000,214000,15120,0,78000,95880,IDR,214000,,Bank transfer (VA),J&T Express,C001398,new,Cimahi,West Java,ID,completed,2026-09-02,2026-09-04,marketplace_search,,,,
INV/20260901/MPL/107057100,2026-09-01 19:57:55,2026-09-01,Tuesday,Indonesian marketplace,Tokopedia,LT-SND,"Loop Tote, Sand",Sand,standard,1,189000,189000,0,,25000,214000,15120,0,78000,95880,IDR,214000,,Credit card,AnterAja,C001399,new,Medan,North Sumatra,ID,completed,2026-09-02,2026-09-08,marketplace_campaign,,,,
IG-20260901-0008,2026-09-01 19:58:28,2026-09-01,Tuesday,Instagram,Instagram (DM/WhatsApp),LT-IND,"Loop Tote, Indigo",Indigo,standard,1,189000,189000,0,,40000,229000,0,1603,78000,109397,IDR,229000,,QRIS,J&T Express,C001400,new,Jakarta,DKI Jakarta,ID,completed,2026-09-01,2026-09-04,story_reply,ig_batik_reel,17902562330559770,dm_time_proximity,
#LT10447,2026-09-01 19:58:35,2026-09-01,Tuesday,Website (Shopify),Website (Shopify),LT-GRN,"Loop Tote, Sea-green",Sea-green,standard,1,189000,189000,0,,0,189000,0,1323,78000,109677,IDR,189000,,QRIS,SiCepat,C001401,new,Jakarta,DKI Jakarta,ID,completed,2026-09-02,2026-09-05,newsletter,,,,
IG-20260901-0009,2026-09-01 20:07:29,2026-09-01,Tuesday,Instagram,Instagram (DM/WhatsApp),LT-IND,"Loop Tote, Indigo",Indigo,standard,1,189000,189000,0,,15000,204000,0,0,78000,0,IDR,204000,,Bank transfer (manual),,C001402,new,Tasikmalaya,West Java,ID,cancelled,,,whatsapp_click,,,,
INV/20260901/MPL/368496510,2026-09-01 20:09:34,2026-09-01,Tuesday,Indonesian marketplace,Tokopedia,LT-GRN,"Loop Tote, Sea-green",Sea-green,standard,3,189000,567000,0,,12000,579000,45360,0,234000,287640,IDR,579000,,ShopeePay,JNE,C001403,new,South Tangerang,Banten,ID,completed,2026-09-02,2026-09-04,marketplace_campaign,,,,
#LT10448,2026-09-01 20:14:02,2026-09-01,Tuesday,Website (Shopify),Website (Shopify),LT-GRN,"Loop Tote, Sea-green",Sea-green,standard,1,189000,189000,0,,40000,229000,0,1603,78000,109397,IDR,229000,,QRIS,SiCepat,C001344,returning,Bogor,West Java,ID,completed,2026-09-02,2026-09-04,instagram / bio_link,ig_batik_reel,17902562330559770,utm_bio_link,
#LT10449,2026-09-01 20:51:54,2026-09-01,Tuesday,Website (Shopify),Website (Shopify),LT-IND,"Loop Tote, Indigo",Indigo,standard,1,189000,189000,0,,40000,229000,0,1603,78000,109397,IDR,229000,,QRIS,JNE,C001404,new,Yogyakarta,DI Yogyakarta,ID,completed,2026-09-02,2026-09-06,instagram / bio_link,ig_batik_reel,17902562330559770,utm_bio_link,
IG-20260901-0010,2026-09-01 21:00:02,2026-09-01,Tuesday,Instagram,Instagram (DM/WhatsApp),LT-IND,"Loop Tote, Indigo",Indigo,standard,1,189000,189000,0,,25000,214000,0,0,78000,111000,IDR,214000,,Bank transfer (manual),J&T Express,C001405,new,Bandung,West Java,ID,completed,2026-09-02,2026-09-03,dm,ig_process_impact_p17,17909597409818323,dm_time_proximity,
5583519585010140857,2026-09-01 21:33:46,2026-09-01,Tuesday,Indonesian marketplace,TikTok Shop,LT-IND,"Loop Tote, Indigo",Indigo,standard,1,179000,179000,0,,0,179000,15215,0,78000,85785,IDR,179000,,QRIS,Shopee Xpress / platform courier,C001406,new,Batam,Riau Islands,ID,completed,2026-09-01,2026-09-08,marketplace_search,,,,
5446036890938293477,2026-09-01 22:15:48,2026-09-01,Tuesday,Indonesian marketplace,TikTok Shop,LT-GRN,"Loop Tote, Sea-green",Sea-green,standard,1,179000,179000,0,,12000,191000,15215,0,78000,85785,IDR,191000,,COD,Shopee Xpress / platform courier,C001407,new,Cianjur,West Java,ID,completed,2026-09-02,2026-09-06,marketplace_search,,,,
26090133583115C,2026-09-01 23:45:47,2026-09-01,Tuesday,Indonesian marketplace,Shopee,LT-SND,"Loop Tote, Sand",Sand,standard,2,189000,378000,0,,0,378000,35910,0,156000,186090,IDR,378000,,Bank transfer (VA),Shopee Xpress / platform courier,C001408,new,Pontianak,West Kalimantan,ID,completed,2026-09-02,2026-09-08,shop_page,,,,
INV/20260901/MPL/331442688,2026-09-01 23:59:48,2026-09-01,Tuesday,Indonesian marketplace,Tokopedia,LT-GRN,"Loop Tote, Sea-green",Sea-green,standard,1,189000,189000,0,,25000,214000,15120,0,78000,95880,IDR,214000,,ShopeePay,Shopee Xpress / platform courier,C001409,new,Semarang,Central Java,ID,completed,2026-09-01,2026-09-03,marketplace_campaign,,,,
487651041644846,2026-09-02 04:24:53,2026-09-02,Wednesday,Indonesian marketplace,Lazada,LT-SND,"Loop Tote, Sand",Sand,standard,1,189000,189000,0,,30000,219000,16065,0,78000,94935,IDR,219000,,Credit card,SiCepat,C000527,returning,Tangerang,Banten,ID,completed,2026-09-03,2026-09-05,marketplace_campaign,,17909597409818323,assisted_time_proximity,
STR-20260902-0001,2026-09-02 10:04:00,2026-09-02,Wednesday,Physical store,Bandung store,LT-IND,"Loop Tote, Indigo",Indigo,standard,2,189000,378000,0,,0,378000,0,2646,156000,219354,IDR,378000,,QRIS,In-store pickup,C001410,new,Bandung,West Java,ID,completed,2026-09-02,2026-09-02,walk-in,,,,
5936160781965212009,2026-09-02 10:58:29,2026-09-02,Wednesday,Indonesian marketplace,TikTok Shop,LT-SND,"Loop Tote, Sand",Sand,standard,2,179000,358000,0,,12000,370000,30430,0,156000,171570,IDR,370000,,Bank transfer (VA),J&T Express,C001411,new,South Tangerang,Banten,ID,completed,2026-09-03,2026-09-06,marketplace_search,,,,
INV/20260902/MPL/778376175,2026-09-02 11:09:02,2026-09-02,Wednesday,Indonesian marketplace,Tokopedia,LT-SND,"Loop Tote, Sand",Sand,standard,1,189000,189000,0,,25000,214000,15120,0,78000,95880,IDR,214000,,ShopeePay,JNE,C001412,new,Jakarta,DKI Jakarta,ID,completed,2026-09-02,2026-09-04,marketplace_search,,,,
IG-20260902-0001,2026-09-02 11:30:53,2026-09-02,Wednesday,Instagram,Instagram (DM/WhatsApp),LT-SND,"Loop Tote, Sand",Sand,standard,1,189000,189000,9500,IGDM5,18000,197500,0,0,78000,101500,IDR,197500,,COD (local courier),SiCepat,C001413,new,Bogor,West Java,ID,completed,2026-09-02,2026-09-05,dm,ig_batik_reel,17902562330559770,dm_time_proximity,
#LT10450,2026-09-02 14:19:19,2026-09-02,Wednesday,Website (Shopify),Website (Shopify),LT-IND,"Loop Tote, Indigo",Indigo,standard,3,189000,567000,0,,0,567000,0,4000,234000,329000,IDR,567000,,Bank transfer (VA),GoSend/Grab Instant,C001414,new,Bandung,West Java,ID,completed,2026-09-03,2026-09-04,instagram / bio_link,ig_always_on,,,
INV/20260902/MPL/100457708,2026-09-02 14:32:28,2026-09-02,Wednesday,Indonesian marketplace,Tokopedia,LT-GRN,"Loop Tote, Sea-green",Sea-green,standard,4,189000,756000,60500,Platform voucher,25000,720500,55640,0,312000,327860,IDR,720500,,PayLater,JNE,C001415,new,Bekasi,West Java,ID,completed,2026-09-02,2026-09-03,marketplace_search,,,,
#LT10451,2026-09-02 17:09:19,2026-09-02,Wednesday,Website (Shopify),Website (Shopify),LT-GRN,"Loop Tote, Sea-green",Sea-green,standard,4,189000,756000,0,,0,756000,0,11340,312000,432660,IDR,756000,,GoPay,GoSend/Grab Instant,C001416,new,Karawang,West Java,ID,completed,2026-09-03,2026-09-07,direct,,,,
STR-20260902-0002,2026-09-02 17:53:51,2026-09-02,Wednesday,Physical store,Bandung store,LT-IND,"Loop Tote, Indigo",Indigo,standard,1,189000,189000,0,,0,189000,0,1323,78000,109677,IDR,189000,,QRIS,In-store pickup,C001417,new,Bandung,West Java,ID,completed,2026-09-02,2026-09-02,walk-in,,,,
INV/20260902/MPL/619751162,2026-09-02 17:57:36,2026-09-02,Wednesday,Indonesian marketplace,Tokopedia,LT-SND,"Loop Tote, Sand",Sand,standard,1,189000,189000,15000,Platform voucher,30000,204000,13920,0,78000,82080,IDR,204000,,ShopeePay,J&T Express,C001418,new,Bekasi,West Java,ID,completed,2026-09-03,2026-09-04,marketplace_campaign,,,,
5615567405146545406,2026-09-02 18:10:12,2026-09-02,Wednesday,Indonesian marketplace,TikTok Shop,LT-SND,"Loop Tote, Sand",Sand,standard,2,179000,358000,18000,Platform voucher,30000,370000,28900,0,156000,155100,IDR,370000,,COD,Shopee Xpress / platform courier,C001419,new,Jakarta,DKI Jakarta,ID,completed,2026-09-03,2026-09-05,marketplace_campaign,,,,
26090221314150B,2026-09-02 18:43:55,2026-09-02,Wednesday,Indonesian marketplace,Shopee,LT-SND,"Loop Tote, Sand",Sand,standard,2,189000,378000,38000,Platform voucher,0,340000,32300,0,156000,151700,IDR,340000,,Bank transfer (VA),SiCepat,C001155,returning,Jakarta,DKI Jakarta,ID,completed,2026-09-03,2026-09-05,recommended,,,,
#LT10452,2026-09-02 19:09:54,2026-09-02,Wednesday,Website (Shopify),Website (Shopify),LT-IND,"Loop Tote, Indigo",Indigo,standard,2,189000,378000,0,,0,378000,0,4000,156000,218000,IDR,378000,,Bank transfer (VA),J&T Express,C001420,new,Bandung,West Java,ID,completed,2026-09-03,2026-09-04,whatsapp,,,,
INV/20260902/MPL/987021451,2026-09-02 19:10:27,2026-09-02,Wednesday,Indonesian marketplace,Tokopedia,LT-GRN,"Loop Tote, Sea-green",Sea-green,standard,1,189000,189000,0,,30000,219000,15120,0,78000,95880,IDR,219000,,Alfamart/Indomaret,Shopee Xpress / platform courier,C001421,new,Makassar,South Sulawesi,ID,completed,2026-09-02,2026-09-07,shop_page,,,,
5447452799698459746,2026-09-02 20:58:44,2026-09-02,Wednesday,Indonesian marketplace,TikTok Shop,LT-SND,"Loop Tote, Sand",Sand,standard,1,179000,179000,0,,30000,209000,15215,0,78000,85785,IDR,209000,,COD,JNE,C001422,new,Depok,West Java,ID,completed,2026-09-03,2026-09-06,marketplace_campaign,,,,
IG-20260902-0002,2026-09-02 22:25:12,2026-09-02,Wednesday,Instagram,Instagram (DM/WhatsApp),LT-GRN,"Loop Tote, Sea-green",Sea-green,standard,3,189000,567000,28500,IGDM5,32000,570500,0,0,234000,304500,IDR,570500,,Bank transfer (manual),JNE,C001423,new,Jakarta,DKI Jakarta,ID,completed,2026-09-02,2026-09-03,whatsapp_click,,,,
26090263544958C,2026-09-02 22:28:38,2026-09-02,Wednesday,Indonesian marketplace,Shopee,LT-SND,"Loop Tote, Sand",Sand,standard,1,189000,189000,0,,12000,201000,17955,0,78000,93045,IDR,201000,,ShopeePay,SiCepat,C001424,new,South Tangerang,Banten,ID,completed,2026-09-03,2026-09-04,marketplace_search,,17902562330559770,assisted_time_proximity,
26090266603825D,2026-09-02 23:19:51,2026-09-02,Wednesday,Indonesian marketplace,Shopee,LT-GRN,"Loop Tote, Sea-green",Sea-green,standard,1,189000,189000,0,,25000,214000,17955,0,78000,93045,IDR,214000,,Alfamart/Indomaret,Shopee Xpress / platform courier,C001425,new,Balikpapan,East Kalimantan,ID,completed,2026-09-02,2026-09-07,shop_page,,,,
IG-20260903-0001,2026-09-03 07:52:36,2026-09-03,Thursday,Instagram,Instagram (DM/WhatsApp),LT-IND,"Loop Tote, Indigo",Indigo,standard,1,189000,189000,0,,18000,207000,0,0,78000,111000,IDR,207000,,Bank transfer (manual),SiCepat,C001426,new,Cimahi,West Java,ID,completed,2026-09-04,2026-09-05,dm,,,,
#LT10453,2026-09-03 09:22:42,2026-09-03,Thursday,Website (Shopify),Website (Shopify),LT-GRN,"Loop Tote, Sea-green",Sea-green,standard,2,189000,378000,0,,0,378000,0,2646,156000,219354,IDR,378000,,QRIS,J&T Express,C001427,new,South Tangerang,Banten,ID,completed,2026-09-04,2026-09-06,google / organic,,,,
STR-20260903-0001,2026-09-03 11:02:21,2026-09-03,Thursday,Physical store,Bandung store,LT-IND,"Loop Tote, Indigo",Indigo,standard,1,189000,189000,0,,0,189000,0,7481,78000,103519,IDR,189000,,Credit card,In-store pickup,C001428,new,Bandung,West Java,ID,completed,2026-09-03,2026-09-03,walk-in,,,,
INV/20260903/MPL/930689679,2026-09-03 11:17:51,2026-09-03,Thursday,Indonesian marketplace,Tokopedia,LT-IND,"Loop Tote, Indigo",Indigo,standard,1,189000,189000,0,,35000,224000,15120,0,78000,95880,IDR,224000,,Alfamart/Indomaret,AnterAja,C001429,new,Bandung,West Java,ID,completed,2026-09-03,2026-09-04,recommended,,,,
#LT10454,2026-09-03 11:31:53,2026-09-03,Thursday,Website (Shopify),Website (Shopify),LT-SND,"Loop Tote, Sand",Sand,standard,1,189000,189000,0,,0,189000,0,4000,78000,107000,IDR,189000,,Bank transfer (VA),JNE,C000042,returning,Jakarta,DKI Jakarta,ID,completed,2026-09-03,2026-09-04,direct,,,,
533253994582253,2026-09-03 12:51:59,2026-09-03,Thursday,Indonesian marketplace,Lazada,LT-SND,"Loop Tote, Sand",Sand,standard,1,189000,189000,0,,30000,219000,16065,0,78000,94935,IDR,219000,,Credit card,J&T Express,C001430,new,Jakarta,DKI Jakarta,ID,completed,2026-09-04,2026-09-05,shop_page,,,,
#LT10455,2026-09-03 14:34:46,2026-09-03,Thursday,Website (Shopify),Website (Shopify),LT-GRN,"Loop Tote, Sea-green",Sea-green,standard,1,189000,189000,0,,18000,207000,0,0,78000,0,IDR,207000,,Bank transfer (VA),,C000612,returning,Bogor,West Java,ID,cancelled,,,instagram / bio_link,ig_batik_reel,17902562330559770,utm_bio_link,
26090318734250B,2026-09-03 15:03:32,2026-09-03,Thursday,Indonesian marketplace,Shopee,LT-SND,"Loop Tote, Sand",Sand,standard,1,189000,189000,15000,Platform voucher,15000,189000,16530,0,78000,79470,IDR,189000,,ShopeePay,Shopee Xpress / platform courier,C001431,new,Jakarta,DKI Jakarta,ID,completed,2026-09-03,2026-09-04,recommended,,,,
#LT10456,2026-09-03 15:41:01,2026-09-03,Thursday,Website (Shopify),Website (Shopify),LT-IND,"Loop Tote, Indigo",Indigo,standard,1,189000,189000,0,,0,189000,0,2835,78000,108165,IDR,189000,,GoPay,JNE,C001432,new,Bandung,West Java,ID,completed,2026-09-03,2026-09-05,google / organic,,,,
#LT10457,2026-09-03 16:08:06,2026-09-03,Thursday,Website (Shopify),Website (Shopify),LT-GRN,"Loop Tote, Sea-green",Sea-green,standard,1,189000,189000,0,,32000,221000,0,1547,78000,-26547,IDR,221000,,QRIS,JNE,C001433,new,Bandung,West Java,ID,returned,2026-09-03,2026-09-04,google / organic,,,,
#LT10458,2026-09-03 16:58:00,2026-09-03,Thursday,Website (Shopify),Website (Shopify),LT-SND,"Loop Tote, Sand",Sand,standard,1,189000,189000,0,,18000,207000,0,4000,78000,107000,IDR,207000,,Bank transfer (VA),GoSend/Grab Instant,C001434,new,Cianjur,West Java,ID,completed,2026-09-04,2026-09-06,google / organic,,,,
IG-20260903-0002,2026-09-03 17:07:41,2026-09-03,Thursday,Instagram,Instagram (DM/WhatsApp),LT-GRN,"Loop Tote, Sea-green",Sea-green,standard,1,189000,189000,0,,40000,229000,0,3435,78000,107565,IDR,229000,,GoPay/OVO,SiCepat,C001435,new,Cimahi,West Java,ID,completed,2026-09-04,2026-09-06,comment,ig_batik_reel,17902562330559770,dm_entry_comment,
STR-20260903-0002,2026-09-03 18:22:10,2026-09-03,Thursday,Physical store,Bandung store,LT-SND,"Loop Tote, Sand",Sand,standard,1,189000,189000,0,,0,189000,0,1323,78000,109677,IDR,189000,,QRIS,In-store pickup,C001436,new,Bandung,West Java,ID,completed,2026-09-03,2026-09-03,walk-in,,,,
INV/20260903/MPL/728069837,2026-09-03 18:31:05,2026-09-03,Thursday,Indonesian marketplace,Tokopedia,LT-SND,"Loop Tote, Sand",Sand,standard,1,189000,189000,0,,20000,209000,0,0,78000,0,IDR,209000,,PayLater,,C001437,new,Jakarta,DKI Jakarta,ID,cancelled,,,recommended,,,,
INV/20260903/MPL/422534509,2026-09-03 19:53:53,2026-09-03,Thursday,Indonesian marketplace,Tokopedia,LT-IND,"Loop Tote, Indigo",Indigo,standard,3,189000,567000,56500,Platform voucher,20000,530500,40840,0,234000,235660,IDR,530500,,ShopeePay,Shopee Xpress / platform courier,C001438,new,Depok,West Java,ID,completed,2026-09-03,2026-09-06,recommended,,,,
#LT10459,2026-09-03 20:05:11,2026-09-03,Thursday,Website (Shopify),Website (Shopify),LT-IND,"Loop Tote, Indigo",Indigo,standard,1,189000,189000,0,,25000,214000,0,3210,78000,107790,IDR,214000,,GoPay,SiCepat,C001439,new,Balikpapan,East Kalimantan,ID,completed,2026-09-03,2026-09-10,instagram / bio_link,ig_process_impact_p17,17909597409818323,utm_bio_link,
#LT10460,2026-09-03 20:18:00,2026-09-03,Thursday,Website (Shopify),Website (Shopify),LT-GRN,"Loop Tote, Sea-green",Sea-green,standard,1,189000,189000,0,,25000,214000,0,1498,78000,109502,IDR,214000,,QRIS,JNE,C001440,new,Bekasi,West Java,ID,completed,2026-09-04,2026-09-05,instagram / bio_link,ig_always_on,,,
#LT10461,2026-09-03 20:53:48,2026-09-03,Thursday,Website (Shopify),Website (Shopify),LT-GRN,"Loop Tote, Sea-green",Sea-green,standard,1,189000,189000,0,,18000,207000,0,4000,78000,107000,IDR,207000,,Bank transfer (VA),JNE,C001441,new,Cianjur,West Java,ID,completed,2026-09-03,2026-09-06,instagram / bio_link,ig_batik_reel,17902562330559770,utm_bio_link,
26090352427968C,2026-09-03 21:21:55,2026-09-03,Thursday,Indonesian marketplace,Shopee,LT-IND,"Loop Tote, Indigo",Indigo,standard,1,189000,189000,0,,12000,201000,17955,0,78000,93045,IDR,201000,,ShopeePay,Shopee Xpress / platform courier,C001442,new,Jakarta,DKI Jakarta,ID,completed,2026-09-04,2026-09-05,marketplace_campaign,,,,
26090349714954D,2026-09-03 23:37:41,2026-09-03,Thursday,Indonesian marketplace,Shopee,LT-GRN,"Loop Tote, Sea-green",Sea-green,standard,1,189000,189000,15000,Platform voucher,30000,204000,16530,0,78000,79470,IDR,204000,,Alfamart/Indomaret,AnterAja,C001443,new,Denpasar,Bali,ID,completed,2026-09-03,2026-09-06,marketplace_search,,,,
113-9676037-7491313,2026-09-04 01:45:52,2026-09-04,Friday,Amazon,Amazon,LT-IND,"Loop Tote, Indigo",Indigo,standard,2,260637,521274,0,,113937,635211,78191,0,156000,287083,USD,38.97,16300,Credit card,DHL eCommerce,C001444,new,London,England,GB,completed,2026-09-05,2026-09-19,marketplace_search,,,,
5269639522431623102,2026-09-04 02:14:33,2026-09-04,Friday,Indonesian marketplace,TikTok Shop,LT-GRN,"Loop Tote, Sea-green",Sea-green,standard,2,179000,358000,0,,12000,370000,30430,0,156000,171570,IDR,370000,,ShopeePay,AnterAja,C001445,new,Bandung,West Java,ID,completed,2026-09-04,2026-09-05,marketplace_search,,,,
#LT10462,2026-09-04 08:17:30,2026-09-04,Friday,Website (Shopify),Website (Shopify),LT-IND,"Loop Tote, Indigo",Indigo,standard,1,189000,189000,0,,40000,229000,0,4000,78000,107000,IDR,229000,,Bank transfer (VA),SiCepat,C001446,new,Jakarta,DKI Jakarta,ID,completed,2026-09-05,2026-09-08,instagram / bio_link,ig_process_impact_p17,17909597409818323,utm_bio_link,
483265600991784,2026-09-04 09:54:27,2026-09-04,Friday,Indonesian marketplace,Lazada,LT-SND,"Loop Tote, Sand",Sand,standard,1,189000,189000,19000,Platform voucher,15000,185000,14450,0,78000,77550,IDR,185000,,ShopeePay,AnterAja,C001447,new,Depok,West Java,ID,completed,2026-09-04,2026-09-07,recommended,,,,
STR-20260904-0001,2026-09-04 10:01:18,2026-09-04,Friday,Physical store,Bandung store,LT-BTK,Loop Tote Batik Limited Edition,Batik Kawung,limited_edition,1,249000,249000,0,,0,249000,0,1743,112000,135257,IDR,249000,,QRIS,In-store pickup,C001448,new,Bandung,West Java,ID,completed,2026-09-04,2026-09-04,walk-in,,17902562330559770,sku_match,
IG-20260904-0001,2026-09-04 10:01:35,2026-09-04,Friday,Instagram,Instagram (DM/WhatsApp),LT-BTK,Loop Tote Batik Limited Edition,Batik Parang,limited_edition,1,249000,249000,0,,15000,264000,0,0,112000,137000,IDR,264000,,Bank transfer (manual),J&T Express,C001449,new,Bandung,West Java,ID,completed,2026-09-06,2026-09-08,dm,ig_batik_reel,17902562330559770,sku_match,
#LT10463,2026-09-04 10:01:43,2026-09-04,Friday,Website (Shopify),Website (Shopify),LT-BTK,Loop Tote Batik Limited Edition,Batik Kawung,limited_edition,1,249000,249000,0,,25000,274000,0,1918,112000,135082,IDR,274000,,QRIS,GoSend/Grab Instant,C001450,new,Balikpapan,East Kalimantan,ID,completed,2026-09-04,2026-09-11,instagram / bio_link,ig_batik_reel,17902562330559770,sku_match,
IG-20260904-0002,2026-09-04 10:01:49,2026-09-04,Friday,Instagram,Instagram (DM/WhatsApp),LT-BTK,Loop Tote Batik Limited Edition,Batik Parang,limited_edition,2,249000,498000,0,,18000,516000,0,7740,224000,266260,IDR,516000,,GoPay/OVO,GoSend/Grab Instant,C001451,new,Jakarta,DKI Jakarta,ID,completed,2026-09-04,2026-09-05,dm,ig_batik_reel,17902562330559770,sku_match,
#LT10464,2026-09-04 10:02:45,2026-09-04,Friday,Website (Shopify),Website (Shopify),LT-BTK,Loop Tote Batik Limited Edition,Batik Parang,limited_edition,1,249000,249000,0,,40000,289000,0,4335,112000,132665,IDR,289000,,GoPay,JNE,C001322,returning,South Tangerang,Banten,ID,completed,2026-09-05,2026-09-07,instagram / bio_link,ig_batik_reel,17902562330559770,sku_match,
#LT10465,2026-09-04 10:03:21,2026-09-04,Friday,Website (Shopify),Website (Shopify),LT-BTK,Loop Tote Batik Limited Edition,Batik Parang,limited_edition,1,249000,249000,0,,18000,267000,0,4000,112000,133000,IDR,267000,,Bank transfer (VA),JNE,C001452,new,Cirebon,West Java,ID,completed,2026-09-05,2026-09-09,instagram / bio_link,ig_batik_reel,17902562330559770,sku_match,
#LT10466,2026-09-04 10:03:30,2026-09-04,Friday,Website (Shopify),Website (Shopify),LT-BTK,Loop Tote Batik Limited Edition,Batik Kawung,limited_edition,1,249000,249000,0,,15000,264000,0,9656,112000,127344,IDR,264000,,Credit card,J&T Express,C001453,new,Bekasi,West Java,ID,completed,2026-09-05,2026-09-08,instagram / bio_link,ig_batik_reel,17902562330559770,sku_match,
IG-20260904-0003,2026-09-04 10:04:12,2026-09-04,Friday,Instagram,Instagram (DM/WhatsApp),LT-BTK,Loop Tote Batik Limited Edition,Batik Parang,limited_edition,1,249000,249000,0,,0,249000,0,9221,112000,127779,IDR,249000,,Credit card,SiCepat,C001235,returning,Surabaya,East Java,ID,completed,2026-09-06,2026-09-10,story_reply,ig_batik_reel,17902562330559770,sku_match,
INV/20260904/MPL/279262374,2026-09-04 10:04:31,2026-09-04,Friday,Indonesian marketplace,Tokopedia,LT-BTK,Loop Tote Batik Limited Edition,Batik Kawung,limited_edition,1,249000,249000,0,,0,249000,19920,0,112000,117080,IDR,249000,,ShopeePay,JNE,C001454,new,Cirebon,West Java,ID,completed,2026-09-05,2026-09-08,recommended,,17902562330559770,sku_match,
INV/20260904/MPL/148196054,2026-09-04 10:05:04,2026-09-04,Friday,Indonesian marketplace,Tokopedia,LT-BTK,Loop Tote Batik Limited Edition,Batik Parang,limited_edition,1,249000,249000,0,,12000,261000,19920,0,112000,117080,IDR,261000,,Bank transfer (VA),J&T Express,C001455,new,Denpasar,Bali,ID,completed,2026-09-06,2026-09-10,marketplace_search,,17902562330559770,sku_match,
#LT10467,2026-09-04 10:05:31,2026-09-04,Friday,Website (Shopify),Website (Shopify),LT-BTK,Loop Tote Batik Limited Edition,Batik Parang,limited_edition,1,249000,249000,0,,15000,264000,0,3960,112000,133040,IDR,264000,,GoPay,J&T Express,C001456,new,Tangerang,Banten,ID,completed,2026-09-06,2026-09-09,instagram / bio_link,ig_batik_reel,17902562330559770,sku_match,
IG-20260904-0004,2026-09-04 10:06:36,2026-09-04,Friday,Instagram,Instagram (DM/WhatsApp),LT-BTK,Loop Tote Batik Limited Edition,Batik Kawung,limited_edition,1,249000,249000,0,,32000,281000,0,0,112000,137000,IDR,281000,,Bank transfer (manual),J&T Express,C001457,new,Bekasi,West Java,ID,completed,2026-09-05,2026-09-08,dm,ig_batik_reel,17902562330559770,sku_match,
STR-20260904-0002,2026-09-04 10:07:41,2026-09-04,Friday,Physical store,Bandung store,LT-BTK,Loop Tote Batik Limited Edition,Batik Parang,limited_edition,1,249000,249000,0,,0,249000,0,1743,112000,135257,IDR,249000,,QRIS,In-store pickup,C001458,new,Bandung,West Java,ID,completed,2026-09-04,2026-09-04,walk-in,,17902562330559770,sku_match,
#LT10468,2026-09-04 10:08:36,2026-09-04,Friday,Website (Shopify),Website (Shopify),LT-BTK,Loop Tote Batik Limited Edition,Batik Kawung,limited_edition,1,249000,249000,0,,18000,267000,0,4005,112000,-29005,IDR,267000,,GoPay,JNE,C001459,new,Jakarta,DKI Jakarta,ID,returned,2026-09-06,2026-09-08,instagram / bio_link,ig_batik_reel,17902562330559770,sku_match,
#LT10469,2026-09-04 10:08:41,2026-09-04,Friday,Website (Shopify),Website (Shopify),LT-BTK,Loop Tote Batik Limited Edition,Batik Parang,limited_edition,1,249000,249000,0,,32000,281000,0,1967,112000,135033,IDR,281000,,QRIS,JNE,C001010,returning,Depok,West Java,ID,completed,2026-09-04,2026-09-05,instagram / bio_link,ig_batik_reel,17902562330559770,sku_match,
IG-20260904-0005,2026-09-04 10:08:58,2026-09-04,Friday,Instagram,Instagram (DM/WhatsApp),LT-BTK,Loop Tote Batik Limited Edition,Batik Parang,limited_edition,1,249000,249000,0,,25000,274000,0,1918,112000,135082,IDR,274000,,QRIS,GoSend/Grab Instant,C001460,new,Bekasi,West Java,ID,completed,2026-09-05,2026-09-06,story_reply,ig_batik_reel,17902562330559770,sku_match,
IG-20260904-0006,2026-09-04 10:12:41,2026-09-04,Friday,Instagram,Instagram (DM/WhatsApp),LT-BTK,Loop Tote Batik Limited Edition,Batik Parang,limited_edition,1,249000,249000,0,,32000,281000,0,0,112000,137000,IDR,281000,,Bank transfer (manual),SiCepat,C000976,returning,Surabaya,East Java,ID,completed,2026-09-04,2026-09-07,comment,ig_batik_reel,17902562330559770,sku_match,
26090416027151B,2026-09-04 10:13:01,2026-09-04,Friday,Indonesian marketplace,Shopee,LT-BTK,Loop Tote Batik Limited Edition,Batik Kawung,limited_edition,1,249000,249000,25000,Platform voucher,0,224000,21280,0,112000,90720,IDR,224000,,Bank transfer (VA),AnterAja,C001461,new,Banjarmasin,South Kalimantan,ID,completed,2026-09-04,2026-09-09,shop_page,,17902562330559770,sku_match,
26090454437078C,2026-09-04 10:13:46,2026-09-04,Friday,Indonesian marketplace,Shopee,LT-BTK,Loop Tote Batik Limited Edition,Batik Parang,limited_edition,1,249000,249000,0,,25000,274000,23655,0,112000,113345,IDR,274000,,ShopeePay,JNE,C001462,new,Jakarta,DKI Jakarta,ID,completed,2026-09-06,2026-09-07,marketplace_search,,17902562330559770,sku_match,
#LT10470,2026-09-04 10:14:07,2026-09-04,Friday,Website (Shopify),Website (Shopify),LT-BTK,Loop Tote Batik Limited Edition,Batik Parang,limited_edition,1,249000,249000,0,,40000,289000,0,4000,112000,133000,IDR,289000,,Bank transfer (VA),JNE,C001463,new,Bogor,West Java,ID,completed,2026-09-05,2026-09-07,instagram / bio_link,ig_batik_reel,17902562330559770,sku_match,
#LT10471,2026-09-04 10:16:14,2026-09-04,Friday,Website (Shopify),Website (Shopify),LT-BTK,Loop Tote Batik Limited Edition,Batik Parang,limited_edition,1,249000,249000,0,,15000,264000,0,4000,112000,133000,IDR,264000,,Bank transfer (VA),J&T Express,C001464,new,Bekasi,West Java,ID,completed,2026-09-06,2026-09-08,instagram / bio_link,ig_batik_reel,17902562330559770,sku_match,
IG-20260904-0007,2026-09-04 10:16:55,2026-09-04,Friday,Instagram,Instagram (DM/WhatsApp),LT-BTK,Loop Tote Batik Limited Edition,Batik Parang,limited_edition,1,249000,249000,0,,25000,274000,0,0,112000,137000,IDR,274000,,Bank transfer (manual),JNE,C001465,new,Bogor,West Java,ID,completed,2026-09-04,2026-09-06,dm,ig_batik_reel,17902562330559770,sku_match,
IG-20260904-0008,2026-09-04 10:17:20,2026-09-04,Friday,Instagram,Instagram (DM/WhatsApp),LT-BTK,Loop Tote Batik Limited Edition,Batik Parang,limited_edition,2,249000,498000,0,,40000,538000,0,0,224000,274000,IDR,538000,,Bank transfer (manual),JNE,C001466,new,Bandung,West Java,ID,completed,2026-09-06,2026-09-07,dm,ig_batik_reel,17902562330559770,sku_match,
#LT10472,2026-09-04 10:18:04,2026-09-04,Friday,Website (Shopify),Website (Shopify),LT-BTK,Loop Tote Batik Limited Edition,Batik Kawung,limited_edition,1,249000,249000,0,,0,249000,0,9221,112000,127779,IDR,249000,,Credit card,JNE,C001467,new,Bogor,West Java,ID,completed,2026-09-05,2026-09-08,instagram / bio_link,ig_batik_reel,17902562330559770,sku_match,
#LT10473,2026-09-04 10:18:52,2026-09-04,Friday,Website (Shopify),Website (Shopify),LT-BTK,Loop Tote Batik Limited Edition,Batik Kawung,limited_edition,2,249000,498000,0,,0,498000,0,0,224000,0,IDR,498000,,QRIS,,C001468,new,Semarang,Central Java,ID,cancelled,,,instagram / bio_link,ig_batik_reel,17902562330559770,sku_match,
#LT10474,2026-09-04 10:19:08,2026-09-04,Friday,Website (Shopify),Website (Shopify),LT-BTK,Loop Tote Batik Limited Edition,Batik Kawung,limited_edition,2,249000,498000,0,,0,498000,0,3486,224000,270514,IDR,498000,,QRIS,SiCepat,C001469,new,Depok,West Java,ID,completed,2026-09-05,2026-09-08,instagram / bio_link,ig_batik_reel,17902562330559770,sku_match,
#LT10475,2026-09-04 10:20:31,2026-09-04,Friday,Website (Shopify),Website (Shopify),LT-BTK,Loop Tote Batik Limited Edition,Batik Kawung,limited_edition,1,249000,249000,0,,32000,281000,0,1967,112000,135033,IDR,281000,,QRIS,J&T Express,C000338,returning,Semarang,Central Java,ID,completed,2026-09-04,2026-09-08,instagram / bio_link,ig_batik_reel,17902562330559770,sku_match,
#LT10476,2026-09-04 10:20:35,2026-09-04,Friday,Website (Shopify),Website (Shopify),LT-BTK,Loop Tote Batik Limited Edition,Batik Kawung,limited_edition,2,249000,498000,0,,0,498000,0,16442,224000,257558,IDR,498000,,Credit card,JNE,C001470,new,Bekasi,West Java,ID,completed,2026-09-05,2026-09-08,instagram / bio_link,ig_batik_reel,17902562330559770,sku_match,
#LT10477,2026-09-04 10:20:56,2026-09-04,Friday,Website (Shopify),Website (Shopify),LT-BTK,Loop Tote Batik Limited Edition,Batik Parang,limited_edition,1,249000,249000,0,,0,249000,0,3735,112000,133265,IDR,249000,,GoPay,SiCepat,C001471,new,Denpasar,Bali,ID,completed,2026-09-04,2026-09-11,instagram / bio_link,ig_batik_reel,17902562330559770,sku_match,
#LT10478,2026-09-04 10:21:09,2026-09-04,Friday,Website (Shopify),Website (Shopify),LT-BTK,Loop Tote Batik Limited Edition,Batik Kawung,limited_edition,1,249000,249000,0,,32000,281000,0,10149,112000,126851,IDR,281000,,Credit card,SiCepat,C001472,new,Jakarta,DKI Jakarta,ID,completed,2026-09-05,2026-09-08,instagram / bio_link,ig_always_on,,,
IG-20260904-0009,2026-09-04 10:21:18,2026-09-04,Friday,Instagram,Instagram (DM/WhatsApp),LT-BTK,Loop Tote Batik Limited Edition,Batik Parang,limited_edition,1,249000,249000,0,,15000,264000,0,0,112000,137000,IDR,264000,,COD (local courier),J&T Express,C001473,new,Cirebon,West Java,ID,completed,2026-09-06,2026-09-08,dm,ig_batik_reel,17902562330559770,sku_match,
IG-20260904-0010,2026-09-04 10:22:55,2026-09-04,Friday,Instagram,Instagram (DM/WhatsApp),LT-BTK,Loop Tote Batik Limited Edition,Batik Parang,limited_edition,2,249000,498000,0,,25000,523000,0,3661,224000,270339,IDR,523000,,QRIS,JNE,C001474,new,Bogor,West Java,ID,completed,2026-09-05,2026-09-07,dm,ig_batik_reel,17902562330559770,sku_match,
#LT10479,2026-09-04 10:24:10,2026-09-04,Friday,Website (Shopify),Website (Shopify),LT-BTK,Loop Tote Batik Limited Edition,Batik Parang,limited_edition,1,249000,249000,0,,15000,264000,0,4000,112000,133000,IDR,264000,,Bank transfer (VA),J&T Express,C001475,new,Jakarta,DKI Jakarta,ID,completed,2026-09-05,2026-09-07,instagram / bio_link,ig_batik_reel,17902562330559770,sku_match,
IG-20260904-0011,2026-09-04 10:25:42,2026-09-04,Friday,Instagram,Instagram (DM/WhatsApp),LT-BTK,Loop Tote Batik Limited Edition,Batik Parang,limited_edition,1,249000,249000,0,,15000,264000,0,0,112000,137000,IDR,264000,,Bank transfer (manual),JNE,C001476,new,Cimahi,West Java,ID,completed,2026-09-06,2026-09-07,dm,ig_batik_reel,17902562330559770,sku_match,
#LT10480,2026-09-04 10:26:38,2026-09-04,Friday,Website (Shopify),Website (Shopify),LT-IND,"Loop Tote, Indigo",Indigo,standard,1,189000,189000,0,,32000,221000,0,3315,78000,107685,IDR,221000,,ShopeePay,JNE,C001477,new,Palembang,South Sumatra,ID,completed,2026-09-04,2026-09-09,direct,,,,
STR-20260904-0003,2026-09-04 10:28:32,2026-09-04,Friday,Physical store,Bandung store,LT-BTK,Loop Tote Batik Limited Edition,Batik Parang,limited_edition,1,249000,249000,0,,0,249000,0,2490,112000,134510,IDR,249000,,Debit card,In-store pickup,C001478,new,Bandung,West Java,ID,completed,2026-09-04,2026-09-04,walk-in,,17902562330559770,sku_match,
STR-20260904-0004,2026-09-04 10:28:40,2026-09-04,Friday,Physical store,Bandung store,LT-BTK,Loop Tote Batik Limited Edition,Batik Kawung,limited_edition,1,249000,249000,0,,0,249000,0,1743,112000,135257,IDR,249000,,QRIS,In-store pickup,C001479,new,Bandung,West Java,ID,completed,2026-09-04,2026-09-04,walk-in,,17902562330559770,sku_match,
5813262266505121374,2026-09-04 10:32:09,2026-09-04,Friday,Indonesian marketplace,TikTok Shop,LT-SND,"Loop Tote, Sand",Sand,standard,1,179000,179000,9000,Platform voucher,0,170000,14450,0,78000,77550,IDR,170000,,Alfamart/Indomaret,SiCepat,C001480,new,Makassar,South Sulawesi,ID,completed,2026-09-04,2026-09-09,marketplace_campaign,,,,
26090480162098D,2026-09-04 10:33:44,2026-09-04,Friday,Indonesian marketplace,Shopee,LT-BTK,Loop Tote Batik Limited Edition,Batik Kawung,limited_edition,1,249000,249000,0,,0,249000,23655,0,112000,113345,IDR,249000,,ShopeePay,Shopee Xpress / platform courier,C001481,new,Jakarta,DKI Jakarta,ID,completed,2026-09-06,2026-09-09,marketplace_search,,,,
INV/20260904/MPL/505188798,2026-09-04 10:34:14,2026-09-04,Friday,Indonesian marketplace,Tokopedia,LT-BTK,Loop Tote Batik Limited Edition,Batik Parang,limited_edition,1,249000,249000,25000,Platform voucher,35000,259000,0,0,112000,0,IDR,259000,,Bank transfer (VA),,C001482,new,Denpasar,Bali,ID,cancelled,,,marketplace_search,,17902562330559770,sku_match,
#LT10481,2026-09-04 10:35:56,2026-09-04,Friday,Website (Shopify),Website (Shopify),LT-BTK,Loop Tote Batik Limited Edition,Batik Parang,limited_edition,1,249000,249000,0,,0,249000,0,4000,112000,133000,IDR,249000,,Bank transfer (VA),SiCepat,C001483,new,Surabaya,East Java,ID,completed,2026-09-06,2026-09-08,instagram / bio_link,ig_batik_reel,17902562330559770,sku_match,
#LT10482,2026-09-04 10:37:05,2026-09-04,Friday,Website (Shopify),Website (Shopify),LT-BTK,Loop Tote Batik Limited Edition,Batik Kawung,limited_edition,1,249000,249000,0,,18000,267000,0,0,112000,0,IDR,267000,,QRIS,,C001484,new,Jakarta,DKI Jakarta,ID,cancelled,,,instagram / bio_link,ig_batik_reel,17902562330559770,sku_match,
#LT10483,2026-09-04 10:40:54,2026-09-04,Friday,Website (Shopify),Website (Shopify),LT-BTK,Loop Tote Batik Limited Edition,Batik Parang,limited_edition,2,249000,498000,0,,0,498000,0,7470,224000,266530,IDR,498000,,ShopeePay,GoSend/Grab Instant,C001485,new,Semarang,Central Java,ID,completed,2026-09-05,2026-09-08,instagram / bio_link,ig_batik_reel,17902562330559770,sku_match,
26090478587058E,2026-09-04 10:40:56,2026-09-04,Friday,Indonesian marketplace,Shopee,LT-BTK,Loop Tote Batik Limited Edition,Batik Kawung,limited_edition,2,249000,498000,25000,Platform voucher,0,473000,44935,0,224000,204065,IDR,473000,,ShopeePay,JNE,C001486,new,Jakarta,DKI Jakarta,ID,completed,2026-09-05,2026-09-06,shop_page,,,,
#LT10484,2026-09-04 10:41:58,2026-09-04,Friday,Website (Shopify),Website (Shopify),LT-BTK,Loop Tote Batik Limited Edition,Batik Kawung,limited_edition,2,249000,498000,0,,0,498000,0,3486,224000,270514,IDR,498000,,QRIS,SiCepat,C001487,new,Bandung,West Java,ID,completed,2026-09-04,2026-09-06,instagram / bio_link,ig_batik_reel,17902562330559770,sku_match,
STR-20260904-0005,2026-09-04 10:42:28,2026-09-04,Friday,Physical store,Bandung store,LT-BTK,Loop Tote Batik Limited Edition,Batik Parang,limited_edition,1,249000,249000,0,,0,249000,0,1743,112000,135257,IDR,249000,,QRIS,In-store pickup,C001488,new,Bandung,West Java,ID,completed,2026-09-04,2026-09-04,walk-in,,17902562330559770,sku_match,
#LT10485,2026-09-04 10:43:21,2026-09-04,Friday,Website (Shopify),Website (Shopify),LT-BTK,Loop Tote Batik Limited Edition,Batik Parang,limited_edition,2,249000,498000,0,,0,498000,0,7470,224000,266530,IDR,498000,,ShopeePay,J&T Express,C001489,new,Cirebon,West Java,ID,completed,2026-09-04,2026-09-06,instagram / bio_link,ig_batik_reel,17902562330559770,sku_match,
IG-20260904-0012,2026-09-04 10:43:57,2026-09-04,Friday,Instagram,Instagram (DM/WhatsApp),LT-BTK,Loop Tote Batik Limited Edition,Batik Parang,limited_edition,1,249000,249000,12500,IGDM5,15000,251500,0,1760,112000,122740,IDR,251500,,QRIS,J&T Express,C001046,returning,Jakarta,DKI Jakarta,ID,completed,2026-09-05,2026-09-08,dm,ig_batik_reel,17902562330559770,sku_match,
#LT10486,2026-09-04 10:46:14,2026-09-04,Friday,Website (Shopify),Website (Shopify),LT-BTK,Loop Tote Batik Limited Edition,Batik Kawung,limited_edition,1,249000,249000,0,,0,249000,0,3735,112000,133265,IDR,249000,,OVO,GoSend/Grab Instant,C001490,new,Cianjur,West Java,ID,completed,2026-09-06,2026-09-10,instagram / bio_link,ig_batik_reel,17902562330559770,sku_match,
IG-20260904-0013,2026-09-04 10:47:54,2026-09-04,Friday,Instagram,Instagram (DM/WhatsApp),LT-BTK,Loop Tote Batik Limited Edition,Batik Kawung,limited_edition,1,249000,249000,0,,15000,264000,0,1848,112000,135152,IDR,264000,,QRIS,GoSend/Grab Instant,C001491,new,Solo,Central Java,ID,completed,2026-09-04,2026-09-07,comment,ig_batik_reel,17902562330559770,sku_match,
#LT10487,2026-09-04 10:49:15,2026-09-04,Friday,Website (Shopify),Website (Shopify),LT-BTK,Loop Tote Batik Limited Edition,Batik Parang,limited_edition,1,249000,249000,0,,25000,274000,0,9946,112000,127054,IDR,274000,,Credit card,J&T Express,C001492,new,Solo,Central Java,ID,completed,2026-09-04,2026-09-08,instagram / bio_link,ig_batik_reel,17902562330559770,sku_match,
#LT10488,2026-09-04 10:49:25,2026-09-04,Friday,Website (Shopify),Website (Shopify),LT-BTK,Loop Tote Batik Limited Edition,Batik Kawung,limited_edition,1,249000,249000,0,,25000,274000,0,4110,112000,132890,IDR,274000,,GoPay,GoSend/Grab Instant,C001493,new,Bekasi,West Java,ID,completed,2026-09-05,2026-09-07,instagram / bio_link,ig_batik_reel,17902562330559770,sku_match,
IG-20260904-0014,2026-09-04 10:49:38,2026-09-04,Friday,Instagram,Instagram (DM/WhatsApp),LT-BTK,Loop Tote Batik Limited Edition,Batik Parang,limited_edition,1,249000,249000,0,,0,249000,0,9221,112000,127779,IDR,249000,,Credit card,GoSend/Grab Instant,C001494,new,Depok,West Java,ID,completed,2026-09-04,2026-09-05,story_reply,ig_batik_reel,17902562330559770,sku_match,
IG-20260904-0015,2026-09-04 10:49:42,2026-09-04,Friday,Instagram,Instagram (DM/WhatsApp),LT-BTK,Loop Tote Batik Limited Edition,Batik Kawung,limited_edition,1,249000,249000,12500,IGDM5,40000,276500,0,0,112000,124500,IDR,276500,,Bank transfer (manual),GoSend/Grab Instant,C001466,returning,Bandung,West Java,ID,completed,2026-09-05,2026-09-07,whatsapp_click,,,,
#LT10489,2026-09-04 10:50:49,2026-09-04,Friday,Website (Shopify),Website (Shopify),LT-BTK,Loop Tote Batik Limited Edition,Batik Parang,limited_edition,1,249000,249000,0,,32000,281000,0,4215,112000,132785,IDR,281000,,GoPay,JNE,C001495,new,Garut,West Java,ID,completed,2026-09-06,2026-09-08,instagram / bio_link,ig_batik_reel,17902562330559770,sku_match,
IG-20260904-0016,2026-09-04 10:51:12,2026-09-04,Friday,Instagram,Instagram (DM/WhatsApp),LT-BTK,Loop Tote Batik Limited Edition,Batik Kawung,limited_edition,2,249000,498000,25000,IGDM5,18000,491000,0,0,224000,249000,IDR,491000,,Bank transfer (manual),SiCepat,C001496,new,Jakarta,DKI Jakarta,ID,completed,2026-09-06,2026-09-08,dm,ig_batik_reel,17902562330559770,sku_match,
INV/20260904/MPL/397111372,2026-09-04 10:51:38,2026-09-04,Friday,Indonesian marketplace,Tokopedia,LT-BTK,Loop Tote Batik Limited Edition,Batik Kawung,limited_edition,1,249000,249000,0,,30000,279000,19920,0,112000,117080,IDR,279000,,ShopeePay,SiCepat,C001497,new,Garut,West Java,ID,completed,2026-09-06,2026-09-08,marketplace_search,,17902562330559770,sku_match,
#LT10490,2026-09-04 10:54:20,2026-09-04,Friday,Website (Shopify),Website (Shopify),LT-BTK,Loop Tote Batik Limited Edition,Batik Parang,limited_edition,1,249000,249000,0,,18000,267000,0,1869,112000,135131,IDR,267000,,QRIS,J&T Express,C001498,new,Jakarta,DKI Jakarta,ID,completed,2026-09-06,2026-09-07,instagram / bio_link,ig_batik_reel,17902562330559770,sku_match,
#LT10491,2026-09-04 10:55:01,2026-09-04,Friday,Website (Shopify),Website (Shopify),LT-BTK,Loop Tote Batik Limited Edition,Batik Kawung,limited_edition,1,249000,249000,0,,32000,281000,0,1967,112000,135033,IDR,281000,,QRIS,JNE,C001499,new,Jakarta,DKI Jakarta,ID,completed,2026-09-06,2026-09-08,instagram / bio_link,ig_batik_reel,17902562330559770,sku_match,
#LT10492,2026-09-04 10:55:10,2026-09-04,Friday,Website (Shopify),Website (Shopify),LT-BTK,Loop Tote Batik Limited Edition,Batik Kawung,limited_edition,1,249000,249000,0,,18000,267000,0,1869,112000,135131,IDR,267000,,QRIS,J&T Express,C001500,new,Bandung,West Java,ID,completed,2026-09-05,2026-09-06,instagram / bio_link,ig_batik_reel,17902562330559770,sku_match,
IG-20260904-0017,2026-09-04 10:55:42,2026-09-04,Friday,Instagram,Instagram (DM/WhatsApp),LT-BTK,Loop Tote Batik Limited Edition,Batik Parang,limited_edition,1,249000,249000,0,,25000,274000,0,9946,112000,127054,IDR,274000,,Credit card,J&T Express,C001501,new,Bogor,West Java,ID,completed,2026-09-05,2026-09-07,dm,ig_batik_reel,17902562330559770,sku_match,
IG-20260904-0018,2026-09-04 10:56:41,2026-09-04,Friday,Instagram,Instagram (DM/WhatsApp),LT-BTK,Loop Tote Batik Limited Edition,Batik Parang,limited_edition,1,249000,249000,0,,0,249000,0,1743,112000,135257,IDR,249000,,QRIS,SiCepat,C001502,new,Depok,West Java,ID,completed,2026-09-06,2026-09-07,dm,ig_batik_reel,17902562330559770,sku_match,
#LT10493,2026-09-04 10:59:03,2026-09-04,Friday,Website (Shopify),Website (Shopify),LT-BTK,Loop Tote Batik Limited Edition,Batik Parang,limited_edition,1,249000,249000,0,,25000,274000,0,4110,112000,132890,IDR,274000,,GoPay,JNE,C001503,new,Bandung,West Java,ID,completed,2026-09-04,2026-09-05,instagram / bio_link,ig_batik_reel,17902562330559770,sku_match,
#LT10494,2026-09-04 10:59:28,2026-09-04,Friday,Website (Shopify),Website (Shopify),LT-BTK,Loop Tote Batik Limited Edition,Batik Kawung,limited_edition,1,249000,249000,0,,0,249000,0,1743,112000,135257,IDR,249000,,QRIS,GoSend/Grab Instant,C001504,new,Karawang,West Java,ID,completed,2026-09-06,2026-09-08,instagram / bio_link,ig_batik_reel,17902562330559770,sku_match,
#LT10495,2026-09-04 11:00:03,2026-09-04,Friday,Website (Shopify),Website (Shopify),LT-BTK,Loop Tote Batik Limited Edition,Batik Parang,limited_edition,1,249000,249000,0,,0,249000,0,1743,112000,135257,IDR,249000,,QRIS,SiCepat,C001505,new,Bekasi,West Java,ID,completed,2026-09-06,2026-09-08,instagram / bio_link,ig_batik_reel,17902562330559770,sku_match,
26090424169821F,2026-09-04 11:01:16,2026-09-04,Friday,Indonesian marketplace,Shopee,LT-BTK,Loop Tote Batik Limited Edition,Batik Kawung,limited_edition,1,249000,249000,0,,35000,284000,23655,0,112000,-48655,IDR,284000,,PayLater,AnterAja,C001506,new,Cimahi,West Java,ID,returned,2026-09-04,2026-09-05,marketplace_search,,17902562330559770,sku_match,
#LT10496,2026-09-04 11:01:21,2026-09-04,Friday,Website (Shopify),Website (Shopify),LT-BTK,Loop Tote Batik Limited Edition,Batik Kawung,limited_edition,1,249000,249000,12500,NEWSLETTER5,25000,261500,0,3922,112000,120578,IDR,261500,,GoPay,J&T Express,C001507,new,Jakarta,DKI Jakarta,ID,completed,2026-09-04,2026-09-05,instagram / bio_link,ig_batik_reel,17902562330559770,sku_match,
#LT10497,2026-09-04 11:01:38,2026-09-04,Friday,Website (Shopify),Website (Shopify),LT-BTK,Loop Tote Batik Limited Edition,Batik Parang,limited_edition,1,249000,249000,0,,15000,264000,0,4000,112000,133000,IDR,264000,,Bank transfer (VA),J&T Express,C001508,new,Bandung,West Java,ID,completed,2026-09-06,2026-09-08,instagram / bio_link,ig_batik_reel,17902562330559770,sku_match,
26090486566568G,2026-09-04 11:01:44,2026-09-04,Friday,Indonesian marketplace,Shopee,LT-BTK,Loop Tote Batik Limited Edition,Batik Kawung,limited_edition,1,249000,249000,37500,Platform voucher,20000,231500,0,0,112000,0,IDR,231500,,COD,,C000250,returning,Cimahi,West Java,ID,cancelled,,,marketplace_search,,17902562330559770,sku_match,
INV/20260904/MPL/533916485,2026-09-04 11:04:45,2026-09-04,Friday,Indonesian marketplace,Tokopedia,LT-BTK,Loop Tote Batik Limited Edition,Batik Parang,limited_edition,1,249000,249000,0,,0,249000,19920,0,112000,117080,IDR,249000,,Credit card,JNE,C001509,new,Bekasi,West Java,ID,completed,2026-09-04,2026-09-07,recommended,,17902562330559770,sku_match,
#LT10498,2026-09-04 11:04:46,2026-09-04,Friday,Website (Shopify),Website (Shopify),LT-BTK,Loop Tote Batik Limited Edition,Batik Parang,limited_edition,1,249000,249000,12500,NEWSLETTER5,18000,254500,0,3818,112000,120682,IDR,254500,,GoPay,SiCepat,C001510,new,Tangerang,Banten,ID,completed,2026-09-06,2026-09-08,instagram / bio_link,ig_batik_reel,17902562330559770,sku_match,
IG-20260904-0019,2026-09-04 11:04:56,2026-09-04,Friday,Instagram,Instagram (DM/WhatsApp),LT-BTK,Loop Tote Batik Limited Edition,Batik Kawung,limited_edition,1,249000,249000,0,,25000,274000,0,0,112000,137000,IDR,274000,,Bank transfer (manual),JNE,C001511,new,Batam,Riau Islands,ID,completed,2026-09-05,2026-09-08,whatsapp_click,ig_batik_reel,17902562330559770,sku_match,
#LT10499,2026-09-04 11:08:46,2026-09-04,Friday,Website (Shopify),Website (Shopify),LT-BTK,Loop Tote Batik Limited Edition,Batik Parang,limited_edition,1,249000,249000,0,,0,249000,0,3735,112000,133265,IDR,249000,,GoPay,SiCepat,C001512,new,Depok,West Java,ID,completed,2026-09-06,2026-09-08,instagram / bio_link,ig_batik_reel,17902562330559770,sku_match,
IG-20260904-0020,2026-09-04 11:10:57,2026-09-04,Friday,Instagram,Instagram (DM/WhatsApp),LT-BTK,Loop Tote Batik Limited Edition,Batik Parang,limited_edition,1,249000,249000,12500,IGDM5,32000,268500,0,0,112000,124500,IDR,268500,,Bank transfer (manual),JNE,C001513,new,Makassar,South Sulawesi,ID,completed,2026-09-05,2026-09-08,dm,ig_batik_reel,17902562330559770,sku_match,
#LT10500,2026-09-04 11:11:12,2026-09-04,Friday,Website (Shopify),Website (Shopify),LT-BTK,Loop Tote Batik Limited Edition,Batik Kawung,limited_edition,2,249000,498000,0,,0,498000,0,16442,224000,257558,IDR,498000,,Credit card,GoSend/Grab Instant,C001514,new,Cianjur,West Java,ID,completed,2026-09-05,2026-09-09,instagram / bio_link,ig_batik_reel,17902562330559770,sku_match,
26090488110831H,2026-09-04 11:12:23,2026-09-04,Friday,Indonesian marketplace,Shopee,LT-BTK,Loop Tote Batik Limited Edition,Batik Kawung,limited_edition,1,249000,249000,0,,25000,274000,23655,0,112000,-48655,IDR,274000,,Bank transfer (VA),JNE,C001515,new,Bandung,West Java,ID,returned,2026-09-06,2026-09-08,marketplace_search,,17902562330559770,sku_match,
IG-20260904-0021,2026-09-04 11:12:41,2026-09-04,Friday,Instagram,Instagram (DM/WhatsApp),LT-BTK,Loop Tote Batik Limited Edition,Batik Parang,limited_edition,1,249000,249000,12500,IGDM5,32000,268500,0,0,112000,124500,IDR,268500,,Bank transfer (manual),JNE,C001516,new,Makassar,South Sulawesi,ID,completed,2026-09-06,2026-09-13,whatsapp_click,ig_batik_reel,17902562330559770,sku_match,
#LT10501,2026-09-04 11:12:54,2026-09-04,Friday,Website (Shopify),Website (Shopify),LT-BTK,Loop Tote Batik Limited Edition,Batik Parang,limited_edition,1,249000,249000,0,,15000,264000,0,4000,112000,133000,IDR,264000,,Bank transfer (VA),J&T Express,C001517,new,Depok,West Java,ID,completed,2026-09-05,2026-09-07,instagram / bio_link,ig_batik_reel,17902562330559770,sku_match,
IG-20260904-0022,2026-09-04 11:13:15,2026-09-04,Friday,Instagram,Instagram (DM/WhatsApp),LT-BTK,Loop Tote Batik Limited Edition,Batik Parang,limited_edition,1,249000,249000,12500,IGDM5,0,236500,0,0,112000,124500,IDR,236500,,Bank transfer (manual),GoSend/Grab Instant,C001518,new,Tasikmalaya,West Java,ID,completed,2026-09-06,2026-09-10,dm,ig_batik_reel,17902562330559770,sku_match,
26090419510342I,2026-09-04 11:18:44,2026-09-04,Friday,Indonesian marketplace,Shopee,LT-BTK,Loop Tote Batik Limited Edition,Batik Kawung,limited_edition,1,249000,249000,0,,30000,279000,23655,0,112000,113345,IDR,279000,,ShopeePay,Shopee Xpress / platform courier,C001519,new,Tangerang,Banten,ID,completed,2026-09-06,2026-09-09,marketplace_campaign,,17902562330559770,sku_match,
IG-20260904-0023,2026-09-04 11:20:48,2026-09-04,Friday,Instagram,Instagram (DM/WhatsApp),LT-BTK,Loop Tote Batik Limited Edition,Batik Kawung,limited_edition,1,249000,249000,12500,IGDM5,25000,261500,0,0,112000,124500,IDR,261500,,Bank transfer (manual),GoSend/Grab Instant,C000185,returning,Bekasi,West Java,ID,completed,2026-09-06,2026-09-07,dm,ig_batik_reel,17902562330559770,sku_match,
IG-20260904-0024,2026-09-04 11:21:36,2026-09-04,Friday,Instagram,Instagram (DM/WhatsApp),LT-BTK,Loop Tote Batik Limited Edition,Batik Parang,limited_edition,1,249000,249000,0,,18000,267000,0,1869,112000,-26869,IDR,267000,,QRIS,SiCepat,C001520,new,Bandung,West Java,ID,returned,2026-09-06,2026-09-07,dm,ig_batik_reel,17902562330559770,sku_match,
STR-20260904-0006,2026-09-04 11:22:18,2026-09-04,Friday,Physical store,Bandung store,LT-BTK,Loop Tote Batik Limited Edition,Batik Kawung,limited_edition,1,249000,249000,0,,0,249000,0,2490,112000,134510,IDR,249000,,Debit card,In-store pickup,C000113,returning,Bandung,West Java,ID,completed,2026-09-04,2026-09-04,walk-in,,17902562330559770,sku_match,
26090498349881J,2026-09-04 11:24:14,2026-09-04,Friday,Indonesian marketplace,Shopee,LT-BTK,Loop Tote Batik Limited Edition,Batik Parang,limited_edition,1,249000,249000,25000,Platform voucher,0,224000,21280,0,112000,90720,IDR,224000,,PayLater,SiCepat,C001521,new,South Tangerang,Banten,ID,completed,2026-09-04,2026-09-07,marketplace_search,,17902562330559770,sku_match,
STR-20260904-0007,2026-09-04 11:24:32,2026-09-04,Friday,Physical store,Bandung store,LT-IND,"Loop Tote, Indigo",Indigo,standard,1,189000,189000,0,,0,189000,0,1323,78000,109677,IDR,189000,,QRIS,In-store pickup,C001522,new,Bandung,West Java,ID,completed,2026-09-04,2026-09-04,walk-in,,,,
IG-20260904-0025,2026-09-04 11:25:13,2026-09-04,Friday,Instagram,Instagram (DM/WhatsApp),LT-BTK,Loop Tote Batik Limited Edition,Batik Kawung,limited_edition,1,249000,249000,0,,18000,267000,0,0,112000,137000,IDR,267000,,Bank transfer (manual),J&T Express,C001298,returning,Cirebon,West Java,ID,completed,2026-09-04,2026-09-07,dm,ig_batik_reel,17902562330559770,sku_match,
INV/20260904/MPL/943701564,2026-09-04 11:27:50,2026-09-04,Friday,Indonesian marketplace,Tokopedia,LT-BTK,Loop Tote Batik Limited Edition,Batik Parang,limited_edition,1,249000,249000,0,,15000,264000,19920,0,112000,117080,IDR,264000,,PayLater,Shopee Xpress / platform courier,C001523,new,Surabaya,East Java,ID,completed,2026-09-05,2026-09-08,marketplace_search,,17902562330559770,sku_match,
#LT10502,2026-09-04 11:28:50,2026-09-04,Friday,Website (Shopify),Website (Shopify),LT-GRN,"Loop Tote, Sea-green",Sea-green,standard,4,189000,756000,0,,0,756000,0,4000,312000,-29000,IDR,756000,,Bank transfer (VA),JNE,C001524,new,Denpasar,Bali,ID,returned,2026-09-05,2026-09-10,newsletter,,,,
#LT10503,2026-09-04 11:31:09,2026-09-04,Friday,Website (Shopify),Website (Shopify),LT-BTK,Loop Tote Batik Limited Edition,Batik Parang,limited_edition,1,249000,249000,0,,0,249000,0,4000,112000,133000,IDR,249000,,Bank transfer (VA),J&T Express,C001525,new,Jakarta,DKI Jakarta,ID,completed,2026-09-06,2026-09-07,instagram / bio_link,ig_always_on,,,
IG-20260904-0026,2026-09-04 11:34:27,2026-09-04,Friday,Instagram,Instagram (DM/WhatsApp),LT-BTK,Loop Tote Batik Limited Edition,Batik Kawung,limited_edition,1,249000,249000,0,,18000,267000,0,0,112000,137000,IDR,267000,,Bank transfer (manual),SiCepat,C001526,new,Jakarta,DKI Jakarta,ID,completed,2026-09-05,2026-09-07,dm,ig_batik_reel,17902562330559770,sku_match,
IG-20260904-0027,2026-09-04 11:35:30,2026-09-04,Friday,Instagram,Instagram (DM/WhatsApp),LT-BTK,Loop Tote Batik Limited Edition,Batik Kawung,limited_edition,1,249000,249000,0,,25000,274000,0,0,112000,137000,IDR,274000,,COD (local courier),SiCepat,C001527,new,Jakarta,DKI Jakarta,ID,completed,2026-09-04,2026-09-05,story_reply,ig_batik_reel,17902562330559770,sku_match,
#LT10504,2026-09-04 11:37:21,2026-09-04,Friday,Website (Shopify),Website (Shopify),LT-BTK,Loop Tote Batik Limited Edition,Batik Parang,limited_edition,1,249000,249000,0,,32000,281000,0,4215,112000,132785,IDR,281000,,OVO,JNE,C001528,new,Depok,West Java,ID,completed,2026-09-05,2026-09-08,instagram / bio_link,ig_batik_reel,17902562330559770,sku_match,
IG-20260904-0028,2026-09-04 11:38:27,2026-09-04,Friday,Instagram,Instagram (DM/WhatsApp),LT-BTK,Loop Tote Batik Limited Edition,Batik Kawung,limited_edition,2,249000,498000,0,,40000,538000,0,3766,224000,270234,IDR,538000,,QRIS,JNE,C001529,new,Solo,Central Java,ID,completed,2026-09-04,2026-09-06,whatsapp_click,,,,
#LT10505,2026-09-04 11:39:02,2026-09-04,Friday,Website (Shopify),Website (Shopify),LT-BTK,Loop Tote Batik Limited Edition,Batik Kawung,limited_edition,1,249000,249000,0,,25000,274000,0,4000,112000,133000,IDR,274000,,Bank transfer (VA),JNE,C001530,new,Bogor,West Java,ID,completed,2026-09-04,2026-09-06,instagram / bio_link,ig_batik_reel,17902562330559770,sku_match,
IG-20260904-0029,2026-09-04 11:39:09,2026-09-04,Friday,Instagram,Instagram (DM/WhatsApp),LT-BTK,Loop Tote Batik Limited Edition,Batik Kawung,limited_edition,1,249000,249000,12500,IGDM5,15000,251500,0,1760,112000,122740,IDR,251500,,QRIS,JNE,C001531,new,Medan,North Sumatra,ID,completed,2026-09-06,2026-09-11,whatsapp_click,ig_batik_reel,17902562330559770,sku_match,
#LT10506,2026-09-04 11:39:41,2026-09-04,Friday,Website (Shopify),Website (Shopify),LT-BTK,Loop Tote Batik Limited Edition,Batik Parang,limited_edition,2,249000,498000,0,,0,498000,0,3486,224000,270514,IDR,498000,,QRIS,JNE,C001532,new,Jakarta,DKI Jakarta,ID,completed,2026-09-04,2026-09-07,instagram / bio_link,ig_batik_reel,17902562330559770,sku_match,
IG-20260904-0030,2026-09-04 11:42:19,2026-09-04,Friday,Instagram,Instagram (DM/WhatsApp),LT-BTK,Loop Tote Batik Limited Edition,Batik Kawung,limited_edition,1,249000,249000,12500,IGDM5,40000,276500,0,1936,112000,122564,IDR,276500,,QRIS,SiCepat,C001224,returning,Jakarta,DKI Jakarta,ID,completed,2026-09-05,2026-09-07,whatsapp_click,ig_batik_reel,17902562330559770,sku_match,
IG-20260904-0031,2026-09-04 11:43:18,2026-09-04,Friday,Instagram,Instagram (DM/WhatsApp),LT-BTK,Loop Tote Batik Limited Edition,Batik Kawung,limited_edition,1,249000,249000,0,,40000,289000,0,0,112000,0,IDR,289000,,GoPay/OVO,,C001533,new,Bogor,West Java,ID,cancelled,,,dm,ig_batik_reel,17902562330559770,sku_match,
#LT10507,2026-09-04 11:44:15,2026-09-04,Friday,Website (Shopify),Website (Shopify),LT-BTK,Loop Tote Batik Limited Edition,Batik Parang,limited_edition,2,249000,498000,0,,0,498000,0,4000,224000,270000,IDR,498000,,Bank transfer (VA),J&T Express,C001534,new,Bogor,West Java,ID,completed,2026-09-05,2026-09-08,instagram / bio_link,ig_process_impact_p17,17909597409818323,utm_bio_link,
#LT10508,2026-09-04 11:45:49,2026-09-04,Friday,Website (Shopify),Website (Shopify),LT-BTK,Loop Tote Batik Limited Edition,Batik Kawung,limited_edition,1,249000,249000,0,,18000,267000,0,4000,112000,133000,IDR,267000,,Bank transfer (VA),JNE,C001535,new,Solo,Central Java,ID,completed,2026-09-04,2026-09-06,instagram / bio_link,ig_batik_reel,17902562330559770,sku_match,
26090429870167K,2026-09-04 11:46:48,2026-09-04,Friday,Indonesian marketplace,Shopee,LT-BTK,Loop Tote Batik Limited Edition,Batik Parang,limited_edition,1,249000,249000,0,,35000,284000,23655,0,112000,113345,IDR,284000,,ShopeePay,AnterAja,C001536,new,Depok,West Java,ID,completed,2026-09-05,2026-09-08,marketplace_search,,17902562330559770,sku_match,
STR-20260904-0008,2026-09-04 11:49:24,2026-09-04,Friday,Physical store,Bandung store,LT-BTK,Loop Tote Batik Limited Edition,Batik Kawung,limited_edition,1,249000,249000,0,,0,249000,0,1743,112000,135257,IDR,249000,,QRIS,In-store pickup,C001537,new,Bandung,West Java,ID,completed,2026-09-04,2026-09-04,walk-in,,17902562330559770,sku_match,
#LT10509,2026-09-04 11:49:33,2026-09-04,Friday,Website (Shopify),Website (Shopify),LT-BTK,Loop Tote Batik Limited Edition,Batik Parang,limited_edition,1,249000,249000,0,,40000,289000,0,4000,112000,133000,IDR,289000,,Bank transfer (VA),SiCepat,C001538,new,Depok,West Java,ID,completed,2026-09-04,2026-09-05,instagram / bio_link,ig_batik_reel,17902562330559770,sku_match,
#LT10510,2026-09-04 11:49:46,2026-09-04,Friday,Website (Shopify),Website (Shopify),LT-BTK,Loop Tote Batik Limited Edition,Batik Kawung,limited_edition,1,249000,249000,0,,32000,281000,0,1967,112000,135033,IDR,281000,,QRIS,J&T Express,C001539,new,Malang,East Java,ID,completed,2026-09-06,2026-09-10,instagram / bio_link,ig_batik_reel,17902562330559770,sku_match,
IG-20260904-0032,2026-09-04 11:51:00,2026-09-04,Friday,Instagram,Instagram (DM/WhatsApp),LT-BTK,Loop Tote Batik Limited Edition,Batik Kawung,limited_edition,1,249000,249000,0,,32000,281000,0,0,112000,137000,IDR,281000,,Bank transfer (manual),JNE,C001540,new,Jakarta,DKI Jakarta,ID,completed,2026-09-05,2026-09-07,dm,,,,
#LT10511,2026-09-04 11:51:01,2026-09-04,Friday,Website (Shopify),Website (Shopify),LT-BTK,Loop Tote Batik Limited Edition,Batik Kawung,limited_edition,1,249000,249000,0,,40000,289000,0,2023,112000,134977,IDR,289000,,QRIS,J&T Express,C001541,new,Jakarta,DKI Jakarta,ID,completed,2026-09-06,2026-09-08,instagram / bio_link,ig_batik_reel,17902562330559770,sku_match,
#LT10512,2026-09-04 11:52:56,2026-09-04,Friday,Website (Shopify),Website (Shopify),LT-BTK,Loop Tote Batik Limited Edition,Batik Parang,limited_edition,1,249000,249000,0,,32000,281000,0,1967,112000,135033,IDR,281000,,QRIS,JNE,C001542,new,Cimahi,West Java,ID,completed,2026-09-04,2026-09-06,instagram / bio_link,ig_batik_reel,17902562330559770,sku_match,
#LT10513,2026-09-04 11:53:17,2026-09-04,Friday,Website (Shopify),Website (Shopify),LT-BTK,Loop Tote Batik Limited Edition,Batik Kawung,limited_edition,1,249000,249000,0,,40000,289000,0,2023,112000,134977,IDR,289000,,QRIS,JNE,C001543,new,Bekasi,West Java,ID,completed,2026-09-05,2026-09-06,instagram / bio_link,ig_batik_reel,17902562330559770,sku_match,
IG-20260904-0033,2026-09-04 11:55:21,2026-09-04,Friday,Instagram,Instagram (DM/WhatsApp),LT-BTK,Loop Tote Batik Limited Edition,Batik Parang,limited_edition,1,249000,249000,12500,IGDM5,40000,276500,0,0,112000,124500,IDR,276500,,Bank transfer (manual),JNE,C001544,new,Jakarta,DKI Jakarta,ID,completed,2026-09-04,2026-09-05,dm,ig_batik_reel,17902562330559770,sku_match,
26090483009786L,2026-09-04 11:58:15,2026-09-04,Friday,Indonesian marketplace,Shopee,LT-BTK,Loop Tote Batik Limited Edition,Batik Parang,limited_edition,1,249000,249000,0,,0,249000,23655,0,112000,113345,IDR,249000,,COD,AnterAja,C001545,new,Batam,Riau Islands,ID,completed,2026-09-06,2026-09-09,marketplace_search,,17902562330559770,sku_match,
26090411732414M,2026-09-04 11:59:09,2026-09-04,Friday,Indonesian marketplace,Shopee,LT-BTK,Loop Tote Batik Limited Edition,Batik Kawung,limited_edition,1,249000,249000,0,,0,249000,23655,0,112000,113345,IDR,249000,,Bank transfer (VA),JNE,C001546,new,Karawang,West Java,ID,completed,2026-09-04,2026-09-06,marketplace_search,,17902562330559770,sku_match,
#LT10514,2026-09-04 12:00:58,2026-09-04,Friday,Website (Shopify),Website (Shopify),LT-BTK,Loop Tote Batik Limited Edition,Batik Kawung,limited_edition,1,249000,249000,0,,40000,289000,0,2023,112000,134977,IDR,289000,,QRIS,J&T Express,C001547,new,Depok,West Java,ID,completed,2026-09-04,2026-09-07,instagram / bio_link,ig_always_on,,,
#LT10515,2026-09-04 12:01:18,2026-09-04,Friday,Website (Shopify),Website (Shopify),LT-BTK,Loop Tote Batik Limited Edition,Batik Parang,limited_edition,1,249000,249000,0,,40000,289000,0,10381,112000,126619,IDR,289000,,Credit card,GoSend/Grab Instant,C001548,new,Bogor,West Java,ID,completed,2026-09-06,2026-09-09,instagram / bio_link,ig_batik_reel,17902562330559770,sku_match,
#LT10516,2026-09-04 12:01:31,2026-09-04,Friday,Website (Shopify),Website (Shopify),LT-BTK,Loop Tote Batik Limited Edition,Batik Parang,limited_edition,1,249000,249000,0,,25000,274000,0,4110,112000,132890,IDR,274000,,OVO,SiCepat,C001549,new,Garut,West Java,ID,completed,2026-09-06,2026-09-09,instagram / bio_link,ig_batik_reel,17902562330559770,sku_match,
IG-20260904-0034,2026-09-04 12:02:05,2026-09-04,Friday,Instagram,Instagram (DM/WhatsApp),LT-BTK,Loop Tote Batik Limited Edition,Batik Kawung,limited_edition,1,249000,249000,0,,0,249000,0,0,112000,137000,IDR,249000,,Bank transfer (manual),GoSend/Grab Instant,C001550,new,Depok,West Java,ID,completed,2026-09-05,2026-09-07,dm,ig_batik_reel,17902562330559770,sku_match,
#LT10517,2026-09-04 12:02:57,2026-09-04,Friday,Website (Shopify),Website (Shopify),LT-BTK,Loop Tote Batik Limited Edition,Batik Kawung,limited_edition,1,249000,249000,0,,15000,264000,0,4000,112000,133000,IDR,264000,,Bank transfer (VA),SiCepat,C001551,new,Bandung,West Java,ID,completed,2026-09-06,2026-09-08,instagram / bio_link,ig_batik_reel,17902562330559770,sku_match,
#LT10518,2026-09-04 12:03:47,2026-09-04,Friday,Website (Shopify),Website (Shopify),LT-BTK,Loop Tote Batik Limited Edition,Batik Kawung,limited_edition,1,249000,249000,0,,32000,281000,0,4215,112000,132785,IDR,281000,,GoPay,JNE,C001552,new,Depok,West Java,ID,completed,2026-09-05,2026-09-07,instagram / bio_link,ig_batik_reel,17902562330559770,sku_match,
IG-20260904-0035,2026-09-04 12:03:50,2026-09-04,Friday,Instagram,Instagram (DM/WhatsApp),LT-BTK,Loop Tote Batik Limited Edition,Batik Kawung,limited_edition,1,249000,249000,0,,40000,289000,0,2023,112000,134977,IDR,289000,,QRIS,GoSend/Grab Instant,C001553,new,Makassar,South Sulawesi,ID,completed,2026-09-06,2026-09-09,whatsapp_click,ig_batik_reel,17902562330559770,sku_match,
#LT10519,2026-09-04 12:03:56,2026-09-04,Friday,Website (Shopify),Website (Shopify),LT-BTK,Loop Tote Batik Limited Edition,Batik Parang,limited_edition,1,249000,249000,0,,0,249000,0,4000,112000,133000,IDR,249000,,Bank transfer (VA),SiCepat,C001554,new,Garut,West Java,ID,completed,2026-09-04,2026-09-08,instagram / bio_link,ig_process_impact_p16,17901296159799218,utm_bio_link,
#LT10520,2026-09-04 12:04:58,2026-09-04,Friday,Website (Shopify),Website (Shopify),LT-BTK,Loop Tote Batik Limited Edition,Batik Parang,limited_edition,1,249000,249000,0,,18000,267000,0,4000,112000,133000,IDR,267000,,Bank transfer (VA),SiCepat,C001555,new,Jakarta,DKI Jakarta,ID,completed,2026-09-04,2026-09-05,instagram / bio_link,ig_batik_reel,17902562330559770,sku_match,
#LT10521,2026-09-04 12:10:54,2026-09-04,Friday,Website (Shopify),Website (Shopify),LT-BTK,Loop Tote Batik Limited Edition,Batik Kawung,limited_edition,1,249000,249000,0,,0,249000,0,3735,112000,133265,IDR,249000,,GoPay,J&T Express,C000324,returning,Jakarta,DKI Jakarta,ID,completed,2026-09-06,2026-09-07,instagram / bio_link,ig_batik_reel,17902562330559770,sku_match,
IG-20260904-0036,2026-09-04 12:12:16,2026-09-04,Friday,Instagram,Instagram (DM/WhatsApp),LT-BTK,Loop Tote Batik Limited Edition,Batik Kawung,limited_edition,1,249000,249000,0,,32000,281000,0,0,112000,137000,IDR,281000,,Bank transfer (manual),SiCepat,C001556,new,Makassar,South Sulawesi,ID,completed,2026-09-05,2026-09-12,dm,ig_batik_reel,17902562330559770,sku_match,
STR-20260904-0009,2026-09-04 12:12:22,2026-09-04,Friday,Physical store,Bandung store,LT-BTK,Loop Tote Batik Limited Edition,Batik Kawung,limited_edition,1,249000,249000,0,,0,249000,0,0,112000,137000,IDR,249000,,Cash,In-store pickup,C001557,new,Bandung,West Java,ID,completed,2026-09-04,2026-09-04,walk-in,,17902562330559770,sku_match,
IG-20260904-0037,2026-09-04 12:14:06,2026-09-04,Friday,Instagram,Instagram (DM/WhatsApp),LT-BTK,Loop Tote Batik Limited Edition,Batik Kawung,limited_edition,1,249000,249000,0,,15000,264000,0,1848,112000,135152,IDR,264000,,QRIS,JNE,C001558,new,Bekasi,West Java,ID,completed,2026-09-05,2026-09-06,whatsapp_click,ig_batik_reel,17902562330559770,sku_match,
STR-20260904-0010,2026-09-04 12:14:34,2026-09-04,Friday,Physical store,Bandung store,LT-BTK,Loop Tote Batik Limited Edition,Batik Parang,limited_edition,1,249000,249000,0,,0,249000,0,1743,112000,135257,IDR,249000,,QRIS,In-store pickup,C000786,returning,Bandung,West Java,ID,completed,2026-09-04,2026-09-04,walk-in,,,,
INV/20260904/MPL/866420195,2026-09-04 12:15:01,2026-09-04,Friday,Indonesian marketplace,Tokopedia,LT-BTK,Loop Tote Batik Limited Edition,Batik Kawung,limited_edition,1,249000,249000,0,,30000,279000,19920,0,112000,117080,IDR,279000,,Alfamart/Indomaret,SiCepat,C000911,returning,Depok,West Java,ID,completed,2026-09-05,2026-09-07,marketplace_search,,17902562330559770,sku_match,
26090450029881N,2026-09-04 12:15:29,2026-09-04,Friday,Indonesian marketplace,Shopee,LT-BTK,Loop Tote Batik Limited Edition,Batik Kawung,limited_edition,1,249000,249000,0,,0,249000,23655,0,112000,113345,IDR,249000,,Bank transfer (VA),SiCepat,C001447,returning,Depok,West Java,ID,completed,2026-09-05,2026-09-07,recommended,,17902562330559770,sku_match,
IG-20260904-0038,2026-09-04 12:15:36,2026-09-04,Friday,Instagram,Instagram (DM/WhatsApp),LT-BTK,Loop Tote Batik Limited Edition,Batik Parang,limited_edition,1,249000,249000,0,,15000,264000,0,1848,112000,135152,IDR,264000,,QRIS,SiCepat,C001559,new,Bekasi,West Java,ID,completed,2026-09-04,2026-09-05,whatsapp_click,ig_batik_reel,17902562330559770,sku_match,
INV/20260904/MPL/584170812,2026-09-04 12:15:49,2026-09-04,Friday,Indonesian marketplace,Tokopedia,LT-BTK,Loop Tote Batik Limited Edition,Batik Kawung,limited_edition,1,249000,249000,25000,Platform voucher,25000,249000,17920,0,112000,94080,IDR,249000,,Alfamart/Indomaret,Shopee Xpress / platform courier,C001560,new,Sukabumi,West Java,ID,completed,2026-09-06,2026-09-08,marketplace_search,,17902562330559770,sku_match,
INV/20260904/MPL/240272934,2026-09-04 12:16:06,2026-09-04,Friday,Indonesian marketplace,Tokopedia,LT-BTK,Loop Tote Batik Limited Edition,Batik Parang,limited_edition,1,249000,249000,0,,25000,274000,19920,0,112000,117080,IDR,274000,,ShopeePay,J&T Express,C001561,new,Sukabumi,West Java,ID,completed,2026-09-04,2026-09-07,marketplace_search,,17902562330559770,sku_match,
#LT10522,2026-09-04 12:16:43,2026-09-04,Friday,Website (Shopify),Website (Shopify),LT-BTK,Loop Tote Batik Limited Edition,Batik Kawung,limited_edition,2,249000,498000,0,,0,498000,0,3486,224000,270514,IDR,498000,,QRIS,SiCepat,C001562,new,Subang,West Java,ID,completed,2026-09-05,2026-09-08,instagram / bio_link,ig_batik_reel,17902562330559770,sku_match,
26090486024363O,2026-09-04 12:17:24,2026-09-04,Friday,Indonesian marketplace,Shopee,LT-BTK,Loop Tote Batik Limited Edition,Batik Kawung,limited_edition,1,249000,249000,0,,25000,274000,23655,0,112000,113345,IDR,274000,,Bank transfer (VA),J&T Express,C001563,new,Cimahi,West Java,ID,completed,2026-09-05,2026-09-07,recommended,,17902562330559770,sku_match,
#LT10523,2026-09-04 12:18:48,2026-09-04,Friday,Website (Shopify),Website (Shopify),LT-BTK,Loop Tote Batik Limited Edition,Batik Kawung,limited_edition,1,249000,249000,0,,18000,267000,0,4005,112000,132995,IDR,267000,,GoPay,GoSend/Grab Instant,C001314,returning,Bandung,West Java,ID,completed,2026-09-06,2026-09-07,instagram / bio_link,ig_batik_reel,17902562330559770,sku_match,
#LT10524,2026-09-04 12:19:01,2026-09-04,Friday,Website (Shopify),Website (Shopify),LT-BTK,Loop Tote Batik Limited Edition,Batik Parang,limited_edition,1,249000,249000,0,,18000,267000,0,4000,112000,133000,IDR,267000,,Bank transfer (VA),J&T Express,C001564,new,Bandung,West Java,ID,completed,2026-09-06,2026-09-08,instagram / bio_link,ig_batik_reel,17902562330559770,sku_match,
#LT10525,2026-09-04 12:19:01,2026-09-04,Friday,Website (Shopify),Website (Shopify),LT-BTK,Loop Tote Batik Limited Edition,Batik Kawung,limited_edition,1,249000,249000,0,,40000,289000,0,2023,112000,134977,IDR,289000,,QRIS,J&T Express,C001565,new,Depok,West Java,ID,completed,2026-09-04,2026-09-06,instagram / bio_link,ig_batik_reel,17902562330559770,sku_match,
IG-20260904-0039,2026-09-04 12:21:18,2026-09-04,Friday,Instagram,Instagram (DM/WhatsApp),LT-BTK,Loop Tote Batik Limited Edition,Batik Kawung,limited_edition,1,249000,249000,0,,32000,281000,0,0,112000,137000,IDR,281000,,Bank transfer (manual),SiCepat,C001566,new,Cianjur,West Java,ID,completed,2026-09-04,2026-09-06,story_reply,ig_batik_reel,17902562330559770,sku_match,
IG-20260904-0040,2026-09-04 12:22:05,2026-09-04,Friday,Instagram,Instagram (DM/WhatsApp),LT-BTK,Loop Tote Batik Limited Edition,Batik Parang,limited_edition,2,249000,498000,25000,IGDM5,15000,488000,0,3416,224000,245584,IDR,488000,,QRIS,J&T Express,C001567,new,Bandung,West Java,ID,completed,2026-09-05,2026-09-06,dm,ig_batik_reel,17902562330559770,sku_match,
26090477924478P,2026-09-04 12:22:27,2026-09-04,Friday,Indonesian marketplace,Shopee,LT-BTK,Loop Tote Batik Limited Edition,Batik Parang,limited_edition,1,249000,249000,0,,15000,264000,23655,0,112000,113345,IDR,264000,,ShopeePay,J&T Express,C001568,new,Medan,North Sumatra,ID,completed,2026-09-05,2026-09-11,marketplace_search,,17902562330559770,sku_match,
#LT10526,2026-09-04 12:23:25,2026-09-04,Friday,Website (Shopify),Website (Shopify),LT-BTK,Loop Tote Batik Limited Edition,Batik Kawung,limited_edition,1,249000,249000,0,,0,249000,0,1743,112000,135257,IDR,249000,,QRIS,JNE,C001569,new,Jakarta,DKI Jakarta,ID,completed,2026-09-04,2026-09-06,instagram / bio_link,ig_batik_reel,17902562330559770,sku_match,
26090498012405Q,2026-09-04 12:24:32,2026-09-04,Friday,Indonesian marketplace,Shopee,LT-BTK,Loop Tote Batik Limited Edition,Batik Parang,limited_edition,1,249000,249000,0,,30000,279000,23655,0,112000,113345,IDR,279000,,Alfamart/Indomaret,J&T Express,C001570,new,Cimahi,West Java,ID,completed,2026-09-04,2026-09-06,marketplace_search,,17902562330559770,sku_match,
#LT10527,2026-09-04 12:24:56,2026-09-04,Friday,Website (Shopify),Website (Shopify),LT-BTK,Loop Tote Batik Limited Edition,Batik Parang,limited_edition,1,249000,249000,0,,0,249000,0,1743,112000,135257,IDR,249000,,QRIS,SiCepat,C001571,new,Garut,West Java,ID,completed,2026-09-04,2026-09-07,instagram / bio_link,ig_batik_reel,17902562330559770,sku_match,
26090474919733R,2026-09-04 12:28:03,2026-09-04,Friday,Indonesian marketplace,Shopee,LT-BTK,Loop Tote Batik Limited Edition,Batik Kawung,limited_edition,1,249000,249000,0,,12000,261000,23655,0,112000,113345,IDR,261000,,COD,AnterAja,C001141,returning,Denpasar,Bali,ID,completed,2026-09-05,2026-09-09,marketplace_search,,17902562330559770,sku_match,
#LT10528,2026-09-04 12:28:58,2026-09-04,Friday,Website (Shopify),Website (Shopify),LT-BTK,Loop Tote Batik Limited Edition,Batik Kawung,limited_edition,1,249000,249000,0,,15000,264000,0,1848,112000,135152,IDR,264000,,QRIS,GoSend/Grab Instant,C001572,new,Bandung,West Java,ID,completed,2026-09-06,2026-09-07,instagram / bio_link,ig_batik_reel,17902562330559770,sku_match,
#LT10529,2026-09-04 12:30:37,2026-09-04,Friday,Website (Shopify),Website (Shopify),LT-BTK,Loop Tote Batik Limited Edition,Batik Kawung,limited_edition,2,249000,498000,0,,0,498000,0,3486,224000,270514,IDR,498000,,QRIS,JNE,C001573,new,Tasikmalaya,West Java,ID,completed,2026-09-06,2026-09-09,instagram / bio_link,ig_always_on,,,
#LT10530,2026-09-04 12:34:02,2026-09-04,Friday,Website (Shopify),Website (Shopify),LT-BTK,Loop Tote Batik Limited Edition,Batik Parang,limited_edition,1,249000,249000,0,,25000,274000,0,4000,112000,133000,IDR,274000,,Bank transfer (VA),SiCepat,C001574,new,Cirebon,West Java,ID,completed,2026-09-06,2026-09-09,instagram / bio_link,ig_batik_reel,17902562330559770,sku_match,
#LT10531,2026-09-04 12:36:29,2026-09-04,Friday,Website (Shopify),Website (Shopify),LT-BTK,Loop Tote Batik Limited Edition,Batik Parang,limited_edition,1,249000,249000,0,,25000,274000,0,1918,112000,135082,IDR,274000,,QRIS,SiCepat,C001575,new,Padang,West Sumatra,ID,completed,2026-09-04,2026-09-11,instagram / bio_link,ig_batik_reel,17902562330559770,sku_match,
IG-20260904-0041,2026-09-04 12:36:51,2026-09-04,Friday,Instagram,Instagram (DM/WhatsApp),LT-BTK,Loop Tote Batik Limited Edition,Batik Parang,limited_edition,1,249000,249000,0,,32000,281000,0,1967,112000,-26967,IDR,281000,,QRIS,J&T Express,C001576,new,Malang,East Java,ID,returned,2026-09-04,2026-09-06,dm,ig_batik_reel,17902562330559770,sku_match,
#LT10532,2026-09-04 12:37:50,2026-09-04,Friday,Website (Shopify),Website (Shopify),LT-BTK,Loop Tote Batik Limited Edition,Batik Parang,limited_edition,1,249000,249000,0,,15000,264000,0,1848,112000,135152,IDR,264000,,QRIS,JNE,C001577,new,Jakarta,DKI Jakarta,ID,completed,2026-09-04,2026-09-07,instagram / bio_link,ig_batik_reel,17902562330559770,sku_match,
26090492270519S,2026-09-04 12:38:43,2026-09-04,Friday,Indonesian marketplace,Shopee,LT-BTK,Loop Tote Batik Limited Edition,Batik Parang,limited_edition,1,249000,249000,0,,30000,279000,23655,0,112000,113345,IDR,279000,,COD,JNE,C001578,new,Bekasi,West Java,ID,completed,2026-09-04,2026-09-07,recommended,,17902562330559770,sku_match,
#LT10533,2026-09-04 12:40:14,2026-09-04,Friday,Website (Shopify),Website (Shopify),LT-BTK,Loop Tote Batik Limited Edition,Batik Parang,limited_edition,1,249000,249000,0,,18000,267000,0,4005,112000,132995,IDR,267000,,GoPay,JNE,C001579,new,Bekasi,West Java,ID,completed,2026-09-04,2026-09-07,instagram / bio_link,ig_batik_reel,17902562330559770,sku_match,
INV/20260904/MPL/675858347,2026-09-04 12:41:49,2026-09-04,Friday,Indonesian marketplace,Tokopedia,LT-BTK,Loop Tote Batik Limited Edition,Batik Parang,limited_edition,1,249000,249000,12500,Platform voucher,30000,266500,18920,0,112000,105580,IDR,266500,,ShopeePay,SiCepat,C001580,new,Balikpapan,East Kalimantan,ID,completed,2026-09-05,2026-09-10,shop_page,,17902562330559770,sku_match,
#LT10534,2026-09-04 12:42:16,2026-09-04,Friday,Website (Shopify),Website (Shopify),LT-BTK,Loop Tote Batik Limited Edition,Batik Kawung,limited_edition,1,249000,249000,0,,32000,281000,0,10149,112000,126851,IDR,281000,,Credit card,SiCepat,C001581,new,Karawang,West Java,ID,completed,2026-09-05,2026-09-07,instagram / bio_link,ig_batik_reel,17902562330559770,sku_match,
#LT10535,2026-09-04 12:42:51,2026-09-04,Friday,Website (Shopify),Website (Shopify),LT-BTK,Loop Tote Batik Limited Edition,Batik Parang,limited_edition,1,249000,249000,0,,0,249000,0,4000,112000,133000,IDR,249000,,Bank transfer (VA),GoSend/Grab Instant,C001582,new,Jakarta,DKI Jakarta,ID,completed,2026-09-05,2026-09-06,instagram / bio_link,ig_batik_reel,17902562330559770,sku_match,
#LT10536,2026-09-04 12:43:39,2026-09-04,Friday,Website (Shopify),Website (Shopify),LT-BTK,Loop Tote Batik Limited Edition,Batik Kawung,limited_edition,2,249000,498000,0,,0,498000,0,7470,224000,266530,IDR,498000,,GoPay,GoSend/Grab Instant,C000387,returning,Cimahi,West Java,ID,completed,2026-09-05,2026-09-06,instagram / bio_link,ig_batik_reel,17902562330559770,sku_match,
IG-20260904-0042,2026-09-04 12:43:49,2026-09-04,Friday,Instagram,Instagram (DM/WhatsApp),LT-BTK,Loop Tote Batik Limited Edition,Batik Kawung,limited_edition,2,249000,498000,0,,18000,516000,0,7740,224000,266260,IDR,516000,,GoPay/OVO,J&T Express,C001583,new,Jakarta,DKI Jakarta,ID,completed,2026-09-05,2026-09-06,dm,ig_batik_reel,17902562330559770,sku_match,
IG-20260904-0043,2026-09-04 12:45:10,2026-09-04,Friday,Instagram,Instagram (DM/WhatsApp),LT-BTK,Loop Tote Batik Limited Edition,Batik Parang,limited_edition,1,249000,249000,0,,15000,264000,0,0,112000,137000,IDR,264000,,Bank transfer (manual),JNE,C001584,new,Bandung,West Java,ID,completed,2026-09-04,2026-09-05,dm,ig_batik_reel,17902562330559770,sku_match,
#LT10537,2026-09-04 12:48:53,2026-09-04,Friday,Website (Shopify),Website (Shopify),LT-BTK,Loop Tote Batik Limited Edition,Batik Kawung,limited_edition,2,249000,498000,0,,0,498000,0,7470,224000,266530,IDR,498000,,OVO,GoSend/Grab Instant,C001585,new,Depok,West Java,ID,completed,2026-09-04,2026-09-06,instagram / bio_link,ig_batik_reel,17902562330559770,sku_match,
#LT10538,2026-09-04 12:49:30,2026-09-04,Friday,Website (Shopify),Website (Shopify),LT-BTK,Loop Tote Batik Limited Edition,Batik Kawung,limited_edition,1,249000,249000,0,,15000,264000,0,3960,112000,133040,IDR,264000,,GoPay,SiCepat,C001586,new,Bogor,West Java,ID,completed,2026-09-04,2026-09-06,instagram / bio_link,ig_batik_reel,17902562330559770,sku_match,
IG-20260904-0044,2026-09-04 12:50:39,2026-09-04,Friday,Instagram,Instagram (DM/WhatsApp),LT-BTK,Loop Tote Batik Limited Edition,Batik Kawung,limited_edition,1,249000,249000,0,,15000,264000,0,0,112000,137000,IDR,264000,,Bank transfer (manual),JNE,C001587,new,Garut,West Java,ID,completed,2026-09-04,2026-09-08,story_reply,ig_batik_reel,17902562330559770,sku_match,
IG-20260904-0045,2026-09-04 12:52:28,2026-09-04,Friday,Instagram,Instagram (DM/WhatsApp),LT-BTK,Loop Tote Batik Limited Edition,Batik Kawung,limited_edition,1,249000,249000,0,,40000,289000,0,0,112000,137000,IDR,289000,,Bank transfer (manual),SiCepat,C001588,new,Depok,West Java,ID,completed,2026-09-04,2026-09-07,dm,ig_batik_reel,17902562330559770,sku_match,
IG-20260904-0046,2026-09-04 12:54:28,2026-09-04,Friday,Instagram,Instagram (DM/WhatsApp),LT-BTK,Loop Tote Batik Limited Edition,Batik Kawung,limited_edition,2,249000,498000,25000,IGDM5,32000,505000,0,3535,224000,245465,IDR,505000,,QRIS,SiCepat,C001566,returning,Cianjur,West Java,ID,completed,2026-09-06,2026-09-09,dm,ig_batik_reel,17902562330559770,sku_match,
26090423817092T,2026-09-04 12:56:10,2026-09-04,Friday,Indonesian marketplace,Shopee,LT-BTK,Loop Tote Batik Limited Edition,Batik Kawung,limited_edition,1,249000,249000,20000,Platform voucher,20000,249000,21755,0,112000,95245,IDR,249000,,COD,SiCepat,C001589,new,Medan,North Sumatra,ID,completed,2026-09-05,2026-09-08,recommended,,17902562330559770,sku_match,
IG-20260904-0047,2026-09-04 12:58:52,2026-09-04,Friday,Instagram,Instagram (DM/WhatsApp),LT-BTK,Loop Tote Batik Limited Edition,Batik Parang,limited_edition,1,249000,249000,0,,40000,289000,0,4335,112000,132665,IDR,289000,,GoPay/OVO,JNE,C001346,returning,Jakarta,DKI Jakarta,ID,completed,2026-09-04,2026-09-06,story_reply,ig_batik_reel,17902562330559770,sku_match,
#LT10539,2026-09-04 13:01:39,2026-09-04,Friday,Website (Shopify),Website (Shopify),LT-BTK,Loop Tote Batik Limited Edition,Batik Parang,limited_edition,1,249000,249000,0,,18000,267000,0,4005,112000,132995,IDR,267000,,GoPay,SiCepat,C001590,new,Malang,East Java,ID,completed,2026-09-06,2026-09-09,instagram / bio_link,ig_batik_reel,17902562330559770,sku_match,
STR-20260904-0011,2026-09-04 13:02:23,2026-09-04,Friday,Physical store,Bandung store,LT-BTK,Loop Tote Batik Limited Edition,Batik Kawung,limited_edition,1,249000,249000,0,,0,249000,0,1743,112000,135257,IDR,249000,,QRIS,In-store pickup,C001591,new,Bandung,West Java,ID,completed,2026-09-04,2026-09-04,walk-in,,17902562330559770,sku_match,
STR-20260904-0012,2026-09-04 13:02:30,2026-09-04,Friday,Physical store,Bandung store,LT-BTK,Loop Tote Batik Limited Edition,Batik Kawung,limited_edition,2,249000,498000,0,,0,498000,0,4980,224000,269020,IDR,498000,,Debit card,In-store pickup,C001592,new,Bandung,West Java,ID,completed,2026-09-04,2026-09-04,walk-in,,17902562330559770,sku_match,
#LT10540,2026-09-04 13:03:40,2026-09-04,Friday,Website (Shopify),Website (Shopify),LT-BTK,Loop Tote Batik Limited Edition,Batik Parang,limited_edition,1,249000,249000,0,,32000,281000,0,4215,112000,132785,IDR,281000,,ShopeePay,SiCepat,C001593,new,Jakarta,DKI Jakarta,ID,completed,2026-09-06,2026-09-08,instagram / bio_link,ig_batik_reel,17902562330559770,sku_match,
#LT10541,2026-09-04 13:04:54,2026-09-04,Friday,Website (Shopify),Website (Shopify),LT-BTK,Loop Tote Batik Limited Edition,Batik Parang,limited_edition,1,249000,249000,0,,40000,289000,0,4335,112000,132665,IDR,289000,,ShopeePay,SiCepat,C001594,new,Malang,East Java,ID,completed,2026-09-05,2026-09-08,instagram / bio_link,ig_batik_reel,17902562330559770,sku_match,
#LT10542,2026-09-04 13:05:31,2026-09-04,Friday,Website (Shopify),Website (Shopify),LT-BTK,Loop Tote Batik Limited Edition,Batik Parang,limited_edition,1,249000,249000,0,,15000,264000,0,1848,112000,135152,IDR,264000,,QRIS,JNE,C000947,returning,Makassar,South Sulawesi,ID,completed,2026-09-06,2026-09-09,instagram / bio_link,ig_process_impact_p16,17901296159799218,utm_bio_link,
STR-20260904-0013,2026-09-04 13:07:28,2026-09-04,Friday,Physical store,Bandung store,LT-BTK,Loop Tote Batik Limited Edition,Batik Kawung,limited_edition,1,249000,249000,0,,0,249000,0,2490,112000,134510,IDR,249000,,Debit card,In-store pickup,C001595,new,Bandung,West Java,ID,completed,2026-09-04,2026-09-04,walk-in,,17902562330559770,sku_match,
#LT10543,2026-09-04 13:07:41,2026-09-04,Friday,Website (Shopify),Website (Shopify),LT-BTK,Loop Tote Batik Limited Edition,Batik Parang,limited_edition,1,249000,249000,0,,40000,289000,0,10381,112000,126619,IDR,289000,,Credit card,GoSend/Grab Instant,C001596,new,Cianjur,West Java,ID,completed,2026-09-05,2026-09-07,instagram / bio_link,ig_batik_reel,17902562330559770,sku_match,
26090429440487U,2026-09-04 13:07:54,2026-09-04,Friday,Indonesian marketplace,Shopee,LT-BTK,Loop Tote Batik Limited Edition,Batik Parang,limited_edition,1,249000,249000,12500,Platform voucher,15000,251500,22468,0,112000,-47468,IDR,251500,,Bank transfer (VA),Shopee Xpress / platform courier,C001597,new,Yogyakarta,DI Yogyakarta,ID,returned,2026-09-04,2026-09-06,marketplace_search,,17902562330559770,sku_match,
#LT10544,2026-09-04 13:08:02,2026-09-04,Friday,Website (Shopify),Website (Shopify),LT-BTK,Loop Tote Batik Limited Edition,Batik Parang,limited_edition,2,249000,498000,0,,0,498000,0,16442,224000,257558,IDR,498000,,Credit card,JNE,C001401,returning,Jakarta,DKI Jakarta,ID,completed,2026-09-05,2026-09-06,instagram / bio_link,ig_batik_reel,17902562330559770,sku_match,
#LT10545,2026-09-04 13:08:32,2026-09-04,Friday,Website (Shopify),Website (Shopify),LT-BTK,Loop Tote Batik Limited Edition,Batik Kawung,limited_edition,1,249000,249000,0,,40000,289000,0,4000,112000,133000,IDR,289000,,Bank transfer (VA),J&T Express,C001598,new,Bandung,West Java,ID,completed,2026-09-06,2026-09-07,instagram / bio_link,ig_batik_reel,17902562330559770,sku_match,
#LT10546,2026-09-04 13:13:42,2026-09-04,Friday,Website (Shopify),Website (Shopify),LT-BTK,Loop Tote Batik Limited Edition,Batik Kawung,limited_edition,1,249000,249000,0,,15000,264000,0,4000,112000,133000,IDR,264000,,Bank transfer (VA),JNE,C001599,new,Bekasi,West Java,ID,completed,2026-09-05,2026-09-07,instagram / bio_link,ig_batik_reel,17902562330559770,sku_match,
STR-20260904-0014,2026-09-04 13:13:47,2026-09-04,Friday,Physical store,Bandung store,LT-BTK,Loop Tote Batik Limited Edition,Batik Kawung,limited_edition,1,249000,249000,0,,0,249000,0,9221,112000,127779,IDR,249000,,Credit card,In-store pickup,C001600,new,Bandung,West Java,ID,completed,2026-09-04,2026-09-04,walk-in,,17902562330559770,sku_match,
#LT10547,2026-09-04 13:14:38,2026-09-04,Friday,Website (Shopify),Website (Shopify),LT-BTK,Loop Tote Batik Limited Edition,Batik Parang,limited_edition,1,249000,249000,0,,15000,264000,0,3960,112000,133040,IDR,264000,,GoPay,SiCepat,C000004,returning,Bogor,West Java,ID,completed,2026-09-05,2026-09-07,instagram / bio_link,ig_batik_reel,17902562330559770,sku_match,
#LT10548,2026-09-04 13:19:52,2026-09-04,Friday,Website (Shopify),Website (Shopify),LT-BTK,Loop Tote Batik Limited Edition,Batik Parang,limited_edition,2,249000,498000,25000,NEWSLETTER5,0,473000,0,3311,224000,245689,IDR,473000,,QRIS,GoSend/Grab Instant,C001601,new,Garut,West Java,ID,completed,2026-09-04,2026-09-08,instagram / bio_link,ig_batik_reel,17902562330559770,sku_match,
#LT10549,2026-09-04 13:20:21,2026-09-04,Friday,Website (Shopify),Website (Shopify),LT-BTK,Loop Tote Batik Limited Edition,Batik Parang,limited_edition,1,249000,249000,0,,15000,264000,0,4000,112000,133000,IDR,264000,,Bank transfer (VA),J&T Express,C001602,new,Semarang,Central Java,ID,completed,2026-09-04,2026-09-06,instagram / bio_link,ig_batik_reel,17902562330559770,sku_match,
IG-20260904-0048,2026-09-04 13:20:28,2026-09-04,Friday,Instagram,Instagram (DM/WhatsApp),LT-BTK,Loop Tote Batik Limited Edition,Batik Parang,limited_edition,1,249000,249000,0,,32000,281000,0,10149,112000,126851,IDR,281000,,Credit card,JNE,C000886,returning,Jakarta,DKI Jakarta,ID,completed,2026-09-04,2026-09-07,whatsapp_click,ig_batik_reel,17902562330559770,sku_match,
#LT10550,2026-09-04 13:20:30,2026-09-04,Friday,Website (Shopify),Website (Shopify),LT-BTK,Loop Tote Batik Limited Edition,Batik Kawung,limited_edition,1,249000,249000,0,,18000,267000,0,1869,112000,135131,IDR,267000,,QRIS,GoSend/Grab Instant,C001603,new,Depok,West Java,ID,completed,2026-09-04,2026-09-07,instagram / bio_link,ig_batik_reel,17902562330559770,sku_match,
IG-20260904-0049,2026-09-04 13:22:19,2026-09-04,Friday,Instagram,Instagram (DM/WhatsApp),LT-BTK,Loop Tote Batik Limited Edition,Batik Parang,limited_edition,1,249000,249000,0,,32000,281000,0,1967,112000,135033,IDR,281000,,QRIS,J&T Express,C001604,new,Bekasi,West Java,ID,completed,2026-09-04,2026-09-05,comment,ig_batik_reel,17902562330559770,sku_match,
#LT10551,2026-09-04 13:22:54,2026-09-04,Friday,Website (Shopify),Website (Shopify),LT-BTK,Loop Tote Batik Limited Edition,Batik Parang,limited_edition,1,249000,249000,0,,25000,274000,0,4000,112000,133000,IDR,274000,,Bank transfer (VA),J&T Express,C001605,new,Bekasi,West Java,ID,completed,2026-09-05,2026-09-08,instagram / bio_link,ig_batik_reel,17902562330559770,sku_match,
#LT10552,2026-09-04 13:24:47,2026-09-04,Friday,Website (Shopify),Website (Shopify),LT-IND,"Loop Tote, Indigo",Indigo,standard,1,189000,189000,9500,NEWSLETTER5,0,179500,0,2692,78000,98808,IDR,179500,,GoPay,JNE,C001606,new,Bandung,West Java,ID,completed,2026-09-04,2026-09-05,instagram / bio_link,ig_always_on,,,
26090478944470V,2026-09-04 13:26:19,2026-09-04,Friday,Indonesian marketplace,Shopee,LT-BTK,Loop Tote Batik Limited Edition,Batik Kawung,limited_edition,2,249000,498000,0,,0,498000,47310,0,224000,226690,IDR,498000,,COD,SiCepat,C001607,new,Semarang,Central Java,ID,completed,2026-09-05,2026-09-07,recommended,,,,
#LT10553,2026-09-04 13:26:29,2026-09-04,Friday,Website (Shopify),Website (Shopify),LT-BTK,Loop Tote Batik Limited Edition,Batik Kawung,limited_edition,1,249000,249000,0,,40000,289000,0,4335,112000,132665,IDR,289000,,OVO,GoSend/Grab Instant,C001608,new,Jakarta,DKI Jakarta,ID,completed,2026-09-06,2026-09-07,instagram / bio_link,ig_batik_reel,17902562330559770,sku_match,
IG-20260904-0050,2026-09-04 13:27:29,2026-09-04,Friday,Instagram,Instagram (DM/WhatsApp),LT-BTK,Loop Tote Batik Limited Edition,Batik Parang,limited_edition,1,249000,249000,0,,15000,264000,0,0,112000,137000,IDR,264000,,Bank transfer (manual),J&T Express,C001609,new,Bekasi,West Java,ID,completed,2026-09-05,2026-09-07,story_reply,ig_batik_reel,17902562330559770,sku_match,
26090415060412W,2026-09-04 13:27:44,2026-09-04,Friday,Indonesian marketplace,Shopee,LT-BTK,Loop Tote Batik Limited Edition,Batik Parang,limited_edition,2,249000,498000,0,,25000,523000,47310,0,224000,226690,IDR,523000,,COD,Shopee Xpress / platform courier,C001610,new,Semarang,Central Java,ID,completed,2026-09-06,2026-09-09,recommended,,17902562330559770,sku_match,
IG-20260904-0051,2026-09-04 13:30:07,2026-09-04,Friday,Instagram,Instagram (DM/WhatsApp),LT-BTK,Loop Tote Batik Limited Edition,Batik Parang,limited_edition,1,249000,249000,12500,IGDM5,0,236500,0,8858,112000,115642,IDR,236500,,Credit card,J&T Express,C001611,new,Bandung,West Java,ID,completed,2026-09-04,2026-09-05,story_reply,ig_batik_reel,17902562330559770,sku_match,
STR-20260904-0015,2026-09-04 13:31:18,2026-09-04,Friday,Physical store,Bandung store,LT-BTK,Loop Tote Batik Limited Edition,Batik Parang,limited_edition,1,249000,249000,0,,0,249000,0,1743,112000,135257,IDR,249000,,QRIS,In-store pickup,C001612,new,Yogyakarta,DI Yogyakarta,ID,completed,2026-09-04,2026-09-04,walk-in,,17902562330559770,sku_match,
IG-20260904-0052,2026-09-04 13:31:47,2026-09-04,Friday,Instagram,Instagram (DM/WhatsApp),LT-BTK,Loop Tote Batik Limited Edition,Batik Kawung,limited_edition,1,249000,249000,0,,18000,267000,0,0,112000,137000,IDR,267000,,Bank transfer (manual),JNE,C001613,new,Karawang,West Java,ID,completed,2026-09-05,2026-09-09,dm,ig_batik_reel,17902562330559770,sku_match,
#LT10554,2026-09-04 13:34:11,2026-09-04,Friday,Website (Shopify),Website (Shopify),LT-BTK,Loop Tote Batik Limited Edition,Batik Parang,limited_edition,1,249000,249000,0,,40000,289000,0,4335,112000,132665,IDR,289000,,OVO,J&T Express,C001614,new,Batam,Riau Islands,ID,completed,2026-09-05,2026-09-11,instagram / bio_link,ig_batik_reel,17902562330559770,sku_match,
#LT10555,2026-09-04 13:35:06,2026-09-04,Friday,Website (Shopify),Website (Shopify),LT-BTK,Loop Tote Batik Limited Edition,Batik Parang,limited_edition,1,249000,249000,0,,25000,274000,0,4110,112000,132890,IDR,274000,,ShopeePay,SiCepat,C001601,returning,Garut,West Java,ID,completed,2026-09-04,2026-09-08,instagram / bio_link,ig_batik_reel,17902562330559770,sku_match,
#LT10556,2026-09-04 13:38:23,2026-09-04,Friday,Website (Shopify),Website (Shopify),LT-BTK,Loop Tote Batik Limited Edition,Batik Kawung,limited_edition,1,249000,249000,0,,32000,281000,0,4000,112000,133000,IDR,281000,,Bank transfer (VA),GoSend/Grab Instant,C001615,new,Subang,West Java,ID,completed,2026-09-04,2026-09-08,instagram / bio_link,ig_batik_reel,17902562330559770,sku_match,
26090487303467X,2026-09-04 13:41:32,2026-09-04,Friday,Indonesian marketplace,Shopee,LT-BTK,Loop Tote Batik Limited Edition,Batik Parang,limited_edition,1,249000,249000,0,,20000,269000,23655,0,112000,113345,IDR,269000,,Bank transfer (VA),SiCepat,C001616,new,Jakarta,DKI Jakarta,ID,completed,2026-09-04,2026-09-05,marketplace_search,,17902562330559770,sku_match,
IG-20260904-0053,2026-09-04 13:43:38,2026-09-04,Friday,Instagram,Instagram (DM/WhatsApp),LT-BTK,Loop Tote Batik Limited Edition,Batik Kawung,limited_edition,2,249000,498000,25000,IGDM5,40000,513000,0,0,224000,249000,IDR,513000,,Bank transfer (manual),JNE,C001617,new,Makassar,South Sulawesi,ID,completed,2026-09-06,2026-09-13,whatsapp_click,ig_batik_reel,17902562330559770,sku_match,
26090452986407Y,2026-09-04 13:44:46,2026-09-04,Friday,Indonesian marketplace,Shopee,LT-BTK,Loop Tote Batik Limited Edition,Batik Parang,limited_edition,1,249000,249000,20000,Platform voucher,12000,241000,21755,0,112000,95245,IDR,241000,,ShopeePay,SiCepat,C001618,new,Makassar,South Sulawesi,ID,completed,2026-09-06,2026-09-09,recommended,,,,
IG-20260904-0054,2026-09-04 13:46:27,2026-09-04,Friday,Instagram,Instagram (DM/WhatsApp),LT-BTK,Loop Tote Batik Limited Edition,Batik Kawung,limited_edition,1,249000,249000,0,,18000,267000,0,0,112000,137000,IDR,267000,,Bank transfer (manual),SiCepat,C001619,new,Yogyakarta,DI Yogyakarta,ID,completed,2026-09-06,2026-09-10,story_reply,ig_batik_reel,17902562330559770,sku_match,
26090436935319Z,2026-09-04 13:46:39,2026-09-04,Friday,Indonesian marketplace,Shopee,LT-BTK,Loop Tote Batik Limited Edition,Batik Parang,limited_edition,1,249000,249000,0,,20000,269000,23655,0,112000,113345,IDR,269000,,ShopeePay,JNE,C001620,new,Jakarta,DKI Jakarta,ID,completed,2026-09-06,2026-09-07,recommended,,17902562330559770,sku_match,
#LT10557,2026-09-04 13:46:54,2026-09-04,Friday,Website (Shopify),Website (Shopify),LT-BTK,Loop Tote Batik Limited Edition,Batik Parang,limited_edition,1,249000,249000,12500,NEWSLETTER5,15000,251500,0,9294,112000,115206,IDR,251500,,Credit card,JNE,C001621,new,Banjarmasin,South Kalimantan,ID,completed,2026-09-04,2026-09-08,instagram / bio_link,ig_batik_reel,17902562330559770,sku_match,
IG-20260904-0055,2026-09-04 13:46:58,2026-09-04,Friday,Instagram,Instagram (DM/WhatsApp),LT-BTK,Loop Tote Batik Limited Edition,Batik Parang,limited_edition,1,249000,249000,0,,32000,281000,0,4215,112000,-29215,IDR,281000,,GoPay/OVO,J&T Express,C001622,new,Bekasi,West Java,ID,returned,2026-09-04,2026-09-06,story_reply,ig_batik_reel,17902562330559770,sku_match,
#LT10558,2026-09-04 13:47:51,2026-09-04,Friday,Website (Shopify),Website (Shopify),LT-BTK,Loop Tote Batik Limited Edition,Batik Parang,limited_edition,1,249000,249000,0,,32000,281000,0,4000,112000,133000,IDR,281000,,Bank transfer (VA),SiCepat,C001623,new,Manado,North Sulawesi,ID,completed,2026-09-05,2026-09-12,instagram / bio_link,ig_batik_reel,17902562330559770,sku_match,
#LT10559,2026-09-04 13:49:15,2026-09-04,Friday,Website (Shopify),Website (Shopify),LT-BTK,Loop Tote Batik Limited Edition,Batik Kawung,limited_edition,1,249000,249000,0,,0,249000,0,3735,112000,133265,IDR,249000,,GoPay,JNE,C001542,returning,Cimahi,West Java,ID,completed,2026-09-06,2026-09-07,instagram / bio_link,ig_batik_reel,17902562330559770,sku_match,
#LT10560,2026-09-04 13:49:27,2026-09-04,Friday,Website (Shopify),Website (Shopify),LT-BTK,Loop Tote Batik Limited Edition,Batik Kawung,limited_edition,1,249000,249000,0,,18000,267000,0,1869,112000,135131,IDR,267000,,QRIS,J&T Express,C001624,new,Malang,East Java,ID,completed,2026-09-06,2026-09-08,instagram / bio_link,ig_batik_reel,17902562330559770,sku_match,
#LT10561,2026-09-04 13:52:26,2026-09-04,Friday,Website (Shopify),Website (Shopify),LT-BTK,Loop Tote Batik Limited Edition,Batik Parang,limited_edition,1,249000,249000,0,,18000,267000,0,4005,112000,132995,IDR,267000,,GoPay,J&T Express,C001625,new,Bandung,West Java,ID,completed,2026-09-05,2026-09-06,instagram / bio_link,ig_batik_reel,17902562330559770,sku_match,
#LT10562,2026-09-04 13:54:55,2026-09-04,Friday,Website (Shopify),Website (Shopify),LT-BTK,Loop Tote Batik Limited Edition,Batik Parang,limited_edition,1,249000,249000,0,,15000,264000,0,0,112000,0,IDR,264000,,QRIS,,C001626,new,Pontianak,West Kalimantan,ID,cancelled,,,instagram / bio_link,ig_batik_reel,17902562330559770,sku_match,
#LT10563,2026-09-04 13:55:02,2026-09-04,Friday,Website (Shopify),Website (Shopify),LT-BTK,Loop Tote Batik Limited Edition,Batik Parang,limited_edition,1,249000,249000,0,,15000,264000,0,9656,112000,127344,IDR,264000,,Credit card,J&T Express,C001627,new,Depok,West Java,ID,completed,2026-09-06,2026-09-09,instagram / bio_link,ig_batik_reel,17902562330559770,sku_match,
IG-20260904-0056,2026-09-04 13:57:59,2026-09-04,Friday,Instagram,Instagram (DM/WhatsApp),LT-BTK,Loop Tote Batik Limited Edition,Batik Kawung,limited_edition,1,249000,249000,0,,25000,274000,0,0,112000,0,IDR,274000,,Credit card,,C001628,new,Bandung,West Java,ID,cancelled,,,dm,ig_batik_reel,17902562330559770,sku_match,
IG-20260904-0057,2026-09-04 13:58:28,2026-09-04,Friday,Instagram,Instagram (DM/WhatsApp),LT-BTK,Loop Tote Batik Limited Edition,Batik Kawung,limited_edition,1,249000,249000,0,,15000,264000,0,0,112000,137000,IDR,264000,,Bank transfer (manual),GoSend/Grab Instant,C001629,new,Bandung,West Java,ID,completed,2026-09-04,2026-09-05,whatsapp_click,ig_batik_reel,17902562330559770,sku_match,
IG-20260904-0058,2026-09-04 14:00:17,2026-09-04,Friday,Instagram,Instagram (DM/WhatsApp),LT-BTK,Loop Tote Batik Limited Edition,Batik Parang,limited_edition,1,249000,249000,0,,40000,289000,0,0,112000,0,IDR,289000,,Bank transfer (manual),,C001630,new,Cirebon,West Java,ID,cancelled,,,comment,ig_batik_reel,17902562330559770,sku_match,
#LT10564,2026-09-04 14:01:45,2026-09-04,Friday,Website (Shopify),Website (Shopify),LT-BTK,Loop Tote Batik Limited Edition,Batik Kawung,limited_edition,1,249000,249000,0,,0,249000,0,4000,112000,133000,IDR,249000,,Bank transfer (VA),JNE,C001631,new,Yogyakarta,DI Yogyakarta,ID,completed,2026-09-05,2026-09-09,instagram / bio_link,ig_batik_reel,17902562330559770,sku_match,
#LT10565,2026-09-04 14:02:16,2026-09-04,Friday,Website (Shopify),Website (Shopify),LT-BTK,Loop Tote Batik Limited Edition,Batik Kawung,limited_edition,1,249000,249000,0,,15000,264000,0,4000,112000,133000,IDR,264000,,Bank transfer (VA),J&T Express,C001632,new,Bekasi,West Java,ID,completed,2026-09-06,2026-09-07,instagram / bio_link,ig_batik_reel,17902562330559770,sku_match,
#LT10566,2026-09-04 14:03:13,2026-09-04,Friday,Website (Shopify),Website (Shopify),LT-BTK,Loop Tote Batik Limited Edition,Batik Parang,limited_edition,1,249000,249000,0,,25000,274000,0,1918,112000,135082,IDR,274000,,QRIS,GoSend/Grab Instant,C001633,new,Jakarta,DKI Jakarta,ID,completed,2026-09-05,2026-09-07,instagram / bio_link,ig_batik_reel,17902562330559770,sku_match,
#LT10567,2026-09-04 14:03:31,2026-09-04,Friday,Website (Shopify),Website (Shopify),LT-BTK,Loop Tote Batik Limited Edition,Batik Parang,limited_edition,1,249000,249000,0,,18000,267000,0,4005,112000,132995,IDR,267000,,GoPay,J&T Express,C001200,returning,Yogyakarta,DI Yogyakarta,ID,completed,2026-09-06,2026-09-09,instagram / bio_link,ig_batik_reel,17902562330559770,sku_match,
26090452881971A,2026-09-04 14:06:21,2026-09-04,Friday,Indonesian marketplace,Shopee,LT-BTK,Loop Tote Batik Limited Edition,Batik Kawung,limited_edition,1,249000,249000,20000,Platform voucher,0,229000,21755,0,112000,95245,IDR,229000,,ShopeePay,J&T Express,C001634,new,Pekanbaru,Riau,ID,completed,2026-09-06,2026-09-13,marketplace_campaign,,17902562330559770,sku_match,
IG-20260904-0059,2026-09-04 14:06:48,2026-09-04,Friday,Instagram,Instagram (DM/WhatsApp),LT-BTK,Loop Tote Batik Limited Edition,Batik Kawung,limited_edition,1,249000,249000,0,,15000,264000,0,0,112000,137000,IDR,264000,,Bank transfer (manual),J&T Express,C001635,new,Surabaya,East Java,ID,completed,2026-09-05,2026-09-09,dm,ig_batik_reel,17902562330559770,sku_match,
IG-20260904-0060,2026-09-04 14:08:01,2026-09-04,Friday,Instagram,Instagram (DM/WhatsApp),LT-BTK,Loop Tote Batik Limited Edition,Batik Kawung,limited_edition,1,249000,249000,0,,0,249000,0,1743,112000,135257,IDR,249000,,QRIS,J&T Express,C001636,new,Makassar,South Sulawesi,ID,completed,2026-09-05,2026-09-10,dm,ig_batik_reel,17902562330559770,sku_match,
STR-20260904-0016,2026-09-04 14:08:17,2026-09-04,Friday,Physical store,Bandung store,LT-IND,"Loop Tote, Indigo",Indigo,standard,2,189000,378000,0,,0,378000,0,0,156000,222000,IDR,378000,,Cash,In-store pickup,C001637,new,Bandung,West Java,ID,completed,2026-09-04,2026-09-04,walk-in,,,,
IG-20260904-0061,2026-09-04 14:08:21,2026-09-04,Friday,Instagram,Instagram (DM/WhatsApp),LT-BTK,Loop Tote Batik Limited Edition,Batik Kawung,limited_edition,1,249000,249000,0,,18000,267000,0,0,112000,137000,IDR,267000,,Bank transfer (manual),J&T Express,C001638,new,Bandung,West Java,ID,completed,2026-09-06,2026-09-07,dm,ig_batik_reel,17902562330559770,sku_match,
#LT10568,2026-09-04 14:08:59,2026-09-04,Friday,Website (Shopify),Website (Shopify),LT-BTK,Loop Tote Batik Limited Edition,Batik Parang,limited_edition,1,249000,249000,0,,0,249000,0,3735,112000,133265,IDR,249000,,GoPay,JNE,C001639,new,Garut,West Java,ID,completed,2026-09-06,2026-09-08,instagram / bio_link,ig_batik_reel,17902562330559770,sku_match,
IG-20260904-0062,2026-09-04 14:16:28,2026-09-04,Friday,Instagram,Instagram (DM/WhatsApp),LT-BTK,Loop Tote Batik Limited Edition,Batik Parang,limited_edition,1,249000,249000,0,,25000,274000,0,1918,112000,135082,IDR,274000,,QRIS,JNE,C001640,new,Karawang,West Java,ID,completed,2026-09-04,2026-09-06,dm,ig_batik_reel,17902562330559770,sku_match,
#LT10569,2026-09-04 14:18:53,2026-09-04,Friday,Website (Shopify),Website (Shopify),LT-BTK,Loop Tote Batik Limited Edition,Batik Parang,limited_edition,1,249000,249000,0,,32000,281000,0,1967,112000,135033,IDR,281000,,QRIS,J&T Express,C001641,new,Tasikmalaya,West Java,ID,completed,2026-09-04,2026-09-07,instagram / bio_link,ig_always_on,,,
#LT10570,2026-09-04 14:19:38,2026-09-04,Friday,Website (Shopify),Website (Shopify),LT-BTK,Loop Tote Batik Limited Edition,Batik Kawung,limited_edition,1,249000,249000,0,,0,249000,0,3735,112000,133265,IDR,249000,,GoPay,SiCepat,C001642,new,Bekasi,West Java,ID,completed,2026-09-05,2026-09-07,instagram / bio_link,ig_batik_reel,17902562330559770,sku_match,
26090411137341B,2026-09-04 14:20:17,2026-09-04,Friday,Indonesian marketplace,Shopee,LT-BTK,Loop Tote Batik Limited Edition,Batik Kawung,limited_edition,1,249000,249000,0,,15000,264000,23655,0,112000,113345,IDR,264000,,PayLater,JNE,C000418,returning,Bogor,West Java,ID,completed,2026-09-04,2026-09-06,marketplace_search,,17902562330559770,sku_match,
STR-20260904-0017,2026-09-04 14:23:21,2026-09-04,Friday,Physical store,Bandung store,LT-BTK,Loop Tote Batik Limited Edition,Batik Parang,limited_edition,1,249000,249000,0,,0,249000,0,2490,112000,134510,IDR,249000,,Debit card,In-store pickup,C001643,new,Bandung,West Java,ID,completed,2026-09-04,2026-09-04,walk-in,,,,
STR-20260904-0018,2026-09-04 14:26:10,2026-09-04,Friday,Physical store,Bandung store,LT-BTK,Loop Tote Batik Limited Edition,Batik Kawung,limited_edition,1,249000,249000,0,,0,249000,0,0,112000,137000,IDR,249000,,Cash,In-store pickup,C001644,new,Bandung,West Java,ID,completed,2026-09-04,2026-09-04,walk-in,,17902562330559770,sku_match,
STR-20260904-0019,2026-09-04 14:26:36,2026-09-04,Friday,Physical store,Bandung store,LT-BTK,Loop Tote Batik Limited Edition,Batik Kawung,limited_edition,1,249000,249000,0,,0,249000,0,1743,112000,135257,IDR,249000,,QRIS,In-store pickup,C001645,new,Bandung,West Java,ID,completed,2026-09-04,2026-09-04,walk-in,,17902562330559770,sku_match,
STR-20260904-0020,2026-09-04 14:31:53,2026-09-04,Friday,Physical store,Bandung store,LT-BTK,Loop Tote Batik Limited Edition,Batik Parang,limited_edition,1,249000,249000,0,,0,249000,0,0,112000,137000,IDR,249000,,Cash,In-store pickup,C001646,new,Bandung,West Java,ID,completed,2026-09-04,2026-09-04,walk-in,,17902562330559770,sku_match,
#LT10571,2026-09-04 14:33:24,2026-09-04,Friday,Website (Shopify),Website (Shopify),LT-BTK,Loop Tote Batik Limited Edition,Batik Parang,limited_edition,1,249000,249000,0,,25000,274000,0,9946,112000,127054,IDR,274000,,Credit card,SiCepat,C001647,new,Semarang,Central Java,ID,completed,2026-09-06,2026-09-09,instagram / bio_link,ig_batik_reel,17902562330559770,sku_match,
IG-20260904-0063,2026-09-04 14:37:36,2026-09-04,Friday,Instagram,Instagram (DM/WhatsApp),LT-BTK,Loop Tote Batik Limited Edition,Batik Parang,limited_edition,1,249000,249000,0,,32000,281000,0,4215,112000,132785,IDR,281000,,GoPay/OVO,SiCepat,C001648,new,Cimahi,West Java,ID,completed,2026-09-05,2026-09-06,dm,ig_batik_reel,17902562330559770,sku_match,
#LT10572,2026-09-04 14:38:35,2026-09-04,Friday,Website (Shopify),Website (Shopify),LT-BTK,Loop Tote Batik Limited Edition,Batik Parang,limited_edition,1,249000,249000,0,,40000,289000,0,4000,112000,133000,IDR,289000,,Bank transfer (VA),GoSend/Grab Instant,C001649,new,Bekasi,West Java,ID,completed,2026-09-04,2026-09-05,instagram / bio_link,ig_batik_reel,17902562330559770,sku_match,
#LT10573,2026-09-04 14:42:39,2026-09-04,Friday,Website (Shopify),Website (Shopify),LT-BTK,Loop Tote Batik Limited Edition,Batik Kawung,limited_edition,1,249000,249000,0,,15000,264000,0,1848,112000,135152,IDR,264000,,QRIS,JNE,C001650,new,Jakarta,DKI Jakarta,ID,completed,2026-09-04,2026-09-05,instagram / bio_link,ig_batik_reel,17902562330559770,sku_match,
INV/20260904/MPL/428784283,2026-09-04 14:42:58,2026-09-04,Friday,Indonesian marketplace,Tokopedia,LT-BTK,Loop Tote Batik Limited Edition,Batik Kawung,limited_edition,1,249000,249000,20000,Platform voucher,15000,244000,18320,0,112000,98680,IDR,244000,,Bank transfer (VA),AnterAja,C001651,new,Depok,West Java,ID,completed,2026-09-04,2026-09-06,recommended,,17902562330559770,sku_match,
IG-20260904-0064,2026-09-04 14:46:49,2026-09-04,Friday,Instagram,Instagram (DM/WhatsApp),LT-BTK,Loop Tote Batik Limited Edition,Batik Kawung,limited_edition,2,249000,498000,25000,IGDM5,18000,491000,0,3437,224000,245563,IDR,491000,,QRIS,JNE,C001652,new,Cirebon,West Java,ID,completed,2026-09-04,2026-09-07,story_reply,ig_batik_reel,17902562330559770,sku_match,
#LT10574,2026-09-04 14:52:56,2026-09-04,Friday,Website (Shopify),Website (Shopify),LT-BTK,Loop Tote Batik Limited Edition,Batik Parang,limited_edition,1,249000,249000,0,,0,249000,0,4000,112000,133000,IDR,249000,,Bank transfer (VA),SiCepat,C001653,new,Jakarta,DKI Jakarta,ID,completed,2026-09-05,2026-09-08,instagram / bio_link,ig_batik_reel,17902562330559770,sku_match,
#LT10575,2026-09-04 14:55:32,2026-09-04,Friday,Website (Shopify),Website (Shopify),LT-BTK,Loop Tote Batik Limited Edition,Batik Kawung,limited_edition,1,249000,249000,0,,0,249000,0,4000,112000,133000,IDR,249000,,Bank transfer (VA),JNE,C001654,new,Cimahi,West Java,ID,completed,2026-09-05,2026-09-07,instagram / bio_link,ig_batik_reel,17902562330559770,sku_match,
IG-20260904-0065,2026-09-04 14:57:53,2026-09-04,Friday,Instagram,Instagram (DM/WhatsApp),LT-BTK,Loop Tote Batik Limited Edition,Batik Kawung,limited_edition,1,249000,249000,0,,25000,274000,0,0,112000,0,IDR,274000,,Bank transfer (manual),,C001655,new,Bandar Lampung,Lampung,ID,cancelled,,,dm,ig_batik_reel,17902562330559770,sku_match,
#LT10576,2026-09-04 14:59:38,2026-09-04,Friday,Website (Shopify),Website (Shopify),LT-BTK,Loop Tote Batik Limited Edition,Batik Parang,limited_edition,1,249000,249000,0,,40000,289000,0,4335,112000,132665,IDR,289000,,GoPay,SiCepat,C001656,new,Bandung,West Java,ID,completed,2026-09-04,2026-09-06,instagram / bio_link,ig_batik_reel,17902562330559770,sku_match,
26090420981945C,2026-09-04 15:00:01,2026-09-04,Friday,Indonesian marketplace,Shopee,LT-BTK,Loop Tote Batik Limited Edition,Batik Kawung,limited_edition,1,249000,249000,0,,0,249000,23655,0,112000,113345,IDR,249000,,Bank transfer (VA),AnterAja,C001657,new,Bogor,West Java,ID,completed,2026-09-06,2026-09-07,shop_page,,17902562330559770,sku_match,
IG-20260904-0066,2026-09-04 15:02:20,2026-09-04,Friday,Instagram,Instagram (DM/WhatsApp),LT-BTK,Loop Tote Batik Limited Edition,Batik Kawung,limited_edition,1,249000,249000,0,,40000,289000,0,2023,112000,134977,IDR,289000,,QRIS,JNE,C001658,new,Bekasi,West Java,ID,completed,2026-09-05,2026-09-07,dm,,,,
#LT10577,2026-09-04 15:03:06,2026-09-04,Friday,Website (Shopify),Website (Shopify),LT-BTK,Loop Tote Batik Limited Edition,Batik Parang,limited_edition,1,249000,249000,0,,0,249000,0,1743,112000,135257,IDR,249000,,QRIS,JNE,C001659,new,Jakarta,DKI Jakarta,ID,completed,2026-09-05,2026-09-07,instagram / bio_link,ig_batik_reel,17902562330559770,sku_match,
26090482332588D,2026-09-04 15:03:58,2026-09-04,Friday,Indonesian marketplace,Shopee,LT-BTK,Loop Tote Batik Limited Edition,Batik Kawung,limited_edition,1,249000,249000,0,,35000,284000,0,0,112000,0,IDR,284000,,ShopeePay,,C001660,new,Medan,North Sumatra,ID,cancelled,,,marketplace_search,,17902562330559770,sku_match,
IG-20260904-0067,2026-09-04 15:05:26,2026-09-04,Friday,Instagram,Instagram (DM/WhatsApp),LT-BTK,Loop Tote Batik Limited Edition,Batik Parang,limited_edition,1,249000,249000,0,,40000,289000,0,2023,112000,134977,IDR,289000,,QRIS,J&T Express,C001661,new,Bandung,West Java,ID,completed,2026-09-05,2026-09-06,dm,ig_batik_reel,17902562330559770,sku_match,
IG-20260904-0068,2026-09-04 15:09:10,2026-09-04,Friday,Instagram,Instagram (DM/WhatsApp),LT-BTK,Loop Tote Batik Limited Edition,Batik Parang,limited_edition,1,249000,249000,12500,IGDM5,32000,268500,0,4028,112000,120472,IDR,268500,,GoPay/OVO,J&T Express,C001529,returning,Solo,Central Java,ID,completed,2026-09-04,2026-09-07,whatsapp_click,ig_batik_reel,17902562330559770,sku_match,
#LT10578,2026-09-04 15:15:57,2026-09-04,Friday,Website (Shopify),Website (Shopify),LT-BTK,Loop Tote Batik Limited Edition,Batik Kawung,limited_edition,1,249000,249000,0,,32000,281000,0,4215,112000,132785,IDR,281000,,GoPay,SiCepat,C000378,returning,Bogor,West Java,ID,completed,2026-09-05,2026-09-08,instagram / bio_link,ig_always_on,,,
INV/20260904/MPL/825038150,2026-09-04 15:19:37,2026-09-04,Friday,Indonesian marketplace,Tokopedia,LT-BTK,Loop Tote Batik Limited Edition,Batik Kawung,limited_edition,1,249000,249000,37500,Platform voucher,15000,226500,16920,0,112000,82580,IDR,226500,,QRIS,AnterAja,C001662,new,Bandar Lampung,Lampung,ID,completed,2026-09-05,2026-09-11,marketplace_campaign,,,,
#LT10579,2026-09-04 15:21:56,2026-09-04,Friday,Website (Shopify),Website (Shopify),LT-BTK,Loop Tote Batik Limited Edition,Batik Parang,limited_edition,1,249000,249000,0,,15000,264000,0,4000,112000,133000,IDR,264000,,Bank transfer (VA),J&T Express,C001663,new,Depok,West Java,ID,completed,2026-09-04,2026-09-05,instagram / bio_link,ig_batik_reel,17902562330559770,sku_match,
26090483657773E,2026-09-04 15:23:23,2026-09-04,Friday,Indonesian marketplace,Shopee,LT-BTK,Loop Tote Batik Limited Edition,Batik Parang,limited_edition,1,249000,249000,0,,20000,269000,23655,0,112000,113345,IDR,269000,,ShopeePay,J&T Express,C001664,new,Jakarta,DKI Jakarta,ID,completed,2026-09-06,2026-09-08,marketplace_search,,17902562330559770,sku_match,
IG-20260904-0069,2026-09-04 15:27:22,2026-09-04,Friday,Instagram,Instagram (DM/WhatsApp),LT-BTK,Loop Tote Batik Limited Edition,Batik Kawung,limited_edition,1,249000,249000,0,,32000,281000,0,0,112000,137000,IDR,281000,,Bank transfer (manual),JNE,C001665,new,Bandung,West Java,ID,completed,2026-09-04,2026-09-05,dm,ig_batik_reel,17902562330559770,sku_match,
IG-20260904-0070,2026-09-04 15:31:18,2026-09-04,Friday,Instagram,Instagram (DM/WhatsApp),LT-BTK,Loop Tote Batik Limited Edition,Batik Kawung,limited_edition,1,249000,249000,12500,IGDM5,0,236500,0,0,112000,124500,IDR,236500,,Bank transfer (manual),JNE,C001666,new,Medan,North Sumatra,ID,completed,2026-09-04,2026-09-08,whatsapp_click,ig_batik_reel,17902562330559770,sku_match,
IG-20260904-0071,2026-09-04 15:34:16,2026-09-04,Friday,Instagram,Instagram (DM/WhatsApp),LT-BTK,Loop Tote Batik Limited Edition,Batik Kawung,limited_edition,2,249000,498000,0,,0,498000,0,3486,224000,270514,IDR,498000,,QRIS,GoSend/Grab Instant,C001667,new,Bekasi,West Java,ID,completed,2026-09-04,2026-09-05,dm,ig_batik_reel,17902562330559770,sku_match,
IG-20260904-0072,2026-09-04 15:34:50,2026-09-04,Friday,Instagram,Instagram (DM/WhatsApp),LT-BTK,Loop Tote Batik Limited Edition,Batik Kawung,limited_edition,1,249000,249000,0,,32000,281000,0,10149,112000,126851,IDR,281000,,Credit card,SiCepat,C001668,new,Malang,East Java,ID,completed,2026-09-06,2026-09-09,dm,ig_batik_reel,17902562330559770,sku_match,
STR-20260904-0021,2026-09-04 15:35:11,2026-09-04,Friday,Physical store,Bandung store,LT-BTK,Loop Tote Batik Limited Edition,Batik Parang,limited_edition,1,249000,249000,0,,0,249000,0,1743,112000,135257,IDR,249000,,QRIS,In-store pickup,C001669,new,Bandung,West Java,ID,completed,2026-09-04,2026-09-04,walk-in,,17902562330559770,sku_match,
#LT10580,2026-09-04 15:42:17,2026-09-04,Friday,Website (Shopify),Website (Shopify),LT-BTK,Loop Tote Batik Limited Edition,Batik Kawung,limited_edition,1,249000,249000,0,,18000,267000,0,4000,112000,133000,IDR,267000,,Bank transfer (VA),J&T Express,C001670,new,Jakarta,DKI Jakarta,ID,completed,2026-09-05,2026-09-08,instagram / bio_link,ig_batik_reel,17902562330559770,sku_match,
IG-20260904-0073,2026-09-04 15:42:26,2026-09-04,Friday,Instagram,Instagram (DM/WhatsApp),LT-BTK,Loop Tote Batik Limited Edition,Batik Parang,limited_edition,1,249000,249000,12500,IGDM5,32000,268500,0,4028,112000,120472,IDR,268500,,GoPay/OVO,GoSend/Grab Instant,C001671,new,Depok,West Java,ID,completed,2026-09-05,2026-09-06,whatsapp_click,ig_batik_reel,17902562330559770,sku_match,
IG-20260904-0074,2026-09-04 15:42:46,2026-09-04,Friday,Instagram,Instagram (DM/WhatsApp),LT-BTK,Loop Tote Batik Limited Edition,Batik Kawung,limited_edition,1,249000,249000,12500,IGDM5,32000,268500,0,0,112000,124500,IDR,268500,,Bank transfer (manual),GoSend/Grab Instant,C001672,new,Bekasi,West Java,ID,completed,2026-09-06,2026-09-09,comment,ig_batik_reel,17902562330559770,sku_match,
#LT10581,2026-09-04 15:43:06,2026-09-04,Friday,Website (Shopify),Website (Shopify),LT-BTK,Loop Tote Batik Limited Edition,Batik Kawung,limited_edition,1,249000,249000,0,,18000,267000,0,4005,112000,132995,IDR,267000,,GoPay,SiCepat,C001673,new,Jakarta,DKI Jakarta,ID,completed,2026-09-05,2026-09-06,instagram / bio_link,ig_batik_reel,17902562330559770,sku_match,
#LT10582,2026-09-04 15:44:16,2026-09-04,Friday,Website (Shopify),Website (Shopify),LT-BTK,Loop Tote Batik Limited Edition,Batik Parang,limited_edition,2,249000,498000,0,,0,498000,0,4000,224000,270000,IDR,498000,,Bank transfer (VA),GoSend/Grab Instant,C001674,new,Depok,West Java,ID,completed,2026-09-04,2026-09-07,instagram / bio_link,ig_batik_reel,17902562330559770,sku_match,
IG-20260904-0075,2026-09-04 15:46:49,2026-09-04,Friday,Instagram,Instagram (DM/WhatsApp),LT-BTK,Loop Tote Batik Limited Edition,Batik Kawung,limited_edition,1,249000,249000,0,,15000,264000,0,0,112000,137000,IDR,264000,,Bank transfer (manual),JNE,C001675,new,South Tangerang,Banten,ID,completed,2026-09-05,2026-09-06,story_reply,ig_batik_reel,17902562330559770,sku_match,
#LT10583,2026-09-04 15:50:28,2026-09-04,Friday,Website (Shopify),Website (Shopify),LT-BTK,Loop Tote Batik Limited Edition,Batik Kawung,limited_edition,1,249000,249000,0,,40000,289000,0,2023,112000,134977,IDR,289000,,QRIS,J&T Express,C001676,new,Bekasi,West Java,ID,completed,2026-09-05,2026-09-06,instagram / bio_link,ig_batik_reel,17902562330559770,sku_match,
IG-20260904-0076,2026-09-04 15:53:01,2026-09-04,Friday,Instagram,Instagram (DM/WhatsApp),LT-BTK,Loop Tote Batik Limited Edition,Batik Kawung,limited_edition,2,249000,498000,0,,25000,523000,0,17167,224000,-42167,IDR,523000,,Credit card,J&T Express,C001677,new,Bekasi,West Java,ID,returned,2026-09-05,2026-09-07,dm,ig_batik_reel,17902562330559770,sku_match,
#LT10584,2026-09-04 15:56:50,2026-09-04,Friday,Website (Shopify),Website (Shopify),LT-BTK,Loop Tote Batik Limited Edition,Batik Parang,limited_edition,1,249000,249000,0,,32000,281000,0,4215,112000,132785,IDR,281000,,GoPay,J&T Express,C001678,new,Makassar,South Sulawesi,ID,completed,2026-09-05,2026-09-09,instagram / bio_link,ig_batik_reel,17902562330559770,sku_match,
IG-20260904-0077,2026-09-04 16:05:43,2026-09-04,Friday,Instagram,Instagram (DM/WhatsApp),LT-BTK,Loop Tote Batik Limited Edition,Batik Kawung,limited_edition,1,249000,249000,0,,32000,281000,0,1967,112000,135033,IDR,281000,,QRIS,GoSend/Grab Instant,C001679,new,Bekasi,West Java,ID,completed,2026-09-05,2026-09-06,dm,ig_batik_reel,17902562330559770,sku_match,
IG-20260904-0078,2026-09-04 16:06:14,2026-09-04,Friday,Instagram,Instagram (DM/WhatsApp),LT-BTK,Loop Tote Batik Limited Edition,Batik Kawung,limited_edition,1,249000,249000,12500,IGDM5,25000,261500,0,9584,112000,114916,IDR,261500,,Credit card,SiCepat,C001680,new,Jakarta,DKI Jakarta,ID,completed,2026-09-05,2026-09-08,comment,ig_batik_reel,17902562330559770,sku_match,
#LT10585,2026-09-04 16:07:07,2026-09-04,Friday,Website (Shopify),Website (Shopify),LT-BTK,Loop Tote Batik Limited Edition,Batik Parang,limited_edition,1,249000,249000,0,,32000,281000,0,4000,112000,133000,IDR,281000,,Bank transfer (VA),GoSend/Grab Instant,C001681,new,Bandung,West Java,ID,completed,2026-09-06,2026-09-07,instagram / bio_link,ig_batik_reel,17902562330559770,sku_match,
#LT10586,2026-09-04 16:09:50,2026-09-04,Friday,Website (Shopify),Website (Shopify),LT-BTK,Loop Tote Batik Limited Edition,Batik Kawung,limited_edition,1,249000,249000,0,,25000,274000,0,4110,112000,132890,IDR,274000,,GoPay,JNE,C001682,new,Bogor,West Java,ID,completed,2026-09-06,2026-09-08,instagram / bio_link,ig_batik_reel,17902562330559770,sku_match,
IG-20260904-0079,2026-09-04 16:10:47,2026-09-04,Friday,Instagram,Instagram (DM/WhatsApp),LT-BTK,Loop Tote Batik Limited Edition,Batik Parang,limited_edition,1,249000,249000,12500,IGDM5,32000,268500,0,0,112000,124500,IDR,268500,,Bank transfer (manual),J&T Express,C001683,new,Makassar,South Sulawesi,ID,completed,2026-09-06,2026-09-09,comment,ig_batik_reel,17902562330559770,sku_match,
#LT10587,2026-09-04 16:12:43,2026-09-04,Friday,Website (Shopify),Website (Shopify),LT-BTK,Loop Tote Batik Limited Edition,Batik Kawung,limited_edition,1,249000,249000,0,,15000,264000,0,0,112000,0,IDR,264000,,Credit card,,C001684,new,Bandung,West Java,ID,cancelled,,,instagram / bio_link,ig_batik_reel,17902562330559770,sku_match,
#LT10588,2026-09-04 16:12:51,2026-09-04,Friday,Website (Shopify),Website (Shopify),LT-BTK,Loop Tote Batik Limited Edition,Batik Parang,limited_edition,1,249000,249000,0,,18000,267000,0,4000,112000,133000,IDR,267000,,Bank transfer (VA),JNE,C001685,new,Jakarta,DKI Jakarta,ID,completed,2026-09-06,2026-09-08,instagram / bio_link,ig_batik_reel,17902562330559770,sku_match,
#LT10589,2026-09-04 16:13:01,2026-09-04,Friday,Website (Shopify),Website (Shopify),LT-GRN,"Loop Tote, Sea-green",Sea-green,standard,1,189000,189000,0,,25000,214000,0,8206,78000,102794,IDR,214000,,Credit card,SiCepat,C001686,new,South Tangerang,Banten,ID,completed,2026-09-04,2026-09-07,whatsapp,,,,
#LT10590,2026-09-04 16:14:24,2026-09-04,Friday,Website (Shopify),Website (Shopify),LT-BTK,Loop Tote Batik Limited Edition,Batik Parang,limited_edition,1,249000,249000,0,,25000,274000,0,4000,112000,-29000,IDR,274000,,Bank transfer (VA),JNE,C001687,new,Subang,West Java,ID,returned,2026-09-04,2026-09-07,instagram / bio_link,ig_batik_reel,17902562330559770,sku_match,
IG-20260904-0080,2026-09-04 16:16:36,2026-09-04,Friday,Instagram,Instagram (DM/WhatsApp),LT-BTK,Loop Tote Batik Limited Edition,Batik Kawung,limited_edition,1,249000,249000,12500,IGDM5,0,236500,0,0,112000,124500,IDR,236500,,Bank transfer (manual),GoSend/Grab Instant,C001688,new,Balikpapan,East Kalimantan,ID,completed,2026-09-05,2026-09-12,dm,ig_batik_reel,17902562330559770,sku_match,
IG-20260904-0081,2026-09-04 16:21:46,2026-09-04,Friday,Instagram,Instagram (DM/WhatsApp),LT-BTK,Loop Tote Batik Limited Edition,Batik Kawung,limited_edition,1,249000,249000,0,,32000,281000,0,0,112000,137000,IDR,281000,,Bank transfer (manual),GoSend/Grab Instant,C001689,new,Jakarta,DKI Jakarta,ID,completed,2026-09-04,2026-09-06,dm,ig_batik_reel,17902562330559770,sku_match,
#LT10591,2026-09-04 16:23:33,2026-09-04,Friday,Website (Shopify),Website (Shopify),LT-BTK,Loop Tote Batik Limited Edition,Batik Parang,limited_edition,1,249000,249000,0,,32000,281000,0,1967,112000,135033,IDR,281000,,QRIS,JNE,C001690,new,Bekasi,West Java,ID,completed,2026-09-04,2026-09-05,instagram / bio_link,ig_batik_reel,17902562330559770,sku_match,
#LT10592,2026-09-04 16:24:16,2026-09-04,Friday,Website (Shopify),Website (Shopify),LT-BTK,Loop Tote Batik Limited Edition,Batik Kawung,limited_edition,1,249000,249000,0,,18000,267000,0,1869,112000,135131,IDR,267000,,QRIS,SiCepat,C001691,new,Jakarta,DKI Jakarta,ID,completed,2026-09-06,2026-09-09,instagram / bio_link,ig_batik_reel,17902562330559770,sku_match,
#LT10593,2026-09-04 16:26:10,2026-09-04,Friday,Website (Shopify),Website (Shopify),LT-BTK,Loop Tote Batik Limited Edition,Batik Parang,limited_edition,1,249000,249000,0,,25000,274000,0,9946,112000,127054,IDR,274000,,Credit card,GoSend/Grab Instant,C001692,new,Bandung,West Java,ID,completed,2026-09-05,2026-09-07,instagram / bio_link,ig_batik_reel,17902562330559770,sku_match,
26090420183661F,2026-09-04 16:26:31,2026-09-04,Friday,Indonesian marketplace,Shopee,LT-BTK,Loop Tote Batik Limited Edition,Batik Parang,limited_edition,2,249000,498000,0,,20000,518000,47310,0,224000,226690,IDR,518000,,Credit card,Shopee Xpress / platform courier,C001693,new,Bogor,West Java,ID,completed,2026-09-04,2026-09-06,marketplace_search,,17902562330559770,sku_match,
#LT10594,2026-09-04 16:26:43,2026-09-04,Friday,Website (Shopify),Website (Shopify),LT-BTK,Loop Tote Batik Limited Edition,Batik Kawung,limited_edition,1,249000,249000,0,,18000,267000,0,4000,112000,133000,IDR,267000,,Bank transfer (VA),SiCepat,C001694,new,Depok,West Java,ID,completed,2026-09-06,2026-09-07,instagram / bio_link,ig_batik_reel,17902562330559770,sku_match,
IG-20260904-0082,2026-09-04 16:28:47,2026-09-04,Friday,Instagram,Instagram (DM/WhatsApp),LT-BTK,Loop Tote Batik Limited Edition,Batik Parang,limited_edition,1,249000,249000,0,,18000,267000,0,0,112000,137000,IDR,267000,,Bank transfer (manual),SiCepat,C001209,returning,Depok,West Java,ID,completed,2026-09-06,2026-09-09,dm,ig_batik_reel,17902562330559770,sku_match,
464807787086992,2026-09-04 16:32:51,2026-09-04,Friday,Indonesian marketplace,Lazada,LT-IND,"Loop Tote, Indigo",Indigo,standard,1,189000,189000,0,,25000,214000,16065,0,78000,94935,IDR,214000,,ShopeePay,JNE,C001695,new,Medan,North Sumatra,ID,completed,2026-09-04,2026-09-10,marketplace_search,,,,
IG-20260904-0083,2026-09-04 16:34:00,2026-09-04,Friday,Instagram,Instagram (DM/WhatsApp),LT-BTK,Loop Tote Batik Limited Edition,Batik Kawung,limited_edition,1,249000,249000,0,,15000,264000,0,1848,112000,-26848,IDR,264000,,QRIS,SiCepat,C001696,new,Bandung,West Java,ID,returned,2026-09-04,2026-09-06,story_reply,ig_batik_reel,17902562330559770,sku_match,
STR-20260904-0022,2026-09-04 16:34:38,2026-09-04,Friday,Physical store,Bandung store,LT-BTK,Loop Tote Batik Limited Edition,Batik Parang,limited_edition,1,249000,249000,0,,0,249000,0,2490,112000,134510,IDR,249000,,Debit card,In-store pickup,C001697,new,Bandung,West Java,ID,completed,2026-09-04,2026-09-04,walk-in,,17902562330559770,sku_match,
#LT10595,2026-09-04 16:36:13,2026-09-04,Friday,Website (Shopify),Website (Shopify),LT-BTK,Loop Tote Batik Limited Edition,Batik Parang,limited_edition,1,249000,249000,0,,15000,264000,0,4000,112000,133000,IDR,264000,,Bank transfer (VA),JNE,C001698,new,Bekasi,West Java,ID,completed,2026-09-04,2026-09-07,instagram / bio_link,ig_batik_reel,17902562330559770,sku_match,
STR-20260904-0023,2026-09-04 16:36:32,2026-09-04,Friday,Physical store,Bandung store,LT-BTK,Loop Tote Batik Limited Edition,Batik Kawung,limited_edition,1,249000,249000,0,,0,249000,0,1743,112000,135257,IDR,249000,,QRIS,In-store pickup,C001699,new,Bandung,West Java,ID,completed,2026-09-04,2026-09-04,walk-in,,17902562330559770,sku_match,
IG-20260904-0084,2026-09-04 16:36:44,2026-09-04,Friday,Instagram,Instagram (DM/WhatsApp),LT-BTK,Loop Tote Batik Limited Edition,Batik Parang,limited_edition,1,249000,249000,0,,40000,289000,0,4335,112000,132665,IDR,289000,,GoPay/OVO,SiCepat,C001700,new,Bandung,West Java,ID,completed,2026-09-06,2026-09-07,whatsapp_click,ig_batik_reel,17902562330559770,sku_match,
STR-20260904-0024,2026-09-04 16:40:29,2026-09-04,Friday,Physical store,Bandung store,LT-BTK,Loop Tote Batik Limited Edition,Batik Kawung,limited_edition,1,249000,249000,0,,0,249000,0,1743,112000,135257,IDR,249000,,QRIS,In-store pickup,C001701,new,Bandung,West Java,ID,completed,2026-09-04,2026-09-04,walk-in,,17902562330559770,sku_match,
#LT10596,2026-09-04 16:40:50,2026-09-04,Friday,Website (Shopify),Website (Shopify),LT-BTK,Loop Tote Batik Limited Edition,Batik Kawung,limited_edition,1,249000,249000,0,,15000,264000,0,3960,112000,133040,IDR,264000,,GoPay,JNE,C001702,new,Jakarta,DKI Jakarta,ID,completed,2026-09-06,2026-09-08,instagram / bio_link,ig_batik_reel,17902562330559770,sku_match,
5706488288173027571,2026-09-04 16:45:10,2026-09-04,Friday,Indonesian marketplace,TikTok Shop,LT-IND,"Loop Tote, Indigo",Indigo,standard,1,179000,179000,0,,12000,191000,15215,0,78000,85785,IDR,191000,,ShopeePay,AnterAja,C001703,new,Semarang,Central Java,ID,completed,2026-09-04,2026-09-08,recommended,,,,
#LT10597,2026-09-04 16:45:49,2026-09-04,Friday,Website (Shopify),Website (Shopify),LT-BTK,Loop Tote Batik Limited Edition,Batik Kawung,limited_edition,1,249000,249000,0,,0,249000,0,3735,112000,133265,IDR,249000,,GoPay,SiCepat,C001704,new,Bandung,West Java,ID,completed,2026-09-04,2026-09-06,instagram / bio_link,ig_batik_reel,17902562330559770,sku_match,
IG-20260904-0085,2026-09-04 16:52:19,2026-09-04,Friday,Instagram,Instagram (DM/WhatsApp),LT-BTK,Loop Tote Batik Limited Edition,Batik Kawung,limited_edition,1,249000,249000,0,,40000,289000,0,0,112000,137000,IDR,289000,,COD (local courier),GoSend/Grab Instant,C001705,new,Depok,West Java,ID,completed,2026-09-06,2026-09-09,dm,ig_batik_reel,17902562330559770,sku_match,
IG-20260904-0086,2026-09-04 16:53:16,2026-09-04,Friday,Instagram,Instagram (DM/WhatsApp),LT-BTK,Loop Tote Batik Limited Edition,Batik Kawung,limited_edition,1,249000,249000,0,,40000,289000,0,0,112000,137000,IDR,289000,,Bank transfer (manual),JNE,C001706,new,Depok,West Java,ID,completed,2026-09-05,2026-09-07,dm,ig_batik_reel,17902562330559770,sku_match,
#LT10598,2026-09-04 16:56:51,2026-09-04,Friday,Website (Shopify),Website (Shopify),LT-BTK,Loop Tote Batik Limited Edition,Batik Parang,limited_edition,1,249000,249000,0,,18000,267000,0,1869,112000,135131,IDR,267000,,QRIS,SiCepat,C001707,new,Bandung,West Java,ID,completed,2026-09-05,2026-09-07,instagram / bio_link,ig_batik_reel,17902562330559770,sku_match,
IG-20260904-0087,2026-09-04 16:59:33,2026-09-04,Friday,Instagram,Instagram (DM/WhatsApp),LT-BTK,Loop Tote Batik Limited Edition,Batik Kawung,limited_edition,1,249000,249000,0,,40000,289000,0,0,112000,137000,IDR,289000,,COD (local courier),SiCepat,C000661,returning,Karawang,West Java,ID,completed,2026-09-04,2026-09-07,dm,ig_batik_reel,17902562330559770,sku_match,
26090419916643G,2026-09-04 17:02:34,2026-09-04,Friday,Indonesian marketplace,Shopee,LT-BTK,Loop Tote Batik Limited Edition,Batik Kawung,limited_edition,2,249000,498000,0,,0,498000,47310,0,224000,226690,IDR,498000,,Bank transfer (VA),AnterAja,C001708,new,Garut,West Java,ID,completed,2026-09-05,2026-09-08,marketplace_search,,17902562330559770,sku_match,
STR-20260904-0025,2026-09-04 17:04:06,2026-09-04,Friday,Physical store,Bandung store,LT-BTK,Loop Tote Batik Limited Edition,Batik Parang,limited_edition,1,249000,249000,0,,0,249000,0,0,112000,137000,IDR,249000,,Cash,In-store pickup,C001709,new,Bandung,West Java,ID,completed,2026-09-04,2026-09-04,walk-in,,17902562330559770,sku_match,
#LT10599,2026-09-04 17:05:37,2026-09-04,Friday,Website (Shopify),Website (Shopify),LT-BTK,Loop Tote Batik Limited Edition,Batik Kawung,limited_edition,1,249000,249000,0,,0,249000,0,9221,112000,127779,IDR,249000,,Credit card,JNE,C001710,new,Depok,West Java,ID,completed,2026-09-04,2026-09-05,instagram / bio_link,ig_always_on,,,
#LT10600,2026-09-04 17:06:31,2026-09-04,Friday,Website (Shopify),Website (Shopify),LT-BTK,Loop Tote Batik Limited Edition,Batik Kawung,limited_edition,2,249000,498000,0,,0,498000,0,0,224000,0,IDR,498000,,GoPay,,C001711,new,Bekasi,West Java,ID,cancelled,,,instagram / bio_link,ig_batik_reel,17902562330559770,sku_match,
26090463044858H,2026-09-04 17:08:01,2026-09-04,Friday,Indonesian marketplace,Shopee,LT-BTK,Loop Tote Batik Limited Edition,Batik Kawung,limited_edition,1,249000,249000,0,,0,249000,23655,0,112000,113345,IDR,249000,,ShopeePay,SiCepat,C001712,new,Semarang,Central Java,ID,completed,2026-09-04,2026-09-06,marketplace_campaign,,17902562330559770,sku_match,
#LT10601,2026-09-04 17:09:21,2026-09-04,Friday,Website (Shopify),Website (Shopify),LT-BTK,Loop Tote Batik Limited Edition,Batik Kawung,limited_edition,1,249000,249000,0,,40000,289000,0,4335,112000,132665,IDR,289000,,ShopeePay,GoSend/Grab Instant,C001713,new,Depok,West Java,ID,completed,2026-09-06,2026-09-09,instagram / bio_link,ig_batik_reel,17902562330559770,sku_match,
IG-20260904-0088,2026-09-04 17:09:34,2026-09-04,Friday,Instagram,Instagram (DM/WhatsApp),LT-BTK,Loop Tote Batik Limited Edition,Batik Parang,limited_edition,2,249000,498000,0,,40000,538000,0,0,224000,274000,IDR,538000,,Bank transfer (manual),JNE,C001714,new,Bogor,West Java,ID,completed,2026-09-04,2026-09-05,dm,,,,
IG-20260904-0089,2026-09-04 17:14:22,2026-09-04,Friday,Instagram,Instagram (DM/WhatsApp),LT-BTK,Loop Tote Batik Limited Edition,Batik Kawung,limited_edition,1,249000,249000,0,,40000,289000,0,0,112000,137000,IDR,289000,,Bank transfer (manual),GoSend/Grab Instant,C001715,new,Jakarta,DKI Jakarta,ID,completed,2026-09-06,2026-09-07,dm,ig_batik_reel,17902562330559770,sku_match,
STR-20260904-0026,2026-09-04 17:15:12,2026-09-04,Friday,Physical store,Bandung store,LT-BTK,Loop Tote Batik Limited Edition,Batik Kawung,limited_edition,1,249000,249000,0,,0,249000,0,0,112000,137000,IDR,249000,,Cash,In-store pickup,C001716,new,Bandung,West Java,ID,completed,2026-09-04,2026-09-04,walk-in,,17902562330559770,sku_match,
INV/20260904/MPL/908498233,2026-09-04 17:19:17,2026-09-04,Friday,Indonesian marketplace,Tokopedia,LT-BTK,Loop Tote Batik Limited Edition,Batik Parang,limited_edition,1,249000,249000,0,,0,249000,19920,0,112000,117080,IDR,249000,,Alfamart/Indomaret,J&T Express,C001717,new,Depok,West Java,ID,completed,2026-09-04,2026-09-05,marketplace_campaign,,17902562330559770,sku_match,
#LT10602,2026-09-04 17:23:40,2026-09-04,Friday,Website (Shopify),Website (Shopify),LT-BTK,Loop Tote Batik Limited Edition,Batik Kawung,limited_edition,2,249000,498000,0,,0,498000,0,16442,224000,257558,IDR,498000,,Credit card,J&T Express,C001718,new,Garut,West Java,ID,completed,2026-09-04,2026-09-06,instagram / bio_link,ig_batik_reel,17902562330559770,sku_match,
IG-20260904-0090,2026-09-04 17:27:04,2026-09-04,Friday,Instagram,Instagram (DM/WhatsApp),LT-BTK,Loop Tote Batik Limited Edition,Batik Kawung,limited_edition,1,249000,249000,12500,IGDM5,15000,251500,0,0,112000,124500,IDR,251500,,Bank transfer (manual),J&T Express,C001719,new,Bogor,West Java,ID,completed,2026-09-05,2026-09-07,comment,ig_batik_reel,17902562330559770,sku_match,
#LT10603,2026-09-04 17:39:45,2026-09-04,Friday,Website (Shopify),Website (Shopify),LT-BTK,Loop Tote Batik Limited Edition,Batik Parang,limited_edition,1,249000,249000,0,,32000,281000,0,10149,112000,126851,IDR,281000,,Credit card,GoSend/Grab Instant,C001281,returning,Depok,West Java,ID,completed,2026-09-06,2026-09-09,instagram / bio_link,ig_batik_reel,17902562330559770,sku_match,
#LT10604,2026-09-04 17:40:36,2026-09-04,Friday,Website (Shopify),Website (Shopify),LT-BTK,Loop Tote Batik Limited Edition,Batik Kawung,limited_edition,2,249000,498000,0,,0,498000,0,3486,224000,270514,IDR,498000,,QRIS,JNE,C001720,new,Yogyakarta,DI Yogyakarta,ID,completed,2026-09-06,2026-09-08,instagram / bio_link,ig_batik_reel,17902562330559770,sku_match,
#LT10605,2026-09-04 17:41:54,2026-09-04,Friday,Website (Shopify),Website (Shopify),LT-BTK,Loop Tote Batik Limited Edition,Batik Kawung,limited_edition,1,249000,249000,0,,18000,267000,0,0,112000,0,IDR,267000,,GoPay,,C001721,new,Solo,Central Java,ID,cancelled,,,instagram / bio_link,ig_batik_reel,17902562330559770,sku_match,
#LT10606,2026-09-04 17:46:52,2026-09-04,Friday,Website (Shopify),Website (Shopify),LT-BTK,Loop Tote Batik Limited Edition,Batik Parang,limited_edition,1,249000,249000,0,,40000,289000,0,4335,112000,132665,IDR,289000,,OVO,JNE,C001722,new,Bandung,West Java,ID,completed,2026-09-06,2026-09-07,instagram / bio_link,ig_batik_reel,17902562330559770,sku_match,
IG-20260904-0091,2026-09-04 17:49:10,2026-09-04,Friday,Instagram,Instagram (DM/WhatsApp),LT-BTK,Loop Tote Batik Limited Edition,Batik Parang,limited_edition,1,249000,249000,0,,18000,267000,0,0,112000,137000,IDR,267000,,Bank transfer (manual),SiCepat,C001723,new,Jakarta,DKI Jakarta,ID,completed,2026-09-06,2026-09-08,story_reply,ig_batik_reel,17902562330559770,sku_match,
IG-20260904-0092,2026-09-04 17:51:13,2026-09-04,Friday,Instagram,Instagram (DM/WhatsApp),LT-BTK,Loop Tote Batik Limited Edition,Batik Kawung,limited_edition,2,249000,498000,25000,IGDM5,15000,488000,0,7320,224000,241680,IDR,488000,,GoPay/OVO,JNE,C001724,new,Bandung,West Java,ID,completed,2026-09-04,2026-09-05,dm,ig_batik_reel,17902562330559770,sku_match,
IG-20260904-0093,2026-09-04 17:53:29,2026-09-04,Friday,Instagram,Instagram (DM/WhatsApp),LT-BTK,Loop Tote Batik Limited Edition,Batik Kawung,limited_edition,1,249000,249000,0,,40000,289000,0,0,112000,137000,IDR,289000,,Bank transfer (manual),GoSend/Grab Instant,C001725,new,Bekasi,West Java,ID,completed,2026-09-05,2026-09-06,dm,ig_batik_reel,17902562330559770,sku_match,
STR-20260904-0027,2026-09-04 17:57:30,2026-09-04,Friday,Physical store,Bandung store,LT-BTK,Loop Tote Batik Limited Edition,Batik Kawung,limited_edition,1,249000,249000,0,,0,249000,0,1743,112000,135257,IDR,249000,,QRIS,In-store pickup,C001726,new,Bandung,West Java,ID,completed,2026-09-04,2026-09-04,walk-in,,,,
#LT10607,2026-09-04 18:04:01,2026-09-04,Friday,Website (Shopify),Website (Shopify),LT-BTK,Loop Tote Batik Limited Edition,Batik Kawung,limited_edition,1,249000,249000,0,,32000,281000,0,1967,112000,135033,IDR,281000,,QRIS,GoSend/Grab Instant,C001727,new,Jakarta,DKI Jakarta,ID,completed,2026-09-06,2026-09-09,instagram / bio_link,ig_batik_reel,17902562330559770,sku_match,
IG-20260904-0094,2026-09-04 18:04:26,2026-09-04,Friday,Instagram,Instagram (DM/WhatsApp),LT-BTK,Loop Tote Batik Limited Edition,Batik Kawung,limited_edition,1,249000,249000,0,,18000,267000,0,1869,112000,135131,IDR,267000,,QRIS,J&T Express,C001728,new,Batam,Riau Islands,ID,completed,2026-09-05,2026-09-10,dm,ig_batik_reel,17902562330559770,sku_match,
#LT10608,2026-09-04 18:05:16,2026-09-04,Friday,Website (Shopify),Website (Shopify),LT-BTK,Loop Tote Batik Limited Edition,Batik Parang,limited_edition,1,249000,249000,0,,40000,289000,0,4335,112000,132665,IDR,289000,,OVO,J&T Express,C001729,new,Batam,Riau Islands,ID,completed,2026-09-04,2026-09-10,instagram / bio_link,ig_batik_reel,17902562330559770,sku_match,
#LT10609,2026-09-04 18:05:34,2026-09-04,Friday,Website (Shopify),Website (Shopify),LT-BTK,Loop Tote Batik Limited Edition,Batik Parang,limited_edition,1,249000,249000,0,,18000,267000,0,4000,112000,133000,IDR,267000,,Bank transfer (VA),SiCepat,C001615,returning,Subang,West Java,ID,completed,2026-09-04,2026-09-08,instagram / bio_link,ig_batik_reel,17902562330559770,sku_match,
IG-20260904-0095,2026-09-04 18:07:33,2026-09-04,Friday,Instagram,Instagram (DM/WhatsApp),LT-BTK,Loop Tote Batik Limited Edition,Batik Parang,limited_edition,1,249000,249000,0,,0,249000,0,1743,112000,135257,IDR,249000,,QRIS,SiCepat,C001730,new,Bandung,West Java,ID,completed,2026-09-05,2026-09-07,dm,ig_batik_reel,17902562330559770,sku_match,
STR-20260904-0028,2026-09-04 18:08:24,2026-09-04,Friday,Physical store,Bandung store,LT-BTK,Loop Tote Batik Limited Edition,Batik Parang,limited_edition,2,249000,498000,0,,0,498000,0,3486,224000,270514,IDR,498000,,QRIS,In-store pickup,C001731,new,Bandung,West Java,ID,completed,2026-09-04,2026-09-04,walk-in,,17902562330559770,sku_match,
#LT10610,2026-09-04 18:09:17,2026-09-04,Friday,Website (Shopify),Website (Shopify),LT-BTK,Loop Tote Batik Limited Edition,Batik Kawung,limited_edition,1,249000,249000,0,,18000,267000,0,4005,112000,132995,IDR,267000,,ShopeePay,JNE,C001732,new,Jakarta,DKI Jakarta,ID,completed,2026-09-04,2026-09-07,instagram / bio_link,ig_batik_reel,17902562330559770,sku_match,
26090465012983I,2026-09-04 18:12:06,2026-09-04,Friday,Indonesian marketplace,Shopee,LT-BTK,Loop Tote Batik Limited Edition,Batik Parang,limited_edition,2,249000,498000,0,,20000,518000,47310,0,224000,226690,IDR,518000,,ShopeePay,J&T Express,C001733,new,Palembang,South Sumatra,ID,completed,2026-09-06,2026-09-09,marketplace_search,,17902562330559770,sku_match,
IG-20260904-0096,2026-09-04 18:12:37,2026-09-04,Friday,Instagram,Instagram (DM/WhatsApp),LT-BTK,Loop Tote Batik Limited Edition,Batik Kawung,limited_edition,1,249000,249000,0,,40000,289000,0,0,112000,137000,IDR,289000,,Bank transfer (manual),JNE,C001734,new,Bogor,West Java,ID,completed,2026-09-05,2026-09-08,dm,ig_batik_reel,17902562330559770,sku_match,
IG-20260904-0097,2026-09-04 18:13:39,2026-09-04,Friday,Instagram,Instagram (DM/WhatsApp),LT-BTK,Loop Tote Batik Limited Edition,Batik Kawung,limited_edition,1,249000,249000,0,,25000,274000,0,0,112000,137000,IDR,274000,,Bank transfer (manual),J&T Express,C001723,returning,Jakarta,DKI Jakarta,ID,completed,2026-09-06,2026-09-08,dm,ig_batik_reel,17902562330559770,sku_match,
IG-20260904-0098,2026-09-04 18:13:51,2026-09-04,Friday,Instagram,Instagram (DM/WhatsApp),LT-BTK,Loop Tote Batik Limited Edition,Batik Kawung,limited_edition,1,249000,249000,0,,32000,281000,0,0,112000,137000,IDR,281000,,Bank transfer (manual),JNE,C001735,new,Banjarmasin,South Kalimantan,ID,completed,2026-09-06,2026-09-09,comment,ig_batik_reel,17902562330559770,sku_match,
IG-20260904-0099,2026-09-04 18:16:36,2026-09-04,Friday,Instagram,Instagram (DM/WhatsApp),LT-BTK,Loop Tote Batik Limited Edition,Batik Kawung,limited_edition,1,249000,249000,0,,18000,267000,0,0,112000,137000,IDR,267000,,Bank transfer (manual),J&T Express,C001736,new,Bogor,West Java,ID,completed,2026-09-04,2026-09-06,whatsapp_click,ig_batik_reel,17902562330559770,sku_match,
IG-20260904-0100,2026-09-04 18:23:28,2026-09-04,Friday,Instagram,Instagram (DM/WhatsApp),LT-BTK,Loop Tote Batik Limited Edition,Batik Parang,limited_edition,2,249000,498000,0,,18000,516000,0,3612,224000,270388,IDR,516000,,QRIS,SiCepat,C001737,new,Garut,West Java,ID,completed,2026-09-04,2026-09-06,dm,ig_batik_reel,17902562330559770,sku_match,
#LT10611,2026-09-04 18:30:31,2026-09-04,Friday,Website (Shopify),Website (Shopify),LT-BTK,Loop Tote Batik Limited Edition,Batik Parang,limited_edition,1,249000,249000,12500,NEWSLETTER5,32000,268500,0,4000,112000,120500,IDR,268500,,Bank transfer (VA),J&T Express,C001738,new,Jakarta,DKI Jakarta,ID,completed,2026-09-05,2026-09-08,instagram / bio_link,ig_batik_reel,17902562330559770,sku_match,
26090441230685J,2026-09-04 18:31:01,2026-09-04,Friday,Indonesian marketplace,Shopee,LT-BTK,Loop Tote Batik Limited Edition,Batik Parang,limited_edition,1,249000,249000,0,,15000,264000,23655,0,112000,113345,IDR,264000,,ShopeePay,SiCepat,C001739,new,Bogor,West Java,ID,completed,2026-09-04,2026-09-05,marketplace_search,,17902562330559770,sku_match,
26090424266909K,2026-09-04 18:32:22,2026-09-04,Friday,Indonesian marketplace,Shopee,LT-BTK,Loop Tote Batik Limited Edition,Batik Kawung,limited_edition,1,249000,249000,0,,35000,284000,23655,0,112000,113345,IDR,284000,,ShopeePay,J&T Express,C001740,new,Medan,North Sumatra,ID,completed,2026-09-05,2026-09-11,marketplace_search,,17902562330559770,sku_match,
INV/20260904/MPL/938867078,2026-09-04 18:32:23,2026-09-04,Friday,Indonesian marketplace,Tokopedia,LT-BTK,Loop Tote Batik Limited Edition,Batik Parang,limited_edition,1,249000,249000,0,,0,249000,19920,0,112000,-44920,IDR,249000,,ShopeePay,JNE,C000134,returning,Batam,Riau Islands,ID,returned,2026-09-05,2026-09-11,marketplace_campaign,,17902562330559770,sku_match,
#LT10612,2026-09-04 18:33:11,2026-09-04,Friday,Website (Shopify),Website (Shopify),LT-BTK,Loop Tote Batik Limited Edition,Batik Kawung,limited_edition,1,249000,249000,0,,32000,281000,0,4000,112000,133000,IDR,281000,,Bank transfer (VA),SiCepat,C001741,new,Bekasi,West Java,ID,completed,2026-09-06,2026-09-07,instagram / bio_link,ig_batik_reel,17902562330559770,sku_match,
IG-20260904-0101,2026-09-04 18:34:25,2026-09-04,Friday,Instagram,Instagram (DM/WhatsApp),LT-GRN,"Loop Tote, Sea-green",Sea-green,standard,1,189000,189000,0,,0,189000,0,0,78000,111000,IDR,189000,,Bank transfer (manual),GoSend/Grab Instant,C001742,new,Jakarta,DKI Jakarta,ID,completed,2026-09-05,2026-09-07,dm,,,,
IG-20260904-0102,2026-09-04 18:36:02,2026-09-04,Friday,Instagram,Instagram (DM/WhatsApp),LT-BTK,Loop Tote Batik Limited Edition,Batik Parang,limited_edition,1,249000,249000,0,,40000,289000,0,0,112000,137000,IDR,289000,,Bank transfer (manual),JNE,C001743,new,Sukabumi,West Java,ID,completed,2026-09-06,2026-09-09,dm,ig_batik_reel,17902562330559770,sku_match,
26090425130018L,2026-09-04 18:38:37,2026-09-04,Friday,Indonesian marketplace,Shopee,LT-BTK,Loop Tote Batik Limited Edition,Batik Kawung,limited_edition,1,249000,249000,37500,Platform voucher,25000,236500,0,0,112000,0,IDR,236500,,PayLater,,C000230,returning,Solo,Central Java,ID,cancelled,,,recommended,,,,
INV/20260904/MPL/252331986,2026-09-04 18:38:39,2026-09-04,Friday,Indonesian marketplace,Tokopedia,LT-BTK,Loop Tote Batik Limited Edition,Batik Kawung,limited_edition,1,249000,249000,20000,Platform voucher,20000,249000,18320,0,112000,98680,IDR,249000,,ShopeePay,Shopee Xpress / platform courier,C001744,new,Depok,West Java,ID,completed,2026-09-06,2026-09-09,marketplace_search,,,,
#LT10613,2026-09-04 18:43:21,2026-09-04,Friday,Website (Shopify),Website (Shopify),LT-BTK,Loop Tote Batik Limited Edition,Batik Kawung,limited_edition,1,249000,249000,0,,15000,264000,0,1848,112000,135152,IDR,264000,,QRIS,GoSend/Grab Instant,C001508,returning,Bandung,West Java,ID,completed,2026-09-05,2026-09-07,instagram / bio_link,ig_batik_reel,17902562330559770,sku_match,
#LT10614,2026-09-04 18:54:32,2026-09-04,Friday,Website (Shopify),Website (Shopify),LT-BTK,Loop Tote Batik Limited Edition,Batik Kawung,limited_edition,2,249000,498000,0,,0,498000,0,3486,224000,270514,IDR,498000,,QRIS,SiCepat,C001745,new,Cimahi,West Java,ID,completed,2026-09-06,2026-09-08,instagram / bio_link,ig_batik_reel,17902562330559770,sku_match,
INV/20260904/MPL/705101981,2026-09-04 18:54:37,2026-09-04,Friday,Indonesian marketplace,Tokopedia,LT-BTK,Loop Tote Batik Limited Edition,Batik Kawung,limited_edition,1,249000,249000,0,,35000,284000,19920,0,112000,117080,IDR,284000,,Bank transfer (VA),SiCepat,C001746,new,Denpasar,Bali,ID,completed,2026-09-06,2026-09-13,marketplace_campaign,,17902562330559770,sku_match,
#LT10615,2026-09-04 19:07:44,2026-09-04,Friday,Website (Shopify),Website (Shopify),LT-BTK,Loop Tote Batik Limited Edition,Batik Parang,limited_edition,1,249000,249000,0,,40000,289000,0,10381,112000,126619,IDR,289000,,Credit card,J&T Express,C001747,new,Jakarta,DKI Jakarta,ID,completed,2026-09-06,2026-09-09,instagram / bio_link,ig_batik_reel,17902562330559770,sku_match,
#LT10616,2026-09-04 19:11:55,2026-09-04,Friday,Website (Shopify),Website (Shopify),LT-BTK,Loop Tote Batik Limited Edition,Batik Parang,limited_edition,1,249000,249000,0,,18000,267000,0,9743,112000,127257,IDR,267000,,Credit card,GoSend/Grab Instant,C001008,returning,Sukabumi,West Java,ID,completed,2026-09-04,2026-09-06,instagram / bio_link,ig_batik_reel,17902562330559770,sku_match,
IG-20260904-0103,2026-09-04 19:14:41,2026-09-04,Friday,Instagram,Instagram (DM/WhatsApp),LT-BTK,Loop Tote Batik Limited Edition,Batik Kawung,limited_edition,1,249000,249000,0,,40000,289000,0,2023,112000,134977,IDR,289000,,QRIS,JNE,C001748,new,Karawang,West Java,ID,completed,2026-09-04,2026-09-06,dm,ig_batik_reel,17902562330559770,sku_match,
#LT10617,2026-09-04 19:15:55,2026-09-04,Friday,Website (Shopify),Website (Shopify),LT-BTK,Loop Tote Batik Limited Edition,Batik Kawung,limited_edition,1,249000,249000,0,,15000,264000,0,1848,112000,135152,IDR,264000,,QRIS,GoSend/Grab Instant,C001749,new,Banjarmasin,South Kalimantan,ID,completed,2026-09-05,2026-09-11,instagram / bio_link,ig_batik_reel,17902562330559770,sku_match,
INV/20260904/MPL/839115641,2026-09-04 19:22:42,2026-09-04,Friday,Indonesian marketplace,Tokopedia,LT-BTK,Loop Tote Batik Limited Edition,Batik Parang,limited_edition,1,249000,249000,0,,12000,261000,19920,0,112000,117080,IDR,261000,,Alfamart/Indomaret,Shopee Xpress / platform courier,C001750,new,Bogor,West Java,ID,completed,2026-09-06,2026-09-08,recommended,,17902562330559770,sku_match,
IG-20260904-0104,2026-09-04 19:23:21,2026-09-04,Friday,Instagram,Instagram (DM/WhatsApp),LT-BTK,Loop Tote Batik Limited Edition,Batik Kawung,limited_edition,2,249000,498000,0,,32000,530000,0,0,224000,274000,IDR,530000,,Bank transfer (manual),SiCepat,C000600,returning,Bandung,West Java,ID,completed,2026-09-04,2026-09-05,dm,ig_batik_reel,17902562330559770,sku_match,
#LT10618,2026-09-04 19:24:06,2026-09-04,Friday,Website (Shopify),Website (Shopify),LT-BTK,Loop Tote Batik Limited Edition,Batik Kawung,limited_edition,1,249000,249000,0,,0,249000,0,3735,112000,133265,IDR,249000,,ShopeePay,JNE,C001751,new,Jakarta,DKI Jakarta,ID,completed,2026-09-06,2026-09-09,instagram / bio_link,ig_batik_reel,17902562330559770,sku_match,
#LT10619,2026-09-04 19:26:44,2026-09-04,Friday,Website (Shopify),Website (Shopify),LT-BTK,Loop Tote Batik Limited Edition,Batik Parang,limited_edition,1,249000,249000,0,,25000,274000,0,4000,112000,133000,IDR,274000,,Bank transfer (VA),J&T Express,C001752,new,Bandung,West Java,ID,completed,2026-09-04,2026-09-05,instagram / bio_link,ig_batik_reel,17902562330559770,sku_match,
#LT10620,2026-09-04 19:33:39,2026-09-04,Friday,Website (Shopify),Website (Shopify),LT-BTK,Loop Tote Batik Limited Edition,Batik Parang,limited_edition,1,249000,249000,0,,18000,267000,0,1869,112000,135131,IDR,267000,,QRIS,SiCepat,C001753,new,Bandung,West Java,ID,completed,2026-09-06,2026-09-08,instagram / bio_link,ig_batik_reel,17902562330559770,sku_match,
#LT10621,2026-09-04 19:33:40,2026-09-04,Friday,Website (Shopify),Website (Shopify),LT-BTK,Loop Tote Batik Limited Edition,Batik Kawung,limited_edition,1,249000,249000,0,,25000,274000,0,4000,112000,133000,IDR,274000,,Bank transfer (VA),SiCepat,C001754,new,Bandung,West Java,ID,completed,2026-09-04,2026-09-05,instagram / bio_link,ig_batik_reel,17902562330559770,sku_match,
STR-20260904-0029,2026-09-04 19:35:38,2026-09-04,Friday,Physical store,Bandung store,LT-BTK,Loop Tote Batik Limited Edition,Batik Kawung,limited_edition,1,249000,249000,0,,0,249000,0,1743,112000,135257,IDR,249000,,QRIS,In-store pickup,C001755,new,Bandung,West Java,ID,completed,2026-09-04,2026-09-04,walk-in,,17902562330559770,sku_match,
#LT10622,2026-09-04 19:37:03,2026-09-04,Friday,Website (Shopify),Website (Shopify),LT-BTK,Loop Tote Batik Limited Edition,Batik Parang,limited_edition,1,249000,249000,0,,40000,289000,0,2023,112000,134977,IDR,289000,,QRIS,GoSend/Grab Instant,C001756,new,Bandung,West Java,ID,completed,2026-09-05,2026-09-06,instagram / bio_link,ig_batik_reel,17902562330559770,sku_match,
IG-20260904-0105,2026-09-04 19:37:05,2026-09-04,Friday,Instagram,Instagram (DM/WhatsApp),LT-BTK,Loop Tote Batik Limited Edition,Batik Parang,limited_edition,1,249000,249000,0,,32000,281000,0,4215,112000,132785,IDR,281000,,GoPay/OVO,GoSend/Grab Instant,C001757,new,Sukabumi,West Java,ID,completed,2026-09-04,2026-09-08,story_reply,ig_batik_reel,17902562330559770,sku_match,
#LT10623,2026-09-04 19:41:12,2026-09-04,Friday,Website (Shopify),Website (Shopify),LT-BTK,Loop Tote Batik Limited Edition,Batik Kawung,limited_edition,1,249000,249000,0,,25000,274000,0,1918,112000,135082,IDR,274000,,QRIS,GoSend/Grab Instant,C001758,new,Garut,West Java,ID,completed,2026-09-04,2026-09-06,instagram / bio_link,ig_always_on,,,
IG-20260904-0106,2026-09-04 19:48:51,2026-09-04,Friday,Instagram,Instagram (DM/WhatsApp),LT-BTK,Loop Tote Batik Limited Edition,Batik Parang,limited_edition,1,249000,249000,0,,18000,267000,0,4005,112000,132995,IDR,267000,,GoPay/OVO,J&T Express,C001696,returning,Bandung,West Java,ID,completed,2026-09-05,2026-09-06,dm,ig_batik_reel,17902562330559770,sku_match,
#LT10624,2026-09-04 19:50:38,2026-09-04,Friday,Website (Shopify),Website (Shopify),LT-BTK,Loop Tote Batik Limited Edition,Batik Parang,limited_edition,1,249000,249000,0,,15000,264000,0,3960,112000,133040,IDR,264000,,GoPay,J&T Express,C001759,new,Subang,West Java,ID,completed,2026-09-04,2026-09-07,instagram / bio_link,ig_batik_reel,17902562330559770,sku_match,
IG-20260904-0107,2026-09-04 19:53:44,2026-09-04,Friday,Instagram,Instagram (DM/WhatsApp),LT-SND,"Loop Tote, Sand",Sand,standard,1,189000,189000,0,,0,189000,0,1323,78000,109677,IDR,189000,,QRIS,SiCepat,C000181,returning,Bandung,West Java,ID,completed,2026-09-05,2026-09-07,dm,,,,
IG-20260904-0108,2026-09-04 19:58:12,2026-09-04,Friday,Instagram,Instagram (DM/WhatsApp),LT-BTK,Loop Tote Batik Limited Edition,Batik Parang,limited_edition,2,249000,498000,0,,40000,538000,0,3766,224000,270234,IDR,538000,,QRIS,J&T Express,C001672,returning,Bekasi,West Java,ID,completed,2026-09-06,2026-09-09,dm,ig_batik_reel,17902562330559770,sku_match,
IG-20260904-0109,2026-09-04 20:00:52,2026-09-04,Friday,Instagram,Instagram (DM/WhatsApp),LT-BTK,Loop Tote Batik Limited Edition,Batik Parang,limited_edition,1,249000,249000,0,,32000,281000,0,1967,112000,135033,IDR,281000,,QRIS,GoSend/Grab Instant,C001350,returning,Semarang,Central Java,ID,completed,2026-09-04,2026-09-06,whatsapp_click,ig_batik_reel,17902562330559770,sku_match,
#LT10625,2026-09-04 20:02:19,2026-09-04,Friday,Website (Shopify),Website (Shopify),LT-BTK,Loop Tote Batik Limited Edition,Batik Parang,limited_edition,1,249000,249000,0,,25000,274000,0,4110,112000,132890,IDR,274000,,OVO,JNE,C001760,new,Bogor,West Java,ID,completed,2026-09-04,2026-09-06,instagram / bio_link,ig_batik_reel,17902562330559770,sku_match,
IG-20260904-0110,2026-09-04 20:03:26,2026-09-04,Friday,Instagram,Instagram (DM/WhatsApp),LT-BTK,Loop Tote Batik Limited Edition,Batik Kawung,limited_edition,1,249000,249000,0,,18000,267000,0,1869,112000,135131,IDR,267000,,QRIS,JNE,C001761,new,Palembang,South Sumatra,ID,completed,2026-09-04,2026-09-07,comment,ig_batik_reel,17902562330559770,sku_match,
#LT10626,2026-09-04 20:05:11,2026-09-04,Friday,Website (Shopify),Website (Shopify),LT-BTK,Loop Tote Batik Limited Edition,Batik Parang,limited_edition,1,249000,249000,0,,32000,281000,0,4215,112000,132785,IDR,281000,,OVO,JNE,C000837,returning,Depok,West Java,ID,completed,2026-09-05,2026-09-07,instagram / bio_link,ig_batik_reel,17902562330559770,sku_match,
#LT10627,2026-09-04 20:05:35,2026-09-04,Friday,Website (Shopify),Website (Shopify),LT-BTK,Loop Tote Batik Limited Edition,Batik Kawung,limited_edition,1,249000,249000,0,,40000,289000,0,4335,112000,132665,IDR,289000,,ShopeePay,JNE,C001762,new,Cimahi,West Java,ID,completed,2026-09-04,2026-09-06,instagram / bio_link,ig_batik_reel,17902562330559770,sku_match,
INV/20260904/MPL/121685662,2026-09-04 20:11:22,2026-09-04,Friday,Indonesian marketplace,Tokopedia,LT-BTK,Loop Tote Batik Limited Edition,Batik Kawung,limited_edition,1,249000,249000,0,,0,249000,19920,0,112000,117080,IDR,249000,,Bank transfer (VA),Shopee Xpress / platform courier,C001763,new,Jakarta,DKI Jakarta,ID,completed,2026-09-06,2026-09-07,recommended,,17902562330559770,sku_match,
26090476302041M,2026-09-04 20:16:51,2026-09-04,Friday,Indonesian marketplace,Shopee,LT-GRN,"Loop Tote, Sea-green",Sea-green,standard,1,189000,189000,19000,Platform voucher,0,170000,16150,0,78000,75850,IDR,170000,,COD,AnterAja,C001764,new,Karawang,West Java,ID,completed,2026-09-04,2026-09-07,marketplace_search,,,,
#LT10628,2026-09-04 20:19:06,2026-09-04,Friday,Website (Shopify),Website (Shopify),LT-BTK,Loop Tote Batik Limited Edition,Batik Parang,limited_edition,1,249000,249000,0,,25000,274000,0,4110,112000,132890,IDR,274000,,OVO,GoSend/Grab Instant,C001401,returning,Jakarta,DKI Jakarta,ID,completed,2026-09-05,2026-09-06,instagram / bio_link,ig_batik_reel,17902562330559770,sku_match,
#LT10629,2026-09-04 20:20:10,2026-09-04,Friday,Website (Shopify),Website (Shopify),LT-SND,"Loop Tote, Sand",Sand,standard,1,189000,189000,0,,15000,204000,0,4000,78000,107000,IDR,204000,,Bank transfer (VA),SiCepat,C001765,new,Jakarta,DKI Jakarta,ID,completed,2026-09-05,2026-09-07,direct,,,,
26090412214225N,2026-09-04 20:23:03,2026-09-04,Friday,Indonesian marketplace,Shopee,LT-BTK,Loop Tote Batik Limited Edition,Batik Parang,limited_edition,1,249000,249000,0,,25000,274000,23655,0,112000,113345,IDR,274000,,Alfamart/Indomaret,Shopee Xpress / platform courier,C000253,returning,Cianjur,West Java,ID,completed,2026-09-06,2026-09-08,recommended,,,,
26090435866040O,2026-09-04 20:24:12,2026-09-04,Friday,Indonesian marketplace,Shopee,LT-BTK,Loop Tote Batik Limited Edition,Batik Kawung,limited_edition,1,249000,249000,12500,Platform voucher,0,236500,22468,0,112000,102032,IDR,236500,,QRIS,J&T Express,C000167,returning,Jakarta,DKI Jakarta,ID,completed,2026-09-05,2026-09-07,marketplace_search,,17902562330559770,sku_match,
5873761392054818109,2026-09-04 20:26:32,2026-09-04,Friday,Indonesian marketplace,TikTok Shop,LT-GRN,"Loop Tote, Sea-green",Sea-green,standard,1,179000,179000,0,,20000,199000,15215,0,78000,85785,IDR,199000,,ShopeePay,AnterAja,C001766,new,Medan,North Sumatra,ID,completed,2026-09-05,2026-09-09,marketplace_search,,,,
IG-20260904-0111,2026-09-04 20:33:04,2026-09-04,Friday,Instagram,Instagram (DM/WhatsApp),LT-BTK,Loop Tote Batik Limited Edition,Batik Kawung,limited_edition,1,249000,249000,0,,15000,264000,0,0,112000,137000,IDR,264000,,Bank transfer (manual),JNE,C001767,new,Karawang,West Java,ID,completed,2026-09-05,2026-09-08,whatsapp_click,ig_batik_reel,17902562330559770,sku_match,
#LT10630,2026-09-04 20:34:35,2026-09-04,Friday,Website (Shopify),Website (Shopify),LT-SND,"Loop Tote, Sand",Sand,standard,1,189000,189000,0,,25000,214000,0,3210,78000,107790,IDR,214000,,OVO,SiCepat,C001768,new,Tasikmalaya,West Java,ID,completed,2026-09-05,2026-09-07,direct,,,,
26090453526760P,2026-09-04 20:35:56,2026-09-04,Friday,Indonesian marketplace,Shopee,LT-BTK,Loop Tote Batik Limited Edition,Batik Kawung,limited_edition,2,249000,498000,0,,30000,528000,47310,0,224000,226690,IDR,528000,,Alfamart/Indomaret,JNE,C001769,new,Palembang,South Sumatra,ID,completed,2026-09-04,2026-09-07,recommended,,17902562330559770,sku_match,
#LT10631,2026-09-04 20:38:56,2026-09-04,Friday,Website (Shopify),Website (Shopify),LT-BTK,Loop Tote Batik Limited Edition,Batik Kawung,limited_edition,1,249000,249000,0,,0,249000,0,9221,112000,127779,IDR,249000,,Credit card,GoSend/Grab Instant,C001770,new,Bandung,West Java,ID,completed,2026-09-05,2026-09-06,instagram / bio_link,ig_batik_reel,17902562330559770,sku_match,
26090469732517Q,2026-09-04 20:40:41,2026-09-04,Friday,Indonesian marketplace,Shopee,LT-BTK,Loop Tote Batik Limited Edition,Batik Parang,limited_edition,1,249000,249000,0,,25000,274000,23655,0,112000,113345,IDR,274000,,Alfamart/Indomaret,SiCepat,C001771,new,Balikpapan,East Kalimantan,ID,completed,2026-09-04,2026-09-11,marketplace_search,,,,
IG-20260904-0112,2026-09-04 20:46:23,2026-09-04,Friday,Instagram,Instagram (DM/WhatsApp),LT-BTK,Loop Tote Batik Limited Edition,Batik Kawung,limited_edition,1,249000,249000,0,,25000,274000,0,0,112000,137000,IDR,274000,,Bank transfer (manual),J&T Express,C001772,new,Jakarta,DKI Jakarta,ID,completed,2026-09-04,2026-09-05,story_reply,,,,
26090470264731R,2026-09-04 20:53:52,2026-09-04,Friday,Indonesian marketplace,Shopee,LT-BTK,Loop Tote Batik Limited Edition,Batik Kawung,limited_edition,2,249000,498000,0,,20000,518000,47310,0,224000,226690,IDR,518000,,Bank transfer (VA),JNE,C001773,new,Balikpapan,East Kalimantan,ID,completed,2026-09-05,2026-09-11,marketplace_search,,17902562330559770,sku_match,
#LT10632,2026-09-04 20:58:32,2026-09-04,Friday,Website (Shopify),Website (Shopify),LT-BTK,Loop Tote Batik Limited Edition,Batik Parang,limited_edition,1,249000,249000,0,,40000,289000,0,2023,112000,-27023,IDR,289000,,QRIS,SiCepat,C001774,new,Garut,West Java,ID,returned,2026-09-05,2026-09-08,instagram / bio_link,ig_batik_reel,17902562330559770,sku_match,
#LT10633,2026-09-04 20:59:53,2026-09-04,Friday,Website (Shopify),Website (Shopify),LT-BTK,Loop Tote Batik Limited Edition,Batik Parang,limited_edition,1,249000,249000,0,,25000,274000,0,9946,112000,127054,IDR,274000,,Credit card,J&T Express,C001775,new,Bandung,West Java,ID,completed,2026-09-04,2026-09-05,instagram / bio_link,ig_batik_reel,17902562330559770,sku_match,
#LT10634,2026-09-04 21:07:55,2026-09-04,Friday,Website (Shopify),Website (Shopify),LT-BTK,Loop Tote Batik Limited Edition,Batik Kawung,limited_edition,1,249000,249000,0,,18000,267000,0,1869,112000,135131,IDR,267000,,QRIS,GoSend/Grab Instant,C001776,new,Bandung,West Java,ID,completed,2026-09-04,2026-09-05,instagram / bio_link,ig_batik_reel,17902562330559770,sku_match,
#LT10635,2026-09-04 21:09:01,2026-09-04,Friday,Website (Shopify),Website (Shopify),LT-BTK,Loop Tote Batik Limited Edition,Batik Kawung,limited_edition,1,249000,249000,0,,25000,274000,0,4110,112000,132890,IDR,274000,,GoPay,JNE,C001777,new,Depok,West Java,ID,completed,2026-09-05,2026-09-07,instagram / bio_link,ig_batik_reel,17902562330559770,sku_match,
26090414839524S,2026-09-04 21:11:41,2026-09-04,Friday,Indonesian marketplace,Shopee,LT-BTK,Loop Tote Batik Limited Edition,Batik Kawung,limited_edition,1,249000,249000,20000,Platform voucher,25000,254000,21755,0,112000,95245,IDR,254000,,COD,J&T Express,C001778,new,Jakarta,DKI Jakarta,ID,completed,2026-09-05,2026-09-07,marketplace_campaign,,17902562330559770,sku_match,
IG-20260904-0113,2026-09-04 21:15:29,2026-09-04,Friday,Instagram,Instagram (DM/WhatsApp),LT-BTK,Loop Tote Batik Limited Edition,Batik Parang,limited_edition,1,249000,249000,0,,18000,267000,0,0,112000,137000,IDR,267000,,Bank transfer (manual),J&T Express,C001779,new,Bandung,West Java,ID,completed,2026-09-06,2026-09-08,dm,ig_batik_reel,17902562330559770,sku_match,
#LT10636,2026-09-04 21:26:54,2026-09-04,Friday,Website (Shopify),Website (Shopify),LT-BTK,Loop Tote Batik Limited Edition,Batik Parang,limited_edition,1,249000,249000,0,,15000,264000,0,4000,112000,133000,IDR,264000,,Bank transfer (VA),SiCepat,C001780,new,Medan,North Sumatra,ID,completed,2026-09-04,2026-09-11,instagram / bio_link,ig_batik_reel,17902562330559770,sku_match,
#LT10637,2026-09-04 21:26:54,2026-09-04,Friday,Website (Shopify),Website (Shopify),LT-BTK,Loop Tote Batik Limited Edition,Batik Kawung,limited_edition,2,249000,498000,0,,0,498000,0,4000,224000,270000,IDR,498000,,Bank transfer (VA),SiCepat,C001781,new,Bekasi,West Java,ID,completed,2026-09-06,2026-09-07,instagram / bio_link,ig_batik_reel,17902562330559770,sku_match,
#LT10638,2026-09-04 21:31:34,2026-09-04,Friday,Website (Shopify),Website (Shopify),LT-BTK,Loop Tote Batik Limited Edition,Batik Kawung,limited_edition,1,249000,249000,0,,18000,267000,0,4000,112000,133000,IDR,267000,,Bank transfer (VA),JNE,C001782,new,Bandung,West Java,ID,completed,2026-09-04,2026-09-06,instagram / bio_link,ig_batik_reel,17902562330559770,sku_match,
#LT10639,2026-09-04 21:35:21,2026-09-04,Friday,Website (Shopify),Website (Shopify),LT-BTK,Loop Tote Batik Limited Edition,Batik Kawung,limited_edition,1,249000,249000,0,,15000,264000,0,1848,112000,135152,IDR,264000,,QRIS,GoSend/Grab Instant,C001153,returning,Jakarta,DKI Jakarta,ID,completed,2026-09-04,2026-09-06,instagram / bio_link,ig_batik_reel,17902562330559770,sku_match,
#LT10640,2026-09-04 21:37:42,2026-09-04,Friday,Website (Shopify),Website (Shopify),LT-BTK,Loop Tote Batik Limited Edition,Batik Kawung,limited_edition,1,249000,249000,0,,25000,274000,0,4110,112000,132890,IDR,274000,,GoPay,GoSend/Grab Instant,C001783,new,Jakarta,DKI Jakarta,ID,completed,2026-09-06,2026-09-09,instagram / bio_link,ig_batik_reel,17902562330559770,sku_match,
IG-20260904-0114,2026-09-04 21:48:54,2026-09-04,Friday,Instagram,Instagram (DM/WhatsApp),LT-BTK,Loop Tote Batik Limited Edition,Batik Kawung,limited_edition,2,249000,498000,0,,0,498000,0,3486,224000,270514,IDR,498000,,QRIS,JNE,C001784,new,Jakarta,DKI Jakarta,ID,completed,2026-09-04,2026-09-06,dm,ig_batik_reel,17902562330559770,sku_match,
IG-20260904-0115,2026-09-04 21:50:50,2026-09-04,Friday,Instagram,Instagram (DM/WhatsApp),LT-BTK,Loop Tote Batik Limited Edition,Batik Parang,limited_edition,1,249000,249000,0,,32000,281000,0,1967,112000,135033,IDR,281000,,QRIS,JNE,C001785,new,Bandung,West Java,ID,completed,2026-09-05,2026-09-07,whatsapp_click,ig_batik_reel,17902562330559770,sku_match,
IG-20260904-0116,2026-09-04 21:53:06,2026-09-04,Friday,Instagram,Instagram (DM/WhatsApp),LT-BTK,Loop Tote Batik Limited Edition,Batik Parang,limited_edition,1,249000,249000,12500,IGDM5,15000,251500,0,1760,112000,122740,IDR,251500,,QRIS,SiCepat,C001786,new,Cimahi,West Java,ID,completed,2026-09-06,2026-09-08,dm,ig_batik_reel,17902562330559770,sku_match,
IG-20260904-0117,2026-09-04 21:54:26,2026-09-04,Friday,Instagram,Instagram (DM/WhatsApp),LT-BTK,Loop Tote Batik Limited Edition,Batik Parang,limited_edition,1,249000,249000,12500,IGDM5,18000,254500,0,9380,112000,-34380,IDR,254500,,Credit card,SiCepat,C001787,new,Tangerang,Banten,ID,returned,2026-09-04,2026-09-06,dm,ig_batik_reel,17902562330559770,sku_match,
IG-20260904-0118,2026-09-04 21:57:30,2026-09-04,Friday,Instagram,Instagram (DM/WhatsApp),LT-BTK,Loop Tote Batik Limited Edition,Batik Kawung,limited_edition,2,249000,498000,0,,0,498000,0,0,224000,0,IDR,498000,,QRIS,,C001788,new,Tangerang,Banten,ID,cancelled,,,dm,ig_batik_reel,17902562330559770,sku_match,
113-3355134-1576407,2026-09-04 22:07:16,2026-09-04,Friday,Amazon,Amazon,LT-SND,"Loop Tote, Sand",Sand,standard,1,260637,260637,0,,113937,374574,39096,0,78000,143541,USD,22.98,16300,Credit card,DHL eCommerce,C001789,new,Berlin,Berlin,DE,completed,2026-09-04,2026-09-16,marketplace_search,,,,
#LT10641,2026-09-04 22:21:40,2026-09-04,Friday,Website (Shopify),Website (Shopify),LT-BTK,Loop Tote Batik Limited Edition,Batik Kawung,limited_edition,1,249000,249000,12500,NEWSLETTER5,25000,261500,0,1830,112000,-26830,IDR,261500,,QRIS,GoSend/Grab Instant,C000705,returning,Makassar,South Sulawesi,ID,returned,2026-09-04,2026-09-10,instagram / bio_link,ig_batik_reel,17902562330559770,sku_match,
26090440075260T,2026-09-04 22:24:09,2026-09-04,Friday,Indonesian marketplace,Shopee,LT-BTK,Loop Tote Batik Limited Edition,Batik Parang,limited_edition,1,249000,249000,0,,30000,279000,23655,0,112000,113345,IDR,279000,,COD,Shopee Xpress / platform courier,C001790,new,Tangerang,Banten,ID,completed,2026-09-05,2026-09-06,marketplace_campaign,,17902562330559770,sku_match,
IG-20260904-0119,2026-09-04 22:32:04,2026-09-04,Friday,Instagram,Instagram (DM/WhatsApp),LT-BTK,Loop Tote Batik Limited Edition,Batik Kawung,limited_edition,1,249000,249000,0,,0,249000,0,0,112000,137000,IDR,249000,,Bank transfer (manual),SiCepat,C001791,new,Depok,West Java,ID,completed,2026-09-06,2026-09-09,whatsapp_click,ig_batik_reel,17902562330559770,sku_match,
#LT10642,2026-09-04 22:34:21,2026-09-04,Friday,Website (Shopify),Website (Shopify),LT-BTK,Loop Tote Batik Limited Edition,Batik Kawung,limited_edition,1,249000,249000,0,,32000,281000,0,4000,112000,133000,IDR,281000,,Bank transfer (VA),JNE,C001792,new,Surabaya,East Java,ID,completed,2026-09-05,2026-09-07,instagram / bio_link,ig_batik_reel,17902562330559770,sku_match,
26090480332507U,2026-09-04 22:40:37,2026-09-04,Friday,Indonesian marketplace,Shopee,LT-BTK,Loop Tote Batik Limited Edition,Batik Parang,limited_edition,1,249000,249000,0,,0,249000,23655,0,112000,113345,IDR,249000,,COD,JNE,C001793,new,Medan,North Sumatra,ID,completed,2026-09-06,2026-09-10,marketplace_campaign,,17902562330559770,sku_match,
#LT10643,2026-09-04 22:43:01,2026-09-04,Friday,Website (Shopify),Website (Shopify),LT-BTK,Loop Tote Batik Limited Edition,Batik Kawung,limited_edition,1,249000,249000,0,,0,249000,0,0,112000,0,IDR,249000,,Bank transfer (VA),,C001794,new,Karawang,West Java,ID,cancelled,,,instagram / bio_link,ig_batik_reel,17902562330559770,sku_match,
IG-20260904-0120,2026-09-04 22:44:43,2026-09-04,Friday,Instagram,Instagram (DM/WhatsApp),LT-BTK,Loop Tote Batik Limited Edition,Batik Kawung,limited_edition,1,249000,249000,12500,IGDM5,18000,254500,0,0,112000,124500,IDR,254500,,Bank transfer (manual),GoSend/Grab Instant,C001795,new,Karawang,West Java,ID,completed,2026-09-06,2026-09-10,story_reply,ig_batik_reel,17902562330559770,sku_match,
#LT10644,2026-09-04 22:47:47,2026-09-04,Friday,Website (Shopify),Website (Shopify),LT-BTK,Loop Tote Batik Limited Edition,Batik Kawung,limited_edition,1,249000,249000,0,,25000,274000,0,1918,112000,135082,IDR,274000,,QRIS,J&T Express,C001469,returning,Depok,West Java,ID,completed,2026-09-05,2026-09-08,instagram / bio_link,ig_batik_reel,17902562330559770,sku_match,
IG-20260904-0121,2026-09-04 22:50:04,2026-09-04,Friday,Instagram,Instagram (DM/WhatsApp),LT-BTK,Loop Tote Batik Limited Edition,Batik Parang,limited_edition,1,249000,249000,0,,0,249000,0,1743,112000,135257,IDR,249000,,QRIS,SiCepat,C001796,new,Cimahi,West Java,ID,completed,2026-09-05,2026-09-07,whatsapp_click,ig_batik_reel,17902562330559770,sku_match,
26090457080556V,2026-09-04 22:50:13,2026-09-04,Friday,Indonesian marketplace,Shopee,LT-BTK,Loop Tote Batik Limited Edition,Batik Kawung,limited_edition,1,249000,249000,0,,0,249000,23655,0,112000,113345,IDR,249000,,ShopeePay,JNE,C001797,new,Cimahi,West Java,ID,completed,2026-09-06,2026-09-07,marketplace_search,,17902562330559770,sku_match,
#LT10645,2026-09-04 22:52:55,2026-09-04,Friday,Website (Shopify),Website (Shopify),LT-BTK,Loop Tote Batik Limited Edition,Batik Kawung,limited_edition,1,249000,249000,0,,40000,289000,0,4335,112000,132665,IDR,289000,,GoPay,J&T Express,C001798,new,Malang,East Java,ID,completed,2026-09-06,2026-09-10,instagram / bio_link,ig_batik_reel,17902562330559770,sku_match,
#LT10646,2026-09-04 22:57:14,2026-09-04,Friday,Website (Shopify),Website (Shopify),LT-BTK,Loop Tote Batik Limited Edition,Batik Parang,limited_edition,1,249000,249000,0,,40000,289000,0,0,112000,0,IDR,289000,,Bank transfer (VA),,C001278,returning,Bandung,West Java,ID,cancelled,,,instagram / bio_link,ig_batik_reel,17902562330559770,sku_match,
IG-20260904-0122,2026-09-04 22:57:47,2026-09-04,Friday,Instagram,Instagram (DM/WhatsApp),LT-BTK,Loop Tote Batik Limited Edition,Batik Kawung,limited_edition,1,249000,249000,0,,25000,274000,0,9946,112000,127054,IDR,274000,,Credit card,SiCepat,C000823,returning,Jakarta,DKI Jakarta,ID,completed,2026-09-06,2026-09-09,whatsapp_click,ig_batik_reel,17902562330559770,sku_match,
IG-20260904-0123,2026-09-04 23:02:42,2026-09-04,Friday,Instagram,Instagram (DM/WhatsApp),LT-BTK,Loop Tote Batik Limited Edition,Batik Parang,limited_edition,1,249000,249000,0,,25000,274000,0,0,112000,137000,IDR,274000,,Bank transfer (manual),J&T Express,C001799,new,Tangerang,Banten,ID,completed,2026-09-06,2026-09-08,whatsapp_click,ig_batik_reel,17902562330559770,sku_match,
#LT10647,2026-09-04 23:09:59,2026-09-04,Friday,Website (Shopify),Website (Shopify),LT-BTK,Loop Tote Batik Limited Edition,Batik Kawung,limited_edition,1,249000,249000,0,,40000,289000,0,4335,112000,132665,IDR,289000,,GoPay,GoSend/Grab Instant,C001800,new,Medan,North Sumatra,ID,completed,2026-09-05,2026-09-08,instagram / bio_link,ig_batik_reel,17902562330559770,sku_match,
IG-20260904-0124,2026-09-04 23:19:20,2026-09-04,Friday,Instagram,Instagram (DM/WhatsApp),LT-BTK,Loop Tote Batik Limited Edition,Batik Parang,limited_edition,1,249000,249000,0,,32000,281000,0,0,112000,137000,IDR,281000,,Bank transfer (manual),J&T Express,C001801,new,Jakarta,DKI Jakarta,ID,completed,2026-09-05,2026-09-06,whatsapp_click,ig_batik_reel,17902562330559770,sku_match,
IG-20260904-0125,2026-09-04 23:19:28,2026-09-04,Friday,Instagram,Instagram (DM/WhatsApp),LT-BTK,Loop Tote Batik Limited Edition,Batik Kawung,limited_edition,1,249000,249000,0,,15000,264000,0,0,112000,137000,IDR,264000,,Bank transfer (manual),GoSend/Grab Instant,C001802,new,Makassar,South Sulawesi,ID,completed,2026-09-05,2026-09-12,whatsapp_click,ig_batik_reel,17902562330559770,sku_match,
#LT10648,2026-09-04 23:39:29,2026-09-04,Friday,Website (Shopify),Website (Shopify),LT-BTK,Loop Tote Batik Limited Edition,Batik Parang,limited_edition,1,249000,249000,0,,18000,267000,0,1869,112000,135131,IDR,267000,,QRIS,J&T Express,C001803,new,Surabaya,East Java,ID,completed,2026-09-06,2026-09-08,instagram / bio_link,ig_batik_reel,17902562330559770,sku_match,
26090425722615W,2026-09-04 23:44:33,2026-09-04,Friday,Indonesian marketplace,Shopee,LT-BTK,Loop Tote Batik Limited Edition,Batik Parang,limited_edition,1,249000,249000,0,,30000,279000,0,0,112000,0,IDR,279000,,ShopeePay,,C001804,new,Makassar,South Sulawesi,ID,cancelled,,,marketplace_search,,17902562330559770,sku_match,
#LT10649,2026-09-04 23:48:24,2026-09-04,Friday,Website (Shopify),Website (Shopify),LT-BTK,Loop Tote Batik Limited Edition,Batik Kawung,limited_edition,1,249000,249000,0,,25000,274000,0,4110,112000,132890,IDR,274000,,GoPay,GoSend/Grab Instant,C001805,new,Cimahi,West Java,ID,completed,2026-09-04,2026-09-05,instagram / bio_link,ig_batik_reel,17902562330559770,sku_match,
#LT10650,2026-09-04 23:51:48,2026-09-04,Friday,Website (Shopify),Website (Shopify),LT-BTK,Loop Tote Batik Limited Edition,Batik Kawung,limited_edition,1,249000,249000,0,,40000,289000,0,10381,112000,126619,IDR,289000,,Credit card,SiCepat,C001806,new,Bandung,West Java,ID,completed,2026-09-04,2026-09-05,instagram / bio_link,ig_batik_reel,17902562330559770,sku_match,
26090465590735X,2026-09-04 23:58:15,2026-09-04,Friday,Indonesian marketplace,Shopee,LT-BTK,Loop Tote Batik Limited Edition,Batik Kawung,limited_edition,1,249000,249000,0,,12000,261000,23655,0,112000,113345,IDR,261000,,ShopeePay,SiCepat,C001807,new,Jakarta,DKI Jakarta,ID,completed,2026-09-05,2026-09-07,marketplace_search,,17902562330559770,sku_match,
INV/20260905/MPL/497235721,2026-09-05 00:01:24,2026-09-05,Saturday,Indonesian marketplace,Tokopedia,LT-BTK,Loop Tote Batik Limited Edition,Batik Parang,limited_edition,1,249000,249000,0,,20000,269000,19920,0,112000,117080,IDR,269000,,Alfamart/Indomaret,JNE,C001808,new,Bandung,West Java,ID,completed,2026-09-06,2026-09-07,recommended,,17902562330559770,sku_match,
#LT10651,2026-09-05 00:08:37,2026-09-05,Saturday,Website (Shopify),Website (Shopify),LT-BTK,Loop Tote Batik Limited Edition,Batik Kawung,limited_edition,1,249000,249000,0,,40000,289000,0,4335,112000,132665,IDR,289000,,ShopeePay,J&T Express,C001809,new,Garut,West Java,ID,completed,2026-09-05,2026-09-08,instagram / bio_link,ig_batik_reel,17902562330559770,sku_match,
#LT10652,2026-09-05 00:09:52,2026-09-05,Saturday,Website (Shopify),Website (Shopify),LT-BTK,Loop Tote Batik Limited Edition,Batik Kawung,limited_edition,1,249000,249000,0,,18000,267000,0,4005,112000,132995,IDR,267000,,OVO,J&T Express,C001452,returning,Cirebon,West Java,ID,completed,2026-09-06,2026-09-08,instagram / bio_link,ig_always_on,,,
26090521875493B,2026-09-05 00:15:07,2026-09-05,Saturday,Indonesian marketplace,Shopee,LT-BTK,Loop Tote Batik Limited Edition,Batik Kawung,limited_edition,1,249000,249000,0,,35000,284000,23655,0,112000,113345,IDR,284000,,COD,SiCepat,C001810,new,South Tangerang,Banten,ID,completed,2026-09-06,2026-09-09,recommended,,17902562330559770,sku_match,
#LT10653,2026-09-05 00:22:12,2026-09-05,Saturday,Website (Shopify),Website (Shopify),LT-BTK,Loop Tote Batik Limited Edition,Batik Parang,limited_edition,1,249000,249000,0,,40000,289000,0,4335,112000,132665,IDR,289000,,OVO,JNE,C001811,new,Cianjur,West Java,ID,completed,2026-09-05,2026-09-07,instagram / bio_link,ig_batik_reel,17902562330559770,sku_match,
#LT10654,2026-09-05 00:22:21,2026-09-05,Saturday,Website (Shopify),Website (Shopify),LT-BTK,Loop Tote Batik Limited Edition,Batik Parang,limited_edition,1,249000,249000,0,,18000,267000,0,1869,112000,135131,IDR,267000,,QRIS,GoSend/Grab Instant,C001812,new,Depok,West Java,ID,completed,2026-09-06,2026-09-07,instagram / bio_link,ig_batik_reel,17902562330559770,sku_match,
IG-20260905-0001,2026-09-05 00:34:46,2026-09-05,Saturday,Instagram,Instagram (DM/WhatsApp),LT-BTK,Loop Tote Batik Limited Edition,Batik Parang,limited_edition,1,249000,249000,0,,32000,281000,0,4215,112000,132785,IDR,281000,,GoPay/OVO,SiCepat,C001494,returning,Depok,West Java,ID,completed,2026-09-05,2026-09-07,dm,ig_batik_reel,17902562330559770,sku_match,
INV/20260905/MPL/968187925,2026-09-05 01:15:52,2026-09-05,Saturday,Indonesian marketplace,Tokopedia,LT-IND,"Loop Tote, Indigo",Indigo,standard,1,189000,189000,0,,12000,201000,0,0,78000,0,IDR,201000,,ShopeePay,,C001813,new,Jakarta,DKI Jakarta,ID,cancelled,,,recommended,,,,
#LT10655,2026-09-05 01:19:54,2026-09-05,Saturday,Website (Shopify),Website (Shopify),LT-BTK,Loop Tote Batik Limited Edition,Batik Kawung,limited_edition,1,249000,249000,12500,NEWSLETTER5,40000,276500,0,4000,112000,120500,IDR,276500,,Bank transfer (VA),JNE,C001319,returning,Bogor,West Java,ID,completed,2026-09-07,2026-09-09,instagram / bio_link,ig_batik_reel,17902562330559770,sku_match,
26090582173237C,2026-09-05 01:39:00,2026-09-05,Saturday,Indonesian marketplace,Shopee,LT-BTK,Loop Tote Batik Limited Edition,Batik Parang,limited_edition,1,249000,249000,20000,Platform voucher,30000,259000,21755,0,112000,95245,IDR,259000,,PayLater,JNE,C001814,new,Bandung,West Java,ID,completed,2026-09-07,2026-09-08,marketplace_search,,17902562330559770,sku_match,
IG-20260905-0002,2026-09-05 01:40:38,2026-09-05,Saturday,Instagram,Instagram (DM/WhatsApp),LT-BTK,Loop Tote Batik Limited Edition,Batik Parang,limited_edition,1,249000,249000,0,,15000,264000,0,0,112000,137000,IDR,264000,,COD (local courier),J&T Express,C001815,new,Bogor,West Java,ID,completed,2026-09-06,2026-09-08,dm,ig_batik_reel,17902562330559770,sku_match,
IG-20260905-0003,2026-09-05 01:41:06,2026-09-05,Saturday,Instagram,Instagram (DM/WhatsApp),LT-BTK,Loop Tote Batik Limited Edition,Batik Kawung,limited_edition,1,249000,249000,0,,0,249000,0,0,112000,137000,IDR,249000,,Bank transfer (manual),SiCepat,C001816,new,Jakarta,DKI Jakarta,ID,completed,2026-09-07,2026-09-08,whatsapp_click,ig_batik_reel,17902562330559770,sku_match,
26090582745543D,2026-09-05 01:43:31,2026-09-05,Saturday,Indonesian marketplace,Shopee,LT-BTK,Loop Tote Batik Limited Edition,Batik Kawung,limited_edition,1,249000,249000,0,,30000,279000,23655,0,112000,113345,IDR,279000,,COD,Shopee Xpress / platform courier,C001817,new,Surabaya,East Java,ID,completed,2026-09-07,2026-09-10,marketplace_campaign,,17902562330559770,sku_match,
IG-20260905-0004,2026-09-05 01:50:04,2026-09-05,Saturday,Instagram,Instagram (DM/WhatsApp),LT-BTK,Loop Tote Batik Limited Edition,Batik Parang,limited_edition,1,249000,249000,0,,32000,281000,0,0,112000,137000,IDR,281000,,COD (local courier),GoSend/Grab Instant,C000373,returning,Denpasar,Bali,ID,completed,2026-09-06,2026-09-11,comment,ig_process_impact_p16,17901296159799218,dm_entry_comment,
#LT10656,2026-09-05 02:18:24,2026-09-05,Saturday,Website (Shopify),Website (Shopify),LT-BTK,Loop Tote Batik Limited Edition,Batik Parang,limited_edition,1,249000,249000,0,,25000,274000,0,9946,112000,127054,IDR,274000,,Credit card,JNE,C001818,new,Tangerang,Banten,ID,completed,2026-09-06,2026-09-08,instagram / bio_link,ig_batik_reel,17902562330559770,sku_match,
INV/20260905/MPL/143097081,2026-09-05 02:35:05,2026-09-05,Saturday,Indonesian marketplace,Tokopedia,LT-BTK,Loop Tote Batik Limited Edition,Batik Parang,limited_edition,1,249000,249000,20000,Platform voucher,35000,264000,18320,0,112000,98680,IDR,264000,,ShopeePay,Shopee Xpress / platform courier,C001819,new,Bandung,West Java,ID,completed,2026-09-07,2026-09-08,marketplace_search,,17902562330559770,sku_match,
#LT10657,2026-09-05 02:59:02,2026-09-05,Saturday,Website (Shopify),Website (Shopify),LT-BTK,Loop Tote Batik Limited Edition,Batik Parang,limited_edition,1,249000,249000,0,,15000,264000,0,1848,112000,135152,IDR,264000,,QRIS,SiCepat,C001042,returning,Palembang,South Sumatra,ID,completed,2026-09-05,2026-09-11,instagram / bio_link,ig_batik_reel,17902562330559770,sku_match,
#LT10658,2026-09-05 03:11:38,2026-09-05,Saturday,Website (Shopify),Website (Shopify),LT-BTK,Loop Tote Batik Limited Edition,Batik Kawung,limited_edition,2,249000,498000,0,,0,498000,0,4000,224000,270000,IDR,498000,,Bank transfer (VA),SiCepat,C001820,new,Bandar Lampung,Lampung,ID,completed,2026-09-05,2026-09-08,instagram / bio_link,ig_batik_reel,17902562330559770,sku_match,
#LT10659,2026-09-05 03:52:45,2026-09-05,Saturday,Website (Shopify),Website (Shopify),LT-BTK,Loop Tote Batik Limited Edition,Batik Kawung,limited_edition,1,249000,249000,0,,18000,267000,0,1869,112000,135131,IDR,267000,,QRIS,SiCepat,C001821,new,Palembang,South Sumatra,ID,completed,2026-09-06,2026-09-11,instagram / bio_link,ig_batik_reel,17902562330559770,sku_match,
IG-20260905-0005,2026-09-05 04:14:11,2026-09-05,Saturday,Instagram,Instagram (DM/WhatsApp),LT-BTK,Loop Tote Batik Limited Edition,Batik Parang,limited_edition,1,249000,249000,0,,18000,267000,0,9743,112000,127257,IDR,267000,,Credit card,JNE,C001822,new,Bandung,West Java,ID,completed,2026-09-07,2026-09-08,story_reply,ig_batik_reel,17902562330559770,sku_match,
#LT10660,2026-09-05 04:20:22,2026-09-05,Saturday,Website (Shopify),Website (Shopify),LT-BTK,Loop Tote Batik Limited Edition,Batik Parang,limited_edition,1,249000,249000,0,,18000,267000,0,1869,112000,135131,IDR,267000,,QRIS,JNE,C001823,new,Bekasi,West Java,ID,completed,2026-09-05,2026-09-06,instagram / bio_link,ig_batik_reel,17902562330559770,sku_match,
#LT10661,2026-09-05 04:28:47,2026-09-05,Saturday,Website (Shopify),Website (Shopify),LT-BTK,Loop Tote Batik Limited Edition,Batik Parang,limited_edition,1,249000,249000,0,,15000,264000,0,1848,112000,135152,IDR,264000,,QRIS,SiCepat,C001824,new,Bandung,West Java,ID,completed,2026-09-06,2026-09-08,instagram / bio_link,ig_batik_reel,17902562330559770,sku_match,
#LT10662,2026-09-05 04:43:06,2026-09-05,Saturday,Website (Shopify),Website (Shopify),LT-BTK,Loop Tote Batik Limited Edition,Batik Parang,limited_edition,1,249000,249000,0,,25000,274000,0,1918,112000,135082,IDR,274000,,QRIS,SiCepat,C001825,new,Bogor,West Java,ID,completed,2026-09-06,2026-09-07,instagram / bio_link,ig_batik_reel,17902562330559770,sku_match,
#LT10663,2026-09-05 05:07:06,2026-09-05,Saturday,Website (Shopify),Website (Shopify),LT-BTK,Loop Tote Batik Limited Edition,Batik Kawung,limited_edition,1,249000,249000,0,,15000,264000,0,9656,112000,127344,IDR,264000,,Credit card,J&T Express,C001826,new,Subang,West Java,ID,completed,2026-09-05,2026-09-09,instagram / bio_link,ig_batik_reel,17902562330559770,sku_match,
26090535276751E,2026-09-05 05:09:29,2026-09-05,Saturday,Indonesian marketplace,Shopee,LT-BTK,Loop Tote Batik Limited Edition,Batik Parang,limited_edition,1,249000,249000,0,,25000,274000,23655,0,112000,113345,IDR,274000,,ShopeePay,Shopee Xpress / platform courier,C001827,new,Jakarta,DKI Jakarta,ID,completed,2026-09-06,2026-09-08,marketplace_search,,17902562330559770,sku_match,
#LT10664,2026-09-05 05:21:50,2026-09-05,Saturday,Website (Shopify),Website (Shopify),LT-BTK,Loop Tote Batik Limited Edition,Batik Kawung,limited_edition,1,249000,249000,0,,25000,274000,0,4000,112000,133000,IDR,274000,,Bank transfer (VA),GoSend/Grab Instant,C001828,new,Cimahi,West Java,ID,completed,2026-09-07,2026-09-09,instagram / bio_link,ig_batik_reel,17902562330559770,sku_match,
#LT10665,2026-09-05 05:45:25,2026-09-05,Saturday,Website (Shopify),Website (Shopify),LT-BTK,Loop Tote Batik Limited Edition,Batik Kawung,limited_edition,1,249000,249000,0,,18000,267000,0,1869,112000,135131,IDR,267000,,QRIS,J&T Express,C001244,returning,Bekasi,West Java,ID,completed,2026-09-06,2026-09-07,instagram / bio_link,ig_batik_reel,17902562330559770,sku_match,
#LT10666,2026-09-05 05:56:06,2026-09-05,Saturday,Website (Shopify),Website (Shopify),LT-BTK,Loop Tote Batik Limited Edition,Batik Kawung,limited_edition,2,249000,498000,0,,0,498000,0,3486,224000,270514,IDR,498000,,QRIS,GoSend/Grab Instant,C001829,new,Bandung,West Java,ID,completed,2026-09-06,2026-09-08,instagram / bio_link,ig_batik_reel,17902562330559770,sku_match,
#LT10667,2026-09-05 06:31:40,2026-09-05,Saturday,Website (Shopify),Website (Shopify),LT-BTK,Loop Tote Batik Limited Edition,Batik Kawung,limited_edition,1,249000,249000,0,,0,249000,0,1743,112000,135257,IDR,249000,,QRIS,GoSend/Grab Instant,C001830,new,Bekasi,West Java,ID,completed,2026-09-07,2026-09-10,instagram / bio_link,ig_batik_reel,17902562330559770,sku_match,
#LT10668,2026-09-05 06:37:18,2026-09-05,Saturday,Website (Shopify),Website (Shopify),LT-BTK,Loop Tote Batik Limited Edition,Batik Kawung,limited_edition,1,249000,249000,0,,15000,264000,0,3960,112000,133040,IDR,264000,,GoPay,GoSend/Grab Instant,C001831,new,Cimahi,West Java,ID,completed,2026-09-05,2026-09-06,instagram / bio_link,ig_batik_reel,17902562330559770,sku_match,
IG-20260905-0006,2026-09-05 06:39:06,2026-09-05,Saturday,Instagram,Instagram (DM/WhatsApp),LT-BTK,Loop Tote Batik Limited Edition,Batik Parang,limited_edition,1,249000,249000,0,,18000,267000,0,0,112000,137000,IDR,267000,,Bank transfer (manual),GoSend/Grab Instant,C001832,new,Padang,West Sumatra,ID,completed,2026-09-06,2026-09-12,whatsapp_click,ig_batik_reel,17902562330559770,sku_match,
#LT10669,2026-09-05 06:54:17,2026-09-05,Saturday,Website (Shopify),Website (Shopify),LT-BTK,Loop Tote Batik Limited Edition,Batik Kawung,limited_edition,1,249000,249000,0,,0,249000,0,3735,112000,133265,IDR,249000,,GoPay,J&T Express,C001833,new,Jakarta,DKI Jakarta,ID,completed,2026-09-05,2026-09-06,instagram / bio_link,ig_batik_reel,17902562330559770,sku_match,
INV/20260905/MPL/249176981,2026-09-05 07:00:43,2026-09-05,Saturday,Indonesian marketplace,Tokopedia,LT-BTK,Loop Tote Batik Limited Edition,Batik Parang,limited_edition,1,249000,249000,20000,Platform voucher,0,229000,18320,0,112000,98680,IDR,229000,,ShopeePay,JNE,C000074,returning,Bandung,West Java,ID,completed,2026-09-05,2026-09-07,marketplace_search,,17902562330559770,sku_match,
113-2682547-2159046,2026-09-05 07:03:52,2026-09-05,Saturday,Amazon,Amazon,LT-SND,"Loop Tote, Sand",Sand,standard,1,260637,260637,0,,113937,374574,39096,0,78000,143541,USD,22.98,16300,Credit card,DHL eCommerce,C001834,new,New York,New York,US,completed,2026-09-06,2026-09-16,shop_page,,,,
#LT10670,2026-09-05 07:28:09,2026-09-05,Saturday,Website (Shopify),Website (Shopify),LT-BTK,Loop Tote Batik Limited Edition,Batik Parang,limited_edition,1,249000,249000,0,,40000,289000,0,2023,112000,134977,IDR,289000,,QRIS,GoSend/Grab Instant,C001514,returning,Cianjur,West Java,ID,completed,2026-09-05,2026-09-09,instagram / bio_link,ig_batik_reel,17902562330559770,sku_match,
#LT10671,2026-09-05 07:43:07,2026-09-05,Saturday,Website (Shopify),Website (Shopify),LT-BTK,Loop Tote Batik Limited Edition,Batik Kawung,limited_edition,1,249000,249000,0,,32000,281000,0,4000,112000,133000,IDR,281000,,Bank transfer (VA),GoSend/Grab Instant,C001835,new,Cimahi,West Java,ID,completed,2026-09-05,2026-09-07,instagram / bio_link,ig_batik_reel,17902562330559770,sku_match,
IG-20260905-0007,2026-09-05 08:36:53,2026-09-05,Saturday,Instagram,Instagram (DM/WhatsApp),LT-BTK,Loop Tote Batik Limited Edition,Batik Parang,limited_edition,1,249000,249000,0,,32000,281000,0,0,112000,137000,IDR,281000,,Bank transfer (manual),GoSend/Grab Instant,C001836,new,Jakarta,DKI Jakarta,ID,completed,2026-09-07,2026-09-10,comment,ig_batik_reel,17902562330559770,sku_match,
26090512070447F,2026-09-05 08:44:00,2026-09-05,Saturday,Indonesian marketplace,Shopee,LT-IND,"Loop Tote, Indigo",Indigo,standard,2,189000,378000,30000,Platform voucher,0,348000,33060,0,156000,158940,IDR,348000,,QRIS,AnterAja,C001837,new,Surabaya,East Java,ID,completed,2026-09-05,2026-09-07,marketplace_campaign,,,,
IG-20260905-0008,2026-09-05 09:28:35,2026-09-05,Saturday,Instagram,Instagram (DM/WhatsApp),LT-BTK,Loop Tote Batik Limited Edition,Batik Parang,limited_edition,1,249000,249000,0,,32000,281000,0,1967,112000,135033,IDR,281000,,QRIS,JNE,C001346,returning,Jakarta,DKI Jakarta,ID,completed,2026-09-07,2026-09-09,dm,ig_batik_reel,17902562330559770,sku_match,
#LT10672,2026-09-05 09:41:20,2026-09-05,Saturday,Website (Shopify),Website (Shopify),LT-BTK,Loop Tote Batik Limited Edition,Batik Kawung,limited_edition,1,249000,249000,0,,18000,267000,0,4000,112000,-29000,IDR,267000,,Bank transfer (VA),GoSend/Grab Instant,C001838,new,Jakarta,DKI Jakarta,ID,returned,2026-09-07,2026-09-09,instagram / bio_link,ig_batik_reel,17902562330559770,sku_match,
IG-20260905-0009,2026-09-05 10:31:32,2026-09-05,Saturday,Instagram,Instagram (DM/WhatsApp),LT-BTK,Loop Tote Batik Limited Edition,Batik Parang,limited_edition,2,249000,498000,0,,32000,530000,0,0,224000,274000,IDR,530000,,Bank transfer (manual),GoSend/Grab Instant,C001696,returning,Bandung,West Java,ID,completed,2026-09-07,2026-09-08,comment,ig_batik_reel,17902562330559770,sku_match,
STR-20260905-0001,2026-09-05 11:05:42,2026-09-05,Saturday,Physical store,Bandung store,LT-BTK,Loop Tote Batik Limited Edition,Batik Kawung,limited_edition,1,249000,249000,0,,0,249000,0,1743,112000,135257,IDR,249000,,QRIS,In-store pickup,C001839,new,Bandung,West Java,ID,completed,2026-09-05,2026-09-05,walk-in,,17902562330559770,sku_match,
#LT10673,2026-09-05 12:15:23,2026-09-05,Saturday,Website (Shopify),Website (Shopify),LT-BTK,Loop Tote Batik Limited Edition,Batik Parang,limited_edition,2,249000,498000,0,,0,498000,0,3486,224000,270514,IDR,498000,,QRIS,SiCepat,C001840,new,Jakarta,DKI Jakarta,ID,completed,2026-09-06,2026-09-07,instagram / bio_link,ig_batik_reel,17902562330559770,sku_match,
#LT10674,2026-09-05 12:32:41,2026-09-05,Saturday,Website (Shopify),Website (Shopify),LT-BTK,Loop Tote Batik Limited Edition,Batik Kawung,limited_edition,1,249000,249000,12500,NEWSLETTER5,32000,268500,0,1880,112000,122620,IDR,268500,,QRIS,J&T Express,C001841,new,Cirebon,West Java,ID,completed,2026-09-05,2026-09-08,instagram / bio_link,ig_batik_reel,17902562330559770,sku_match,
INV/20260905/MPL/289208786,2026-09-05 14:07:04,2026-09-05,Saturday,Indonesian marketplace,Tokopedia,LT-GRN,"Loop Tote, Sea-green",Sea-green,standard,2,189000,378000,0,,0,378000,30240,0,156000,191760,IDR,378000,,PayLater,JNE,C001842,new,Manado,North Sulawesi,ID,completed,2026-09-06,2026-09-12,marketplace_search,,,,
#LT10675,2026-09-05 14:28:28,2026-09-05,Saturday,Website (Shopify),Website (Shopify),LT-BTK,Loop Tote Batik Limited Edition,Batik Kawung,limited_edition,1,249000,249000,0,,32000,281000,0,10149,112000,126851,IDR,281000,,Credit card,SiCepat,C001843,new,Bandung,West Java,ID,completed,2026-09-07,2026-09-09,instagram / bio_link,ig_batik_reel,17902562330559770,sku_match,
STR-20260905-0002,2026-09-05 15:39:42,2026-09-05,Saturday,Physical store,Bandung store,LT-BTK,Loop Tote Batik Limited Edition,Batik Parang,limited_edition,1,249000,249000,0,,0,249000,0,1743,112000,135257,IDR,249000,,QRIS,In-store pickup,C001223,returning,Yogyakarta,DI Yogyakarta,ID,completed,2026-09-05,2026-09-05,walk-in,,17902562330559770,sku_match,
STR-20260905-0003,2026-09-05 16:44:16,2026-09-05,Saturday,Physical store,Bandung store,LT-GRN,"Loop Tote, Sea-green",Sea-green,standard,1,189000,189000,0,,0,189000,0,1323,78000,109677,IDR,189000,,QRIS,In-store pickup,C001844,new,Bandung,West Java,ID,completed,2026-09-05,2026-09-05,walk-in,,,,
IG-20260905-0010,2026-09-05 17:15:45,2026-09-05,Saturday,Instagram,Instagram (DM/WhatsApp),LT-BTK,Loop Tote Batik Limited Edition,Batik Parang,limited_edition,1,249000,249000,12500,IGDM5,25000,261500,0,3922,112000,120578,IDR,261500,,GoPay/OVO,GoSend/Grab Instant,C001264,returning,South Tangerang,Banten,ID,completed,2026-09-07,2026-09-10,comment,ig_batik_reel,17902562330559770,sku_match,
STR-20260905-0004,2026-09-05 17:48:21,2026-09-05,Saturday,Physical store,Bandung store,LT-BTK,Loop Tote Batik Limited Edition,Batik Kawung,limited_edition,1,249000,249000,0,,0,249000,0,9221,112000,127779,IDR,249000,,Credit card,In-store pickup,C001845,new,Bandung,West Java,ID,completed,2026-09-05,2026-09-05,walk-in,,17902562330559770,sku_match,
823938744845308,2026-09-05 19:09:14,2026-09-05,Saturday,Indonesian marketplace,Lazada,LT-IND,"Loop Tote, Indigo",Indigo,standard,2,189000,378000,19000,Platform voucher,0,359000,30515,0,156000,172485,IDR,359000,,Alfamart/Indomaret,JNE,C001846,new,Jakarta,DKI Jakarta,ID,completed,2026-09-05,2026-09-07,marketplace_campaign,,,,
#LT10676,2026-09-05 19:21:39,2026-09-05,Saturday,Website (Shopify),Website (Shopify),LT-GRN,"Loop Tote, Sea-green",Sea-green,standard,2,189000,378000,0,,0,378000,0,2646,156000,219354,IDR,378000,,QRIS,JNE,C001847,new,Cimahi,West Java,ID,completed,2026-09-05,2026-09-06,google / organic,,,,
STR-20260905-0005,2026-09-05 19:26:53,2026-09-05,Saturday,Physical store,Bandung store,LT-BTK,Loop Tote Batik Limited Edition,Batik Parang,limited_edition,1,249000,249000,0,,0,249000,0,1743,112000,135257,IDR,249000,,QRIS,In-store pickup,C001848,new,Bandung,West Java,ID,completed,2026-09-05,2026-09-05,walk-in,,17902562330559770,sku_match,
26090583959519G,2026-09-05 19:48:01,2026-09-05,Saturday,Indonesian marketplace,Shopee,LT-BTK,Loop Tote Batik Limited Edition,Batik Kawung,limited_edition,1,249000,249000,20000,Platform voucher,20000,249000,21755,0,112000,95245,IDR,249000,,ShopeePay,JNE,C001849,new,Jakarta,DKI Jakarta,ID,completed,2026-09-05,2026-09-08,marketplace_search,,17902562330559770,sku_match,
INV/20260905/MPL/879079526,2026-09-05 20:56:39,2026-09-05,Saturday,Indonesian marketplace,Tokopedia,LT-GRN,"Loop Tote, Sea-green",Sea-green,standard,1,189000,189000,0,,20000,209000,15120,0,78000,95880,IDR,209000,,ShopeePay,Shopee Xpress / platform courier,C001023,returning,Bandung,West Java,ID,completed,2026-09-05,2026-09-07,marketplace_search,,,,
26090517380444H,2026-09-05 21:12:10,2026-09-05,Saturday,Indonesian marketplace,Shopee,LT-GRN,"Loop Tote, Sea-green",Sea-green,standard,1,189000,189000,28500,Platform voucher,20000,180500,15248,0,78000,67252,IDR,180500,,Bank transfer (VA),SiCepat,C000180,returning,Balikpapan,East Kalimantan,ID,completed,2026-09-06,2026-09-09,marketplace_search,,,,
IG-20260905-0011,2026-09-05 21:50:23,2026-09-05,Saturday,Instagram,Instagram (DM/WhatsApp),LT-GRN,"Loop Tote, Sea-green",Sea-green,standard,1,189000,189000,9500,IGDM5,18000,197500,0,7728,78000,93772,IDR,197500,,Credit card,J&T Express,C001540,returning,Jakarta,DKI Jakarta,ID,completed,2026-09-06,2026-09-09,dm,ig_b2b_partners_p19,17908838279664940,dm_time_proximity,
113-3715550-1444916,2026-09-05 21:50:58,2026-09-05,Saturday,Amazon,Amazon,LT-SND,"Loop Tote, Sand",Sand,standard,1,260637,260637,0,,113937,374574,39096,0,78000,143541,USD,22.98,16300,Credit card,DHL eCommerce,C001850,new,New York,New York,US,completed,2026-09-05,2026-09-18,recommended,,,,
INV/20260905/MPL/243008708,2026-09-05 22:48:00,2026-09-05,Saturday,Indonesian marketplace,Tokopedia,LT-BTK,Loop Tote Batik Limited Edition,Batik Parang,limited_edition,1,249000,249000,20000,Platform voucher,30000,259000,18320,0,112000,98680,IDR,259000,,Bank transfer (VA),SiCepat,C000987,returning,Bogor,West Java,ID,completed,2026-09-06,2026-09-08,shop_page,,17902562330559770,sku_match,
IG-20260905-0012,2026-09-05 23:33:39,2026-09-05,Saturday,Instagram,Instagram (DM/WhatsApp),LT-BTK,Loop Tote Batik Limited Edition,Batik Parang,limited_edition,2,249000,498000,25000,IGDM5,0,473000,0,0,224000,249000,IDR,473000,,Bank transfer (manual),SiCepat,C001851,new,Bogor,West Java,ID,completed,2026-09-06,2026-09-09,story_reply,ig_batik_reel,17902562330559770,sku_match,
26090616231001B,2026-09-06 00:38:45,2026-09-06,Sunday,Indonesian marketplace,Shopee,LT-BTK,Loop Tote Batik Limited Edition,Batik Parang,limited_edition,1,249000,249000,0,,25000,274000,23655,0,112000,113345,IDR,274000,,PayLater,JNE,C001852,new,Balikpapan,East Kalimantan,ID,completed,2026-09-07,2026-09-13,marketplace_search,,17902562330559770,sku_match,
IG-20260906-0001,2026-09-06 00:40:29,2026-09-06,Sunday,Instagram,Instagram (DM/WhatsApp),LT-BTK,Loop Tote Batik Limited Edition,Batik Kawung,limited_edition,1,249000,249000,0,,0,249000,0,0,112000,137000,IDR,249000,,Bank transfer (manual),J&T Express,C001853,new,Sukabumi,West Java,ID,completed,2026-09-07,2026-09-11,dm,ig_batik_reel,17902562330559770,sku_match,
#LT10677,2026-09-06 02:37:41,2026-09-06,Sunday,Website (Shopify),Website (Shopify),LT-GRN,"Loop Tote, Sea-green",Sea-green,standard,2,189000,378000,0,,0,378000,0,5670,156000,216330,IDR,378000,,GoPay,SiCepat,C001854,new,Bandung,West Java,ID,completed,2026-09-07,2026-09-08,instagram / bio_link,ig_b2b_partners_p19,17908838279664940,utm_bio_link,
INV/20260906/MPL/280996969,2026-09-06 11:23:59,2026-09-06,Sunday,Indonesian marketplace,Tokopedia,LT-IND,"Loop Tote, Indigo",Indigo,standard,1,189000,189000,0,,20000,209000,15120,0,78000,95880,IDR,209000,,PayLater,J&T Express,C001855,new,Semarang,Central Java,ID,completed,2026-09-07,2026-09-11,marketplace_search,,,,
26090693744455C,2026-09-06 14:05:23,2026-09-06,Sunday,Indonesian marketplace,Shopee,LT-IND,"Loop Tote, Indigo",Indigo,standard,1,189000,189000,0,,0,189000,17955,0,78000,93045,IDR,189000,,COD,JNE,C000904,returning,Batam,Riau Islands,ID,completed,2026-09-07,2026-09-13,marketplace_search,,17908838279664940,assisted_time_proximity,
26090693899993D,2026-09-06 14:27:30,2026-09-06,Sunday,Indonesian marketplace,Shopee,LT-IND,"Loop Tote, Indigo",Indigo,standard,1,189000,189000,0,,25000,214000,17955,0,78000,93045,IDR,214000,,Bank transfer (VA),Shopee Xpress / platform courier,C001856,new,Makassar,South Sulawesi,ID,completed,2026-09-06,2026-09-10,marketplace_search,,,,
STR-20260906-0001,2026-09-06 15:37:02,2026-09-06,Sunday,Physical store,Bandung store,LT-IND,"Loop Tote, Indigo",Indigo,standard,3,189000,567000,0,,0,567000,0,0,234000,333000,IDR,567000,,Cash,In-store pickup,C001857,new,Bandung,West Java,ID,completed,2026-09-06,2026-09-06,walk-in,,,,
5486006023844083053,2026-09-06 17:30:19,2026-09-06,Sunday,Indonesian marketplace,TikTok Shop,LT-SND,"Loop Tote, Sand",Sand,standard,1,179000,179000,0,,20000,199000,15215,0,78000,85785,IDR,199000,,ShopeePay,Shopee Xpress / platform courier,C001858,new,Subang,West Java,ID,completed,2026-09-07,2026-09-11,marketplace_search,,,,
STR-20260906-0002,2026-09-06 18:06:29,2026-09-06,Sunday,Physical store,Bandung store,LT-GRN,"Loop Tote, Sea-green",Sea-green,standard,1,189000,189000,0,,0,189000,0,1323,78000,109677,IDR,189000,,QRIS,In-store pickup,C001859,new,Bandung,West Java,ID,completed,2026-09-06,2026-09-06,walk-in,,,,
STR-20260906-0003,2026-09-06 18:43:17,2026-09-06,Sunday,Physical store,Bandung store,LT-GRN,"Loop Tote, Sea-green",Sea-green,standard,3,189000,567000,0,,0,567000,0,3969,234000,329031,IDR,567000,,QRIS,In-store pickup,C001860,new,Bandung,West Java,ID,completed,2026-09-06,2026-09-06,walk-in,,,,
STR-20260906-0004,2026-09-06 19:08:01,2026-09-06,Sunday,Physical store,Bandung store,LT-SND,"Loop Tote, Sand",Sand,standard,1,189000,189000,0,,0,189000,0,7481,78000,103519,IDR,189000,,Credit card,In-store pickup,C001861,new,Bandung,West Java,ID,completed,2026-09-06,2026-09-06,walk-in,,,,
IG-20260906-0002,2026-09-06 19:08:26,2026-09-06,Sunday,Instagram,Instagram (DM/WhatsApp),LT-GRN,"Loop Tote, Sea-green",Sea-green,standard,1,189000,189000,0,,25000,214000,0,0,78000,111000,IDR,214000,,Bank transfer (manual),SiCepat,C000533,returning,Depok,West Java,ID,completed,2026-09-06,2026-09-09,dm,,,,
#LT10678,2026-09-06 19:17:17,2026-09-06,Sunday,Website (Shopify),Website (Shopify),LT-GRN,"Loop Tote, Sea-green",Sea-green,standard,2,189000,378000,0,,0,378000,0,2646,156000,219354,IDR,378000,,QRIS,SiCepat,C001862,new,Bandung,West Java,ID,completed,2026-09-06,2026-09-08,whatsapp,,,,
#LT10679,2026-09-06 19:22:47,2026-09-06,Sunday,Website (Shopify),Website (Shopify),LT-GRN,"Loop Tote, Sea-green",Sea-green,standard,1,189000,189000,9500,NEWSLETTER5,40000,219500,0,4000,78000,97500,IDR,219500,,Bank transfer (VA),GoSend/Grab Instant,C001863,new,Bogor,West Java,ID,completed,2026-09-06,2026-09-07,newsletter,,,,
#LT10680,2026-09-06 19:46:06,2026-09-06,Sunday,Website (Shopify),Website (Shopify),LT-GRN,"Loop Tote, Sea-green",Sea-green,standard,2,189000,378000,0,,0,378000,0,5670,156000,216330,IDR,378000,,GoPay,SiCepat,C001864,new,Semarang,Central Java,ID,completed,2026-09-06,2026-09-08,instagram / bio_link,ig_always_on,,,
#LT10681,2026-09-06 20:09:46,2026-09-06,Sunday,Website (Shopify),Website (Shopify),LT-SND,"Loop Tote, Sand",Sand,standard,1,189000,189000,0,,32000,221000,0,0,78000,0,IDR,221000,,Credit card,,C001865,new,Karawang,West Java,ID,cancelled,,,google / organic,,,,
IG-20260906-0003,2026-09-06 20:20:51,2026-09-06,Sunday,Instagram,Instagram (DM/WhatsApp),LT-IND,"Loop Tote, Indigo",Indigo,standard,1,189000,189000,9500,IGDM5,40000,219500,0,0,78000,101500,IDR,219500,,Bank transfer (manual),SiCepat,C001866,new,Depok,West Java,ID,completed,2026-09-07,2026-09-10,dm,,,,
510898139695779,2026-09-06 21:01:14,2026-09-06,Sunday,Indonesian marketplace,Lazada,LT-IND,"Loop Tote, Indigo",Indigo,standard,1,189000,189000,19000,Platform voucher,12000,182000,14450,0,78000,77550,IDR,182000,,Bank transfer (VA),Shopee Xpress / platform courier,C000415,returning,Jakarta,DKI Jakarta,ID,completed,2026-09-06,2026-09-09,marketplace_campaign,,,,
#LT10682,2026-09-06 22:25:42,2026-09-06,Sunday,Website (Shopify),Website (Shopify),LT-GRN,"Loop Tote, Sea-green",Sea-green,standard,1,189000,189000,0,,18000,207000,0,1449,78000,109551,IDR,207000,,QRIS,JNE,C001867,new,Subang,West Java,ID,completed,2026-09-07,2026-09-11,direct,,,,
INV/20260907/MPL/275487451,2026-09-07 01:30:30,2026-09-07,Monday,Indonesian marketplace,Tokopedia,LT-SND,"Loop Tote, Sand",Sand,standard,1,189000,189000,0,,35000,224000,15120,0,78000,95880,IDR,224000,,QRIS,AnterAja,C001868,new,Surabaya,East Java,ID,completed,2026-09-07,2026-09-09,marketplace_search,,,,
STR-20260907-0001,2026-09-07 14:12:17,2026-09-07,Monday,Physical store,Bandung store,LT-IND,"Loop Tote, Indigo",Indigo,standard,1,189000,189000,0,,0,189000,0,0,78000,111000,IDR,189000,,Cash,In-store pickup,C001869,new,Bandung,West Java,ID,completed,2026-09-07,2026-09-07,walk-in,,,,
#LT10683,2026-09-07 14:26:14,2026-09-07,Monday,Website (Shopify),Website (Shopify),LT-GRN,"Loop Tote, Sea-green",Sea-green,standard,1,189000,189000,0,,25000,214000,0,1498,78000,109502,IDR,214000,,QRIS,GoSend/Grab Instant,C001870,new,Bandung,West Java,ID,completed,2026-09-07,2026-09-08,google / organic,,,,
#LT10684,2026-09-07 16:34:49,2026-09-07,Monday,Website (Shopify),Website (Shopify),LT-IND,"Loop Tote, Indigo",Indigo,standard,1,189000,189000,0,,0,189000,0,1323,78000,109677,IDR,189000,,QRIS,JNE,C001871,new,Bandung,West Java,ID,completed,2026-09-07,2026-09-08,direct,,,,
26090715459311B,2026-09-07 16:39:02,2026-09-07,Monday,Indonesian marketplace,Shopee,LT-GRN,"Loop Tote, Sea-green",Sea-green,standard,1,189000,189000,0,,30000,219000,17955,0,78000,93045,IDR,219000,,Alfamart/Indomaret,Shopee Xpress / platform courier,C001872,new,South Tangerang,Banten,ID,completed,2026-09-07,2026-09-10,shop_page,,,,
IG-20260907-0001,2026-09-07 19:02:09,2026-09-07,Monday,Instagram,Instagram (DM/WhatsApp),LT-GRN,"Loop Tote, Sea-green",Sea-green,standard,1,189000,189000,0,,15000,204000,0,7916,78000,103084,IDR,204000,,Credit card,SiCepat,C001873,new,Jakarta,DKI Jakarta,ID,completed,2026-09-07,2026-09-10,dm,,,,
26090722872757C,2026-09-07 19:18:13,2026-09-07,Monday,Indonesian marketplace,Shopee,LT-GRN,"Loop Tote, Sea-green",Sea-green,standard,1,189000,189000,0,,12000,201000,17955,0,78000,-42955,IDR,201000,,ShopeePay,J&T Express,C001874,new,Depok,West Java,ID,returned,2026-09-07,2026-09-10,marketplace_campaign,,,,
#LT10685,2026-09-07 19:25:13,2026-09-07,Monday,Website (Shopify),Website (Shopify),LT-GRN,"Loop Tote, Sea-green",Sea-green,standard,1,189000,189000,0,,25000,214000,0,4000,78000,107000,IDR,214000,,Bank transfer (VA),GoSend/Grab Instant,C001875,new,Bogor,West Java,ID,completed,2026-09-07,2026-09-08,instagram / bio_link,ig_always_on,,,
26090793357668D,2026-09-07 19:48:27,2026-09-07,Monday,Indonesian marketplace,Shopee,LT-SND,"Loop Tote, Sand",Sand,standard,1,189000,189000,0,,35000,224000,17955,0,78000,93045,IDR,224000,,ShopeePay,J&T Express,C001876,new,Bandar Lampung,Lampung,ID,completed,2026-09-07,2026-09-11,marketplace_campaign,,,,
IG-20260907-0002,2026-09-07 20:36:31,2026-09-07,Monday,Instagram,Instagram (DM/WhatsApp),LT-SND,"Loop Tote, Sand",Sand,standard,1,189000,189000,0,,25000,214000,0,0,78000,111000,IDR,214000,,Bank transfer (manual),JNE,C001877,new,Subang,West Java,ID,completed,2026-09-08,2026-09-10,dm,,,,
113-9542629-4893249,2026-09-07 20:47:26,2026-09-07,Monday,Amazon,Amazon,LT-IND,"Loop Tote, Indigo",Indigo,standard,3,260637,781911,0,,113937,895848,117287,0,234000,430624,USD,54.96,16300,Credit card,DHL eCommerce,C001878,new,Los Angeles,California,US,completed,2026-09-08,2026-09-20,marketplace_campaign,,,,
IG-20260907-0003,2026-09-07 21:35:02,2026-09-07,Monday,Instagram,Instagram (DM/WhatsApp),LT-GRN,"Loop Tote, Sea-green",Sea-green,standard,1,189000,189000,0,,0,189000,0,0,78000,-25000,IDR,189000,,Bank transfer (manual),SiCepat,C001879,new,Surabaya,East Java,ID,returned,2026-09-07,2026-09-11,dm,,,,
#LT10686,2026-09-07 21:36:12,2026-09-07,Monday,Website (Shopify),Website (Shopify),LT-IND,"Loop Tote, Indigo",Indigo,standard,1,189000,189000,0,,25000,214000,0,3210,78000,107790,IDR,214000,,ShopeePay,J&T Express,C001880,new,Denpasar,Bali,ID,completed,2026-09-08,2026-09-11,instagram / bio_link,ig_always_on,,,
IG-20260907-0004,2026-09-07 21:48:21,2026-09-07,Monday,Instagram,Instagram (DM/WhatsApp),LT-SND,"Loop Tote, Sand",Sand,standard,1,189000,189000,0,,0,189000,0,2835,78000,108165,IDR,189000,,GoPay/OVO,J&T Express,C001881,new,Tasikmalaya,West Java,ID,completed,2026-09-07,2026-09-09,dm,ig_care_carousel,17905854025471212,dm_time_proximity,
#LT10687,2026-09-07 21:50:33,2026-09-07,Monday,Website (Shopify),Website (Shopify),LT-SND,"Loop Tote, Sand",Sand,standard,1,189000,189000,0,,0,189000,0,2835,78000,108165,IDR,189000,,GoPay,J&T Express,C001882,new,Makassar,South Sulawesi,ID,completed,2026-09-07,2026-09-10,instagram / bio_link,ig_care_carousel,17905854025471212,utm_bio_link,
IG-20260907-0005,2026-09-07 22:19:26,2026-09-07,Monday,Instagram,Instagram (DM/WhatsApp),LT-GRN,"Loop Tote, Sea-green",Sea-green,standard,1,189000,189000,0,,32000,221000,0,1547,78000,109453,IDR,221000,,QRIS,JNE,C001883,new,Bogor,West Java,ID,completed,2026-09-08,2026-09-10,dm,ig_care_carousel,17905854025471212,dm_time_proximity,
#LT10688,2026-09-08 00:11:02,2026-09-08,Tuesday,Website (Shopify),Website (Shopify),LT-GRN,"Loop Tote, Sea-green",Sea-green,standard,1,189000,189000,0,,0,189000,0,4000,78000,107000,IDR,189000,,Bank transfer (VA),JNE,C001884,new,Bekasi,West Java,ID,completed,2026-09-08,2026-09-09,instagram / bio_link,ig_care_carousel,17905854025471212,utm_bio_link,
#LT10689,2026-09-08 01:09:19,2026-09-08,Tuesday,Website (Shopify),Website (Shopify),LT-IND,"Loop Tote, Indigo",Indigo,standard,1,189000,189000,0,,25000,214000,0,1498,78000,109502,IDR,214000,,QRIS,J&T Express,C001885,new,Bogor,West Java,ID,completed,2026-09-08,2026-09-09,instagram / bio_link,ig_care_carousel,17905854025471212,utm_bio_link,
INV/20260908/MPL/809044237,2026-09-08 06:47:11,2026-09-08,Tuesday,Indonesian marketplace,Tokopedia,LT-GRN,"Loop Tote, Sea-green",Sea-green,standard,1,189000,189000,0,,15000,204000,15120,0,78000,95880,IDR,204000,,Bank transfer (VA),SiCepat,C001886,new,Tangerang,Banten,ID,completed,2026-09-08,2026-09-10,marketplace_campaign,,,,
26090882002645B,2026-09-08 07:02:49,2026-09-08,Tuesday,Indonesian marketplace,Shopee,LT-SND,"Loop Tote, Sand",Sand,standard,2,189000,378000,0,,25000,403000,0,0,156000,0,IDR,403000,,ShopeePay,,C001887,new,Jakarta,DKI Jakarta,ID,cancelled,,,recommended,,,,
IG-20260908-0001,2026-09-08 08:07:04,2026-09-08,Tuesday,Instagram,Instagram (DM/WhatsApp),LT-IND,"Loop Tote, Indigo",Indigo,standard,1,189000,189000,0,,15000,204000,0,0,78000,111000,IDR,204000,,Bank transfer (manual),SiCepat,C001888,new,Jakarta,DKI Jakarta,ID,completed,2026-09-08,2026-09-10,dm,ig_care_carousel,17905854025471212,dm_time_proximity,
BLI-20260908-760281,2026-09-08 09:25:50,2026-09-08,Tuesday,Indonesian marketplace,Blibli,LT-GRN,"Loop Tote, Sea-green",Sea-green,standard,1,189000,189000,0,,15000,204000,15120,0,78000,95880,IDR,204000,,PayLater,AnterAja,C001889,new,Pekanbaru,Riau,ID,completed,2026-09-09,2026-09-14,marketplace_search,,,,
5523882332359965952,2026-09-08 10:20:51,2026-09-08,Tuesday,Indonesian marketplace,TikTok Shop,LT-IND,"Loop Tote, Indigo",Indigo,standard,1,179000,179000,27000,Platform voucher,20000,172000,12920,0,78000,61080,IDR,172000,,COD,Shopee Xpress / platform courier,C001890,new,Depok,West Java,ID,completed,2026-09-09,2026-09-10,recommended,,17905854025471212,assisted_time_proximity,
26090821073745C,2026-09-08 11:12:37,2026-09-08,Tuesday,Indonesian marketplace,Shopee,LT-SND,"Loop Tote, Sand",Sand,standard,1,189000,189000,9500,Platform voucher,12000,191500,17052,0,78000,84448,IDR,191500,,PayLater,JNE,C001891,new,Surabaya,East Java,ID,completed,2026-09-08,2026-09-12,recommended,,,,
STR-20260908-0001,2026-09-08 11:13:47,2026-09-08,Tuesday,Physical store,Bandung store,LT-IND,"Loop Tote, Indigo",Indigo,standard,2,189000,378000,0,,0,378000,0,3780,156000,218220,IDR,378000,,Debit card,In-store pickup,C001892,new,Bandung,West Java,ID,completed,2026-09-08,2026-09-08,walk-in,,,,
STR-20260908-0002,2026-09-08 11:38:59,2026-09-08,Tuesday,Physical store,Bandung store,LT-GRN,"Loop Tote, Sea-green",Sea-green,standard,1,189000,189000,0,,0,189000,0,1323,78000,109677,IDR,189000,,QRIS,In-store pickup,C001893,new,Yogyakarta,DI Yogyakarta,ID,completed,2026-09-08,2026-09-08,walk-in,,,,
INV/20260908/MPL/324233386,2026-09-08 12:34:36,2026-09-08,Tuesday,Indonesian marketplace,Tokopedia,LT-GRN,"Loop Tote, Sea-green",Sea-green,standard,1,189000,189000,0,,12000,201000,15120,0,78000,95880,IDR,201000,,Bank transfer (VA),Shopee Xpress / platform courier,C001894,new,Palembang,South Sumatra,ID,completed,2026-09-09,2026-09-12,marketplace_campaign,,,,
#LT10690,2026-09-08 15:38:00,2026-09-08,Tuesday,Website (Shopify),Website (Shopify),LT-MIX,"Loop Tote (assorted, bulk)",Assorted,bulk_corporate,56,189000,10584000,1588000,CORPORATE,0,8996000,0,134940,4368000,4493060,IDR,8996000,,ShopeePay,SiCepat,B01900,business,Jakarta,DKI Jakarta,ID,completed,2026-09-09,2026-09-11,direct,ig_b2b_partners_p19,17908838279664940,b2b_post_proximity,
STR-20260908-0003,2026-09-08 17:11:38,2026-09-08,Tuesday,Physical store,Bandung store,LT-GRN,"Loop Tote, Sea-green",Sea-green,standard,1,189000,189000,0,,0,189000,0,0,78000,111000,IDR,189000,,Cash,In-store pickup,C001896,new,Bandung,West Java,ID,completed,2026-09-08,2026-09-08,walk-in,,,,
IG-20260908-0002,2026-09-08 18:21:45,2026-09-08,Tuesday,Instagram,Instagram (DM/WhatsApp),LT-GRN,"Loop Tote, Sea-green",Sea-green,standard,1,189000,189000,0,,25000,214000,0,0,78000,111000,IDR,214000,,Bank transfer (manual),SiCepat,C001897,new,Bekasi,West Java,ID,completed,2026-09-09,2026-09-12,dm,ig_b2b_partners_p19,17908838279664940,dm_time_proximity,
STR-20260908-0004,2026-09-08 18:28:33,2026-09-08,Tuesday,Physical store,Bandung store,LT-GRN,"Loop Tote, Sea-green",Sea-green,standard,1,189000,189000,0,,0,189000,0,1323,78000,109677,IDR,189000,,QRIS,In-store pickup,C001898,new,Bandung,West Java,ID,completed,2026-09-08,2026-09-08,walk-in,,17905854025471212,assisted_time_proximity,
26090892207451D,2026-09-08 18:31:59,2026-09-08,Tuesday,Indonesian marketplace,Shopee,LT-GRN,"Loop Tote, Sea-green",Sea-green,standard,1,189000,189000,9500,Platform voucher,12000,191500,17052,0,78000,84448,IDR,191500,,COD,J&T Express,C001837,returning,Surabaya,East Java,ID,completed,2026-09-08,2026-09-10,marketplace_search,,,,
#LT10691,2026-09-08 18:33:16,2026-09-08,Tuesday,Website (Shopify),Website (Shopify),LT-GRN,"Loop Tote, Sea-green",Sea-green,standard,1,189000,189000,0,,15000,204000,0,3060,78000,107940,IDR,204000,,ShopeePay,J&T Express,C001190,returning,Cirebon,West Java,ID,completed,2026-09-08,2026-09-11,instagram / bio_link,ig_care_carousel,17905854025471212,utm_bio_link,
26090837984847E,2026-09-08 18:36:44,2026-09-08,Tuesday,Indonesian marketplace,Shopee,LT-GRN,"Loop Tote, Sea-green",Sea-green,standard,1,189000,189000,0,,20000,209000,17955,0,78000,93045,IDR,209000,,ShopeePay,J&T Express,C001899,new,Banjarmasin,South Kalimantan,ID,completed,2026-09-09,2026-09-14,marketplace_campaign,,,,
IG-20260908-0003,2026-09-08 19:24:53,2026-09-08,Tuesday,Instagram,Instagram (DM/WhatsApp),LT-SND,"Loop Tote, Sand",Sand,standard,1,189000,189000,0,,40000,229000,0,0,78000,111000,IDR,229000,,Bank transfer (manual),J&T Express,C001900,new,Surabaya,East Java,ID,completed,2026-09-08,2026-09-11,dm,ig_care_carousel,17905854025471212,dm_time_proximity,
26090851140302F,2026-09-08 19:29:26,2026-09-08,Tuesday,Indonesian marketplace,Shopee,LT-GRN,"Loop Tote, Sea-green",Sea-green,standard,2,189000,378000,0,,0,378000,35910,0,156000,186090,IDR,378000,,COD,SiCepat,C001901,new,Makassar,South Sulawesi,ID,completed,2026-09-09,2026-09-13,marketplace_search,,,,
#LT10692,2026-09-08 20:33:20,2026-09-08,Tuesday,Website (Shopify),Website (Shopify),LT-SND,"Loop Tote, Sand",Sand,standard,1,189000,189000,0,,32000,221000,0,1547,78000,109453,IDR,221000,,QRIS,SiCepat,C000091,returning,Surabaya,East Java,ID,completed,2026-09-08,2026-09-12,direct,,,,
#LT10693,2026-09-08 20:47:39,2026-09-08,Tuesday,Website (Shopify),Website (Shopify),LT-GRN,"Loop Tote, Sea-green",Sea-green,standard,3,189000,567000,0,,0,567000,0,18443,234000,314557,IDR,567000,,Credit card,SiCepat,C001882,returning,Makassar,South Sulawesi,ID,completed,2026-09-08,2026-09-13,direct,,,,
5807589875802045839,2026-09-08 21:28:49,2026-09-08,Tuesday,Indonesian marketplace,TikTok Shop,LT-GRN,"Loop Tote, Sea-green",Sea-green,standard,1,179000,179000,0,,12000,191000,15215,0,78000,85785,IDR,191000,,Alfamart/Indomaret,J&T Express,C001902,new,Jakarta,DKI Jakarta,ID,completed,2026-09-08,2026-09-10,marketplace_search,,,,
INV/20260908/MPL/355270401,2026-09-08 22:29:28,2026-09-08,Tuesday,Indonesian marketplace,Tokopedia,LT-SND,"Loop Tote, Sand",Sand,standard,1,189000,189000,15000,Platform voucher,12000,186000,13920,0,78000,82080,IDR,186000,,Alfamart/Indomaret,SiCepat,C001903,new,Semarang,Central Java,ID,completed,2026-09-09,2026-09-13,recommended,,,,
26090925667751B,2026-09-09 05:42:49,2026-09-09,Wednesday,Indonesian marketplace,Shopee,LT-SND,"Loop Tote, Sand",Sand,standard,3,189000,567000,0,,12000,579000,53865,0,234000,279135,IDR,579000,,ShopeePay,AnterAja,C001904,new,Tangerang,Banten,ID,completed,2026-09-09,2026-09-10,marketplace_search,,,,9.9 Super Shopping Day
#LT10694,2026-09-09 07:22:43,2026-09-09,Wednesday,Website (Shopify),Website (Shopify),LT-GRN,"Loop Tote, Sea-green",Sea-green,standard,1,189000,189000,0,,40000,229000,0,4000,78000,107000,IDR,229000,,Bank transfer (VA),GoSend/Grab Instant,C001905,new,Jakarta,DKI Jakarta,ID,completed,2026-09-10,2026-09-12,google / organic,,,,
26090918420782C,2026-09-09 09:02:17,2026-09-09,Wednesday,Indonesian marketplace,Shopee,LT-GRN,"Loop Tote, Sea-green",Sea-green,standard,2,189000,378000,19000,Platform voucher,15000,374000,34105,0,156000,168895,IDR,374000,,COD,J&T Express,C001906,new,Surabaya,East Java,ID,completed,2026-09-10,2026-09-13,marketplace_campaign,,,,9.9 Super Shopping Day
#LT10695,2026-09-09 10:21:47,2026-09-09,Wednesday,Website (Shopify),Website (Shopify),LT-SND,"Loop Tote, Sand",Sand,standard,2,189000,378000,19000,NEWSLETTER5,0,359000,0,4000,156000,199000,IDR,359000,,Bank transfer (VA),JNE,C001907,new,Jakarta,DKI Jakarta,ID,completed,2026-09-09,2026-09-11,google / organic,,,,
801107084136779,2026-09-09 10:27:42,2026-09-09,Wednesday,Indonesian marketplace,Lazada,LT-GRN,"Loop Tote, Sea-green",Sea-green,standard,3,189000,567000,45500,Platform voucher,30000,551500,44328,0,234000,243172,IDR,551500,,Bank transfer (VA),AnterAja,C001908,new,South Tangerang,Banten,ID,completed,2026-09-10,2026-09-12,shop_page,,,,9.9 Super Shopping Day
26090943366468D,2026-09-09 10:33:56,2026-09-09,Wednesday,Indonesian marketplace,Shopee,LT-GRN,"Loop Tote, Sea-green",Sea-green,standard,1,189000,189000,19000,Platform voucher,0,170000,16150,0,78000,75850,IDR,170000,,PayLater,JNE,C001909,new,Tangerang,Banten,ID,completed,2026-09-10,2026-09-12,marketplace_search,,,,9.9 Super Shopping Day
IG-20260909-0001,2026-09-09 11:26:52,2026-09-09,Wednesday,Instagram,Instagram (DM/WhatsApp),LT-GRN,"Loop Tote, Sea-green",Sea-green,standard,1,189000,189000,0,,32000,221000,0,1547,78000,109453,IDR,221000,,QRIS,J&T Express,C000976,returning,Surabaya,East Java,ID,completed,2026-09-09,2026-09-11,dm,ig_care_carousel,17905854025471212,dm_time_proximity,
#LT10696,2026-09-09 11:29:13,2026-09-09,Wednesday,Website (Shopify),Website (Shopify),LT-GRN,"Loop Tote, Sea-green",Sea-green,standard,1,189000,189000,0,,15000,204000,0,1428,78000,-26428,IDR,204000,,QRIS,SiCepat,C001910,new,Semarang,Central Java,ID,returned,2026-09-09,2026-09-13,instagram / bio_link,ig_picker_stories_p21,17902783331106906,utm_bio_link,
26090942698097E,2026-09-09 12:33:01,2026-09-09,Wednesday,Indonesian marketplace,Shopee,LT-SND,"Loop Tote, Sand",Sand,standard,2,189000,378000,30000,Platform voucher,35000,383000,33060,0,156000,158940,IDR,383000,,Bank transfer (VA),SiCepat,C001911,new,Bandung,West Java,ID,completed,2026-09-09,2026-09-10,marketplace_search,,,,9.9 Super Shopping Day
26090931729906F,2026-09-09 12:58:53,2026-09-09,Wednesday,Indonesian marketplace,Shopee,LT-IND,"Loop Tote, Indigo",Indigo,standard,2,189000,378000,30000,Platform voucher,12000,360000,33060,0,156000,158940,IDR,360000,,ShopeePay,SiCepat,C001912,new,South Tangerang,Banten,ID,completed,2026-09-10,2026-09-11,recommended,,,,9.9 Super Shopping Day
#LT10697,2026-09-09 13:04:31,2026-09-09,Wednesday,Website (Shopify),Website (Shopify),LT-SND,"Loop Tote, Sand",Sand,standard,1,189000,189000,0,,25000,214000,0,4000,78000,107000,IDR,214000,,Bank transfer (VA),SiCepat,C001913,new,Makassar,South Sulawesi,ID,completed,2026-09-10,2026-09-16,direct,,,,
STR-20260909-0001,2026-09-09 15:37:13,2026-09-09,Wednesday,Physical store,Bandung store,LT-SND,"Loop Tote, Sand",Sand,standard,1,189000,189000,0,,0,189000,0,1890,78000,109110,IDR,189000,,Debit card,In-store pickup,C001914,new,Cimahi,West Java,ID,completed,2026-09-09,2026-09-09,walk-in,,,,
STR-20260909-0002,2026-09-09 16:08:40,2026-09-09,Wednesday,Physical store,Bandung store,LT-SND,"Loop Tote, Sand",Sand,standard,1,189000,189000,0,,0,189000,0,1323,78000,109677,IDR,189000,,QRIS,In-store pickup,C001915,new,Cimahi,West Java,ID,completed,2026-09-09,2026-09-09,walk-in,,,,
26090942549602G,2026-09-09 16:13:45,2026-09-09,Wednesday,Indonesian marketplace,Shopee,LT-GRN,"Loop Tote, Sea-green",Sea-green,standard,1,189000,189000,9500,Platform voucher,12000,191500,17052,0,78000,84448,IDR,191500,,Alfamart/Indomaret,AnterAja,C001916,new,Bandung,West Java,ID,completed,2026-09-10,2026-09-12,marketplace_search,,,,9.9 Super Shopping Day
INV/20260909/MPL/146352803,2026-09-09 16:28:54,2026-09-09,Wednesday,Indonesian marketplace,Tokopedia,LT-GRN,"Loop Tote, Sea-green",Sea-green,standard,1,189000,189000,9500,Platform voucher,30000,209500,14360,0,78000,87140,IDR,209500,,ShopeePay,JNE,C001917,new,Garut,West Java,ID,completed,2026-09-09,2026-09-12,shop_page,,,,9.9 Super Shopping Day
26090969539682H,2026-09-09 16:51:06,2026-09-09,Wednesday,Indonesian marketplace,Shopee,LT-IND,"Loop Tote, Indigo",Indigo,standard,2,189000,378000,56500,Platform voucher,12000,333500,0,0,156000,0,IDR,333500,,Bank transfer (VA),,C001918,new,Makassar,South Sulawesi,ID,cancelled,,,shop_page,,,,9.9 Super Shopping Day
#LT10698,2026-09-09 16:55:21,2026-09-09,Wednesday,Website (Shopify),Website (Shopify),LT-GRN,"Loop Tote, Sea-green",Sea-green,standard,1,189000,189000,0,,40000,229000,0,1603,78000,109397,IDR,229000,,QRIS,SiCepat,C001919,new,Bandung,West Java,ID,completed,2026-09-09,2026-09-10,instagram / bio_link,ig_picker_stories_p21,17902783331106906,utm_bio_link,
INV/20260909/MPL/964728688,2026-09-09 17:07:33,2026-09-09,Wednesday,Indonesian marketplace,Tokopedia,LT-IND,"Loop Tote, Indigo",Indigo,standard,1,189000,189000,28500,Platform voucher,30000,190500,12840,0,78000,69660,IDR,190500,,ShopeePay,SiCepat,C001920,new,South Tangerang,Banten,ID,completed,2026-09-10,2026-09-13,marketplace_search,,,,9.9 Super Shopping Day
IG-20260909-0002,2026-09-09 17:38:18,2026-09-09,Wednesday,Instagram,Instagram (DM/WhatsApp),LT-GRN,"Loop Tote, Sea-green",Sea-green,standard,2,189000,378000,0,,40000,418000,0,2926,156000,219074,IDR,418000,,QRIS,SiCepat,C001921,new,Depok,West Java,ID,completed,2026-09-10,2026-09-12,dm,,,,
398075028974953,2026-09-09 17:46:55,2026-09-09,Wednesday,Indonesian marketplace,Lazada,LT-GRN,"Loop Tote, Sea-green",Sea-green,standard,1,189000,189000,9500,Platform voucher,0,179500,15258,0,78000,86242,IDR,179500,,Alfamart/Indomaret,SiCepat,C001922,new,Tasikmalaya,West Java,ID,completed,2026-09-09,2026-09-12,marketplace_campaign,,,,9.9 Super Shopping Day
5632278182936986913,2026-09-09 17:55:01,2026-09-09,Wednesday,Indonesian marketplace,TikTok Shop,LT-GRN,"Loop Tote, Sea-green",Sea-green,standard,1,179000,179000,0,,25000,204000,15215,0,78000,85785,IDR,204000,,Alfamart/Indomaret,JNE,C001923,new,Medan,North Sumatra,ID,completed,2026-09-09,2026-09-15,marketplace_search,,,,9.9 Super Shopping Day
INV/20260909/MPL/142820000,2026-09-09 18:15:40,2026-09-09,Wednesday,Indonesian marketplace,Tokopedia,LT-IND,"Loop Tote, Indigo",Indigo,standard,1,189000,189000,19000,Platform voucher,25000,195000,13600,0,78000,78400,IDR,195000,,ShopeePay,J&T Express,C001924,new,Medan,North Sumatra,ID,completed,2026-09-09,2026-09-13,shop_page,,,,9.9 Super Shopping Day
IG-20260909-0003,2026-09-09 18:25:41,2026-09-09,Wednesday,Instagram,Instagram (DM/WhatsApp),LT-IND,"Loop Tote, Indigo",Indigo,standard,1,189000,189000,9500,IGDM5,32000,211500,0,0,78000,0,IDR,211500,,Credit card,,C001044,returning,Bandar Lampung,Lampung,ID,cancelled,,,dm,ig_picker_stories_p21,17902783331106906,dm_time_proximity,
INV/20260909/MPL/819491250,2026-09-09 18:42:04,2026-09-09,Wednesday,Indonesian marketplace,Tokopedia,LT-SND,"Loop Tote, Sand",Sand,standard,1,189000,189000,9500,Platform voucher,20000,199500,14360,0,78000,87140,IDR,199500,,Bank transfer (VA),Shopee Xpress / platform courier,C001925,new,Medan,North Sumatra,ID,completed,2026-09-09,2026-09-13,marketplace_search,,,,9.9 Super Shopping Day
STR-20260909-0003,2026-09-09 18:43:11,2026-09-09,Wednesday,Physical store,Bandung store,LT-SND,"Loop Tote, Sand",Sand,standard,3,189000,567000,0,,0,567000,0,0,234000,333000,IDR,567000,,Cash,In-store pickup,C001926,new,Bandung,West Java,ID,completed,2026-09-09,2026-09-09,walk-in,,17905854025471212,assisted_time_proximity,
#LT10699,2026-09-09 18:47:12,2026-09-09,Wednesday,Website (Shopify),Website (Shopify),LT-SND,"Loop Tote, Sand",Sand,standard,1,189000,189000,0,,40000,229000,0,1603,78000,109397,IDR,229000,,QRIS,J&T Express,C001927,new,Jakarta,DKI Jakarta,ID,completed,2026-09-09,2026-09-12,instagram / bio_link,ig_care_carousel,17905854025471212,utm_bio_link,
26090931731874I,2026-09-09 18:52:54,2026-09-09,Wednesday,Indonesian marketplace,Shopee,LT-GRN,"Loop Tote, Sea-green",Sea-green,standard,1,189000,189000,28500,Platform voucher,0,160500,15248,0,78000,67252,IDR,160500,,PayLater,Shopee Xpress / platform courier,C001928,new,Bandung,West Java,ID,completed,2026-09-10,2026-09-12,marketplace_search,,17905854025471212,assisted_time_proximity,9.9 Super Shopping Day
IG-20260909-0004,2026-09-09 19:26:47,2026-09-09,Wednesday,Instagram,Instagram (DM/WhatsApp),LT-GRN,"Loop Tote, Sea-green",Sea-green,standard,2,189000,378000,19000,IGDM5,0,359000,0,2513,156000,200487,IDR,359000,,QRIS,SiCepat,C001929,new,Sukabumi,West Java,ID,completed,2026-09-10,2026-09-14,story_reply,,,,
IG-20260909-0005,2026-09-09 19:35:37,2026-09-09,Wednesday,Instagram,Instagram (DM/WhatsApp),LT-SND,"Loop Tote, Sand",Sand,standard,1,189000,189000,0,,25000,214000,0,0,78000,111000,IDR,214000,,Bank transfer (manual),GoSend/Grab Instant,C001930,new,Cirebon,West Java,ID,completed,2026-09-09,2026-09-11,whatsapp_click,ig_care_carousel,17905854025471212,dm_time_proximity,
IG-20260909-0006,2026-09-09 19:42:02,2026-09-09,Wednesday,Instagram,Instagram (DM/WhatsApp),LT-SND,"Loop Tote, Sand",Sand,standard,1,189000,189000,0,,0,189000,0,0,78000,111000,IDR,189000,,Bank transfer (manual),SiCepat,C001931,new,Bandung,West Java,ID,completed,2026-09-09,2026-09-11,dm,,,,
IG-20260909-0007,2026-09-09 20:09:41,2026-09-09,Wednesday,Instagram,Instagram (DM/WhatsApp),LT-GRN,"Loop Tote, Sea-green",Sea-green,standard,1,189000,189000,9500,IGDM5,15000,194500,0,0,78000,0,IDR,194500,,QRIS,,C001526,returning,Jakarta,DKI Jakarta,ID,cancelled,,,story_reply,ig_care_carousel,17905854025471212,dm_time_proximity,
5603814965708291947,2026-09-09 20:15:20,2026-09-09,Wednesday,Indonesian marketplace,TikTok Shop,LT-IND,"Loop Tote, Indigo",Indigo,standard,1,179000,179000,18000,Platform voucher,0,161000,13685,0,78000,69315,IDR,161000,,PayLater,JNE,C001932,new,Bandung,West Java,ID,completed,2026-09-10,2026-09-12,marketplace_search,,,,9.9 Super Shopping Day
IG-20260909-0008,2026-09-09 20:31:31,2026-09-09,Wednesday,Instagram,Instagram (DM/WhatsApp),LT-GRN,"Loop Tote, Sea-green",Sea-green,standard,1,189000,189000,0,,25000,214000,0,0,78000,111000,IDR,214000,,COD (local courier),GoSend/Grab Instant,C000649,returning,Solo,Central Java,ID,completed,2026-09-09,2026-09-12,dm,ig_picker_stories_p21,17902783331106906,dm_time_proximity,
IG-20260909-0009,2026-09-09 20:44:01,2026-09-09,Wednesday,Instagram,Instagram (DM/WhatsApp),LT-GRN,"Loop Tote, Sea-green",Sea-green,standard,2,189000,378000,19000,IGDM5,32000,391000,0,0,156000,203000,IDR,391000,,Bank transfer (manual),GoSend/Grab Instant,C001933,new,Bandung,West Java,ID,completed,2026-09-10,2026-09-11,dm,ig_picker_stories_p21,17902783331106906,dm_time_proximity,
113-1699658-8630737,2026-09-09 20:52:05,2026-09-09,Wednesday,Amazon,Amazon,LT-GRN,"Loop Tote, Sea-green",Sea-green,standard,2,260637,521274,0,,113937,635211,78191,0,156000,287083,USD,38.97,16300,Credit card,DHL eCommerce,C001934,new,Los Angeles,California,US,completed,2026-09-09,2026-09-22,recommended,,,,
26090971444372J,2026-09-09 21:00:58,2026-09-09,Wednesday,Indonesian marketplace,Shopee,LT-IND,"Loop Tote, Indigo",Indigo,standard,1,189000,189000,19000,Platform voucher,15000,185000,16150,0,78000,75850,IDR,185000,,ShopeePay,J&T Express,C001935,new,Garut,West Java,ID,completed,2026-09-10,2026-09-14,marketplace_search,,,,9.9 Super Shopping Day
#LT10700,2026-09-09 21:01:19,2026-09-09,Wednesday,Website (Shopify),Website (Shopify),LT-GRN,"Loop Tote, Sea-green",Sea-green,standard,1,189000,189000,0,,0,189000,0,0,78000,0,IDR,189000,,Bank transfer (VA),,C001936,new,Depok,West Java,ID,cancelled,,,instagram / bio_link,ig_care_carousel,17905854025471212,utm_bio_link,
INV/20260909/MPL/221831043,2026-09-09 21:34:29,2026-09-09,Wednesday,Indonesian marketplace,Tokopedia,LT-GRN,"Loop Tote, Sea-green",Sea-green,standard,1,189000,189000,0,,20000,209000,0,0,78000,0,IDR,209000,,PayLater,,C001937,new,Surabaya,East Java,ID,cancelled,,,marketplace_campaign,,,,9.9 Super Shopping Day
5383404478286636454,2026-09-09 21:40:32,2026-09-09,Wednesday,Indonesian marketplace,TikTok Shop,LT-IND,"Loop Tote, Indigo",Indigo,standard,1,179000,179000,18000,Platform voucher,35000,196000,13685,0,78000,69315,IDR,196000,,COD,J&T Express,C001938,new,Bekasi,West Java,ID,completed,2026-09-10,2026-09-11,marketplace_search,,,,9.9 Super Shopping Day
#LT10701,2026-09-09 22:23:16,2026-09-09,Wednesday,Website (Shopify),Website (Shopify),LT-GRN,"Loop Tote, Sea-green",Sea-green,standard,1,189000,189000,0,,18000,207000,0,4000,78000,107000,IDR,207000,,Bank transfer (VA),JNE,C001939,new,Medan,North Sumatra,ID,completed,2026-09-09,2026-09-14,newsletter,,,,
INV/20260909/MPL/829727412,2026-09-09 23:35:06,2026-09-09,Wednesday,Indonesian marketplace,Tokopedia,LT-IND,"Loop Tote, Indigo",Indigo,standard,2,189000,378000,56500,Platform voucher,35000,356500,25720,0,156000,139780,IDR,356500,,Alfamart/Indomaret,SiCepat,C001940,new,Jakarta,DKI Jakarta,ID,completed,2026-09-10,2026-09-13,recommended,,,,9.9 Super Shopping Day
#LT10702,2026-09-10 07:01:59,2026-09-10,Thursday,Website (Shopify),Website (Shopify),LT-SND,"Loop Tote, Sand",Sand,standard,2,189000,378000,0,,0,378000,0,5670,156000,216330,IDR,378000,,OVO,JNE,C000503,returning,Karawang,West Java,ID,completed,2026-09-10,2026-09-13,direct,,,,
INV/20260910/MPL/783360974,2026-09-10 09:10:30,2026-09-10,Thursday,Indonesian marketplace,Tokopedia,LT-GRN,"Loop Tote, Sea-green",Sea-green,standard,1,189000,189000,0,,12000,201000,15120,0,78000,95880,IDR,201000,,Credit card,SiCepat,C000817,returning,Makassar,South Sulawesi,ID,completed,2026-09-10,2026-09-15,marketplace_search,,,,
INV/20260910/MPL/760077841,2026-09-10 10:11:29,2026-09-10,Thursday,Indonesian marketplace,Tokopedia,LT-SND,"Loop Tote, Sand",Sand,standard,1,189000,189000,15000,Platform voucher,12000,186000,13920,0,78000,82080,IDR,186000,,ShopeePay,Shopee Xpress / platform courier,C001941,new,Semarang,Central Java,ID,completed,2026-09-11,2026-09-14,marketplace_search,,,,
#LT10703,2026-09-10 10:52:34,2026-09-10,Thursday,Website (Shopify),Website (Shopify),LT-IND,"Loop Tote, Indigo",Indigo,standard,1,189000,189000,0,,0,189000,0,2835,78000,108165,IDR,189000,,ShopeePay,J&T Express,C001942,new,Cimahi,West Java,ID,completed,2026-09-10,2026-09-11,instagram / bio_link,ig_care_carousel,17905854025471212,utm_bio_link,
IG-20260910-0001,2026-09-10 11:52:25,2026-09-10,Thursday,Instagram,Instagram (DM/WhatsApp),LT-GRN,"Loop Tote, Sea-green",Sea-green,standard,1,189000,189000,0,,18000,207000,0,0,78000,111000,IDR,207000,,COD (local courier),J&T Express,C001943,new,Bandung,West Java,ID,completed,2026-09-10,2026-09-12,story_reply,ig_care_carousel,17905854025471212,dm_time_proximity,
5224255115567295844,2026-09-10 12:13:20,2026-09-10,Thursday,Indonesian marketplace,TikTok Shop,LT-GRN,"Loop Tote, Sea-green",Sea-green,standard,1,179000,179000,0,,0,179000,15215,0,78000,85785,IDR,179000,,Bank transfer (VA),SiCepat,C001944,new,Yogyakarta,DI Yogyakarta,ID,completed,2026-09-11,2026-09-13,shop_page,,,,
STR-20260910-0001,2026-09-10 12:18:04,2026-09-10,Thursday,Physical store,Bandung store,LT-IND,"Loop Tote, Indigo",Indigo,standard,1,189000,189000,0,,0,189000,0,1890,78000,109110,IDR,189000,,Debit card,In-store pickup,C000993,returning,Bandung,West Java,ID,completed,2026-09-10,2026-09-10,walk-in,,,,
#LT10704,2026-09-10 12:27:29,2026-09-10,Thursday,Website (Shopify),Website (Shopify),LT-SND,"Loop Tote, Sand",Sand,standard,1,189000,189000,0,,25000,214000,0,3210,78000,107790,IDR,214000,,OVO,SiCepat,C001945,new,Cimahi,West Java,ID,completed,2026-09-10,2026-09-12,direct,,,,
26091061881085B,2026-09-10 12:28:22,2026-09-10,Thursday,Indonesian marketplace,Shopee,LT-SND,"Loop Tote, Sand",Sand,standard,1,189000,189000,15000,Platform voucher,25000,199000,16530,0,78000,79470,IDR,199000,,Bank transfer (VA),AnterAja,C001946,new,Pekanbaru,Riau,ID,completed,2026-09-11,2026-09-16,marketplace_search,,,,
26091075800888C,2026-09-10 12:58:38,2026-09-10,Thursday,Indonesian marketplace,Shopee,LT-SND,"Loop Tote, Sand",Sand,standard,1,189000,189000,0,,30000,219000,17955,0,78000,93045,IDR,219000,,Bank transfer (VA),AnterAja,C001947,new,Medan,North Sumatra,ID,completed,2026-09-10,2026-09-16,marketplace_search,,,,
5169015819701259506,2026-09-10 14:34:19,2026-09-10,Thursday,Indonesian marketplace,TikTok Shop,LT-GRN,"Loop Tote, Sea-green",Sea-green,standard,1,179000,179000,27000,Platform voucher,25000,177000,12920,0,78000,61080,IDR,177000,,ShopeePay,J&T Express,C001948,new,Denpasar,Bali,ID,completed,2026-09-11,2026-09-16,marketplace_campaign,,,,
#LT10705,2026-09-10 14:37:38,2026-09-10,Thursday,Website (Shopify),Website (Shopify),LT-IND,"Loop Tote, Indigo",Indigo,standard,1,189000,189000,0,,40000,229000,0,4000,78000,107000,IDR,229000,,Bank transfer (VA),J&T Express,C001949,new,Subang,West Java,ID,completed,2026-09-11,2026-09-15,whatsapp,,,,
INV/20260910/MPL/673969140,2026-09-10 14:51:13,2026-09-10,Thursday,Indonesian marketplace,Tokopedia,LT-GRN,"Loop Tote, Sea-green",Sea-green,standard,1,189000,189000,0,,20000,209000,15120,0,78000,95880,IDR,209000,,Alfamart/Indomaret,JNE,C001950,new,Medan,North Sumatra,ID,completed,2026-09-10,2026-09-16,marketplace_search,,,,
#LT10706,2026-09-10 16:26:40,2026-09-10,Thursday,Website (Shopify),Website (Shopify),LT-IND,"Loop Tote, Indigo",Indigo,standard,4,189000,756000,0,,0,756000,0,0,312000,0,IDR,756000,,QRIS,,C000088,returning,Jakarta,DKI Jakarta,ID,cancelled,,,google / organic,,,,
#LT10707,2026-09-10 17:05:33,2026-09-10,Thursday,Website (Shopify),Website (Shopify),LT-GRN,"Loop Tote, Sea-green",Sea-green,standard,2,189000,378000,0,,0,378000,0,12962,156000,209038,IDR,378000,,Credit card,GoSend/Grab Instant,C001951,new,Bandung,West Java,ID,completed,2026-09-11,2026-09-12,instagram / bio_link,ig_picker_stories_p21,17902783331106906,utm_bio_link,
#LT10708,2026-09-10 18:02:58,2026-09-10,Thursday,Website (Shopify),Website (Shopify),LT-GRN,"Loop Tote, Sea-green",Sea-green,standard,3,189000,567000,0,,0,567000,0,4000,234000,329000,IDR,567000,,Bank transfer (VA),J&T Express,C001952,new,Bandung,West Java,ID,completed,2026-09-10,2026-09-11,direct,,,,
STR-20260910-0002,2026-09-10 18:50:24,2026-09-10,Thursday,Physical store,Bandung store,LT-IND,"Loop Tote, Indigo",Indigo,standard,1,189000,189000,0,,0,189000,0,1323,78000,109677,IDR,189000,,QRIS,In-store pickup,C001953,new,Jakarta,DKI Jakarta,ID,completed,2026-09-10,2026-09-10,walk-in,,,,
26091028209292D,2026-09-10 19:36:50,2026-09-10,Thursday,Indonesian marketplace,Shopee,LT-SND,"Loop Tote, Sand",Sand,standard,1,189000,189000,0,,15000,204000,17955,0,78000,93045,IDR,204000,,QRIS,Shopee Xpress / platform courier,C001954,new,Denpasar,Bali,ID,completed,2026-09-10,2026-09-14,marketplace_campaign,,,,
#LT10709,2026-09-10 20:07:53,2026-09-10,Thursday,Website (Shopify),Website (Shopify),LT-IND,"Loop Tote, Indigo",Indigo,standard,3,189000,567000,0,,0,567000,0,4000,234000,329000,IDR,567000,,Bank transfer (VA),JNE,C001955,new,Depok,West Java,ID,completed,2026-09-10,2026-09-13,instagram / bio_link,ig_care_carousel,17905854025471212,utm_bio_link,
INV/20260910/MPL/915180855,2026-09-10 20:38:17,2026-09-10,Thursday,Indonesian marketplace,Tokopedia,LT-IND,"Loop Tote, Indigo",Indigo,standard,1,189000,189000,0,,0,189000,15120,0,78000,95880,IDR,189000,,ShopeePay,SiCepat,C001956,new,Balikpapan,East Kalimantan,ID,completed,2026-09-11,2026-09-16,recommended,,,,
#LT10710,2026-09-10 20:46:11,2026-09-10,Thursday,Website (Shopify),Website (Shopify),LT-SND,"Loop Tote, Sand",Sand,standard,1,189000,189000,0,,18000,207000,0,3105,78000,107895,IDR,207000,,OVO,J&T Express,C001957,new,Tangerang,Banten,ID,completed,2026-09-10,2026-09-11,instagram / bio_link,ig_always_on,,,
#LT10711,2026-09-10 21:45:41,2026-09-10,Thursday,Website (Shopify),Website (Shopify),LT-GRN,"Loop Tote, Sea-green",Sea-green,standard,1,189000,189000,0,,15000,204000,0,1428,78000,109572,IDR,204000,,QRIS,JNE,C001958,new,Jakarta,DKI Jakarta,ID,completed,2026-09-11,2026-09-14,instagram / bio_link,ig_always_on,,,
26091083385982E,2026-09-10 22:33:18,2026-09-10,Thursday,Indonesian marketplace,Shopee,LT-IND,"Loop Tote, Indigo",Indigo,standard,1,189000,189000,0,,25000,214000,17955,0,78000,93045,IDR,214000,,Alfamart/Indomaret,SiCepat,C001959,new,Balikpapan,East Kalimantan,ID,completed,2026-09-10,2026-09-14,marketplace_campaign,,,,
#LT10712,2026-09-10 22:57:51,2026-09-10,Thursday,Website (Shopify),Website (Shopify),LT-GRN,"Loop Tote, Sea-green",Sea-green,standard,3,189000,567000,0,,0,567000,0,8505,234000,324495,IDR,567000,,GoPay,GoSend/Grab Instant,C001960,new,Bogor,West Java,ID,completed,2026-09-10,2026-09-11,whatsapp,,,,
IG-20260911-0001,2026-09-11 01:47:56,2026-09-11,Friday,Instagram,Instagram (DM/WhatsApp),LT-SND,"Loop Tote, Sand",Sand,standard,1,189000,189000,0,,0,189000,0,0,78000,111000,IDR,189000,,Bank transfer (manual),J&T Express,C001961,new,Bandung,West Java,ID,completed,2026-09-11,2026-09-12,comment,ig_care_carousel,17905854025471212,dm_entry_comment,
#LT10713,2026-09-11 06:19:12,2026-09-11,Friday,Website (Shopify),Website (Shopify),LT-GRN,"Loop Tote, Sea-green",Sea-green,standard,2,189000,378000,0,,0,378000,0,2646,156000,219354,IDR,378000,,QRIS,JNE,C001962,new,Jakarta,DKI Jakarta,ID,completed,2026-09-11,2026-09-13,newsletter,,,,
5987697025070311576,2026-09-11 08:25:27,2026-09-11,Friday,Indonesian marketplace,TikTok Shop,LT-GRN,"Loop Tote, Sea-green",Sea-green,standard,1,179000,179000,0,,0,179000,15215,0,78000,85785,IDR,179000,,COD,Shopee Xpress / platform courier,C001963,new,Bandung,West Java,ID,completed,2026-09-12,2026-09-13,marketplace_search,,,,
5594793192174203573,2026-09-11 09:00:46,2026-09-11,Friday,Indonesian marketplace,TikTok Shop,LT-GRN,"Loop Tote, Sea-green",Sea-green,standard,1,179000,179000,18000,Platform voucher,35000,196000,13685,0,78000,69315,IDR,196000,,COD,SiCepat,C001964,new,Palembang,South Sumatra,ID,completed,2026-09-11,2026-09-18,marketplace_search,,,,
26091178636185B,2026-09-11 09:56:43,2026-09-11,Friday,Indonesian marketplace,Shopee,LT-GRN,"Loop Tote, Sea-green",Sea-green,standard,1,189000,189000,0,,0,189000,17955,0,78000,93045,IDR,189000,,Credit card,AnterAja,C001965,new,Surabaya,East Java,ID,completed,2026-09-11,2026-09-14,marketplace_search,,,,
IG-20260911-0002,2026-09-11 10:46:02,2026-09-11,Friday,Instagram,Instagram (DM/WhatsApp),LT-GRN,"Loop Tote, Sea-green",Sea-green,standard,1,189000,189000,0,,40000,229000,0,0,78000,0,IDR,229000,,COD (local courier),,C001966,new,Yogyakarta,DI Yogyakarta,ID,cancelled,,,story_reply,,,,
STR-20260911-0001,2026-09-11 10:51:30,2026-09-11,Friday,Physical store,Bandung store,LT-GRN,"Loop Tote, Sea-green",Sea-green,standard,1,189000,189000,0,,0,189000,0,0,78000,111000,IDR,189000,,Cash,In-store pickup,C000519,returning,Bandung,West Java,ID,completed,2026-09-11,2026-09-11,walk-in,,,,
INV/20260911/MPL/273377205,2026-09-11 11:04:25,2026-09-11,Friday,Indonesian marketplace,Tokopedia,LT-GRN,"Loop Tote, Sea-green",Sea-green,standard,1,189000,189000,0,,20000,209000,15120,0,78000,95880,IDR,209000,,ShopeePay,J&T Express,C001967,new,Sukabumi,West Java,ID,completed,2026-09-12,2026-09-15,marketplace_search,,,,
26091136151523C,2026-09-11 11:45:45,2026-09-11,Friday,Indonesian marketplace,Shopee,LT-SND,"Loop Tote, Sand",Sand,standard,1,189000,189000,0,,20000,209000,17955,0,78000,93045,IDR,209000,,COD,SiCepat,C001968,new,Surabaya,East Java,ID,completed,2026-09-11,2026-09-13,shop_page,,,,
IG-20260911-0003,2026-09-11 12:52:27,2026-09-11,Friday,Instagram,Instagram (DM/WhatsApp),LT-IND,"Loop Tote, Indigo",Indigo,standard,4,189000,756000,0,,32000,788000,0,11820,312000,432180,IDR,788000,,GoPay/OVO,JNE,C001969,new,Bandung,West Java,ID,completed,2026-09-12,2026-09-14,story_reply,ig_picker_stories_p21,17902783331106906,dm_time_proximity,
STR-20260911-0002,2026-09-11 13:27:04,2026-09-11,Friday,Physical store,Bandung store,LT-IND,"Loop Tote, Indigo",Indigo,standard,1,189000,189000,0,,0,189000,0,1323,78000,109677,IDR,189000,,QRIS,In-store pickup,C001970,new,Bandung,West Java,ID,completed,2026-09-11,2026-09-11,walk-in,,,,
5668529831464143454,2026-09-11 15:15:54,2026-09-11,Friday,Indonesian marketplace,TikTok Shop,LT-GRN,"Loop Tote, Sea-green",Sea-green,standard,1,179000,179000,0,,35000,214000,15215,0,78000,85785,IDR,214000,,ShopeePay,JNE,C001971,new,Bogor,West Java,ID,completed,2026-09-11,2026-09-13,marketplace_campaign,,,,
STR-20260911-0003,2026-09-11 18:21:14,2026-09-11,Friday,Physical store,Bandung store,LT-GRN,"Loop Tote, Sea-green",Sea-green,standard,1,189000,189000,0,,0,189000,0,0,78000,111000,IDR,189000,,Cash,In-store pickup,C001055,returning,Bandung,West Java,ID,completed,2026-09-11,2026-09-11,walk-in,,,,
26091134754041D,2026-09-11 18:23:55,2026-09-11,Friday,Indonesian marketplace,Shopee,LT-SND,"Loop Tote, Sand",Sand,standard,1,189000,189000,0,,12000,201000,17955,0,78000,93045,IDR,201000,,COD,Shopee Xpress / platform courier,C001972,new,South Tangerang,Banten,ID,completed,2026-09-11,2026-09-14,marketplace_search,,,,
STR-20260911-0004,2026-09-11 18:57:21,2026-09-11,Friday,Physical store,Bandung store,LT-IND,"Loop Tote, Indigo",Indigo,standard,1,189000,189000,0,,0,189000,0,1323,78000,109677,IDR,189000,,QRIS,In-store pickup,C001973,new,Bandung,West Java,ID,completed,2026-09-11,2026-09-11,walk-in,,,,
IG-20260911-0004,2026-09-11 19:14:16,2026-09-11,Friday,Instagram,Instagram (DM/WhatsApp),LT-GRN,"Loop Tote, Sea-green",Sea-green,standard,1,189000,189000,0,,0,189000,0,2835,78000,-27835,IDR,189000,,GoPay/OVO,JNE,C001974,new,Jakarta,DKI Jakarta,ID,returned,2026-09-11,2026-09-12,dm,,,,
26091128238298E,2026-09-11 19:26:23,2026-09-11,Friday,Indonesian marketplace,Shopee,LT-IND,"Loop Tote, Indigo",Indigo,standard,1,189000,189000,9500,Platform voucher,0,179500,17052,0,78000,84448,IDR,179500,,PayLater,SiCepat,C001950,returning,Medan,North Sumatra,ID,completed,2026-09-12,2026-09-17,marketplace_campaign,,,,
STR-20260911-0005,2026-09-11 19:35:50,2026-09-11,Friday,Physical store,Bandung store,LT-IND,"Loop Tote, Indigo",Indigo,standard,3,189000,567000,0,,0,567000,0,18443,234000,314557,IDR,567000,,Credit card,In-store pickup,C001975,new,Bandung,West Java,ID,completed,2026-09-11,2026-09-11,walk-in,,17902783331106906,assisted_time_proximity,
26091163160151F,2026-09-11 20:13:12,2026-09-11,Friday,Indonesian marketplace,Shopee,LT-SND,"Loop Tote, Sand",Sand,standard,1,189000,189000,0,,12000,201000,17955,0,78000,93045,IDR,201000,,ShopeePay,SiCepat,C001976,new,Bandung,West Java,ID,completed,2026-09-11,2026-09-13,recommended,,,,
5653303563533334525,2026-09-11 20:24:27,2026-09-11,Friday,Indonesian marketplace,TikTok Shop,LT-SND,"Loop Tote, Sand",Sand,standard,1,179000,179000,0,,20000,199000,15215,0,78000,85785,IDR,199000,,ShopeePay,SiCepat,C001977,new,Malang,East Java,ID,completed,2026-09-11,2026-09-14,marketplace_search,,,,
5648008341518790251,2026-09-11 20:31:32,2026-09-11,Friday,Indonesian marketplace,TikTok Shop,LT-IND,"Loop Tote, Indigo",Indigo,standard,1,179000,179000,9000,Platform voucher,35000,205000,14450,0,78000,77550,IDR,205000,,ShopeePay,SiCepat,C001978,new,Jakarta,DKI Jakarta,ID,completed,2026-09-11,2026-09-14,marketplace_campaign,,,,
#LT10714,2026-09-11 21:36:14,2026-09-11,Friday,Website (Shopify),Website (Shopify),LT-SND,"Loop Tote, Sand",Sand,standard,1,189000,189000,0,,0,189000,0,1323,78000,109677,IDR,189000,,QRIS,GoSend/Grab Instant,C001979,new,Bandung,West Java,ID,completed,2026-09-12,2026-09-14,instagram / bio_link,ig_care_carousel,17905854025471212,utm_bio_link,
113-6148311-6418104,2026-09-12 01:19:24,2026-09-12,Saturday,Amazon,Amazon,LT-IND,"Loop Tote, Indigo",Indigo,standard,1,260637,260637,0,,113937,374574,39096,0,78000,143541,USD,22.98,16300,Credit card,DHL eCommerce,C001980,new,Los Angeles,California,US,completed,2026-09-13,2026-09-28,marketplace_search,,,,
#LT10715,2026-09-12 02:48:05,2026-09-12,Saturday,Website (Shopify),Website (Shopify),LT-GRN,"Loop Tote, Sea-green",Sea-green,standard,1,189000,189000,0,,18000,207000,0,4000,78000,107000,IDR,207000,,Bank transfer (VA),SiCepat,C001981,new,Bogor,West Java,ID,completed,2026-09-13,2026-09-14,google / organic,,,,
113-1131209-4797253,2026-09-12 05:57:52,2026-09-12,Saturday,Amazon,Amazon,LT-IND,"Loop Tote, Indigo",Indigo,standard,2,260637,521274,0,,113937,635211,78191,0,156000,287083,USD,38.97,16300,Credit card,DHL eCommerce,C001982,new,Singapore,Singapore,SG,completed,2026-09-12,2026-09-28,marketplace_search,,,,
#LT10716,2026-09-12 07:05:05,2026-09-12,Saturday,Website (Shopify),Website (Shopify),LT-GRN,"Loop Tote, Sea-green",Sea-green,standard,1,189000,189000,0,,0,189000,0,4000,78000,107000,IDR,189000,,Bank transfer (VA),J&T Express,C001385,returning,Bandung,West Java,ID,completed,2026-09-12,2026-09-13,direct,,,,
#LT10717,2026-09-12 07:34:42,2026-09-12,Saturday,Website (Shopify),Website (Shopify),LT-GRN,"Loop Tote, Sea-green",Sea-green,standard,1,189000,189000,0,,15000,204000,0,7916,78000,103084,IDR,204000,,Credit card,SiCepat,C001983,new,Yogyakarta,DI Yogyakarta,ID,completed,2026-09-13,2026-09-17,instagram / bio_link,ig_always_on,,,
26091266616150B,2026-09-12 07:50:16,2026-09-12,Saturday,Indonesian marketplace,Shopee,LT-IND,"Loop Tote, Indigo",Indigo,standard,1,189000,189000,0,,0,189000,17955,0,78000,93045,IDR,189000,,COD,Shopee Xpress / platform courier,C001984,new,Jakarta,DKI Jakarta,ID,completed,2026-09-12,2026-09-14,marketplace_search,,,,
IG-20260912-0001,2026-09-12 12:22:00,2026-09-12,Saturday,Instagram,Instagram (DM/WhatsApp),LT-GRN,"Loop Tote, Sea-green",Sea-green,standard,1,189000,189000,9500,IGDM5,15000,194500,0,1362,78000,100138,IDR,194500,,QRIS,JNE,C001985,new,Jakarta,DKI Jakarta,ID,completed,2026-09-12,2026-09-14,dm,ig_picker_stories_p21,17902783331106906,dm_time_proximity,
IG-20260912-0002,2026-09-12 13:48:06,2026-09-12,Saturday,Instagram,Instagram (DM/WhatsApp),LT-GRN,"Loop Tote, Sea-green",Sea-green,standard,1,189000,189000,0,,15000,204000,0,0,78000,111000,IDR,204000,,COD (local courier),SiCepat,C001986,new,Bogor,West Java,ID,completed,2026-09-13,2026-09-14,whatsapp_click,,,,
STR-20260912-0001,2026-09-12 14:45:42,2026-09-12,Saturday,Physical store,Bandung store,LT-SND,"Loop Tote, Sand",Sand,standard,1,189000,189000,0,,0,189000,0,1323,78000,109677,IDR,189000,,QRIS,In-store pickup,C001987,new,Bandung,West Java,ID,completed,2026-09-12,2026-09-12,walk-in,,,,
STR-20260912-0002,2026-09-12 16:23:28,2026-09-12,Saturday,Physical store,Bandung store,LT-GRN,"Loop Tote, Sea-green",Sea-green,standard,1,189000,189000,0,,0,189000,0,1323,78000,109677,IDR,189000,,QRIS,In-store pickup,C001988,new,Bandung,West Java,ID,completed,2026-09-12,2026-09-12,walk-in,,,,
26091229343268C,2026-09-12 17:07:52,2026-09-12,Saturday,Indonesian marketplace,Shopee,LT-GRN,"Loop Tote, Sea-green",Sea-green,standard,1,189000,189000,0,,0,189000,17955,0,78000,93045,IDR,189000,,PayLater,Shopee Xpress / platform courier,C001989,new,Bandung,West Java,ID,completed,2026-09-13,2026-09-15,recommended,,,,
#LT10718,2026-09-12 17:19:31,2026-09-12,Saturday,Website (Shopify),Website (Shopify),LT-SND,"Loop Tote, Sand",Sand,standard,1,189000,189000,0,,18000,207000,0,1449,78000,109551,IDR,207000,,QRIS,GoSend/Grab Instant,C001990,new,Subang,West Java,ID,completed,2026-09-13,2026-09-16,google / organic,,,,
STR-20260912-0003,2026-09-12 18:49:46,2026-09-12,Saturday,Physical store,Bandung store,LT-GRN,"Loop Tote, Sea-green",Sea-green,standard,1,189000,189000,0,,0,189000,0,1890,78000,109110,IDR,189000,,Debit card,In-store pickup,C001991,new,Bandung,West Java,ID,completed,2026-09-12,2026-09-12,walk-in,,,,
STR-20260912-0004,2026-09-12 19:25:12,2026-09-12,Saturday,Physical store,Bandung store,LT-GRN,"Loop Tote, Sea-green",Sea-green,standard,1,189000,189000,0,,0,189000,0,0,78000,111000,IDR,189000,,Cash,In-store pickup,C001992,new,Jakarta,DKI Jakarta,ID,completed,2026-09-12,2026-09-12,walk-in,,,,
INV/20260912/MPL/850372297,2026-09-12 20:26:08,2026-09-12,Saturday,Indonesian marketplace,Tokopedia,LT-IND,"Loop Tote, Indigo",Indigo,standard,3,189000,567000,0,,25000,592000,45360,0,234000,287640,IDR,592000,,Bank transfer (VA),J&T Express,C001993,new,Jakarta,DKI Jakarta,ID,completed,2026-09-13,2026-09-14,marketplace_campaign,,,,
#LT10719,2026-09-12 21:55:53,2026-09-12,Saturday,Website (Shopify),Website (Shopify),LT-GRN,"Loop Tote, Sea-green",Sea-green,standard,1,189000,189000,0,,32000,221000,0,3315,78000,107685,IDR,221000,,GoPay,J&T Express,C001994,new,Jakarta,DKI Jakarta,ID,completed,2026-09-13,2026-09-15,google / organic,,,,
INV/20260912/MPL/580811348,2026-09-12 22:17:07,2026-09-12,Saturday,Indonesian marketplace,Tokopedia,LT-GRN,"Loop Tote, Sea-green",Sea-green,standard,2,189000,378000,0,,15000,393000,30240,0,156000,191760,IDR,393000,,ShopeePay,SiCepat,C001995,new,Makassar,South Sulawesi,ID,completed,2026-09-12,2026-09-16,shop_page,,,,
109717611599668,2026-09-12 22:20:19,2026-09-12,Saturday,Indonesian marketplace,Lazada,LT-GRN,"Loop Tote, Sea-green",Sea-green,standard,1,189000,189000,15000,Platform voucher,15000,189000,14790,0,78000,81210,IDR,189000,,QRIS,J&T Express,C000988,returning,Bogor,West Java,ID,completed,2026-09-12,2026-09-13,marketplace_search,,,,
26091279815483D,2026-09-12 22:58:18,2026-09-12,Saturday,Indonesian marketplace,Shopee,LT-IND,"Loop Tote, Indigo",Indigo,standard,1,189000,189000,28500,Platform voucher,0,160500,15248,0,78000,67252,IDR,160500,,COD,J&T Express,C001996,new,Yogyakarta,DI Yogyakarta,ID,completed,2026-09-13,2026-09-16,marketplace_search,,,,
#LT10720,2026-09-12 23:57:05,2026-09-12,Saturday,Website (Shopify),Website (Shopify),LT-GRN,"Loop Tote, Sea-green",Sea-green,standard,1,189000,189000,0,,15000,204000,0,1428,78000,109572,IDR,204000,,QRIS,SiCepat,C001997,new,Jakarta,DKI Jakarta,ID,completed,2026-09-12,2026-09-15,instagram / bio_link,ig_care_carousel,17905854025471212,utm_bio_link,
113-9192398-7232571,2026-09-13 02:33:15,2026-09-13,Sunday,Amazon,Amazon,LT-IND,"Loop Tote, Indigo",Indigo,standard,2,260637,521274,0,,113937,635211,78191,0,156000,287083,USD,38.97,16300,Credit card,DHL eCommerce,C001998,new,New York,New York,US,completed,2026-09-13,2026-09-25,marketplace_search,,,,
5215963887420818051,2026-09-13 07:40:10,2026-09-13,Sunday,Indonesian marketplace,TikTok Shop,LT-SND,"Loop Tote, Sand",Sand,standard,1,179000,179000,0,,0,179000,15215,0,78000,85785,IDR,179000,,ShopeePay,Shopee Xpress / platform courier,C001999,new,Sukabumi,West Java,ID,completed,2026-09-14,2026-09-17,shop_page,,,,
INV/20260913/MPL/384151869,2026-09-13 10:37:44,2026-09-13,Sunday,Indonesian marketplace,Tokopedia,LT-IND,"Loop Tote, Indigo",Indigo,standard,1,189000,189000,15000,Platform voucher,20000,194000,13920,0,78000,82080,IDR,194000,,PayLater,AnterAja,C002000,new,Cimahi,West Java,ID,completed,2026-09-13,2026-09-14,marketplace_search,,,,
5929473955625138514,2026-09-13 11:24:52,2026-09-13,Sunday,Indonesian marketplace,TikTok Shop,LT-GRN,"Loop Tote, Sea-green",Sea-green,standard,1,179000,179000,0,,12000,191000,15215,0,78000,85785,IDR,191000,,ShopeePay,J&T Express,C002001,new,Denpasar,Bali,ID,completed,2026-09-13,2026-09-20,marketplace_search,,,,
#LT10721,2026-09-13 11:27:03,2026-09-13,Sunday,Website (Shopify),Website (Shopify),LT-GRN,"Loop Tote, Sea-green",Sea-green,standard,2,189000,378000,0,,0,378000,0,2646,156000,219354,IDR,378000,,QRIS,GoSend/Grab Instant,C002002,new,Batam,Riau Islands,ID,completed,2026-09-13,2026-09-19,direct,,,,
STR-20260913-0001,2026-09-13 11:44:04,2026-09-13,Sunday,Physical store,Bandung store,LT-IND,"Loop Tote, Indigo",Indigo,standard,1,189000,189000,0,,0,189000,0,1323,78000,109677,IDR,189000,,QRIS,In-store pickup,C002003,new,Bandung,West Java,ID,completed,2026-09-13,2026-09-13,walk-in,,,,
STR-20260913-0002,2026-09-13 13:17:41,2026-09-13,Sunday,Physical store,Bandung store,LT-GRN,"Loop Tote, Sea-green",Sea-green,standard,1,189000,189000,0,,0,189000,0,1323,78000,109677,IDR,189000,,QRIS,In-store pickup,C002004,new,Jakarta,DKI Jakarta,ID,completed,2026-09-13,2026-09-13,walk-in,,,,
STR-20260913-0003,2026-09-13 14:43:09,2026-09-13,Sunday,Physical store,Bandung store,LT-IND,"Loop Tote, Indigo",Indigo,standard,1,189000,189000,0,,0,189000,0,1323,78000,109677,IDR,189000,,QRIS,In-store pickup,C002005,new,Bandung,West Java,ID,completed,2026-09-13,2026-09-13,walk-in,,,,
5707790163846376209,2026-09-13 15:32:28,2026-09-13,Sunday,Indonesian marketplace,TikTok Shop,LT-GRN,"Loop Tote, Sea-green",Sea-green,standard,1,179000,179000,0,,20000,199000,15215,0,78000,85785,IDR,199000,,ShopeePay,JNE,C002006,new,Bekasi,West Java,ID,completed,2026-09-13,2026-09-14,recommended,,,,
STR-20260913-0004,2026-09-13 16:16:48,2026-09-13,Sunday,Physical store,Bandung store,LT-IND,"Loop Tote, Indigo",Indigo,standard,1,189000,189000,0,,0,189000,0,1323,78000,109677,IDR,189000,,QRIS,In-store pickup,C002007,new,Cimahi,West Java,ID,completed,2026-09-13,2026-09-13,walk-in,,,,
5595534276106380746,2026-09-13 16:26:17,2026-09-13,Sunday,Indonesian marketplace,TikTok Shop,LT-GRN,"Loop Tote, Sea-green",Sea-green,standard,1,179000,179000,0,,12000,191000,15215,0,78000,85785,IDR,191000,,ShopeePay,Shopee Xpress / platform courier,C002008,new,Manado,North Sulawesi,ID,completed,2026-09-13,2026-09-18,shop_page,,,,
#LT10722,2026-09-13 17:30:31,2026-09-13,Sunday,Website (Shopify),Website (Shopify),LT-GRN,"Loop Tote, Sea-green",Sea-green,standard,1,189000,189000,9500,NEWSLETTER5,0,179500,0,2692,78000,-27692,IDR,179500,,GoPay,SiCepat,C002009,new,Bekasi,West Java,ID,returned,2026-09-14,2026-09-16,google / organic,,,,
113-6370919-4067565,2026-09-13 19:24:52,2026-09-13,Sunday,Amazon,Amazon,LT-GRN,"Loop Tote, Sea-green",Sea-green,standard,1,260637,260637,0,,113937,374574,39096,0,78000,143541,USD,22.98,16300,Credit card,DHL eCommerce,C002010,new,New York,New York,US,completed,2026-09-13,2026-09-24,marketplace_search,,,,
STR-20260913-0005,2026-09-13 19:59:18,2026-09-13,Sunday,Physical store,Bandung store,LT-SND,"Loop Tote, Sand",Sand,standard,2,189000,378000,0,,0,378000,0,3780,156000,218220,IDR,378000,,Debit card,In-store pickup,C002011,new,Bandung,West Java,ID,completed,2026-09-13,2026-09-13,walk-in,,,,
#LT10723,2026-09-13 20:22:55,2026-09-13,Sunday,Website (Shopify),Website (Shopify),LT-IND,"Loop Tote, Indigo",Indigo,standard,1,189000,189000,0,,32000,221000,0,3315,78000,107685,IDR,221000,,ShopeePay,JNE,C002012,new,Bekasi,West Java,ID,completed,2026-09-13,2026-09-15,google / organic,,,,
#LT10724,2026-09-13 23:26:15,2026-09-13,Sunday,Website (Shopify),Website (Shopify),LT-GRN,"Loop Tote, Sea-green",Sea-green,standard,1,189000,189000,0,,32000,221000,0,1547,78000,109453,IDR,221000,,QRIS,SiCepat,C002013,new,Bogor,West Java,ID,completed,2026-09-13,2026-09-14,google / organic,,,,
#LT10725,2026-09-14 06:30:27,2026-09-14,Monday,Website (Shopify),Website (Shopify),LT-SND,"Loop Tote, Sand",Sand,standard,2,189000,378000,0,,0,378000,0,12962,156000,209038,IDR,378000,,Credit card,GoSend/Grab Instant,C002014,new,Jakarta,DKI Jakarta,ID,completed,2026-09-15,2026-09-18,instagram / bio_link,ig_always_on,,,
26091475222507B,2026-09-14 08:26:41,2026-09-14,Monday,Indonesian marketplace,Shopee,LT-IND,"Loop Tote, Indigo",Indigo,standard,1,189000,189000,0,,12000,201000,17955,0,78000,93045,IDR,201000,,PayLater,JNE,C002015,new,Makassar,South Sulawesi,ID,completed,2026-09-14,2026-09-17,marketplace_search,,,,
26091433394033C,2026-09-14 11:57:32,2026-09-14,Monday,Indonesian marketplace,Shopee,LT-GRN,"Loop Tote, Sea-green",Sea-green,standard,1,189000,189000,0,,35000,224000,17955,0,78000,93045,IDR,224000,,Credit card,J&T Express,C002016,new,Medan,North Sumatra,ID,completed,2026-09-14,2026-09-18,recommended,,,,
STR-20260914-0001,2026-09-14 12:43:32,2026-09-14,Monday,Physical store,Bandung store,LT-IND,"Loop Tote, Indigo",Indigo,standard,1,189000,189000,0,,0,189000,0,7481,78000,103519,IDR,189000,,Credit card,In-store pickup,C002017,new,Bandung,West Java,ID,completed,2026-09-14,2026-09-14,walk-in,,,,
26091495379489D,2026-09-14 14:30:02,2026-09-14,Monday,Indonesian marketplace,Shopee,LT-GRN,"Loop Tote, Sea-green",Sea-green,standard,1,189000,189000,0,,25000,214000,17955,0,78000,93045,IDR,214000,,Bank transfer (VA),SiCepat,C002018,new,Jakarta,DKI Jakarta,ID,completed,2026-09-14,2026-09-15,marketplace_search,,17902783331106906,assisted_time_proximity,
STR-20260914-0002,2026-09-14 15:35:55,2026-09-14,Monday,Physical store,Bandung store,LT-GRN,"Loop Tote, Sea-green",Sea-green,standard,2,189000,378000,0,,0,378000,0,2646,156000,219354,IDR,378000,,QRIS,In-store pickup,C002019,new,Bandung,West Java,ID,completed,2026-09-14,2026-09-14,walk-in,,,,
INV/20260914/MPL/113749410,2026-09-14 17:39:11,2026-09-14,Monday,Indonesian marketplace,Tokopedia,LT-GRN,"Loop Tote, Sea-green",Sea-green,standard,1,189000,189000,0,,0,189000,15120,0,78000,95880,IDR,189000,,Bank transfer (VA),J&T Express,C002020,new,Jakarta,DKI Jakarta,ID,completed,2026-09-15,2026-09-18,marketplace_campaign,,,,
#LT10726,2026-09-14 18:02:47,2026-09-14,Monday,Website (Shopify),Website (Shopify),LT-SND,"Loop Tote, Sand",Sand,standard,2,189000,378000,0,,0,378000,0,4000,156000,218000,IDR,378000,,Bank transfer (VA),SiCepat,C002021,new,Bekasi,West Java,ID,completed,2026-09-15,2026-09-17,google / organic,,,,
5369231318540497867,2026-09-14 18:46:49,2026-09-14,Monday,Indonesian marketplace,TikTok Shop,LT-SND,"Loop Tote, Sand",Sand,standard,1,179000,179000,0,,30000,209000,15215,0,78000,85785,IDR,209000,,Alfamart/Indomaret,J&T Express,C002022,new,Surabaya,East Java,ID,completed,2026-09-14,2026-09-16,shop_page,,,,
STR-20260914-0003,2026-09-14 19:09:15,2026-09-14,Monday,Physical store,Bandung store,LT-SND,"Loop Tote, Sand",Sand,standard,1,189000,189000,0,,0,189000,0,1323,78000,109677,IDR,189000,,QRIS,In-store pickup,C002023,new,Bandung,West Java,ID,completed,2026-09-14,2026-09-14,walk-in,,,,
458632116772591,2026-09-14 19:10:29,2026-09-14,Monday,Indonesian marketplace,Lazada,LT-SND,"Loop Tote, Sand",Sand,standard,1,189000,189000,0,,12000,201000,16065,0,78000,94935,IDR,201000,,PayLater,Shopee Xpress / platform courier,C002024,new,Solo,Central Java,ID,completed,2026-09-14,2026-09-18,marketplace_search,,,,
564780560446297,2026-09-14 19:10:34,2026-09-14,Monday,Indonesian marketplace,Lazada,LT-SND,"Loop Tote, Sand",Sand,standard,1,189000,189000,0,,25000,214000,16065,0,78000,94935,IDR,214000,,Bank transfer (VA),AnterAja,C002025,new,Yogyakarta,DI Yogyakarta,ID,completed,2026-09-15,2026-09-19,marketplace_campaign,,,,
IG-20260914-0001,2026-09-14 19:29:15,2026-09-14,Monday,Instagram,Instagram (DM/WhatsApp),LT-GRN,"Loop Tote, Sea-green",Sea-green,standard,2,189000,378000,0,,25000,403000,0,0,156000,222000,IDR,403000,,Bank transfer (manual),JNE,C001063,returning,Jakarta,DKI Jakarta,ID,completed,2026-09-15,2026-09-18,dm,,,,
#LT10727,2026-09-14 20:13:32,2026-09-14,Monday,Website (Shopify),Website (Shopify),LT-SND,"Loop Tote, Sand",Sand,standard,2,189000,378000,0,,0,378000,0,4000,156000,218000,IDR,378000,,Bank transfer (VA),GoSend/Grab Instant,C002026,new,Depok,West Java,ID,completed,2026-09-15,2026-09-18,whatsapp,,,,
INV/20260914/MPL/197509477,2026-09-14 20:31:46,2026-09-14,Monday,Indonesian marketplace,Tokopedia,LT-IND,"Loop Tote, Indigo",Indigo,standard,1,189000,189000,15000,Platform voucher,0,174000,13920,0,78000,82080,IDR,174000,,Bank transfer (VA),SiCepat,C002027,new,Makassar,South Sulawesi,ID,completed,2026-09-15,2026-09-19,marketplace_search,,,,
#LT10728,2026-09-14 20:34:42,2026-09-14,Monday,Website (Shopify),Website (Shopify),LT-IND,"Loop Tote, Indigo",Indigo,standard,2,189000,378000,0,,0,378000,0,5670,156000,216330,IDR,378000,,ShopeePay,GoSend/Grab Instant,C002028,new,Malang,East Java,ID,completed,2026-09-15,2026-09-19,direct,,,,
INV/20260914/MPL/290754024,2026-09-14 21:59:30,2026-09-14,Monday,Indonesian marketplace,Tokopedia,LT-IND,"Loop Tote, Indigo",Indigo,standard,1,189000,189000,9500,Platform voucher,12000,191500,14360,0,78000,-39360,IDR,191500,,Alfamart/Indomaret,SiCepat,C002029,new,Bandung,West Java,ID,returned,2026-09-14,2026-09-16,marketplace_campaign,,,,
26091459562178E,2026-09-14 22:23:46,2026-09-14,Monday,Indonesian marketplace,Shopee,LT-SND,"Loop Tote, Sand",Sand,standard,1,189000,189000,0,,25000,214000,17955,0,78000,93045,IDR,214000,,PayLater,SiCepat,C002030,new,Jakarta,DKI Jakarta,ID,completed,2026-09-14,2026-09-16,marketplace_search,,,,
IG-20260914-0002,2026-09-14 22:51:58,2026-09-14,Monday,Instagram,Instagram (DM/WhatsApp),LT-IND,"Loop Tote, Indigo",Indigo,standard,1,189000,189000,0,,15000,204000,0,1428,78000,109572,IDR,204000,,QRIS,J&T Express,C002031,new,Cimahi,West Java,ID,completed,2026-09-15,2026-09-16,comment,,,,
113-7385354-8450515,2026-09-15 04:02:29,2026-09-15,Tuesday,Amazon,Amazon,LT-GRN,"Loop Tote, Sea-green",Sea-green,standard,1,260637,260637,0,,113937,374574,39096,0,78000,143541,USD,22.98,16300,Credit card,DHL eCommerce,C002032,new,Los Angeles,California,US,completed,2026-09-16,2026-09-28,marketplace_search,,,,
#LT10729,2026-09-15 08:15:45,2026-09-15,Tuesday,Website (Shopify),Website (Shopify),LT-IND,"Loop Tote, Indigo",Indigo,standard,1,189000,189000,0,,18000,207000,0,3105,78000,107895,IDR,207000,,GoPay,SiCepat,C002033,new,Jakarta,DKI Jakarta,ID,completed,2026-09-15,2026-09-18,newsletter,,,,
IG-20260915-0001,2026-09-15 08:18:29,2026-09-15,Tuesday,Instagram,Instagram (DM/WhatsApp),LT-IND,"Loop Tote, Indigo",Indigo,standard,1,189000,189000,0,,32000,221000,0,0,78000,0,IDR,221000,,GoPay/OVO,,C002034,new,Bekasi,West Java,ID,cancelled,,,dm,,,,
IG-20260915-0002,2026-09-15 09:02:18,2026-09-15,Tuesday,Instagram,Instagram (DM/WhatsApp),LT-IND,"Loop Tote, Indigo",Indigo,standard,1,189000,189000,0,,15000,204000,0,0,78000,111000,IDR,204000,,Bank transfer (manual),GoSend/Grab Instant,C002035,new,Banjarmasin,South Kalimantan,ID,completed,2026-09-16,2026-09-23,whatsapp_click,,,,
IG-20260915-0003,2026-09-15 10:07:00,2026-09-15,Tuesday,Instagram,Instagram (DM/WhatsApp),LT-SND,"Loop Tote, Sand",Sand,standard,1,189000,189000,0,,32000,221000,0,1547,78000,109453,IDR,221000,,QRIS,JNE,C002036,new,Bogor,West Java,ID,completed,2026-09-16,2026-09-17,dm,,,,
STR-20260915-0001,2026-09-15 10:47:45,2026-09-15,Tuesday,Physical store,Bandung store,LT-GRN,"Loop Tote, Sea-green",Sea-green,standard,2,189000,378000,0,,0,378000,0,2646,156000,219354,IDR,378000,,QRIS,In-store pickup,C002037,new,Cimahi,West Java,ID,completed,2026-09-15,2026-09-15,walk-in,,,,
26091516555694B,2026-09-15 12:41:30,2026-09-15,Tuesday,Indonesian marketplace,Shopee,LT-GRN,"Loop Tote, Sea-green",Sea-green,standard,1,189000,189000,0,,35000,224000,17955,0,78000,93045,IDR,224000,,ShopeePay,Shopee Xpress / platform courier,C002038,new,Pontianak,West Kalimantan,ID,completed,2026-09-16,2026-09-23,recommended,,,,
146974329096393,2026-09-15 16:16:42,2026-09-15,Tuesday,Indonesian marketplace,Lazada,LT-IND,"Loop Tote, Indigo",Indigo,standard,1,189000,189000,0,,0,189000,16065,0,78000,94935,IDR,189000,,ShopeePay,J&T Express,C002039,new,Malang,East Java,ID,completed,2026-09-15,2026-09-19,marketplace_search,,,,
290429535915987,2026-09-15 17:09:25,2026-09-15,Tuesday,Indonesian marketplace,Lazada,LT-SND,"Loop Tote, Sand",Sand,standard,1,189000,189000,0,,15000,204000,16065,0,78000,94935,IDR,204000,,Bank transfer (VA),SiCepat,C000992,returning,Bandung,West Java,ID,completed,2026-09-16,2026-09-18,marketplace_campaign,,,,
5606275640867563383,2026-09-15 18:52:22,2026-09-15,Tuesday,Indonesian marketplace,TikTok Shop,LT-IND,"Loop Tote, Indigo",Indigo,standard,1,179000,179000,0,,15000,194000,15215,0,78000,85785,IDR,194000,,ShopeePay,J&T Express,C002040,new,Cianjur,West Java,ID,completed,2026-09-16,2026-09-20,marketplace_search,,,,
26091566250966C,2026-09-15 19:56:56,2026-09-15,Tuesday,Indonesian marketplace,Shopee,LT-GRN,"Loop Tote, Sea-green",Sea-green,standard,1,189000,189000,0,,0,189000,17955,0,78000,93045,IDR,189000,,PayLater,AnterAja,C002041,new,Padang,West Sumatra,ID,completed,2026-09-16,2026-09-20,recommended,,17909503295997091,assisted_time_proximity,
IG-20260915-0004,2026-09-15 20:11:22,2026-09-15,Tuesday,Instagram,Instagram (DM/WhatsApp),LT-GFT,Loop Tote Gift Set,Sea-green,gift_set,1,299000,299000,0,,18000,317000,0,0,128000,171000,IDR,317000,,Bank transfer (manual),GoSend/Grab Instant,C002042,new,Jakarta,DKI Jakarta,ID,completed,2026-09-16,2026-09-18,dm,ig_giftset_image,17909503295997091,sku_match,
IG-20260915-0005,2026-09-15 20:34:07,2026-09-15,Tuesday,Instagram,Instagram (DM/WhatsApp),LT-GFT,Loop Tote Gift Set,Sea-green,gift_set,1,299000,299000,0,,15000,314000,0,0,128000,171000,IDR,314000,,Bank transfer (manual),SiCepat,C002043,new,Cimahi,West Java,ID,completed,2026-09-15,2026-09-17,comment,ig_giftset_image,17909503295997091,sku_match,
5998297145830896583,2026-09-15 20:37:45,2026-09-15,Tuesday,Indonesian marketplace,TikTok Shop,LT-SND,"Loop Tote, Sand",Sand,standard,1,179000,179000,9000,Platform voucher,0,170000,14450,0,78000,77550,IDR,170000,,Bank transfer (VA),J&T Express,C002044,new,Surabaya,East Java,ID,completed,2026-09-16,2026-09-20,marketplace_search,,,,
591470096928783,2026-09-15 21:02:41,2026-09-15,Tuesday,Indonesian marketplace,Lazada,LT-GRN,"Loop Tote, Sea-green",Sea-green,standard,1,189000,189000,0,,25000,214000,16065,0,78000,94935,IDR,214000,,Alfamart/Indomaret,SiCepat,C002045,new,Padang,West Sumatra,ID,completed,2026-09-16,2026-09-20,shop_page,,,,
26091547512041D,2026-09-15 21:05:44,2026-09-15,Tuesday,Indonesian marketplace,Shopee,LT-SND,"Loop Tote, Sand",Sand,standard,1,189000,189000,0,,35000,224000,17955,0,78000,93045,IDR,224000,,ShopeePay,JNE,C002046,new,Palembang,South Sumatra,ID,completed,2026-09-16,2026-09-22,marketplace_campaign,,,,
#LT10730,2026-09-15 21:25:05,2026-09-15,Tuesday,Website (Shopify),Website (Shopify),LT-GFT,Loop Tote Gift Set,Sand,gift_set,1,299000,299000,0,,0,299000,0,4485,128000,166515,IDR,299000,,GoPay,J&T Express,C001439,returning,Balikpapan,East Kalimantan,ID,completed,2026-09-15,2026-09-19,instagram / bio_link,ig_giftset_image,17909503295997091,sku_match,
#LT10731,2026-09-15 21:53:19,2026-09-15,Tuesday,Website (Shopify),Website (Shopify),LT-IND,"Loop Tote, Indigo",Indigo,standard,1,189000,189000,0,,0,189000,0,2835,78000,108165,IDR,189000,,GoPay,SiCepat,C002047,new,Depok,West Java,ID,completed,2026-09-16,2026-09-19,google / organic,,,,
5258045153832206515,2026-09-15 22:02:41,2026-09-15,Tuesday,Indonesian marketplace,TikTok Shop,LT-GRN,"Loop Tote, Sea-green",Sea-green,standard,1,179000,179000,0,,0,179000,15215,0,78000,85785,IDR,179000,,ShopeePay,Shopee Xpress / platform courier,C002048,new,Bandung,West Java,ID,completed,2026-09-16,2026-09-18,marketplace_campaign,,,,
IG-20260915-0006,2026-09-15 22:09:12,2026-09-15,Tuesday,Instagram,Instagram (DM/WhatsApp),LT-GFT,Loop Tote Gift Set,Indigo,gift_set,2,299000,598000,0,,15000,613000,0,0,256000,342000,IDR,613000,,Bank transfer (manual),J&T Express,C002049,new,Tangerang,Banten,ID,completed,2026-09-16,2026-09-17,whatsapp_click,ig_giftset_image,17909503295997091,sku_match,
26091592684831E,2026-09-15 22:21:21,2026-09-15,Tuesday,Indonesian marketplace,Shopee,LT-IND,"Loop Tote, Indigo",Indigo,standard,1,189000,189000,0,,25000,214000,17955,0,78000,93045,IDR,214000,,Alfamart/Indomaret,SiCepat,C002050,new,South Tangerang,Banten,ID,completed,2026-09-16,2026-09-19,recommended,,17909503295997091,assisted_time_proximity,
#LT10732,2026-09-15 22:35:42,2026-09-15,Tuesday,Website (Shopify),Website (Shopify),LT-SND,"Loop Tote, Sand",Sand,standard,2,189000,378000,0,,0,378000,0,4000,156000,218000,IDR,378000,,Bank transfer (VA),SiCepat,C002051,new,Bekasi,West Java,ID,completed,2026-09-15,2026-09-16,instagram / bio_link,ig_giftset_image,17909503295997091,utm_bio_link,
#LT10733,2026-09-16 00:11:42,2026-09-16,Wednesday,Website (Shopify),Website (Shopify),LT-IND,"Loop Tote, Indigo",Indigo,standard,1,189000,189000,0,,15000,204000,0,1428,78000,109572,IDR,204000,,QRIS,JNE,C002052,new,Cianjur,West Java,ID,completed,2026-09-16,2026-09-20,instagram / bio_link,ig_giftset_image,17909503295997091,utm_bio_link,
26091636192311B,2026-09-16 01:33:32,2026-09-16,Wednesday,Indonesian marketplace,Shopee,LT-SND,"Loop Tote, Sand",Sand,standard,1,189000,189000,0,,20000,209000,17955,0,78000,93045,IDR,209000,,Bank transfer (VA),Shopee Xpress / platform courier,C002053,new,Semarang,Central Java,ID,completed,2026-09-17,2026-09-20,marketplace_search,,,,
113-9887416-7446224,2026-09-16 04:00:32,2026-09-16,Wednesday,Amazon,Amazon,LT-IND,"Loop Tote, Indigo",Indigo,standard,1,260637,260637,0,,113937,374574,39096,0,78000,143541,USD,22.98,16300,Credit card,DHL eCommerce,C002054,new,New York,New York,US,completed,2026-09-16,2026-09-26,marketplace_search,,,,
#LT10734,2026-09-16 05:32:00,2026-09-16,Wednesday,Website (Shopify),Website (Shopify),LT-GFT,Loop Tote Gift Set,Indigo,gift_set,1,299000,299000,0,,32000,331000,0,4000,128000,167000,IDR,331000,,Bank transfer (VA),JNE,C002055,new,Jakarta,DKI Jakarta,ID,completed,2026-09-17,2026-09-19,instagram / bio_link,ig_giftset_image,17909503295997091,sku_match,
#LT10735,2026-09-16 08:09:44,2026-09-16,Wednesday,Website (Shopify),Website (Shopify),LT-GRN,"Loop Tote, Sea-green",Sea-green,standard,1,189000,189000,0,,25000,214000,0,3210,78000,107790,IDR,214000,,GoPay,J&T Express,C002056,new,Subang,West Java,ID,completed,2026-09-16,2026-09-20,instagram / bio_link,ig_giftset_image,17909503295997091,utm_bio_link,
26091622179759C,2026-09-16 08:11:37,2026-09-16,Wednesday,Indonesian marketplace,Shopee,LT-SND,"Loop Tote, Sand",Sand,standard,1,189000,189000,0,,12000,201000,17955,0,78000,93045,IDR,201000,,ShopeePay,Shopee Xpress / platform courier,C002057,new,Medan,North Sumatra,ID,completed,2026-09-17,2026-09-22,marketplace_campaign,,,,
#LT10736,2026-09-16 09:31:46,2026-09-16,Wednesday,Website (Shopify),Website (Shopify),LT-SND,"Loop Tote, Sand",Sand,standard,3,189000,567000,0,,0,567000,0,18443,234000,314557,IDR,567000,,Credit card,J&T Express,C002058,new,Garut,West Java,ID,completed,2026-09-16,2026-09-19,instagram / bio_link,ig_giftset_image,17909503295997091,utm_bio_link,
#LT10737,2026-09-16 09:43:44,2026-09-16,Wednesday,Website (Shopify),Website (Shopify),LT-GRN,"Loop Tote, Sea-green",Sea-green,standard,1,189000,189000,0,,15000,204000,0,4000,78000,107000,IDR,204000,,Bank transfer (VA),JNE,C002059,new,Jakarta,DKI Jakarta,ID,completed,2026-09-17,2026-09-19,instagram / bio_link,ig_giftset_image,17909503295997091,utm_bio_link,
INV/20260916/MPL/550910885,2026-09-16 10:08:59,2026-09-16,Wednesday,Indonesian marketplace,Tokopedia,LT-GRN,"Loop Tote, Sea-green",Sea-green,standard,1,189000,189000,0,,15000,204000,15120,0,78000,95880,IDR,204000,,ShopeePay,JNE,C002060,new,Depok,West Java,ID,completed,2026-09-17,2026-09-20,shop_page,,,,
#LT10738,2026-09-16 10:48:12,2026-09-16,Wednesday,Website (Shopify),Website (Shopify),LT-GRN,"Loop Tote, Sea-green",Sea-green,standard,1,189000,189000,0,,25000,214000,0,4000,78000,107000,IDR,214000,,Bank transfer (VA),J&T Express,C001994,returning,Jakarta,DKI Jakarta,ID,completed,2026-09-16,2026-09-19,instagram / bio_link,ig_behind_the_scenes_p23,17905224068300707,utm_bio_link,
STR-20260916-0001,2026-09-16 10:59:34,2026-09-16,Wednesday,Physical store,Bandung store,LT-SND,"Loop Tote, Sand",Sand,standard,1,189000,189000,0,,0,189000,0,1323,78000,109677,IDR,189000,,QRIS,In-store pickup,C002061,new,Bandung,West Java,ID,completed,2026-09-16,2026-09-16,walk-in,,,,
IG-20260916-0001,2026-09-16 12:45:35,2026-09-16,Wednesday,Instagram,Instagram (DM/WhatsApp),LT-GFT,Loop Tote Gift Set,Sea-green,gift_set,1,299000,299000,0,,25000,324000,0,0,128000,171000,IDR,324000,,Bank transfer (manual),JNE,C002062,new,Tasikmalaya,West Java,ID,completed,2026-09-16,2026-09-18,dm,ig_giftset_image,17909503295997091,sku_match,
IG-20260916-0002,2026-09-16 12:49:44,2026-09-16,Wednesday,Instagram,Instagram (DM/WhatsApp),LT-GRN,"Loop Tote, Sea-green",Sea-green,standard,1,189000,189000,0,,18000,207000,0,0,78000,111000,IDR,207000,,Bank transfer (manual),GoSend/Grab Instant,C002063,new,Banjarmasin,South Kalimantan,ID,completed,2026-09-16,2026-09-23,comment,ig_giftset_image,17909503295997091,dm_entry_comment,
26091615337270D,2026-09-16 12:54:46,2026-09-16,Wednesday,Indonesian marketplace,Shopee,LT-GRN,"Loop Tote, Sea-green",Sea-green,standard,1,189000,189000,28500,Platform voucher,0,160500,15248,0,78000,67252,IDR,160500,,ShopeePay,Shopee Xpress / platform courier,C002064,new,Pontianak,West Kalimantan,ID,completed,2026-09-17,2026-09-24,marketplace_campaign,,,,
#LT10739,2026-09-16 13:30:39,2026-09-16,Wednesday,Website (Shopify),Website (Shopify),LT-GFT,Loop Tote Gift Set,Sea-green,gift_set,1,299000,299000,0,,18000,317000,0,4755,128000,166245,IDR,317000,,GoPay,SiCepat,C002065,new,Bekasi,West Java,ID,completed,2026-09-17,2026-09-20,google / organic,,,,
26091631556372E,2026-09-16 13:36:42,2026-09-16,Wednesday,Indonesian marketplace,Shopee,LT-GRN,"Loop Tote, Sea-green",Sea-green,standard,1,189000,189000,0,,35000,224000,17955,0,78000,93045,IDR,224000,,COD,JNE,C002066,new,Jakarta,DKI Jakarta,ID,completed,2026-09-16,2026-09-19,marketplace_search,,,,
STR-20260916-0002,2026-09-16 14:26:15,2026-09-16,Wednesday,Physical store,Bandung store,LT-GRN,"Loop Tote, Sea-green",Sea-green,standard,1,189000,189000,0,,0,189000,0,0,78000,111000,IDR,189000,,Cash,In-store pickup,C002067,new,Bandung,West Java,ID,completed,2026-09-16,2026-09-16,walk-in,,,,
INV/20260916/MPL/503959485,2026-09-16 14:28:50,2026-09-16,Wednesday,Indonesian marketplace,Tokopedia,LT-GRN,"Loop Tote, Sea-green",Sea-green,standard,1,189000,189000,0,,25000,214000,15120,0,78000,95880,IDR,214000,,Bank transfer (VA),AnterAja,C002068,new,Depok,West Java,ID,completed,2026-09-16,2026-09-19,recommended,,,,
26091646135198F,2026-09-16 15:24:49,2026-09-16,Wednesday,Indonesian marketplace,Shopee,LT-GRN,"Loop Tote, Sea-green",Sea-green,standard,1,189000,189000,0,,15000,204000,17955,0,78000,93045,IDR,204000,,QRIS,AnterAja,C002069,new,Jakarta,DKI Jakarta,ID,completed,2026-09-17,2026-09-19,marketplace_campaign,,,,
IG-20260916-0003,2026-09-16 16:23:39,2026-09-16,Wednesday,Instagram,Instagram (DM/WhatsApp),LT-GFT,Loop Tote Gift Set,Sea-green,gift_set,1,299000,299000,0,,25000,324000,0,2268,128000,168732,IDR,324000,,QRIS,SiCepat,C002070,new,Bandung,West Java,ID,completed,2026-09-17,2026-09-18,dm,ig_giftset_image,17909503295997091,sku_match,
26091672264076G,2026-09-16 17:37:27,2026-09-16,Wednesday,Indonesian marketplace,Shopee,LT-GRN,"Loop Tote, Sea-green",Sea-green,standard,1,189000,189000,9500,Platform voucher,30000,209500,17052,0,78000,84448,IDR,209500,,ShopeePay,J&T Express,C002071,new,Depok,West Java,ID,completed,2026-09-17,2026-09-20,marketplace_search,,,,
STR-20260916-0003,2026-09-16 18:01:05,2026-09-16,Wednesday,Physical store,Bandung store,LT-SND,"Loop Tote, Sand",Sand,standard,1,189000,189000,0,,0,189000,0,1323,78000,109677,IDR,189000,,QRIS,In-store pickup,C002072,new,Bandung,West Java,ID,completed,2026-09-16,2026-09-16,walk-in,,,,
STR-20260916-0004,2026-09-16 18:05:44,2026-09-16,Wednesday,Physical store,Bandung store,LT-IND,"Loop Tote, Indigo",Indigo,standard,1,189000,189000,0,,0,189000,0,0,78000,111000,IDR,189000,,Cash,In-store pickup,C002073,new,Cimahi,West Java,ID,completed,2026-09-16,2026-09-16,walk-in,,,,
26091648464378H,2026-09-16 18:07:25,2026-09-16,Wednesday,Indonesian marketplace,Shopee,LT-GFT,Loop Tote Gift Set,Indigo,gift_set,1,299000,299000,0,,0,299000,0,0,128000,0,IDR,299000,,ShopeePay,,C001025,returning,Jakarta,DKI Jakarta,ID,cancelled,,,marketplace_search,,17909503295997091,sku_match,
IG-20260916-0004,2026-09-16 18:10:56,2026-09-16,Wednesday,Instagram,Instagram (DM/WhatsApp),LT-IND,"Loop Tote, Indigo",Indigo,standard,1,189000,189000,9500,IGDM5,32000,211500,0,1480,78000,100020,IDR,211500,,QRIS,SiCepat,C002074,new,Semarang,Central Java,ID,completed,2026-09-17,2026-09-20,dm,ig_giftset_image,17909503295997091,dm_time_proximity,
#LT10740,2026-09-16 18:24:24,2026-09-16,Wednesday,Website (Shopify),Website (Shopify),LT-IND,"Loop Tote, Indigo",Indigo,standard,1,189000,189000,0,,0,189000,0,2835,78000,108165,IDR,189000,,OVO,GoSend/Grab Instant,C002075,new,Bandung,West Java,ID,completed,2026-09-16,2026-09-18,instagram / bio_link,ig_giftset_image,17909503295997091,utm_bio_link,
#LT10741,2026-09-16 18:33:38,2026-09-16,Wednesday,Website (Shopify),Website (Shopify),LT-SND,"Loop Tote, Sand",Sand,standard,1,189000,189000,0,,25000,214000,0,3210,78000,107790,IDR,214000,,GoPay,J&T Express,C002076,new,Bekasi,West Java,ID,completed,2026-09-17,2026-09-20,instagram / bio_link,ig_always_on,,,
STR-20260916-0005,2026-09-16 18:37:50,2026-09-16,Wednesday,Physical store,Bandung store,LT-SND,"Loop Tote, Sand",Sand,standard,1,189000,189000,0,,0,189000,0,1890,78000,109110,IDR,189000,,Debit card,In-store pickup,C002077,new,Bandung,West Java,ID,completed,2026-09-16,2026-09-16,walk-in,,,,
#LT10742,2026-09-16 19:08:15,2026-09-16,Wednesday,Website (Shopify),Website (Shopify),LT-IND,"Loop Tote, Indigo",Indigo,standard,1,189000,189000,0,,0,189000,0,1323,78000,109677,IDR,189000,,QRIS,SiCepat,C002078,new,Bogor,West Java,ID,completed,2026-09-16,2026-09-17,instagram / bio_link,ig_giftset_image,17909503295997091,utm_bio_link,
26091668155141I,2026-09-16 19:25:15,2026-09-16,Wednesday,Indonesian marketplace,Shopee,LT-SND,"Loop Tote, Sand",Sand,standard,1,189000,189000,0,,0,189000,17955,0,78000,93045,IDR,189000,,ShopeePay,J&T Express,C002079,new,Medan,North Sumatra,ID,completed,2026-09-17,2026-09-20,shop_page,,17909503295997091,assisted_time_proximity,
26091615258743J,2026-09-16 19:40:57,2026-09-16,Wednesday,Indonesian marketplace,Shopee,LT-GRN,"Loop Tote, Sea-green",Sea-green,standard,3,189000,567000,0,,0,567000,53865,0,234000,279135,IDR,567000,,Credit card,SiCepat,C002080,new,Pontianak,West Kalimantan,ID,completed,2026-09-17,2026-09-23,marketplace_campaign,,,,
STR-20260916-0006,2026-09-16 19:53:22,2026-09-16,Wednesday,Physical store,Bandung store,LT-GRN,"Loop Tote, Sea-green",Sea-green,standard,1,189000,189000,0,,0,189000,0,1323,78000,109677,IDR,189000,,QRIS,In-store pickup,C002081,new,Bandung,West Java,ID,completed,2026-09-16,2026-09-16,walk-in,,,,
IG-20260916-0005,2026-09-16 20:09:07,2026-09-16,Wednesday,Instagram,Instagram (DM/WhatsApp),LT-SND,"Loop Tote, Sand",Sand,standard,1,189000,189000,0,,18000,207000,0,0,78000,0,IDR,207000,,Bank transfer (manual),,C002082,new,Tangerang,Banten,ID,cancelled,,,dm,ig_giftset_image,17909503295997091,dm_time_proximity,
#LT10743,2026-09-16 20:15:26,2026-09-16,Wednesday,Website (Shopify),Website (Shopify),LT-GFT,Loop Tote Gift Set,Indigo,gift_set,1,299000,299000,0,,25000,324000,0,11396,128000,159604,IDR,324000,,Credit card,GoSend/Grab Instant,C001794,returning,Karawang,West Java,ID,completed,2026-09-17,2026-09-21,direct,,,,
5190572139759185853,2026-09-16 20:20:30,2026-09-16,Wednesday,Indonesian marketplace,TikTok Shop,LT-GRN,"Loop Tote, Sea-green",Sea-green,standard,3,179000,537000,0,,30000,567000,45645,0,234000,257355,IDR,567000,,PayLater,Shopee Xpress / platform courier,C002083,new,Yogyakarta,DI Yogyakarta,ID,completed,2026-09-17,2026-09-19,marketplace_search,,,,
206792026779975,2026-09-16 20:25:21,2026-09-16,Wednesday,Indonesian marketplace,Lazada,LT-IND,"Loop Tote, Indigo",Indigo,standard,1,189000,189000,19000,Platform voucher,0,170000,14450,0,78000,77550,IDR,170000,,Bank transfer (VA),J&T Express,C002084,new,Semarang,Central Java,ID,completed,2026-09-17,2026-09-19,marketplace_search,,,,
#LT10744,2026-09-16 20:27:02,2026-09-16,Wednesday,Website (Shopify),Website (Shopify),LT-SND,"Loop Tote, Sand",Sand,standard,2,189000,378000,0,,0,378000,0,4000,156000,218000,IDR,378000,,Bank transfer (VA),GoSend/Grab Instant,C002085,new,Bandung,West Java,ID,completed,2026-09-16,2026-09-18,direct,,,,
290759480996761,2026-09-16 20:39:34,2026-09-16,Wednesday,Indonesian marketplace,Lazada,LT-SND,"Loop Tote, Sand",Sand,standard,1,189000,189000,0,,12000,201000,16065,0,78000,94935,IDR,201000,,ShopeePay,JNE,C002086,new,Surabaya,East Java,ID,completed,2026-09-17,2026-09-20,marketplace_campaign,,,,
5564954556702416020,2026-09-16 21:24:17,2026-09-16,Wednesday,Indonesian marketplace,TikTok Shop,LT-GRN,"Loop Tote, Sea-green",Sea-green,standard,1,179000,179000,0,,0,179000,15215,0,78000,85785,IDR,179000,,ShopeePay,Shopee Xpress / platform courier,C002087,new,Jakarta,DKI Jakarta,ID,completed,2026-09-16,2026-09-19,marketplace_search,,,,
#LT10745,2026-09-16 21:24:50,2026-09-16,Wednesday,Website (Shopify),Website (Shopify),LT-GRN,"Loop Tote, Sea-green",Sea-green,standard,1,189000,189000,0,,32000,221000,0,1547,78000,109453,IDR,221000,,QRIS,JNE,C002088,new,Sukabumi,West Java,ID,completed,2026-09-16,2026-09-19,instagram / bio_link,ig_giftset_image,17909503295997091,utm_bio_link,
5515384847156500498,2026-09-16 21:45:20,2026-09-16,Wednesday,Indonesian marketplace,TikTok Shop,LT-IND,"Loop Tote, Indigo",Indigo,standard,1,179000,179000,0,,30000,209000,15215,0,78000,85785,IDR,209000,,ShopeePay,AnterAja,C002089,new,Bogor,West Java,ID,completed,2026-09-16,2026-09-19,recommended,,,,
26091650774173K,2026-09-16 22:11:53,2026-09-16,Wednesday,Indonesian marketplace,Shopee,LT-GRN,"Loop Tote, Sea-green",Sea-green,standard,1,189000,189000,0,,20000,209000,17955,0,78000,93045,IDR,209000,,ShopeePay,Shopee Xpress / platform courier,C002090,new,Jakarta,DKI Jakarta,ID,completed,2026-09-16,2026-09-19,marketplace_search,,,,
5364926987479005419,2026-09-16 22:50:06,2026-09-16,Wednesday,Indonesian marketplace,TikTok Shop,LT-IND,"Loop Tote, Indigo",Indigo,standard,2,179000,358000,0,,15000,373000,0,0,156000,0,IDR,373000,,ShopeePay,,C002091,new,Surabaya,East Java,ID,cancelled,,,marketplace_search,,,,
#LT10746,2026-09-17 00:02:59,2026-09-17,Thursday,Website (Shopify),Website (Shopify),LT-GRN,"Loop Tote, Sea-green",Sea-green,standard,1,189000,189000,0,,25000,214000,0,3210,78000,107790,IDR,214000,,GoPay,SiCepat,C002092,new,Depok,West Java,ID,completed,2026-09-18,2026-09-19,instagram / bio_link,ig_always_on,,,
113-5104042-6157851,2026-09-17 02:24:21,2026-09-17,Thursday,Amazon,Amazon,LT-GRN,"Loop Tote, Sea-green",Sea-green,standard,2,260637,521274,0,,113937,635211,78191,0,156000,287083,USD,38.97,16300,Credit card,DHL eCommerce,C002093,new,Berlin,Berlin,DE,completed,2026-09-17,2026-09-25,marketplace_campaign,,,,
113-7224868-3346227,2026-09-17 05:29:57,2026-09-17,Thursday,Amazon,Amazon,LT-GRN,"Loop Tote, Sea-green",Sea-green,standard,1,260637,260637,0,,113937,374574,39096,0,78000,143541,USD,22.98,16300,Credit card,DHL eCommerce,C002094,new,Seattle,Washington,US,shipped,2026-09-18,,shop_page,,,,
#LT10747,2026-09-17 09:11:18,2026-09-17,Thursday,Website (Shopify),Website (Shopify),LT-GFT,Loop Tote Gift Set,Sea-green,gift_set,1,299000,299000,0,,40000,339000,0,5085,128000,165915,IDR,339000,,GoPay,J&T Express,C002095,new,Bandung,West Java,ID,completed,2026-09-17,2026-09-18,instagram / bio_link,ig_giftset_image,17909503295997091,sku_match,
BLI-20260917-951186,2026-09-17 09:17:01,2026-09-17,Thursday,Indonesian marketplace,Blibli,LT-GFT,Loop Tote Gift Set,Indigo,gift_set,1,299000,299000,0,,20000,319000,23920,0,128000,147080,IDR,319000,,Bank transfer (VA),JNE,C002096,new,Semarang,Central Java,ID,completed,2026-09-17,2026-09-19,marketplace_search,,,,
#LT10748,2026-09-17 10:24:00,2026-09-17,Thursday,Website (Shopify),Website (Shopify),LT-GFT,Loop Tote Gift Set,Sea-green,gift_set,1,299000,299000,0,,32000,331000,0,4000,128000,167000,IDR,331000,,Bank transfer (VA),JNE,C002097,new,Subang,West Java,ID,completed,2026-09-17,2026-09-20,instagram / bio_link,ig_giftset_image,17909503295997091,sku_match,
INV/20260917/MPL/447380588,2026-09-17 11:23:30,2026-09-17,Thursday,Indonesian marketplace,Tokopedia,LT-IND,"Loop Tote, Indigo",Indigo,standard,1,189000,189000,0,,30000,219000,15120,0,78000,95880,IDR,219000,,Bank transfer (VA),SiCepat,C002098,new,Denpasar,Bali,ID,completed,2026-09-17,2026-09-22,marketplace_search,,,,
26091724179760B,2026-09-17 11:38:06,2026-09-17,Thursday,Indonesian marketplace,Shopee,LT-IND,"Loop Tote, Indigo",Indigo,standard,1,189000,189000,0,,25000,214000,17955,0,78000,93045,IDR,214000,,PayLater,Shopee Xpress / platform courier,C002099,new,Medan,North Sumatra,ID,completed,2026-09-18,2026-09-22,marketplace_campaign,,,,
STR-20260917-0001,2026-09-17 12:29:02,2026-09-17,Thursday,Physical store,Bandung store,LT-IND,"Loop Tote, Indigo",Indigo,standard,1,189000,189000,0,,0,189000,0,0,78000,111000,IDR,189000,,Cash,In-store pickup,C002100,new,Yogyakarta,DI Yogyakarta,ID,completed,2026-09-17,2026-09-17,walk-in,,17906998254854499,assisted_time_proximity,
5785554810261172338,2026-09-17 14:44:17,2026-09-17,Thursday,Indonesian marketplace,TikTok Shop,LT-IND,"Loop Tote, Indigo",Indigo,standard,1,179000,179000,0,,30000,209000,15215,0,78000,85785,IDR,209000,,ShopeePay,AnterAja,C002101,new,Bandar Lampung,Lampung,ID,completed,2026-09-18,2026-09-22,marketplace_search,,,,
113-8260838-1569812,2026-09-17 16:18:18,2026-09-17,Thursday,Amazon,Amazon,LT-IND,"Loop Tote, Indigo",Indigo,standard,1,260637,260637,0,,113937,374574,39096,0,78000,143541,USD,22.98,16300,Credit card,DHL eCommerce,C002102,new,Sydney,New South Wales,AU,shipped,2026-09-18,,recommended,,,,
INV/20260917/MPL/858330680,2026-09-17 16:29:58,2026-09-17,Thursday,Indonesian marketplace,Tokopedia,LT-GFT,Loop Tote Gift Set,Indigo,gift_set,1,299000,299000,0,,25000,324000,23920,0,128000,147080,IDR,324000,,ShopeePay,AnterAja,C002103,new,Palembang,South Sumatra,ID,completed,2026-09-18,2026-09-21,marketplace_search,,17909503295997091,sku_match,
#LT10749,2026-09-17 16:44:24,2026-09-17,Thursday,Website (Shopify),Website (Shopify),LT-GRN,"Loop Tote, Sea-green",Sea-green,standard,1,189000,189000,0,,32000,221000,0,4000,78000,107000,IDR,221000,,Bank transfer (VA),J&T Express,C002104,new,Bogor,West Java,ID,completed,2026-09-18,2026-09-19,instagram / bio_link,ig_giftset_image,17909503295997091,utm_bio_link,
#LT10750,2026-09-17 17:30:56,2026-09-17,Thursday,Website (Shopify),Website (Shopify),LT-GFT,Loop Tote Gift Set,Sand,gift_set,1,299000,299000,0,,32000,331000,0,4965,128000,166035,IDR,331000,,GoPay,J&T Express,C002105,new,Bandung,West Java,ID,completed,2026-09-18,2026-09-20,instagram / bio_link,ig_giftset_image,17909503295997091,utm_bio_link,
STR-20260917-0002,2026-09-17 18:05:12,2026-09-17,Thursday,Physical store,Bandung store,LT-GRN,"Loop Tote, Sea-green",Sea-green,standard,1,189000,189000,0,,0,189000,0,0,78000,111000,IDR,189000,,Cash,In-store pickup,C002106,new,Bandung,West Java,ID,completed,2026-09-17,2026-09-17,walk-in,,,,
#LT10751,2026-09-17 19:02:13,2026-09-17,Thursday,Website (Shopify),Website (Shopify),LT-GRN,"Loop Tote, Sea-green",Sea-green,standard,1,189000,189000,0,,40000,229000,0,8641,78000,102359,IDR,229000,,Credit card,JNE,C002107,new,Jakarta,DKI Jakarta,ID,completed,2026-09-18,2026-09-19,instagram / bio_link,ig_education_p25,17906998254854499,utm_bio_link,
26091736837720C,2026-09-17 19:36:39,2026-09-17,Thursday,Indonesian marketplace,Shopee,LT-GFT,Loop Tote Gift Set,Sand,gift_set,2,299000,598000,89500,Platform voucher,0,508500,48308,0,256000,204192,IDR,508500,,PayLater,JNE,C002108,new,Karawang,West Java,ID,completed,2026-09-17,2026-09-21,marketplace_search,,17909503295997091,sku_match,
#LT10752,2026-09-17 19:40:48,2026-09-17,Thursday,Website (Shopify),Website (Shopify),LT-GFT,Loop Tote Gift Set,Sand,gift_set,1,299000,299000,0,,0,299000,0,10671,128000,160329,IDR,299000,,Credit card,J&T Express,C002109,new,Jakarta,DKI Jakarta,ID,completed,2026-09-17,2026-09-19,instagram / bio_link,ig_giftset_image,17909503295997091,sku_match,
#LT10753,2026-09-17 20:40:14,2026-09-17,Thursday,Website (Shopify),Website (Shopify),LT-SND,"Loop Tote, Sand",Sand,standard,1,189000,189000,0,,15000,204000,0,7916,78000,103084,IDR,204000,,Credit card,JNE,C001774,returning,Garut,West Java,ID,completed,2026-09-18,2026-09-21,direct,,,,
#LT10754,2026-09-17 21:03:07,2026-09-17,Thursday,Website (Shopify),Website (Shopify),LT-GRN,"Loop Tote, Sea-green",Sea-green,standard,1,189000,189000,9500,NEWSLETTER5,15000,194500,0,1362,78000,100138,IDR,194500,,QRIS,SiCepat,C002110,new,Depok,West Java,ID,completed,2026-09-18,2026-09-21,google / organic,,,,
#LT10755,2026-09-17 21:11:27,2026-09-17,Thursday,Website (Shopify),Website (Shopify),LT-IND,"Loop Tote, Indigo",Indigo,standard,1,189000,189000,0,,25000,214000,0,4000,78000,107000,IDR,214000,,Bank transfer (VA),GoSend/Grab Instant,C002111,new,Bandung,West Java,ID,completed,2026-09-18,2026-09-20,instagram / bio_link,ig_always_on,,,
26091733478093D,2026-09-17 21:38:44,2026-09-17,Thursday,Indonesian marketplace,Shopee,LT-GFT,Loop Tote Gift Set,Indigo,gift_set,1,299000,299000,0,,15000,314000,28405,0,128000,142595,IDR,314000,,ShopeePay,AnterAja,C002112,new,Sukabumi,West Java,ID,completed,2026-09-18,2026-09-20,marketplace_search,,,,
INV/20260917/MPL/684268393,2026-09-17 22:07:17,2026-09-17,Thursday,Indonesian marketplace,Tokopedia,LT-GRN,"Loop Tote, Sea-green",Sea-green,standard,2,189000,378000,38000,Platform voucher,0,340000,27200,0,156000,156800,IDR,340000,,ShopeePay,J&T Express,C002113,new,Tangerang,Banten,ID,completed,2026-09-17,2026-09-19,marketplace_search,,,,
5348187603517680043,2026-09-17 23:33:00,2026-09-17,Thursday,Indonesian marketplace,TikTok Shop,LT-SND,"Loop Tote, Sand",Sand,standard,1,179000,179000,0,,30000,209000,15215,0,78000,85785,IDR,209000,,ShopeePay,JNE,C002114,new,Garut,West Java,ID,completed,2026-09-17,2026-09-21,recommended,,,,
26091845658780B,2026-09-18 07:46:40,2026-09-18,Friday,Indonesian marketplace,Shopee,LT-GFT,Loop Tote Gift Set,Sea-green,gift_set,1,299000,299000,0,,0,299000,0,0,128000,0,IDR,299000,,COD,,C002115,new,Surabaya,East Java,ID,cancelled,,,marketplace_search,,17909503295997091,sku_match,
IG-20260918-0001,2026-09-18 09:01:00,2026-09-18,Friday,Instagram,Instagram (DM/WhatsApp),LT-MIX,"Loop Tote (assorted, bulk)",Assorted,bulk_corporate,67,189000,12663000,1899000,CORPORATE,25000,10789000,0,0,5226000,5538000,IDR,10789000,,Bank transfer (manual),J&T Express,B02121,business,Bandung,West Java,ID,completed,2026-09-19,2026-09-21,dm,ig_b2b_partners_p19,17908838279664940,b2b_post_proximity,
STR-20260918-0001,2026-09-18 11:14:16,2026-09-18,Friday,Physical store,Bandung store,LT-GRN,"Loop Tote, Sea-green",Sea-green,standard,1,189000,189000,0,,0,189000,0,1323,78000,109677,IDR,189000,,QRIS,In-store pickup,C002117,new,Bandung,West Java,ID,completed,2026-09-18,2026-09-18,walk-in,,,,
26091891226668C,2026-09-18 12:44:08,2026-09-18,Friday,Indonesian marketplace,Shopee,LT-GFT,Loop Tote Gift Set,Sea-green,gift_set,1,299000,299000,0,,0,299000,28405,0,128000,142595,IDR,299000,,Alfamart/Indomaret,JNE,C002118,new,Bekasi,West Java,ID,completed,2026-09-19,2026-09-21,recommended,,17909503295997091,sku_match,
5133144599293271127,2026-09-18 13:56:09,2026-09-18,Friday,Indonesian marketplace,TikTok Shop,LT-IND,"Loop Tote, Indigo",Indigo,standard,1,179000,179000,0,,25000,204000,15215,0,78000,85785,IDR,204000,,Alfamart/Indomaret,Shopee Xpress / platform courier,C002119,new,Yogyakarta,DI Yogyakarta,ID,completed,2026-09-18,2026-09-21,marketplace_campaign,,,,
#LT10756,2026-09-18 14:24:14,2026-09-18,Friday,Website (Shopify),Website (Shopify),LT-GRN,"Loop Tote, Sea-green",Sea-green,standard,1,189000,189000,0,,32000,221000,0,1547,78000,109453,IDR,221000,,QRIS,SiCepat,C002120,new,Semarang,Central Java,ID,completed,2026-09-18,2026-09-22,direct,ig_giftset_image,17909503295997091,utm_bio_link,
554793670158602,2026-09-18 14:25:04,2026-09-18,Friday,Indonesian marketplace,Lazada,LT-SND,"Loop Tote, Sand",Sand,standard,2,189000,378000,19000,Platform voucher,30000,389000,30515,0,156000,172485,IDR,389000,,PayLater,SiCepat,C002121,new,Tangerang,Banten,ID,completed,2026-09-18,2026-09-20,marketplace_campaign,,,,
STR-20260918-0002,2026-09-18 16:25:05,2026-09-18,Friday,Physical store,Bandung store,LT-SND,"Loop Tote, Sand",Sand,standard,2,189000,378000,0,,0,378000,0,0,156000,222000,IDR,378000,,Cash,In-store pickup,C002122,new,Bandung,West Java,ID,completed,2026-09-18,2026-09-18,walk-in,,,,
STR-20260918-0003,2026-09-18 18:21:11,2026-09-18,Friday,Physical store,Bandung store,LT-IND,"Loop Tote, Indigo",Indigo,standard,2,189000,378000,0,,0,378000,0,12962,156000,209038,IDR,378000,,Credit card,In-store pickup,C002123,new,Bandung,West Java,ID,completed,2026-09-18,2026-09-18,walk-in,,,,
STR-20260918-0004,2026-09-18 18:32:08,2026-09-18,Friday,Physical store,Bandung store,LT-GFT,Loop Tote Gift Set,Sea-green,gift_set,1,299000,299000,0,,0,299000,0,2990,128000,168010,IDR,299000,,Debit card,In-store pickup,C002124,new,Bandung,West Java,ID,completed,2026-09-18,2026-09-18,walk-in,,17909503295997091,sku_match,
STR-20260918-0005,2026-09-18 18:32:37,2026-09-18,Friday,Physical store,Bandung store,LT-GFT,Loop Tote Gift Set,Indigo,gift_set,1,299000,299000,0,,0,299000,0,10671,128000,160329,IDR,299000,,Credit card,In-store pickup,C002125,new,Bandung,West Java,ID,completed,2026-09-18,2026-09-18,walk-in,,17909503295997091,sku_match,
107845954844153,2026-09-18 20:59:42,2026-09-18,Friday,Indonesian marketplace,Lazada,LT-GRN,"Loop Tote, Sea-green",Sea-green,standard,1,189000,189000,0,,30000,219000,16065,0,78000,94935,IDR,219000,,Credit card,SiCepat,C002126,new,Balikpapan,East Kalimantan,ID,completed,2026-09-19,2026-09-26,marketplace_campaign,,,,
INV/20260918/MPL/569195961,2026-09-18 21:49:02,2026-09-18,Friday,Indonesian marketplace,Tokopedia,LT-GRN,"Loop Tote, Sea-green",Sea-green,standard,1,189000,189000,0,,25000,214000,15120,0,78000,95880,IDR,214000,,PayLater,J&T Express,C002127,new,Batam,Riau Islands,ID,completed,2026-09-19,2026-09-23,marketplace_search,,,,
26091855118577D,2026-09-18 22:07:33,2026-09-18,Friday,Indonesian marketplace,Shopee,LT-SND,"Loop Tote, Sand",Sand,standard,2,189000,378000,0,,0,378000,35910,0,156000,186090,IDR,378000,,Bank transfer (VA),AnterAja,C000551,returning,Karawang,West Java,ID,completed,2026-09-18,2026-09-22,marketplace_campaign,,,,
INV/20260918/MPL/587629592,2026-09-18 22:07:39,2026-09-18,Friday,Indonesian marketplace,Tokopedia,LT-GFT,Loop Tote Gift Set,Indigo,gift_set,1,299000,299000,0,,35000,334000,23920,0,128000,147080,IDR,334000,,Alfamart/Indomaret,J&T Express,C002128,new,Depok,West Java,ID,completed,2026-09-19,2026-09-20,shop_page,,17909503295997091,sku_match,
INV/20260918/MPL/615892435,2026-09-18 22:25:54,2026-09-18,Friday,Indonesian marketplace,Tokopedia,LT-GRN,"Loop Tote, Sea-green",Sea-green,standard,1,189000,189000,0,,25000,214000,15120,0,78000,95880,IDR,214000,,Bank transfer (VA),J&T Express,C000162,returning,Banjarmasin,South Kalimantan,ID,completed,2026-09-18,2026-09-25,recommended,,,,
INV/20260918/MPL/199897040,2026-09-18 23:02:15,2026-09-18,Friday,Indonesian marketplace,Tokopedia,LT-GRN,"Loop Tote, Sea-green",Sea-green,standard,1,189000,189000,19000,Platform voucher,30000,200000,13600,0,78000,78400,IDR,200000,,Alfamart/Indomaret,JNE,C002129,new,Surabaya,East Java,ID,completed,2026-09-18,2026-09-20,marketplace_search,,,,
26091817819249E,2026-09-18 23:33:55,2026-09-18,Friday,Indonesian marketplace,Shopee,LT-SND,"Loop Tote, Sand",Sand,standard,4,189000,756000,0,,35000,791000,71820,0,312000,372180,IDR,791000,,ShopeePay,J&T Express,C002130,new,Sukabumi,West Java,ID,completed,2026-09-18,2026-09-22,shop_page,,,,
26091963797653B,2026-09-19 01:11:28,2026-09-19,Saturday,Indonesian marketplace,Shopee,LT-IND,"Loop Tote, Indigo",Indigo,standard,1,189000,189000,0,,25000,214000,17955,0,78000,93045,IDR,214000,,ShopeePay,JNE,C002131,new,Bekasi,West Java,ID,completed,2026-09-19,2026-09-21,recommended,,,,
#LT10757,2026-09-19 10:21:37,2026-09-19,Saturday,Website (Shopify),Website (Shopify),LT-GFT,Loop Tote Gift Set,Sea-green,gift_set,1,299000,299000,0,,32000,331000,0,4965,128000,166035,IDR,331000,,OVO,JNE,C002132,new,Malang,East Java,ID,completed,2026-09-20,2026-09-22,direct,,,,
IG-20260919-0001,2026-09-19 10:51:56,2026-09-19,Saturday,Instagram,Instagram (DM/WhatsApp),LT-SND,"Loop Tote, Sand",Sand,standard,1,189000,189000,0,,0,189000,0,0,78000,111000,IDR,189000,,Bank transfer (manual),GoSend/Grab Instant,C002133,new,Bekasi,West Java,ID,completed,2026-09-19,2026-09-20,dm,ig_picker_stories_p26,17903369297646473,dm_time_proximity,
#LT10758,2026-09-19 11:22:05,2026-09-19,Saturday,Website (Shopify),Website (Shopify),LT-GRN,"Loop Tote, Sea-green",Sea-green,standard,2,189000,378000,0,,0,378000,0,2646,156000,-27646,IDR,378000,,QRIS,SiCepat,C002134,new,Bandar Lampung,Lampung,ID,returned,2026-09-19,2026-09-22,instagram / bio_link,ig_picker_stories_p26,17903369297646473,utm_bio_link,
STR-20260919-0001,2026-09-19 12:37:23,2026-09-19,Saturday,Physical store,Bandung store,LT-IND,"Loop Tote, Indigo",Indigo,standard,1,189000,189000,0,,0,189000,0,1323,78000,109677,IDR,189000,,QRIS,In-store pickup,C002135,new,Bandung,West Java,ID,completed,2026-09-19,2026-09-19,walk-in,,,,
STR-20260919-0002,2026-09-19 12:38:35,2026-09-19,Saturday,Physical store,Bandung store,LT-IND,"Loop Tote, Indigo",Indigo,standard,2,189000,378000,0,,0,378000,0,2646,156000,219354,IDR,378000,,QRIS,In-store pickup,C002136,new,Bandung,West Java,ID,completed,2026-09-19,2026-09-19,walk-in,,,,
26091948880436C,2026-09-19 12:53:56,2026-09-19,Saturday,Indonesian marketplace,Shopee,LT-GFT,Loop Tote Gift Set,Indigo,gift_set,1,299000,299000,0,,30000,329000,28405,0,128000,142595,IDR,329000,,Alfamart/Indomaret,SiCepat,C002137,new,Surabaya,East Java,ID,completed,2026-09-19,2026-09-23,recommended,,17909503295997091,sku_match,
26091949681906D,2026-09-19 14:24:17,2026-09-19,Saturday,Indonesian marketplace,Shopee,LT-GRN,"Loop Tote, Sea-green",Sea-green,standard,1,189000,189000,19000,Platform voucher,30000,200000,16150,0,78000,75850,IDR,200000,,ShopeePay,JNE,C002138,new,Bandung,West Java,ID,completed,2026-09-20,2026-09-22,marketplace_campaign,,,,
IG-20260919-0002,2026-09-19 16:41:56,2026-09-19,Saturday,Instagram,Instagram (DM/WhatsApp),LT-GFT,Loop Tote Gift Set,Sand,gift_set,1,299000,299000,15000,IGDM5,18000,302000,0,10758,128000,145242,IDR,302000,,Credit card,J&T Express,C002139,new,Jakarta,DKI Jakarta,ID,completed,2026-09-20,2026-09-22,dm,,,,
STR-20260919-0003,2026-09-19 17:18:39,2026-09-19,Saturday,Physical store,Bandung store,LT-IND,"Loop Tote, Indigo",Indigo,standard,1,189000,189000,0,,0,189000,0,7481,78000,103519,IDR,189000,,Credit card,In-store pickup,C002140,new,Bandung,West Java,ID,completed,2026-09-19,2026-09-19,walk-in,,,,
INV/20260919/MPL/142875210,2026-09-19 17:53:05,2026-09-19,Saturday,Indonesian marketplace,Tokopedia,LT-IND,"Loop Tote, Indigo",Indigo,standard,1,189000,189000,0,,25000,214000,15120,0,78000,95880,IDR,214000,,ShopeePay,JNE,C002141,new,Banjarmasin,South Kalimantan,ID,completed,2026-09-20,2026-09-23,marketplace_campaign,,,,
STR-20260919-0004,2026-09-19 18:31:56,2026-09-19,Saturday,Physical store,Bandung store,LT-IND,"Loop Tote, Indigo",Indigo,standard,1,189000,189000,0,,0,189000,0,0,78000,111000,IDR,189000,,Cash,In-store pickup,C002142,new,Bandung,West Java,ID,completed,2026-09-19,2026-09-19,walk-in,,,,
5645460410543683258,2026-09-19 18:42:08,2026-09-19,Saturday,Indonesian marketplace,TikTok Shop,LT-GRN,"Loop Tote, Sea-green",Sea-green,standard,1,179000,179000,0,,15000,194000,15215,0,78000,-40215,IDR,194000,,PayLater,AnterAja,C002143,new,Tangerang,Banten,ID,returned,2026-09-20,2026-09-21,marketplace_search,,,,
STR-20260919-0005,2026-09-19 18:55:56,2026-09-19,Saturday,Physical store,Bandung store,LT-GRN,"Loop Tote, Sea-green",Sea-green,standard,2,189000,378000,0,,0,378000,0,2646,156000,219354,IDR,378000,,QRIS,In-store pickup,C002081,returning,Bandung,West Java,ID,completed,2026-09-19,2026-09-19,walk-in,,,,
STR-20260919-0006,2026-09-19 18:57:18,2026-09-19,Saturday,Physical store,Bandung store,LT-SND,"Loop Tote, Sand",Sand,standard,1,189000,189000,0,,0,189000,0,1890,78000,109110,IDR,189000,,Debit card,In-store pickup,C002144,new,Bandung,West Java,ID,completed,2026-09-19,2026-09-19,walk-in,,,,
5636388166312174661,2026-09-19 19:05:37,2026-09-19,Saturday,Indonesian marketplace,TikTok Shop,LT-GRN,"Loop Tote, Sea-green",Sea-green,standard,1,179000,179000,0,,25000,204000,15215,0,78000,85785,IDR,204000,,Bank transfer (VA),J&T Express,C002145,new,Batam,Riau Islands,ID,completed,2026-09-19,2026-09-26,marketplace_search,,,,
26091993147886E,2026-09-19 20:39:59,2026-09-19,Saturday,Indonesian marketplace,Shopee,LT-GRN,"Loop Tote, Sea-green",Sea-green,standard,4,189000,756000,0,,20000,776000,71820,0,312000,372180,IDR,776000,,Bank transfer (VA),J&T Express,C002146,new,Sukabumi,West Java,ID,completed,2026-09-19,2026-09-21,marketplace_search,,,,
113-8549823-3487451,2026-09-19 20:50:11,2026-09-19,Saturday,Amazon,Amazon,LT-IND,"Loop Tote, Indigo",Indigo,standard,1,260637,260637,0,,113937,374574,39096,0,78000,143541,USD,22.98,16300,Credit card,DHL eCommerce,C002147,new,Los Angeles,California,US,completed,2026-09-19,2026-09-28,shop_page,,,,
#LT10759,2026-09-19 21:17:35,2026-09-19,Saturday,Website (Shopify),Website (Shopify),LT-GFT,Loop Tote Gift Set,Indigo,gift_set,1,299000,299000,0,,40000,339000,0,11831,128000,159169,IDR,339000,,Credit card,GoSend/Grab Instant,C002148,new,Denpasar,Bali,ID,completed,2026-09-20,2026-09-27,whatsapp,,,,
INV/20260919/MPL/185735038,2026-09-19 22:24:04,2026-09-19,Saturday,Indonesian marketplace,Tokopedia,LT-GFT,Loop Tote Gift Set,Sand,gift_set,1,299000,299000,24000,Platform voucher,20000,295000,22000,0,128000,125000,IDR,295000,,ShopeePay,SiCepat,C002149,new,Jakarta,DKI Jakarta,ID,completed,2026-09-19,2026-09-20,recommended,,17909503295997091,sku_match,
#LT10760,2026-09-19 22:59:14,2026-09-19,Saturday,Website (Shopify),Website (Shopify),LT-IND,"Loop Tote, Indigo",Indigo,standard,1,189000,189000,0,,15000,204000,0,7916,78000,103084,IDR,204000,,Credit card,GoSend/Grab Instant,C002150,new,Denpasar,Bali,ID,completed,2026-09-20,2026-09-27,direct,,,,
5940622853041820982,2026-09-20 08:20:48,2026-09-20,Sunday,Indonesian marketplace,TikTok Shop,LT-GRN,"Loop Tote, Sea-green",Sea-green,standard,3,179000,537000,0,,0,537000,45645,0,234000,257355,IDR,537000,,QRIS,AnterAja,C002151,new,Jakarta,DKI Jakarta,ID,completed,2026-09-20,2026-09-21,marketplace_search,,,,
INV/20260920/MPL/305478873,2026-09-20 08:37:08,2026-09-20,Sunday,Indonesian marketplace,Tokopedia,LT-IND,"Loop Tote, Indigo",Indigo,standard,1,189000,189000,0,,0,189000,15120,0,78000,95880,IDR,189000,,Bank transfer (VA),JNE,C002152,new,Surabaya,East Java,ID,completed,2026-09-21,2026-09-25,marketplace_campaign,,,,
139347571524550,2026-09-20 08:53:20,2026-09-20,Sunday,Indonesian marketplace,Lazada,LT-IND,"Loop Tote, Indigo",Indigo,standard,3,189000,567000,45500,Platform voucher,0,521500,44328,0,234000,243172,IDR,521500,,Credit card,Shopee Xpress / platform courier,C002153,new,Malang,East Java,ID,completed,2026-09-21,2026-09-23,marketplace_search,,,,
26092023987050B,2026-09-20 11:06:49,2026-09-20,Sunday,Indonesian marketplace,Shopee,LT-GRN,"Loop Tote, Sea-green",Sea-green,standard,1,189000,189000,0,,0,189000,17955,0,78000,93045,IDR,189000,,ShopeePay,AnterAja,C002154,new,Tangerang,Banten,ID,completed,2026-09-21,2026-09-22,recommended,,,,
26092063292901C,2026-09-20 11:56:49,2026-09-20,Sunday,Indonesian marketplace,Shopee,LT-GRN,"Loop Tote, Sea-green",Sea-green,standard,2,189000,378000,0,,20000,398000,35910,0,156000,186090,IDR,398000,,COD,SiCepat,C002155,new,Surabaya,East Java,ID,completed,2026-09-20,2026-09-23,recommended,,,,
#LT10761,2026-09-20 13:05:16,2026-09-20,Sunday,Website (Shopify),Website (Shopify),LT-GFT,Loop Tote Gift Set,Sea-green,gift_set,1,299000,299000,0,,18000,317000,0,2219,128000,-27219,IDR,317000,,QRIS,J&T Express,C002156,new,Bandung,West Java,ID,returned,2026-09-20,2026-09-21,direct,,,,
IG-20260920-0001,2026-09-20 15:29:38,2026-09-20,Sunday,Instagram,Instagram (DM/WhatsApp),LT-GFT,Loop Tote Gift Set,Indigo,gift_set,1,299000,299000,0,,25000,324000,0,0,128000,171000,IDR,324000,,Bank transfer (manual),GoSend/Grab Instant,C002157,new,Jakarta,DKI Jakarta,ID,completed,2026-09-21,2026-09-22,dm,ig_giftset_image,17909503295997091,sku_match,
IG-20260920-0002,2026-09-20 16:06:15,2026-09-20,Sunday,Instagram,Instagram (DM/WhatsApp),LT-GRN,"Loop Tote, Sea-green",Sea-green,standard,2,189000,378000,0,,15000,393000,0,0,156000,222000,IDR,393000,,Bank transfer (manual),J&T Express,C002158,new,Subang,West Java,ID,completed,2026-09-21,2026-09-25,story_reply,,,,
113-6365353-7964097,2026-09-20 16:36:00,2026-09-20,Sunday,Amazon,Amazon,LT-GRN,"Loop Tote, Sea-green",Sea-green,standard,1,260637,260637,0,,113937,374574,39096,0,78000,143541,USD,22.98,16300,Credit card,DHL eCommerce,C002159,new,Sydney,New South Wales,AU,shipped,2026-09-21,,marketplace_search,,,,
26092053624574D,2026-09-20 17:37:24,2026-09-20,Sunday,Indonesian marketplace,Shopee,LT-IND,"Loop Tote, Indigo",Indigo,standard,1,189000,189000,0,,12000,201000,17955,0,78000,93045,IDR,201000,,ShopeePay,SiCepat,C002160,new,Tangerang,Banten,ID,completed,2026-09-20,2026-09-21,marketplace_search,,,,
#LT10762,2026-09-20 18:34:55,2026-09-20,Sunday,Website (Shopify),Website (Shopify),LT-GRN,"Loop Tote, Sea-green",Sea-green,standard,1,189000,189000,0,,0,189000,0,1323,78000,109677,IDR,189000,,QRIS,JNE,C002161,new,Cirebon,West Java,ID,completed,2026-09-20,2026-09-22,instagram / bio_link,ig_always_on,,,
26092060305183E,2026-09-20 18:51:42,2026-09-20,Sunday,Indonesian marketplace,Shopee,LT-GRN,"Loop Tote, Sea-green",Sea-green,standard,1,189000,189000,0,,30000,219000,17955,0,78000,93045,IDR,219000,,QRIS,JNE,C002162,new,Surabaya,East Java,ID,completed,2026-09-20,2026-09-24,marketplace_search,,,,
IG-20260920-0003,2026-09-20 19:17:57,2026-09-20,Sunday,Instagram,Instagram (DM/WhatsApp),LT-GRN,"Loop Tote, Sea-green",Sea-green,standard,1,189000,189000,0,,25000,214000,0,0,78000,111000,IDR,214000,,Bank transfer (manual),JNE,C002163,new,Tangerang,Banten,ID,completed,2026-09-21,2026-09-22,dm,,,,
5933382851890166284,2026-09-20 19:24:40,2026-09-20,Sunday,Indonesian marketplace,TikTok Shop,LT-GRN,"Loop Tote, Sea-green",Sea-green,standard,1,179000,179000,18000,Platform voucher,25000,186000,0,0,78000,0,IDR,186000,,COD,,C002164,new,Bekasi,West Java,ID,cancelled,,,marketplace_search,,,,
INV/20260920/MPL/351969665,2026-09-20 19:42:14,2026-09-20,Sunday,Indonesian marketplace,Tokopedia,LT-IND,"Loop Tote, Indigo",Indigo,standard,1,189000,189000,0,,20000,209000,15120,0,78000,95880,IDR,209000,,ShopeePay,JNE,C002165,new,Bandung,West Java,ID,completed,2026-09-21,2026-09-22,marketplace_search,,,,
STR-20260920-0001,2026-09-20 19:52:08,2026-09-20,Sunday,Physical store,Bandung store,LT-IND,"Loop Tote, Indigo",Indigo,standard,2,189000,378000,0,,0,378000,0,0,156000,222000,IDR,378000,,Cash,In-store pickup,C002166,new,Bandung,West Java,ID,completed,2026-09-20,2026-09-20,walk-in,,,,
#LT10763,2026-09-20 20:09:22,2026-09-20,Sunday,Website (Shopify),Website (Shopify),LT-GFT,Loop Tote Gift Set,Sea-green,gift_set,1,299000,299000,0,,15000,314000,0,0,128000,0,IDR,314000,,QRIS,,C002167,new,Pekanbaru,Riau,ID,cancelled,,,whatsapp,,,,
#LT10764,2026-09-20 20:47:42,2026-09-20,Sunday,Website (Shopify),Website (Shopify),LT-SND,"Loop Tote, Sand",Sand,standard,2,189000,378000,0,,0,378000,0,5670,156000,216330,IDR,378000,,GoPay,SiCepat,C002168,new,Bekasi,West Java,ID,completed,2026-09-20,2026-09-23,direct,,,,
26092082435646F,2026-09-20 20:48:09,2026-09-20,Sunday,Indonesian marketplace,Shopee,LT-GRN,"Loop Tote, Sea-green",Sea-green,standard,1,189000,189000,19000,Platform voucher,25000,195000,16150,0,78000,75850,IDR,195000,,ShopeePay,AnterAja,C002169,new,Tangerang,Banten,ID,completed,2026-09-21,2026-09-23,recommended,,,,
IG-20260920-0004,2026-09-20 21:13:11,2026-09-20,Sunday,Instagram,Instagram (DM/WhatsApp),LT-GRN,"Loop Tote, Sea-green",Sea-green,standard,1,189000,189000,0,,18000,207000,0,3105,78000,-28105,IDR,207000,,GoPay/OVO,J&T Express,C001652,returning,Cirebon,West Java,ID,returned,2026-09-20,2026-09-22,dm,,,,
26092124353319B,2026-09-21 00:00:29,2026-09-21,Monday,Indonesian marketplace,Shopee,LT-SND,"Loop Tote, Sand",Sand,standard,1,189000,189000,0,,0,189000,17955,0,78000,93045,IDR,189000,,PayLater,Shopee Xpress / platform courier,C002170,new,Padang,West Sumatra,ID,completed,2026-09-21,2026-09-28,marketplace_campaign,,,,
IG-20260921-0001,2026-09-21 10:04:32,2026-09-21,Monday,Instagram,Instagram (DM/WhatsApp),LT-GRN,"Loop Tote, Sea-green",Sea-green,standard,1,189000,189000,0,,18000,207000,0,0,78000,111000,IDR,207000,,Bank transfer (manual),SiCepat,C002171,new,Tangerang,Banten,ID,completed,2026-09-21,2026-09-23,story_reply,,,,
STR-20260921-0001,2026-09-21 10:31:52,2026-09-21,Monday,Physical store,Bandung store,LT-GFT,Loop Tote Gift Set,Sea-green,gift_set,1,299000,299000,0,,0,299000,0,2093,128000,168907,IDR,299000,,QRIS,In-store pickup,C002172,new,Bandung,West Java,ID,completed,2026-09-21,2026-09-21,walk-in,,17909503295997091,sku_match,
594300305263985,2026-09-21 10:55:25,2026-09-21,Monday,Indonesian marketplace,Lazada,LT-SND,"Loop Tote, Sand",Sand,standard,1,189000,189000,19000,Platform voucher,12000,182000,14450,0,78000,77550,IDR,182000,,Bank transfer (VA),AnterAja,C002173,new,Jakarta,DKI Jakarta,ID,completed,2026-09-21,2026-09-24,marketplace_search,,,,
STR-20260921-0002,2026-09-21 11:18:28,2026-09-21,Monday,Physical store,Bandung store,LT-GRN,"Loop Tote, Sea-green",Sea-green,standard,1,189000,189000,0,,0,189000,0,1323,78000,109677,IDR,189000,,QRIS,In-store pickup,C002174,new,Bandung,West Java,ID,completed,2026-09-21,2026-09-21,walk-in,,,,
IG-20260921-0002,2026-09-21 12:28:23,2026-09-21,Monday,Instagram,Instagram (DM/WhatsApp),LT-GFT,Loop Tote Gift Set,Sea-green,gift_set,1,299000,299000,0,,18000,317000,0,2219,128000,168781,IDR,317000,,QRIS,GoSend/Grab Instant,C002175,new,Depok,West Java,ID,completed,2026-09-21,2026-09-24,whatsapp_click,ig_giftset_image,17909503295997091,sku_match,
IG-20260921-0003,2026-09-21 12:43:54,2026-09-21,Monday,Instagram,Instagram (DM/WhatsApp),LT-GFT,Loop Tote Gift Set,Sea-green,gift_set,1,299000,299000,0,,32000,331000,0,0,128000,171000,IDR,331000,,Bank transfer (manual),J&T Express,C001736,returning,Bogor,West Java,ID,completed,2026-09-22,2026-09-23,dm,ig_giftset_image,17909503295997091,sku_match,
26092123520264C,2026-09-21 12:56:08,2026-09-21,Monday,Indonesian marketplace,Shopee,LT-SND,"Loop Tote, Sand",Sand,standard,1,189000,189000,0,,25000,214000,17955,0,78000,93045,IDR,214000,,Bank transfer (VA),SiCepat,C002176,new,Yogyakarta,DI Yogyakarta,ID,completed,2026-09-21,2026-09-25,marketplace_campaign,,,,
#LT10765,2026-09-21 15:04:18,2026-09-21,Monday,Website (Shopify),Website (Shopify),LT-GRN,"Loop Tote, Sea-green",Sea-green,standard,1,189000,189000,0,,0,189000,0,4000,78000,107000,IDR,189000,,Bank transfer (VA),GoSend/Grab Instant,C002177,new,South Tangerang,Banten,ID,completed,2026-09-21,2026-09-23,direct,,,,
#LT10766,2026-09-21 15:05:58,2026-09-21,Monday,Website (Shopify),Website (Shopify),LT-GRN,"Loop Tote, Sea-green",Sea-green,standard,1,189000,189000,0,,40000,229000,0,3435,78000,107565,IDR,229000,,GoPay,SiCepat,C002178,new,Jakarta,DKI Jakarta,ID,completed,2026-09-22,2026-09-23,google / organic,,,,
STR-20260921-0003,2026-09-21 15:22:32,2026-09-21,Monday,Physical store,Bandung store,LT-GFT,Loop Tote Gift Set,Sea-green,gift_set,1,299000,299000,0,,0,299000,0,10671,128000,160329,IDR,299000,,Credit card,In-store pickup,C002179,new,Bandung,West Java,ID,completed,2026-09-21,2026-09-21,walk-in,,17909503295997091,sku_match,
#LT10767,2026-09-21 15:24:07,2026-09-21,Monday,Website (Shopify),Website (Shopify),LT-GRN,"Loop Tote, Sea-green",Sea-green,standard,1,189000,189000,0,,32000,221000,0,4000,78000,107000,IDR,221000,,Bank transfer (VA),J&T Express,C002180,new,Depok,West Java,ID,completed,2026-09-22,2026-09-24,direct,,,,
INV/20260921/MPL/257594274,2026-09-21 15:50:11,2026-09-21,Monday,Indonesian marketplace,Tokopedia,LT-SND,"Loop Tote, Sand",Sand,standard,1,189000,189000,0,,15000,204000,15120,0,78000,95880,IDR,204000,,Bank transfer (VA),AnterAja,C002181,new,Palembang,South Sumatra,ID,completed,2026-09-22,2026-09-28,marketplace_search,,,,
26092137078581D,2026-09-21 16:25:58,2026-09-21,Monday,Indonesian marketplace,Shopee,LT-SND,"Loop Tote, Sand",Sand,standard,1,189000,189000,0,,20000,209000,17955,0,78000,93045,IDR,209000,,Bank transfer (VA),J&T Express,C002182,new,Bekasi,West Java,ID,completed,2026-09-22,2026-09-25,marketplace_search,,,,
STR-20260921-0004,2026-09-21 16:32:41,2026-09-21,Monday,Physical store,Bandung store,LT-IND,"Loop Tote, Indigo",Indigo,standard,1,189000,189000,0,,0,189000,0,1890,78000,109110,IDR,189000,,Debit card,In-store pickup,C002183,new,Bandung,West Java,ID,completed,2026-09-21,2026-09-21,walk-in,,,,
5466091558198555546,2026-09-21 17:39:06,2026-09-21,Monday,Indonesian marketplace,TikTok Shop,LT-IND,"Loop Tote, Indigo",Indigo,standard,1,179000,179000,0,,20000,199000,15215,0,78000,85785,IDR,199000,,ShopeePay,J&T Express,C002184,new,Manado,North Sulawesi,ID,completed,2026-09-22,2026-09-26,marketplace_campaign,,,,
BLI-20260921-310227,2026-09-21 17:47:51,2026-09-21,Monday,Indonesian marketplace,Blibli,LT-IND,"Loop Tote, Indigo",Indigo,standard,1,189000,189000,19000,Platform voucher,15000,185000,13600,0,78000,78400,IDR,185000,,Bank transfer (VA),J&T Express,C002185,new,Denpasar,Bali,ID,completed,2026-09-22,2026-09-25,marketplace_search,,,,
IG-20260921-0004,2026-09-21 20:03:51,2026-09-21,Monday,Instagram,Instagram (DM/WhatsApp),LT-GRN,"Loop Tote, Sea-green",Sea-green,standard,1,189000,189000,0,,40000,229000,0,1603,78000,109397,IDR,229000,,QRIS,JNE,C002186,new,Karawang,West Java,ID,completed,2026-09-21,2026-09-25,dm,,,,
#LT10768,2026-09-21 21:09:48,2026-09-21,Monday,Website (Shopify),Website (Shopify),LT-GFT,Loop Tote Gift Set,Sea-green,gift_set,1,299000,299000,0,,32000,331000,0,4000,128000,167000,IDR,331000,,Bank transfer (VA),J&T Express,C002187,new,Pekanbaru,Riau,ID,completed,2026-09-21,2026-09-28,google / organic,,,,
#LT10769,2026-09-21 22:09:42,2026-09-21,Monday,Website (Shopify),Website (Shopify),LT-GFT,Loop Tote Gift Set,Sand,gift_set,1,299000,299000,0,,25000,324000,0,4860,128000,166140,IDR,324000,,GoPay,JNE,C002188,new,Surabaya,East Java,ID,completed,2026-09-22,2026-09-26,instagram / bio_link,ig_giftset_image,17909503295997091,sku_match,
#LT10770,2026-09-21 22:52:30,2026-09-21,Monday,Website (Shopify),Website (Shopify),LT-GRN,"Loop Tote, Sea-green",Sea-green,standard,1,189000,189000,0,,18000,207000,0,1449,78000,109551,IDR,207000,,QRIS,JNE,C002189,new,Bogor,West Java,ID,completed,2026-09-22,2026-09-24,instagram / bio_link,ig_always_on,,,
5359906038847810623,2026-09-22 08:21:20,2026-09-22,Tuesday,Indonesian marketplace,TikTok Shop,LT-IND,"Loop Tote, Indigo",Indigo,standard,1,179000,179000,18000,Platform voucher,35000,196000,13685,0,78000,69315,IDR,196000,,COD,AnterAja,C002190,new,Pekanbaru,Riau,ID,completed,2026-09-22,2026-09-25,shop_page,,,,
26092275916656B,2026-09-22 09:01:06,2026-09-22,Tuesday,Indonesian marketplace,Shopee,LT-GRN,"Loop Tote, Sea-green",Sea-green,standard,1,189000,189000,0,,35000,224000,17955,0,78000,93045,IDR,224000,,ShopeePay,J&T Express,C002191,new,Malang,East Java,ID,completed,2026-09-23,2026-09-26,marketplace_search,,,,
113-6789036-3542272,2026-09-22 09:58:54,2026-09-22,Tuesday,Amazon,Amazon,LT-IND,"Loop Tote, Indigo",Indigo,standard,1,260637,260637,0,,113937,374574,39096,0,78000,143541,USD,22.98,16300,Credit card,DHL eCommerce,C002192,new,Los Angeles,California,US,shipped,2026-09-23,,marketplace_search,,,,
5631886173864007352,2026-09-22 10:54:30,2026-09-22,Tuesday,Indonesian marketplace,TikTok Shop,LT-IND,"Loop Tote, Indigo",Indigo,standard,1,179000,179000,0,,20000,199000,15215,0,78000,85785,IDR,199000,,Bank transfer (VA),AnterAja,C002193,new,Karawang,West Java,ID,completed,2026-09-22,2026-09-25,marketplace_search,,,,
IG-20260922-0001,2026-09-22 11:33:16,2026-09-22,Tuesday,Instagram,Instagram (DM/WhatsApp),LT-GFT,Loop Tote Gift Set,Sea-green,gift_set,1,299000,299000,15000,IGDM5,18000,302000,0,2114,128000,153886,IDR,302000,,QRIS,JNE,C002194,new,Depok,West Java,ID,completed,2026-09-22,2026-09-24,story_reply,,,,
INV/20260922/MPL/268290039,2026-09-22 13:48:59,2026-09-22,Tuesday,Indonesian marketplace,Tokopedia,LT-GRN,"Loop Tote, Sea-green",Sea-green,standard,1,189000,189000,0,,30000,219000,15120,0,78000,95880,IDR,219000,,ShopeePay,JNE,C002195,new,Depok,West Java,ID,completed,2026-09-22,2026-09-25,recommended,,,,
#LT10771,2026-09-22 14:23:00,2026-09-22,Tuesday,Website (Shopify),Website (Shopify),LT-MIX,"Loop Tote (assorted, bulk)",Assorted,bulk_corporate,71,189000,13419000,1342000,CORPORATE,0,12077000,0,84539,5538000,6454461,IDR,12077000,,QRIS,GoSend/Grab Instant,B02201,business,Jakarta,DKI Jakarta,ID,completed,2026-09-23,2026-09-24,direct,,,,
INV/20260922/MPL/792434100,2026-09-22 14:34:44,2026-09-22,Tuesday,Indonesian marketplace,Tokopedia,LT-GRN,"Loop Tote, Sea-green",Sea-green,standard,1,189000,189000,0,,20000,209000,15120,0,78000,95880,IDR,209000,,ShopeePay,Shopee Xpress / platform courier,C000895,returning,Surabaya,East Java,ID,completed,2026-09-22,2026-09-24,shop_page,,,,
BLI-20260922-993192,2026-09-22 17:25:48,2026-09-22,Tuesday,Indonesian marketplace,Blibli,LT-IND,"Loop Tote, Indigo",Indigo,standard,2,189000,378000,19000,Platform voucher,12000,371000,28720,0,156000,-53720,IDR,371000,,PayLater,Shopee Xpress / platform courier,C002197,new,Tangerang,Banten,ID,returned,2026-09-22,2026-09-24,marketplace_search,,,,
#LT10772,2026-09-22 18:32:02,2026-09-22,Tuesday,Website (Shopify),Website (Shopify),LT-IND,"Loop Tote, Indigo",Indigo,standard,1,189000,189000,0,,18000,207000,0,8003,78000,102997,IDR,207000,,Credit card,SiCepat,C002198,new,Cimahi,West Java,ID,completed,2026-09-22,2026-09-23,direct,,,,
26092253755704C,2026-09-22 20:06:14,2026-09-22,Tuesday,Indonesian marketplace,Shopee,LT-SND,"Loop Tote, Sand",Sand,standard,1,189000,189000,0,,15000,204000,17955,0,78000,93045,IDR,204000,,COD,JNE,C002199,new,Depok,West Java,ID,completed,2026-09-22,2026-09-23,marketplace_search,,,,
113-1254960-9038347,2026-09-22 20:25:30,2026-09-22,Tuesday,Amazon,Amazon,LT-IND,"Loop Tote, Indigo",Indigo,standard,1,260637,260637,0,,113937,374574,39096,0,78000,143541,USD,22.98,16300,Credit card,DHL eCommerce,C002200,new,New York,New York,US,shipped,2026-09-23,,shop_page,,,,
INV/20260922/MPL/363019838,2026-09-22 21:24:48,2026-09-22,Tuesday,Indonesian marketplace,Tokopedia,LT-IND,"Loop Tote, Indigo",Indigo,standard,1,189000,189000,0,,12000,201000,15120,0,78000,95880,IDR,201000,,Bank transfer (VA),J&T Express,C002201,new,Balikpapan,East Kalimantan,ID,completed,2026-09-23,2026-09-26,marketplace_campaign,,,,
26092292773903D,2026-09-22 22:33:22,2026-09-22,Tuesday,Indonesian marketplace,Shopee,LT-SND,"Loop Tote, Sand",Sand,standard,1,189000,189000,0,,0,189000,17955,0,78000,93045,IDR,189000,,PayLater,JNE,C002202,new,Tangerang,Banten,ID,completed,2026-09-23,2026-09-25,marketplace_campaign,,,,
IG-20260922-0002,2026-09-22 22:43:04,2026-09-22,Tuesday,Instagram,Instagram (DM/WhatsApp),LT-GFT,Loop Tote Gift Set,Sand,gift_set,2,299000,598000,0,,18000,616000,0,0,256000,342000,IDR,616000,,Bank transfer (manual),GoSend/Grab Instant,C002203,new,Sukabumi,West Java,ID,completed,2026-09-23,2026-09-26,dm,ig_giftset_image,17909503295997091,sku_match,
#LT10773,2026-09-22 23:46:51,2026-09-22,Tuesday,Website (Shopify),Website (Shopify),LT-SND,"Loop Tote, Sand",Sand,standard,1,189000,189000,0,,0,189000,0,4000,78000,107000,IDR,189000,,Bank transfer (VA),GoSend/Grab Instant,C002204,new,Karawang,West Java,ID,completed,2026-09-22,2026-09-25,instagram / bio_link,ig_always_on,,,
IG-20260923-0001,2026-09-23 06:09:20,2026-09-23,Wednesday,Instagram,Instagram (DM/WhatsApp),LT-GFT,Loop Tote Gift Set,Sea-green,gift_set,1,299000,299000,0,,32000,331000,0,0,128000,171000,IDR,331000,,Bank transfer (manual),GoSend/Grab Instant,C002205,new,Jakarta,DKI Jakarta,ID,completed,2026-09-23,2026-09-24,dm,,,,
26092344201722B,2026-09-23 09:32:09,2026-09-23,Wednesday,Indonesian marketplace,Shopee,LT-GRN,"Loop Tote, Sea-green",Sea-green,standard,1,189000,189000,0,,0,189000,17955,0,78000,-42955,IDR,189000,,ShopeePay,Shopee Xpress / platform courier,C002206,new,Subang,West Java,ID,returned,2026-09-23,2026-09-26,marketplace_search,,,,
#LT10774,2026-09-23 10:00:20,2026-09-23,Wednesday,Website (Shopify),Website (Shopify),LT-GFT,Loop Tote Gift Set,Sea-green,gift_set,1,299000,299000,30000,THANKS10K,15000,284000,0,1988,128000,139012,IDR,284000,,QRIS,GoSend/Grab Instant,C002207,new,Banjarmasin,South Kalimantan,ID,shipped,2026-09-24,,instagram / bio_link,ig_milestone_reel,17908880999865633,sku_match,
IG-20260923-0002,2026-09-23 10:09:16,2026-09-23,Wednesday,Instagram,Instagram (DM/WhatsApp),LT-GFT,Loop Tote Gift Set,Sea-green,gift_set,1,299000,299000,0,,0,299000,0,0,128000,171000,IDR,299000,,Bank transfer (manual),GoSend/Grab Instant,C002208,new,Yogyakarta,DI Yogyakarta,ID,completed,2026-09-24,2026-09-27,dm,ig_milestone_reel,17908880999865633,sku_match,
IG-20260923-0003,2026-09-23 10:13:39,2026-09-23,Wednesday,Instagram,Instagram (DM/WhatsApp),LT-IND,"Loop Tote, Indigo",Indigo,standard,1,189000,189000,0,,40000,229000,0,0,78000,111000,IDR,229000,,Bank transfer (manual),JNE,C002209,new,Cimahi,West Java,ID,completed,2026-09-23,2026-09-24,comment,ig_milestone_reel,17908880999865633,dm_entry_comment,
INV/20260923/MPL/774209816,2026-09-23 10:39:08,2026-09-23,Wednesday,Indonesian marketplace,Tokopedia,LT-SND,"Loop Tote, Sand",Sand,standard,2,189000,378000,0,,35000,413000,30240,0,156000,191760,IDR,413000,,ShopeePay,Shopee Xpress / platform courier,C001906,returning,Surabaya,East Java,ID,completed,2026-09-24,2026-09-26,marketplace_search,,,,
#LT10775,2026-09-23 10:57:19,2026-09-23,Wednesday,Website (Shopify),Website (Shopify),LT-IND,"Loop Tote, Indigo",Indigo,standard,1,189000,189000,0,,0,189000,0,1323,78000,109677,IDR,189000,,QRIS,J&T Express,C002210,new,Malang,East Java,ID,completed,2026-09-24,2026-09-26,instagram / bio_link,ig_milestone_reel,17908880999865633,utm_bio_link,
IG-20260923-0004,2026-09-23 11:05:22,2026-09-23,Wednesday,Instagram,Instagram (DM/WhatsApp),LT-IND,"Loop Tote, Indigo",Indigo,standard,1,189000,189000,9500,IGDM5,0,179500,0,0,78000,101500,IDR,179500,,Bank transfer (manual),J&T Express,C002211,new,Bandung,West Java,ID,completed,2026-09-24,2026-09-26,dm,,,,
131557099771223,2026-09-23 11:14:05,2026-09-23,Wednesday,Indonesian marketplace,Lazada,LT-SND,"Loop Tote, Sand",Sand,standard,1,189000,189000,0,,0,189000,16065,0,78000,94935,IDR,189000,,ShopeePay,SiCepat,C002212,new,Garut,West Java,ID,completed,2026-09-24,2026-09-26,marketplace_search,,,,
#LT10776,2026-09-23 11:19:24,2026-09-23,Wednesday,Website (Shopify),Website (Shopify),LT-GFT,Loop Tote Gift Set,Sand,gift_set,1,299000,299000,30000,THANKS10K,15000,284000,0,10236,128000,130764,IDR,284000,,Credit card,J&T Express,C000890,returning,Bandung,West Java,ID,completed,2026-09-23,2026-09-24,instagram / bio_link,ig_milestone_reel,17908880999865633,sku_match,
#LT10777,2026-09-23 11:25:45,2026-09-23,Wednesday,Website (Shopify),Website (Shopify),LT-GFT,Loop Tote Gift Set,Sea-green,gift_set,1,299000,299000,0,,15000,314000,0,2198,128000,168802,IDR,314000,,QRIS,GoSend/Grab Instant,C001564,returning,Bandung,West Java,ID,completed,2026-09-23,2026-09-24,instagram / bio_link,ig_milestone_reel,17908880999865633,sku_match,
IG-20260923-0005,2026-09-23 11:29:00,2026-09-23,Wednesday,Instagram,Instagram (DM/WhatsApp),LT-SND,"Loop Tote, Sand",Sand,standard,4,189000,756000,0,,25000,781000,0,0,312000,444000,IDR,781000,,Bank transfer (manual),J&T Express,C002213,new,Jakarta,DKI Jakarta,ID,completed,2026-09-23,2026-09-25,dm,ig_milestone_reel,17908880999865633,dm_time_proximity,
#LT10778,2026-09-23 11:31:16,2026-09-23,Wednesday,Website (Shopify),Website (Shopify),LT-GFT,Loop Tote Gift Set,Indigo,gift_set,1,299000,299000,30000,THANKS10K,40000,309000,0,10961,128000,130039,IDR,309000,,Credit card,GoSend/Grab Instant,C002214,new,Tangerang,Banten,ID,completed,2026-09-24,2026-09-25,instagram / bio_link,ig_milestone_reel,17908880999865633,sku_match,
IG-20260923-0006,2026-09-23 12:08:06,2026-09-23,Wednesday,Instagram,Instagram (DM/WhatsApp),LT-GFT,Loop Tote Gift Set,Sand,gift_set,1,299000,299000,0,,18000,317000,0,0,128000,171000,IDR,317000,,Bank transfer (manual),GoSend/Grab Instant,C002215,new,Bekasi,West Java,ID,completed,2026-09-23,2026-09-26,dm,ig_milestone_reel,17908880999865633,sku_match,
#LT10779,2026-09-23 12:24:58,2026-09-23,Wednesday,Website (Shopify),Website (Shopify),LT-IND,"Loop Tote, Indigo",Indigo,standard,1,189000,189000,0,,40000,229000,0,1603,78000,109397,IDR,229000,,QRIS,JNE,C002216,new,Subang,West Java,ID,completed,2026-09-23,2026-09-26,instagram / bio_link,ig_always_on,,,
#LT10780,2026-09-23 12:30:06,2026-09-23,Wednesday,Website (Shopify),Website (Shopify),LT-GFT,Loop Tote Gift Set,Indigo,gift_set,1,299000,299000,0,,25000,324000,0,4860,128000,166140,IDR,324000,,OVO,SiCepat,C002217,new,Cimahi,West Java,ID,completed,2026-09-23,2026-09-24,instagram / bio_link,ig_milestone_reel,17908880999865633,sku_match,
#LT10781,2026-09-23 12:42:57,2026-09-23,Wednesday,Website (Shopify),Website (Shopify),LT-SND,"Loop Tote, Sand",Sand,standard,2,189000,378000,38000,THANKS10K,0,340000,0,5100,156000,178900,IDR,340000,,GoPay,J&T Express,C002218,new,Bogor,West Java,ID,completed,2026-09-24,2026-09-25,instagram / bio_link,ig_milestone_reel,17908880999865633,promo_code_match,
INV/20260923/MPL/183868481,2026-09-23 12:54:43,2026-09-23,Wednesday,Indonesian marketplace,Tokopedia,LT-IND,"Loop Tote, Indigo",Indigo,standard,1,189000,189000,28500,Platform voucher,12000,172500,12840,0,78000,69660,IDR,172500,,Bank transfer (VA),JNE,C001480,returning,Makassar,South Sulawesi,ID,completed,2026-09-23,2026-09-28,recommended,,17908880999865633,assisted_time_proximity,
26092395818204C,2026-09-23 13:06:33,2026-09-23,Wednesday,Indonesian marketplace,Shopee,LT-SND,"Loop Tote, Sand",Sand,standard,4,189000,756000,0,,12000,768000,71820,0,312000,372180,IDR,768000,,Alfamart/Indomaret,J&T Express,C002219,new,Jakarta,DKI Jakarta,ID,completed,2026-09-24,2026-09-27,marketplace_search,,17908880999865633,assisted_time_proximity,
#LT10782,2026-09-23 13:09:09,2026-09-23,Wednesday,Website (Shopify),Website (Shopify),LT-GFT,Loop Tote Gift Set,Sea-green,gift_set,1,299000,299000,30000,THANKS10K,18000,287000,0,10323,128000,130677,IDR,287000,,Credit card,JNE,C002220,new,Tangerang,Banten,ID,completed,2026-09-24,2026-09-27,instagram / bio_link,ig_milestone_reel,17908880999865633,sku_match,
26092316029047D,2026-09-23 13:11:37,2026-09-23,Wednesday,Indonesian marketplace,Shopee,LT-IND,"Loop Tote, Indigo",Indigo,standard,1,189000,189000,28500,Platform voucher,35000,195500,15248,0,78000,67252,IDR,195500,,COD,SiCepat,C002221,new,Pontianak,West Kalimantan,ID,shipped,2026-09-23,,shop_page,,,,
#LT10783,2026-09-23 13:26:36,2026-09-23,Wednesday,Website (Shopify),Website (Shopify),LT-GFT,Loop Tote Gift Set,Indigo,gift_set,1,299000,299000,0,,25000,324000,0,2268,128000,168732,IDR,324000,,QRIS,J&T Express,C001351,returning,Surabaya,East Java,ID,completed,2026-09-23,2026-09-27,instagram / bio_link,ig_milestone_reel,17908880999865633,sku_match,
STR-20260923-0001,2026-09-23 13:37:35,2026-09-23,Wednesday,Physical store,Bandung store,LT-IND,"Loop Tote, Indigo",Indigo,standard,1,189000,189000,0,,0,189000,0,0,78000,111000,IDR,189000,,Cash,In-store pickup,C002222,new,Bandung,West Java,ID,completed,2026-09-23,2026-09-23,walk-in,,,,
#LT10784,2026-09-23 13:51:25,2026-09-23,Wednesday,Website (Shopify),Website (Shopify),LT-GRN,"Loop Tote, Sea-green",Sea-green,standard,1,189000,189000,19000,THANKS10K,25000,195000,0,2925,78000,89075,IDR,195000,,ShopeePay,J&T Express,C000948,returning,Bekasi,West Java,ID,completed,2026-09-24,2026-09-25,instagram / bio_link,ig_milestone_reel,17908880999865633,promo_code_match,
26092384438876E,2026-09-23 13:57:32,2026-09-23,Wednesday,Indonesian marketplace,Shopee,LT-GFT,Loop Tote Gift Set,Sea-green,gift_set,1,299000,299000,0,,12000,311000,28405,0,128000,142595,IDR,311000,,QRIS,AnterAja,C002223,new,South Tangerang,Banten,ID,completed,2026-09-24,2026-09-27,recommended,,17908880999865633,sku_match,
IG-20260923-0007,2026-09-23 14:00:55,2026-09-23,Wednesday,Instagram,Instagram (DM/WhatsApp),LT-GRN,"Loop Tote, Sea-green",Sea-green,standard,1,189000,189000,9500,IGDM5,0,179500,0,0,78000,101500,IDR,179500,,Bank transfer (manual),JNE,C002224,new,Karawang,West Java,ID,completed,2026-09-23,2026-09-26,dm,ig_milestone_reel,17908880999865633,dm_time_proximity,
#LT10785,2026-09-23 14:24:22,2026-09-23,Wednesday,Website (Shopify),Website (Shopify),LT-GFT,Loop Tote Gift Set,Indigo,gift_set,1,299000,299000,30000,THANKS10K,40000,309000,0,4000,128000,137000,IDR,309000,,Bank transfer (VA),GoSend/Grab Instant,C002225,new,Garut,West Java,ID,completed,2026-09-24,2026-09-26,instagram / bio_link,ig_milestone_reel,17908880999865633,sku_match,
#LT10786,2026-09-23 15:01:13,2026-09-23,Wednesday,Website (Shopify),Website (Shopify),LT-IND,"Loop Tote, Indigo",Indigo,standard,1,189000,189000,19000,THANKS10K,0,170000,0,4000,78000,88000,IDR,170000,,Bank transfer (VA),J&T Express,C002226,new,Cianjur,West Java,ID,completed,2026-09-23,2026-09-27,instagram / bio_link,ig_milestone_reel,17908880999865633,promo_code_match,
5569900944938208904,2026-09-23 15:10:30,2026-09-23,Wednesday,Indonesian marketplace,TikTok Shop,LT-IND,"Loop Tote, Indigo",Indigo,standard,1,179000,179000,0,,12000,191000,15215,0,78000,85785,IDR,191000,,ShopeePay,SiCepat,C002227,new,Bandung,West Java,ID,completed,2026-09-24,2026-09-25,recommended,,,,
IG-20260923-0008,2026-09-23 15:27:42,2026-09-23,Wednesday,Instagram,Instagram (DM/WhatsApp),LT-GRN,"Loop Tote, Sea-green",Sea-green,standard,1,189000,189000,9500,IGDM5,18000,197500,0,0,78000,101500,IDR,197500,,Bank transfer (manual),JNE,C002228,new,Palembang,South Sumatra,ID,shipped,2026-09-23,,dm,,,,
#LT10787,2026-09-23 15:42:12,2026-09-23,Wednesday,Website (Shopify),Website (Shopify),LT-GFT,Loop Tote Gift Set,Sea-green,gift_set,1,299000,299000,0,,25000,324000,0,2268,128000,168732,IDR,324000,,QRIS,JNE,C002229,new,Jakarta,DKI Jakarta,ID,completed,2026-09-23,2026-09-24,instagram / bio_link,ig_milestone_reel,17908880999865633,sku_match,
INV/20260923/MPL/689749936,2026-09-23 15:50:41,2026-09-23,Wednesday,Indonesian marketplace,Tokopedia,LT-GRN,"Loop Tote, Sea-green",Sea-green,standard,1,189000,189000,0,,15000,204000,15120,0,78000,95880,IDR,204000,,Bank transfer (VA),Shopee Xpress / platform courier,C002230,new,Tangerang,Banten,ID,completed,2026-09-23,2026-09-26,marketplace_search,,17908880999865633,assisted_time_proximity,
#LT10788,2026-09-23 15:54:36,2026-09-23,Wednesday,Website (Shopify),Website (Shopify),LT-IND,"Loop Tote, Indigo",Indigo,standard,1,189000,189000,0,,25000,214000,0,8206,78000,102794,IDR,214000,,Credit card,J&T Express,C002231,new,Depok,West Java,ID,completed,2026-09-24,2026-09-25,direct,ig_milestone_reel,17908880999865633,utm_bio_link,
#LT10789,2026-09-23 16:15:22,2026-09-23,Wednesday,Website (Shopify),Website (Shopify),LT-GRN,"Loop Tote, Sea-green",Sea-green,standard,1,189000,189000,19000,THANKS10K,32000,202000,0,3030,78000,88970,IDR,202000,,GoPay,SiCepat,C002232,new,Makassar,South Sulawesi,ID,completed,2026-09-23,2026-09-28,instagram / bio_link,ig_milestone_reel,17908880999865633,promo_code_match,
IG-20260923-0009,2026-09-23 16:18:38,2026-09-23,Wednesday,Instagram,Instagram (DM/WhatsApp),LT-GFT,Loop Tote Gift Set,Sea-green,gift_set,1,299000,299000,0,,15000,314000,0,0,128000,171000,IDR,314000,,Bank transfer (manual),GoSend/Grab Instant,C002233,new,Medan,North Sumatra,ID,completed,2026-09-23,2026-09-28,dm,ig_milestone_reel,17908880999865633,sku_match,
BLI-20260923-987725,2026-09-23 16:37:53,2026-09-23,Wednesday,Indonesian marketplace,Blibli,LT-SND,"Loop Tote, Sand",Sand,standard,2,189000,378000,0,,30000,408000,30240,0,156000,191760,IDR,408000,,Alfamart/Indomaret,Shopee Xpress / platform courier,C002234,new,Medan,North Sumatra,ID,shipped,2026-09-24,,marketplace_campaign,,,,
#LT10790,2026-09-23 16:38:08,2026-09-23,Wednesday,Website (Shopify),Website (Shopify),LT-GFT,Loop Tote Gift Set,Sand,gift_set,1,299000,299000,30000,THANKS10K,15000,284000,0,1988,128000,139012,IDR,284000,,QRIS,JNE,C001913,returning,Makassar,South Sulawesi,ID,shipped,2026-09-24,,instagram / bio_link,ig_milestone_reel,17908880999865633,sku_match,
#LT10791,2026-09-23 17:20:32,2026-09-23,Wednesday,Website (Shopify),Website (Shopify),LT-GFT,Loop Tote Gift Set,Indigo,gift_set,1,299000,299000,0,,18000,317000,0,2219,128000,168781,IDR,317000,,QRIS,SiCepat,C000964,returning,Karawang,West Java,ID,completed,2026-09-24,2026-09-26,direct,,,,
STR-20260923-0002,2026-09-23 18:02:42,2026-09-23,Wednesday,Physical store,Bandung store,LT-SND,"Loop Tote, Sand",Sand,standard,1,189000,189000,0,,0,189000,0,7481,78000,103519,IDR,189000,,Credit card,In-store pickup,C002235,new,Bandung,West Java,ID,completed,2026-09-23,2026-09-23,walk-in,,,,
#LT10792,2026-09-23 18:05:19,2026-09-23,Wednesday,Website (Shopify),Website (Shopify),LT-GFT,Loop Tote Gift Set,Sea-green,gift_set,1,299000,299000,0,,25000,324000,0,2268,128000,168732,IDR,324000,,QRIS,SiCepat,C002236,new,Jakarta,DKI Jakarta,ID,completed,2026-09-24,2026-09-26,instagram / bio_link,ig_milestone_reel,17908880999865633,sku_match,
#LT10793,2026-09-23 18:08:40,2026-09-23,Wednesday,Website (Shopify),Website (Shopify),LT-GRN,"Loop Tote, Sea-green",Sea-green,standard,2,189000,378000,0,,0,378000,0,12962,156000,209038,IDR,378000,,Credit card,J&T Express,C001503,returning,Bandung,West Java,ID,completed,2026-09-24,2026-09-26,instagram / bio_link,ig_milestone_reel,17908880999865633,utm_bio_link,
#LT10794,2026-09-23 18:11:42,2026-09-23,Wednesday,Website (Shopify),Website (Shopify),LT-GFT,Loop Tote Gift Set,Indigo,gift_set,1,299000,299000,0,,25000,324000,0,0,128000,0,IDR,324000,,QRIS,,C002237,new,Surabaya,East Java,ID,cancelled,,,instagram / bio_link,ig_milestone_reel,17908880999865633,sku_match,
#LT10795,2026-09-23 18:25:32,2026-09-23,Wednesday,Website (Shopify),Website (Shopify),LT-GRN,"Loop Tote, Sea-green",Sea-green,standard,1,189000,189000,0,,18000,207000,0,3105,78000,107895,IDR,207000,,GoPay,J&T Express,C002238,new,Medan,North Sumatra,ID,completed,2026-09-23,2026-09-26,instagram / bio_link,ig_always_on,,,
STR-20260923-0003,2026-09-23 18:35:10,2026-09-23,Wednesday,Physical store,Bandung store,LT-SND,"Loop Tote, Sand",Sand,standard,1,189000,189000,0,,0,189000,0,1323,78000,109677,IDR,189000,,QRIS,In-store pickup,C002239,new,Bandung,West Java,ID,completed,2026-09-23,2026-09-23,walk-in,,,,
#LT10796,2026-09-23 19:00:15,2026-09-23,Wednesday,Website (Shopify),Website (Shopify),LT-GFT,Loop Tote Gift Set,Indigo,gift_set,1,299000,299000,30000,THANKS10K,15000,284000,0,10236,128000,130764,IDR,284000,,Credit card,GoSend/Grab Instant,C002240,new,Tangerang,Banten,ID,completed,2026-09-23,2026-09-24,instagram / bio_link,ig_milestone_reel,17908880999865633,sku_match,
#LT10797,2026-09-23 19:18:51,2026-09-23,Wednesday,Website (Shopify),Website (Shopify),LT-GRN,"Loop Tote, Sea-green",Sea-green,standard,2,189000,378000,38000,THANKS10K,0,340000,0,11860,156000,172140,IDR,340000,,Credit card,JNE,C002241,new,Bandar Lampung,Lampung,ID,completed,2026-09-23,2026-09-27,instagram / bio_link,ig_milestone_reel,17908880999865633,promo_code_match,
IG-20260923-0010,2026-09-23 19:42:06,2026-09-23,Wednesday,Instagram,Instagram (DM/WhatsApp),LT-GFT,Loop Tote Gift Set,Sand,gift_set,1,299000,299000,15000,IGDM5,25000,309000,0,0,128000,156000,IDR,309000,,Bank transfer (manual),GoSend/Grab Instant,C002242,new,Bekasi,West Java,ID,completed,2026-09-23,2026-09-24,story_reply,,,,
#LT10798,2026-09-23 19:49:11,2026-09-23,Wednesday,Website (Shopify),Website (Shopify),LT-IND,"Loop Tote, Indigo",Indigo,standard,1,189000,189000,0,,32000,221000,0,3315,78000,107685,IDR,221000,,GoPay,SiCepat,C002243,new,Bandung,West Java,ID,completed,2026-09-23,2026-09-25,instagram / bio_link,ig_milestone_reel,17908880999865633,utm_bio_link,
#LT10799,2026-09-23 19:56:40,2026-09-23,Wednesday,Website (Shopify),Website (Shopify),LT-GFT,Loop Tote Gift Set,Sand,gift_set,1,299000,299000,0,,0,299000,0,2093,128000,168907,IDR,299000,,QRIS,SiCepat,C002244,new,Bekasi,West Java,ID,completed,2026-09-24,2026-09-27,instagram / bio_link,ig_milestone_reel,17908880999865633,sku_match,
IG-20260923-0011,2026-09-23 20:00:17,2026-09-23,Wednesday,Instagram,Instagram (DM/WhatsApp),LT-SND,"Loop Tote, Sand",Sand,standard,1,189000,189000,0,,32000,221000,0,1547,78000,109453,IDR,221000,,QRIS,JNE,C002245,new,Jakarta,DKI Jakarta,ID,completed,2026-09-23,2026-09-24,dm,,,,
IG-20260923-0012,2026-09-23 20:09:58,2026-09-23,Wednesday,Instagram,Instagram (DM/WhatsApp),LT-GRN,"Loop Tote, Sea-green",Sea-green,standard,1,189000,189000,0,,0,189000,0,0,78000,111000,IDR,189000,,Bank transfer (manual),SiCepat,C002246,new,Depok,West Java,ID,completed,2026-09-23,2026-09-26,dm,ig_milestone_reel,17908880999865633,dm_time_proximity,
26092328290903F,2026-09-23 20:25:54,2026-09-23,Wednesday,Indonesian marketplace,Shopee,LT-SND,"Loop Tote, Sand",Sand,standard,1,189000,189000,0,,12000,201000,17955,0,78000,93045,IDR,201000,,ShopeePay,Shopee Xpress / platform courier,C002247,new,Pekanbaru,Riau,ID,completed,2026-09-24,2026-09-27,recommended,,,,
INV/20260923/MPL/759436238,2026-09-23 20:37:26,2026-09-23,Wednesday,Indonesian marketplace,Tokopedia,LT-GFT,Loop Tote Gift Set,Sea-green,gift_set,1,299000,299000,0,,15000,314000,23920,0,128000,147080,IDR,314000,,PayLater,SiCepat,C002248,new,Surabaya,East Java,ID,completed,2026-09-23,2026-09-27,shop_page,,17908880999865633,sku_match,
#LT10800,2026-09-23 20:38:06,2026-09-23,Wednesday,Website (Shopify),Website (Shopify),LT-GRN,"Loop Tote, Sea-green",Sea-green,standard,1,189000,189000,0,,18000,207000,0,4000,78000,107000,IDR,207000,,Bank transfer (VA),JNE,C001432,returning,Bandung,West Java,ID,completed,2026-09-24,2026-09-26,instagram / bio_link,ig_milestone_reel,17908880999865633,utm_bio_link,
#LT10801,2026-09-23 20:40:31,2026-09-23,Wednesday,Website (Shopify),Website (Shopify),LT-GRN,"Loop Tote, Sea-green",Sea-green,standard,2,189000,378000,38000,THANKS10K,0,340000,0,2380,156000,181620,IDR,340000,,QRIS,SiCepat,C002249,new,Palembang,South Sumatra,ID,completed,2026-09-24,2026-09-27,instagram / bio_link,ig_milestone_reel,17908880999865633,promo_code_match,
#LT10802,2026-09-23 20:42:30,2026-09-23,Wednesday,Website (Shopify),Website (Shopify),LT-GRN,"Loop Tote, Sea-green",Sea-green,standard,1,189000,189000,19000,THANKS10K,25000,195000,0,4000,78000,88000,IDR,195000,,Bank transfer (VA),J&T Express,C000796,returning,Cimahi,West Java,ID,completed,2026-09-24,2026-09-26,instagram / bio_link,ig_milestone_reel,17908880999865633,promo_code_match,
113-2858642-3724280,2026-09-23 21:04:49,2026-09-23,Wednesday,Amazon,Amazon,LT-SND,"Loop Tote, Sand",Sand,standard,1,260637,260637,0,,113937,374574,39096,0,78000,143541,USD,22.98,16300,Credit card,DHL eCommerce,C002250,new,Tokyo,Tokyo,JP,shipped,2026-09-24,,marketplace_campaign,,,,
IG-20260923-0013,2026-09-23 21:10:34,2026-09-23,Wednesday,Instagram,Instagram (DM/WhatsApp),LT-GFT,Loop Tote Gift Set,Sand,gift_set,1,299000,299000,0,,25000,324000,0,0,128000,171000,IDR,324000,,Bank transfer (manual),SiCepat,C002251,new,Medan,North Sumatra,ID,completed,2026-09-23,2026-09-28,dm,ig_milestone_reel,17908880999865633,sku_match,
IG-20260923-0014,2026-09-23 21:16:50,2026-09-23,Wednesday,Instagram,Instagram (DM/WhatsApp),LT-GFT,Loop Tote Gift Set,Sand,gift_set,2,299000,598000,30000,IGDM5,25000,593000,0,0,256000,312000,IDR,593000,,Bank transfer (manual),J&T Express,C002252,new,Cimahi,West Java,ID,completed,2026-09-24,2026-09-25,story_reply,ig_milestone_reel,17908880999865633,sku_match,
#LT10803,2026-09-23 21:18:53,2026-09-23,Wednesday,Website (Shopify),Website (Shopify),LT-IND,"Loop Tote, Indigo",Indigo,standard,1,189000,189000,19000,THANKS10K,0,170000,0,2550,78000,89450,IDR,170000,,GoPay,J&T Express,C002253,new,Jakarta,DKI Jakarta,ID,completed,2026-09-23,2026-09-26,instagram / bio_link,ig_milestone_reel,17908880999865633,utm_bio_link,
26092392257157G,2026-09-23 21:21:31,2026-09-23,Wednesday,Indonesian marketplace,Shopee,LT-IND,"Loop Tote, Indigo",Indigo,standard,3,189000,567000,0,,0,567000,53865,0,234000,279135,IDR,567000,,Bank transfer (VA),JNE,C002254,new,Bandung,West Java,ID,completed,2026-09-23,2026-09-25,marketplace_campaign,,,,
IG-20260923-0015,2026-09-23 21:29:48,2026-09-23,Wednesday,Instagram,Instagram (DM/WhatsApp),LT-GRN,"Loop Tote, Sea-green",Sea-green,standard,1,189000,189000,0,,40000,229000,0,0,78000,111000,IDR,229000,,Bank transfer (manual),J&T Express,C002255,new,Bogor,West Java,ID,completed,2026-09-24,2026-09-27,dm,,,,
IG-20260923-0016,2026-09-23 21:31:27,2026-09-23,Wednesday,Instagram,Instagram (DM/WhatsApp),LT-IND,"Loop Tote, Indigo",Indigo,standard,1,189000,189000,0,,18000,207000,0,0,78000,-25000,IDR,207000,,Bank transfer (manual),JNE,C002256,new,Bandung,West Java,ID,returned,2026-09-24,2026-09-25,dm,,,,
IG-20260923-0017,2026-09-23 21:39:45,2026-09-23,Wednesday,Instagram,Instagram (DM/WhatsApp),LT-GFT,Loop Tote Gift Set,Sea-green,gift_set,1,299000,299000,0,,40000,339000,0,0,128000,171000,IDR,339000,,Bank transfer (manual),SiCepat,C002257,new,Malang,East Java,ID,completed,2026-09-24,2026-09-28,comment,ig_milestone_reel,17908880999865633,sku_match,
IG-20260923-0018,2026-09-23 21:43:54,2026-09-23,Wednesday,Instagram,Instagram (DM/WhatsApp),LT-GFT,Loop Tote Gift Set,Sand,gift_set,1,299000,299000,0,,18000,317000,0,0,128000,171000,IDR,317000,,Bank transfer (manual),GoSend/Grab Instant,C002258,new,Subang,West Java,ID,completed,2026-09-23,2026-09-27,dm,ig_milestone_reel,17908880999865633,sku_match,
113-7100784-7729283,2026-09-23 21:47:03,2026-09-23,Wednesday,Amazon,Amazon,LT-GRN,"Loop Tote, Sea-green",Sea-green,standard,1,260637,260637,0,,113937,374574,39096,0,78000,143541,USD,22.98,16300,Credit card,DHL eCommerce,C002259,new,Toronto,Ontario,CA,shipped,2026-09-24,,recommended,,,,
26092314884971H,2026-09-23 22:26:43,2026-09-23,Wednesday,Indonesian marketplace,Shopee,LT-GRN,"Loop Tote, Sea-green",Sea-green,standard,1,189000,189000,28500,Platform voucher,12000,172500,15248,0,78000,67252,IDR,172500,,QRIS,AnterAja,C002260,new,Surabaya,East Java,ID,completed,2026-09-23,2026-09-25,marketplace_search,,,,
IG-20260923-0019,2026-09-23 22:40:34,2026-09-23,Wednesday,Instagram,Instagram (DM/WhatsApp),LT-SND,"Loop Tote, Sand",Sand,standard,1,189000,189000,9500,IGDM5,18000,197500,0,1382,78000,100118,IDR,197500,,QRIS,JNE,C002261,new,Bekasi,West Java,ID,completed,2026-09-23,2026-09-26,whatsapp_click,,,,
637678455670849,2026-09-23 22:59:18,2026-09-23,Wednesday,Indonesian marketplace,Lazada,LT-GRN,"Loop Tote, Sea-green",Sea-green,standard,1,189000,189000,0,,35000,224000,16065,0,78000,94935,IDR,224000,,Bank transfer (VA),JNE,C002262,new,Batam,Riau Islands,ID,shipped,2026-09-23,,marketplace_campaign,,17908880999865633,assisted_time_proximity,
IG-20260923-0020,2026-09-23 23:05:18,2026-09-23,Wednesday,Instagram,Instagram (DM/WhatsApp),LT-SND,"Loop Tote, Sand",Sand,standard,1,189000,189000,0,,32000,221000,0,3315,78000,107685,IDR,221000,,GoPay/OVO,JNE,C002263,new,Yogyakarta,DI Yogyakarta,ID,completed,2026-09-24,2026-09-26,dm,,,,
#LT10804,2026-09-23 23:12:09,2026-09-23,Wednesday,Website (Shopify),Website (Shopify),LT-GFT,Loop Tote Gift Set,Indigo,gift_set,1,299000,299000,30000,THANKS10K,18000,287000,0,4000,128000,137000,IDR,287000,,Bank transfer (VA),GoSend/Grab Instant,C002264,new,Manado,North Sulawesi,ID,completed,2026-09-24,2026-09-27,instagram / bio_link,ig_milestone_reel,17908880999865633,sku_match,
#LT10805,2026-09-23 23:42:51,2026-09-23,Wednesday,Website (Shopify),Website (Shopify),LT-GFT,Loop Tote Gift Set,Sea-green,gift_set,1,299000,299000,30000,THANKS10K,0,269000,0,1883,128000,139117,IDR,269000,,QRIS,JNE,C002265,new,Bandung,West Java,ID,completed,2026-09-24,2026-09-25,direct,,,,
#LT10806,2026-09-23 23:54:37,2026-09-23,Wednesday,Website (Shopify),Website (Shopify),LT-GFT,Loop Tote Gift Set,Sea-green,gift_set,1,299000,299000,30000,THANKS10K,15000,284000,0,4000,128000,137000,IDR,284000,,Bank transfer (VA),J&T Express,C002266,new,Bandung,West Java,ID,completed,2026-09-23,2026-09-24,instagram / bio_link,ig_milestone_reel,17908880999865633,sku_match,
#LT10807,2026-09-24 06:11:30,2026-09-24,Thursday,Website (Shopify),Website (Shopify),LT-GRN,"Loop Tote, Sea-green",Sea-green,standard,1,189000,189000,19000,THANKS10K,25000,195000,0,2925,78000,89075,IDR,195000,,OVO,J&T Express,C002267,new,Jakarta,DKI Jakarta,ID,completed,2026-09-25,2026-09-28,instagram / bio_link,ig_milestone_reel,17908880999865633,promo_code_match,
IG-20260924-0001,2026-09-24 07:14:36,2026-09-24,Thursday,Instagram,Instagram (DM/WhatsApp),LT-GRN,"Loop Tote, Sea-green",Sea-green,standard,1,189000,189000,0,,15000,204000,0,1428,78000,109572,IDR,204000,,QRIS,J&T Express,C002268,new,Jakarta,DKI Jakarta,ID,completed,2026-09-25,2026-09-27,dm,,,,
INV/20260924/MPL/264877699,2026-09-24 07:15:22,2026-09-24,Thursday,Indonesian marketplace,Tokopedia,LT-SND,"Loop Tote, Sand",Sand,standard,3,189000,567000,0,,12000,579000,45360,0,234000,287640,IDR,579000,,Bank transfer (VA),JNE,C002269,new,Tangerang,Banten,ID,completed,2026-09-25,2026-09-26,marketplace_search,,,,
#LT10808,2026-09-24 07:37:36,2026-09-24,Thursday,Website (Shopify),Website (Shopify),LT-GFT,Loop Tote Gift Set,Sea-green,gift_set,1,299000,299000,30000,THANKS10K,18000,287000,0,2009,128000,138991,IDR,287000,,QRIS,J&T Express,C002270,new,Cirebon,West Java,ID,completed,2026-09-25,2026-09-27,google / organic,,,,
#LT10809,2026-09-24 07:38:16,2026-09-24,Thursday,Website (Shopify),Website (Shopify),LT-GFT,Loop Tote Gift Set,Sea-green,gift_set,1,299000,299000,30000,THANKS10K,32000,301000,0,4515,128000,136485,IDR,301000,,OVO,JNE,C002271,new,Depok,West Java,ID,completed,2026-09-24,2026-09-26,instagram / bio_link,ig_milestone_reel,17908880999865633,sku_match,
IG-20260924-0002,2026-09-24 07:45:53,2026-09-24,Thursday,Instagram,Instagram (DM/WhatsApp),LT-GFT,Loop Tote Gift Set,Sea-green,gift_set,1,299000,299000,0,,25000,324000,0,2268,128000,168732,IDR,324000,,QRIS,SiCepat,C002272,new,Tangerang,Banten,ID,completed,2026-09-25,2026-09-27,comment,ig_milestone_reel,17908880999865633,sku_match,
26092489602859B,2026-09-24 07:46:30,2026-09-24,Thursday,Indonesian marketplace,Shopee,LT-IND,"Loop Tote, Indigo",Indigo,standard,1,189000,189000,19000,Platform voucher,20000,190000,16150,0,78000,75850,IDR,190000,,Bank transfer (VA),SiCepat,C002273,new,Batam,Riau Islands,ID,completed,2026-09-24,2026-09-27,marketplace_search,,,,
IG-20260924-0003,2026-09-24 08:17:37,2026-09-24,Thursday,Instagram,Instagram (DM/WhatsApp),LT-IND,"Loop Tote, Indigo",Indigo,standard,2,189000,378000,0,,15000,393000,0,0,156000,222000,IDR,393000,,COD (local courier),SiCepat,C002274,new,Semarang,Central Java,ID,completed,2026-09-24,2026-09-26,dm,ig_milestone_reel,17908880999865633,dm_time_proximity,
#LT10810,2026-09-24 08:31:23,2026-09-24,Thursday,Website (Shopify),Website (Shopify),LT-IND,"Loop Tote, Indigo",Indigo,standard,1,189000,189000,19000,THANKS10K,32000,202000,0,3030,78000,88970,IDR,202000,,GoPay,JNE,C002275,new,Bekasi,West Java,ID,completed,2026-09-25,2026-09-28,instagram / bio_link,ig_milestone_reel,17908880999865633,promo_code_match,
535436478320832,2026-09-24 08:37:26,2026-09-24,Thursday,Indonesian marketplace,Lazada,LT-IND,"Loop Tote, Indigo",Indigo,standard,2,189000,378000,0,,15000,393000,32130,0,156000,189870,IDR,393000,,Alfamart/Indomaret,AnterAja,C002276,new,Garut,West Java,ID,completed,2026-09-25,2026-09-28,marketplace_search,,,,
IG-20260924-0004,2026-09-24 09:22:55,2026-09-24,Thursday,Instagram,Instagram (DM/WhatsApp),LT-SND,"Loop Tote, Sand",Sand,standard,1,189000,189000,0,,18000,207000,0,3105,78000,107895,IDR,207000,,GoPay/OVO,JNE,C002277,new,Bandung,West Java,ID,completed,2026-09-25,2026-09-27,comment,ig_milestone_reel,17908880999865633,dm_entry_comment,
26092458647067C,2026-09-24 10:00:09,2026-09-24,Thursday,Indonesian marketplace,Shopee,LT-GRN,"Loop Tote, Sea-green",Sea-green,standard,1,189000,189000,0,,25000,214000,17955,0,78000,93045,IDR,214000,,Bank transfer (VA),J&T Express,C000044,returning,Solo,Central Java,ID,completed,2026-09-24,2026-09-27,marketplace_campaign,,,,
26092438438800D,2026-09-24 10:16:38,2026-09-24,Thursday,Indonesian marketplace,Shopee,LT-SND,"Loop Tote, Sand",Sand,standard,1,189000,189000,0,,12000,201000,17955,0,78000,93045,IDR,201000,,Bank transfer (VA),Shopee Xpress / platform courier,C002278,new,Tangerang,Banten,ID,completed,2026-09-25,2026-09-28,marketplace_campaign,,,,
#LT10811,2026-09-24 10:31:00,2026-09-24,Thursday,Website (Shopify),Website (Shopify),LT-IND,"Loop Tote, Indigo",Indigo,standard,3,189000,567000,0,,0,567000,0,8505,234000,324495,IDR,567000,,ShopeePay,J&T Express,C002279,new,Depok,West Java,ID,completed,2026-09-25,2026-09-28,instagram / bio_link,ig_always_on,,,
#LT10812,2026-09-24 10:46:55,2026-09-24,Thursday,Website (Shopify),Website (Shopify),LT-GFT,Loop Tote Gift Set,Sand,gift_set,1,299000,299000,30000,THANKS10K,18000,287000,0,10323,128000,130677,IDR,287000,,Credit card,GoSend/Grab Instant,C002280,new,Subang,West Java,ID,completed,2026-09-24,2026-09-27,instagram / bio_link,ig_milestone_reel,17908880999865633,promo_code_match,
IG-20260924-0005,2026-09-24 10:47:06,2026-09-24,Thursday,Instagram,Instagram (DM/WhatsApp),LT-GRN,"Loop Tote, Sea-green",Sea-green,standard,1,189000,189000,0,,18000,207000,0,0,78000,111000,IDR,207000,,COD (local courier),GoSend/Grab Instant,C002281,new,Garut,West Java,ID,completed,2026-09-24,2026-09-27,whatsapp_click,ig_milestone_reel,17908880999865633,dm_time_proximity,
INV/20260924/MPL/594640174,2026-09-24 10:56:30,2026-09-24,Thursday,Indonesian marketplace,Tokopedia,LT-SND,"Loop Tote, Sand",Sand,standard,2,189000,378000,0,,0,378000,30240,0,156000,191760,IDR,378000,,ShopeePay,Shopee Xpress / platform courier,C002282,new,Bandung,West Java,ID,completed,2026-09-25,2026-09-27,marketplace_search,,17908880999865633,assisted_time_proximity,
IG-20260924-0006,2026-09-24 11:08:08,2026-09-24,Thursday,Instagram,Instagram (DM/WhatsApp),LT-GFT,Loop Tote Gift Set,Indigo,gift_set,1,299000,299000,0,,32000,331000,0,2317,128000,168683,IDR,331000,,QRIS,JNE,C002283,new,Jakarta,DKI Jakarta,ID,completed,2026-09-24,2026-09-25,story_reply,ig_qr_carousel,17901977490176261,sku_match,
STR-20260924-0001,2026-09-24 11:56:45,2026-09-24,Thursday,Physical store,Bandung store,LT-GRN,"Loop Tote, Sea-green",Sea-green,standard,1,189000,189000,0,,0,189000,0,1890,78000,109110,IDR,189000,,Debit card,In-store pickup,C002284,new,Bandung,West Java,ID,completed,2026-09-24,2026-09-24,walk-in,,,,
835011408081176,2026-09-24 12:11:35,2026-09-24,Thursday,Indonesian marketplace,Lazada,LT-SND,"Loop Tote, Sand",Sand,standard,1,189000,189000,19000,Platform voucher,25000,195000,14450,0,78000,77550,IDR,195000,,QRIS,AnterAja,C002285,new,Surabaya,East Java,ID,completed,2026-09-24,2026-09-28,marketplace_search,,,,
#LT10813,2026-09-24 12:26:26,2026-09-24,Thursday,Website (Shopify),Website (Shopify),LT-SND,"Loop Tote, Sand",Sand,standard,1,189000,189000,0,,18000,207000,0,0,78000,0,IDR,207000,,Bank transfer (VA),,C002286,new,South Tangerang,Banten,ID,cancelled,,,instagram / bio_link,ig_qr_carousel,17901977490176261,utm_bio_link,
IG-20260924-0007,2026-09-24 12:31:55,2026-09-24,Thursday,Instagram,Instagram (DM/WhatsApp),LT-GRN,"Loop Tote, Sea-green",Sea-green,standard,1,189000,189000,0,,25000,214000,0,8206,78000,102794,IDR,214000,,Credit card,GoSend/Grab Instant,C001043,returning,Bandar Lampung,Lampung,ID,shipped,2026-09-25,,dm,ig_qr_carousel,17901977490176261,dm_time_proximity,
IG-20260924-0008,2026-09-24 12:32:52,2026-09-24,Thursday,Instagram,Instagram (DM/WhatsApp),LT-GRN,"Loop Tote, Sea-green",Sea-green,standard,1,189000,189000,9500,IGDM5,40000,219500,0,0,78000,101500,IDR,219500,,Bank transfer (manual),SiCepat,C002287,new,Bandung,West Java,ID,completed,2026-09-25,2026-09-27,dm,ig_qr_carousel,17901977490176261,dm_time_proximity,
#LT10814,2026-09-24 12:55:03,2026-09-24,Thursday,Website (Shopify),Website (Shopify),LT-GFT,Loop Tote Gift Set,Sea-green,gift_set,1,299000,299000,30000,THANKS10K,18000,287000,0,2009,128000,138991,IDR,287000,,QRIS,JNE,C002288,new,Bandung,West Java,ID,completed,2026-09-25,2026-09-27,instagram / bio_link,ig_milestone_reel,17908880999865633,sku_match,
#LT10815,2026-09-24 13:01:08,2026-09-24,Thursday,Website (Shopify),Website (Shopify),LT-GFT,Loop Tote Gift Set,Sand,gift_set,1,299000,299000,30000,THANKS10K,25000,294000,0,4000,128000,137000,IDR,294000,,Bank transfer (VA),J&T Express,C002289,new,Tasikmalaya,West Java,ID,completed,2026-09-25,2026-09-27,instagram / bio_link,ig_qr_carousel,17901977490176261,sku_match,
#LT10816,2026-09-24 13:07:59,2026-09-24,Thursday,Website (Shopify),Website (Shopify),LT-GFT,Loop Tote Gift Set,Indigo,gift_set,1,299000,299000,0,,32000,331000,0,2317,128000,168683,IDR,331000,,QRIS,J&T Express,C001564,returning,Bandung,West Java,ID,completed,2026-09-25,2026-09-26,instagram / bio_link,ig_milestone_reel,17908880999865633,utm_bio_link,
26092446538638E,2026-09-24 13:10:36,2026-09-24,Thursday,Indonesian marketplace,Shopee,LT-SND,"Loop Tote, Sand",Sand,standard,1,189000,189000,0,,0,189000,17955,0,78000,93045,IDR,189000,,PayLater,SiCepat,C002290,new,Manado,North Sulawesi,ID,shipped,2026-09-24,,marketplace_campaign,,,,
IG-20260924-0009,2026-09-24 13:19:03,2026-09-24,Thursday,Instagram,Instagram (DM/WhatsApp),LT-GRN,"Loop Tote, Sea-green",Sea-green,standard,1,189000,189000,9500,IGDM5,40000,219500,0,0,78000,101500,IDR,219500,,Bank transfer (manual),JNE,C002291,new,Bogor,West Java,ID,completed,2026-09-24,2026-09-26,whatsapp_click,,,,
#LT10817,2026-09-24 13:20:27,2026-09-24,Thursday,Website (Shopify),Website (Shopify),LT-SND,"Loop Tote, Sand",Sand,standard,1,189000,189000,19000,THANKS10K,15000,185000,0,7365,78000,84635,IDR,185000,,Credit card,JNE,C002292,new,Bandung,West Java,ID,completed,2026-09-25,2026-09-26,instagram / bio_link,ig_milestone_reel,17908880999865633,promo_code_match,
IG-20260924-0010,2026-09-24 13:36:56,2026-09-24,Thursday,Instagram,Instagram (DM/WhatsApp),LT-GFT,Loop Tote Gift Set,Sea-green,gift_set,1,299000,299000,0,,25000,324000,0,0,128000,171000,IDR,324000,,Bank transfer (manual),JNE,C002293,new,Bekasi,West Java,ID,completed,2026-09-24,2026-09-26,whatsapp_click,ig_milestone_reel,17908880999865633,sku_match,
IG-20260924-0011,2026-09-24 13:41:04,2026-09-24,Thursday,Instagram,Instagram (DM/WhatsApp),LT-GRN,"Loop Tote, Sea-green",Sea-green,standard,1,189000,189000,0,,40000,229000,0,3435,78000,107565,IDR,229000,,GoPay/OVO,GoSend/Grab Instant,C002294,new,Jakarta,DKI Jakarta,ID,completed,2026-09-24,2026-09-26,whatsapp_click,ig_milestone_reel,17908880999865633,dm_time_proximity,
STR-20260924-0002,2026-09-24 13:48:39,2026-09-24,Thursday,Physical store,Bandung store,LT-IND,"Loop Tote, Indigo",Indigo,standard,1,189000,189000,0,,0,189000,0,0,78000,111000,IDR,189000,,Cash,In-store pickup,C002295,new,Bandung,West Java,ID,completed,2026-09-24,2026-09-24,walk-in,,,,
IG-20260924-0012,2026-09-24 13:52:57,2026-09-24,Thursday,Instagram,Instagram (DM/WhatsApp),LT-IND,"Loop Tote, Indigo",Indigo,standard,2,189000,378000,0,,18000,396000,0,2772,156000,219228,IDR,396000,,QRIS,J&T Express,C002296,new,Surabaya,East Java,ID,completed,2026-09-25,2026-09-28,dm,,,,
#LT10818,2026-09-24 14:17:44,2026-09-24,Thursday,Website (Shopify),Website (Shopify),LT-GRN,"Loop Tote, Sea-green",Sea-green,standard,2,189000,378000,0,,0,378000,0,4000,156000,218000,IDR,378000,,Bank transfer (VA),J&T Express,C002297,new,Cirebon,West Java,ID,completed,2026-09-24,2026-09-27,instagram / bio_link,ig_milestone_reel,17908880999865633,utm_bio_link,
#LT10819,2026-09-24 14:25:26,2026-09-24,Thursday,Website (Shopify),Website (Shopify),LT-GRN,"Loop Tote, Sea-green",Sea-green,standard,1,189000,189000,19000,THANKS10K,0,170000,0,2550,78000,89450,IDR,170000,,ShopeePay,JNE,C002298,new,Semarang,Central Java,ID,shipped,2026-09-25,,instagram / bio_link,ig_qr_carousel,17901977490176261,utm_bio_link,
IG-20260924-0013,2026-09-24 14:57:05,2026-09-24,Thursday,Instagram,Instagram (DM/WhatsApp),LT-GFT,Loop Tote Gift Set,Sea-green,gift_set,1,299000,299000,15000,IGDM5,32000,316000,0,11164,128000,144836,IDR,316000,,Credit card,GoSend/Grab Instant,C002299,new,Surabaya,East Java,ID,completed,2026-09-25,2026-09-27,dm,ig_milestone_reel,17908880999865633,sku_match,
#LT10820,2026-09-24 15:01:57,2026-09-24,Thursday,Website (Shopify),Website (Shopify),LT-IND,"Loop Tote, Indigo",Indigo,standard,2,189000,378000,38000,THANKS10K,0,340000,0,11860,156000,172140,IDR,340000,,Credit card,SiCepat,C002300,new,Cimahi,West Java,ID,completed,2026-09-25,2026-09-26,instagram / bio_link,ig_milestone_reel,17908880999865633,promo_code_match,
26092446526277F,2026-09-24 15:04:03,2026-09-24,Thursday,Indonesian marketplace,Shopee,LT-GRN,"Loop Tote, Sea-green",Sea-green,standard,1,189000,189000,9500,Platform voucher,12000,191500,17052,0,78000,84448,IDR,191500,,Alfamart/Indomaret,JNE,C002301,new,Tangerang,Banten,ID,completed,2026-09-24,2026-09-25,marketplace_search,,,,
STR-20260924-0003,2026-09-24 15:06:04,2026-09-24,Thursday,Physical store,Bandung store,LT-IND,"Loop Tote, Indigo",Indigo,standard,1,189000,189000,0,,0,189000,0,1323,78000,109677,IDR,189000,,QRIS,In-store pickup,C002302,new,Bandung,West Java,ID,completed,2026-09-24,2026-09-24,walk-in,,,,
IG-20260924-0014,2026-09-24 15:14:32,2026-09-24,Thursday,Instagram,Instagram (DM/WhatsApp),LT-IND,"Loop Tote, Indigo",Indigo,standard,1,189000,189000,0,,15000,204000,0,0,78000,111000,IDR,204000,,Bank transfer (manual),GoSend/Grab Instant,C002303,new,Depok,West Java,ID,completed,2026-09-24,2026-09-27,dm,ig_qr_carousel,17901977490176261,dm_time_proximity,
IG-20260924-0015,2026-09-24 15:20:06,2026-09-24,Thursday,Instagram,Instagram (DM/WhatsApp),LT-GRN,"Loop Tote, Sea-green",Sea-green,standard,1,189000,189000,0,,18000,207000,0,8003,78000,102997,IDR,207000,,Credit card,SiCepat,C002304,new,Malang,East Java,ID,completed,2026-09-24,2026-09-28,dm,ig_milestone_reel,17908880999865633,dm_time_proximity,
IG-20260924-0016,2026-09-24 15:21:22,2026-09-24,Thursday,Instagram,Instagram (DM/WhatsApp),LT-GFT,Loop Tote Gift Set,Sea-green,gift_set,1,299000,299000,0,,18000,317000,0,11193,128000,159807,IDR,317000,,Credit card,JNE,C002305,new,Jakarta,DKI Jakarta,ID,completed,2026-09-25,2026-09-26,story_reply,,,,
#LT10821,2026-09-24 15:21:56,2026-09-24,Thursday,Website (Shopify),Website (Shopify),LT-GFT,Loop Tote Gift Set,Sand,gift_set,1,299000,299000,30000,THANKS10K,0,269000,0,1883,128000,139117,IDR,269000,,QRIS,SiCepat,C002306,new,Cimahi,West Java,ID,completed,2026-09-25,2026-09-26,instagram / bio_link,ig_milestone_reel,17908880999865633,promo_code_match,
IG-20260924-0017,2026-09-24 15:37:42,2026-09-24,Thursday,Instagram,Instagram (DM/WhatsApp),LT-GRN,"Loop Tote, Sea-green",Sea-green,standard,1,189000,189000,0,,15000,204000,0,0,78000,111000,IDR,204000,,Bank transfer (manual),JNE,C002307,new,Bandung,West Java,ID,completed,2026-09-24,2026-09-25,dm,ig_qr_carousel,17901977490176261,dm_time_proximity,
IG-20260924-0018,2026-09-24 15:46:02,2026-09-24,Thursday,Instagram,Instagram (DM/WhatsApp),LT-IND,"Loop Tote, Indigo",Indigo,standard,2,189000,378000,0,,40000,418000,0,0,156000,222000,IDR,418000,,Bank transfer (manual),J&T Express,C002308,new,Subang,West Java,ID,shipped,2026-09-25,,dm,ig_milestone_reel,17908880999865633,dm_time_proximity,
IG-20260924-0019,2026-09-24 16:03:35,2026-09-24,Thursday,Instagram,Instagram (DM/WhatsApp),LT-GRN,"Loop Tote, Sea-green",Sea-green,standard,1,189000,189000,0,,32000,221000,0,0,78000,111000,IDR,221000,,Bank transfer (manual),SiCepat,C002309,new,Bandung,West Java,ID,completed,2026-09-24,2026-09-25,whatsapp_click,ig_milestone_reel,17908880999865633,dm_time_proximity,
IG-20260924-0020,2026-09-24 16:14:03,2026-09-24,Thursday,Instagram,Instagram (DM/WhatsApp),LT-GFT,Loop Tote Gift Set,Sea-green,gift_set,1,299000,299000,0,,0,299000,0,0,128000,171000,IDR,299000,,Bank transfer (manual),J&T Express,C002310,new,Bogor,West Java,ID,completed,2026-09-25,2026-09-27,story_reply,ig_milestone_reel,17908880999865633,sku_match,
IG-20260924-0021,2026-09-24 16:19:46,2026-09-24,Thursday,Instagram,Instagram (DM/WhatsApp),LT-SND,"Loop Tote, Sand",Sand,standard,1,189000,189000,0,,32000,221000,0,0,78000,111000,IDR,221000,,Bank transfer (manual),GoSend/Grab Instant,C002311,new,Jakarta,DKI Jakarta,ID,completed,2026-09-25,2026-09-27,dm,,,,
IG-20260924-0022,2026-09-24 16:29:03,2026-09-24,Thursday,Instagram,Instagram (DM/WhatsApp),LT-SND,"Loop Tote, Sand",Sand,standard,1,189000,189000,0,,18000,207000,0,0,78000,111000,IDR,207000,,Bank transfer (manual),GoSend/Grab Instant,C002312,new,Padang,West Sumatra,ID,completed,2026-09-25,2026-09-28,dm,ig_milestone_reel,17908880999865633,dm_time_proximity,
#LT10822,2026-09-24 17:13:31,2026-09-24,Thursday,Website (Shopify),Website (Shopify),LT-GFT,Loop Tote Gift Set,Sand,gift_set,1,299000,299000,30000,THANKS10K,40000,309000,0,10961,128000,130039,IDR,309000,,Credit card,GoSend/Grab Instant,C002313,new,Karawang,West Java,ID,shipped,2026-09-25,,instagram / bio_link,ig_milestone_reel,17908880999865633,sku_match,
#LT10823,2026-09-24 17:30:57,2026-09-24,Thursday,Website (Shopify),Website (Shopify),LT-GFT,Loop Tote Gift Set,Sand,gift_set,1,299000,299000,30000,THANKS10K,25000,294000,0,2058,128000,-27058,IDR,294000,,QRIS,SiCepat,C002314,new,Bandung,West Java,ID,returned,2026-09-24,2026-09-25,instagram / bio_link,ig_milestone_reel,17908880999865633,sku_match,
IG-20260924-0023,2026-09-24 17:32:34,2026-09-24,Thursday,Instagram,Instagram (DM/WhatsApp),LT-GRN,"Loop Tote, Sea-green",Sea-green,standard,1,189000,189000,0,,0,189000,0,2835,78000,108165,IDR,189000,,GoPay/OVO,J&T Express,C002315,new,Cirebon,West Java,ID,completed,2026-09-24,2026-09-26,whatsapp_click,,,,
STR-20260924-0004,2026-09-24 17:39:33,2026-09-24,Thursday,Physical store,Bandung store,LT-GRN,"Loop Tote, Sea-green",Sea-green,standard,1,189000,189000,0,,0,189000,0,7481,78000,103519,IDR,189000,,Credit card,In-store pickup,C002316,new,Bandung,West Java,ID,completed,2026-09-24,2026-09-24,walk-in,,,,
#LT10824,2026-09-24 17:40:17,2026-09-24,Thursday,Website (Shopify),Website (Shopify),LT-GFT,Loop Tote Gift Set,Sea-green,gift_set,1,299000,299000,0,,40000,339000,0,11831,128000,159169,IDR,339000,,Credit card,J&T Express,C002317,new,Bekasi,West Java,ID,completed,2026-09-25,2026-09-28,instagram / bio_link,ig_milestone_reel,17908880999865633,sku_match,
STR-20260924-0005,2026-09-24 17:43:34,2026-09-24,Thursday,Physical store,Bandung store,LT-GRN,"Loop Tote, Sea-green",Sea-green,standard,1,189000,189000,0,,0,189000,0,1890,78000,109110,IDR,189000,,Debit card,In-store pickup,C002318,new,Bandung,West Java,ID,completed,2026-09-24,2026-09-24,walk-in,,17901977490176261,assisted_time_proximity,
#LT10825,2026-09-24 17:56:55,2026-09-24,Thursday,Website (Shopify),Website (Shopify),LT-SND,"Loop Tote, Sand",Sand,standard,2,189000,378000,0,,0,378000,0,2646,156000,219354,IDR,378000,,QRIS,GoSend/Grab Instant,C002319,new,Yogyakarta,DI Yogyakarta,ID,shipped,2026-09-25,,instagram / bio_link,ig_qr_carousel,17901977490176261,utm_bio_link,
IG-20260924-0024,2026-09-24 17:57:14,2026-09-24,Thursday,Instagram,Instagram (DM/WhatsApp),LT-GFT,Loop Tote Gift Set,Indigo,gift_set,1,299000,299000,0,,18000,317000,0,0,128000,171000,IDR,317000,,Bank transfer (manual),GoSend/Grab Instant,C002320,new,Jakarta,DKI Jakarta,ID,completed,2026-09-24,2026-09-27,whatsapp_click,ig_qr_carousel,17901977490176261,sku_match,
IG-20260924-0025,2026-09-24 18:10:27,2026-09-24,Thursday,Instagram,Instagram (DM/WhatsApp),LT-GRN,"Loop Tote, Sea-green",Sea-green,standard,1,189000,189000,0,,0,189000,0,0,78000,111000,IDR,189000,,Bank transfer (manual),JNE,C001529,returning,Solo,Central Java,ID,completed,2026-09-25,2026-09-27,whatsapp_click,ig_qr_carousel,17901977490176261,dm_time_proximity,
#LT10826,2026-09-24 18:11:52,2026-09-24,Thursday,Website (Shopify),Website (Shopify),LT-GFT,Loop Tote Gift Set,Indigo,gift_set,1,299000,299000,0,,32000,331000,0,4965,128000,166035,IDR,331000,,GoPay,SiCepat,C002321,new,Bandung,West Java,ID,completed,2026-09-24,2026-09-25,instagram / bio_link,ig_qr_carousel,17901977490176261,sku_match,
#LT10827,2026-09-24 18:22:10,2026-09-24,Thursday,Website (Shopify),Website (Shopify),LT-IND,"Loop Tote, Indigo",Indigo,standard,1,189000,189000,19000,THANKS10K,18000,188000,0,7452,78000,84548,IDR,188000,,Credit card,JNE,C002322,new,Bandung,West Java,ID,completed,2026-09-25,2026-09-26,instagram / bio_link,ig_milestone_reel,17908880999865633,utm_bio_link,
STR-20260924-0006,2026-09-24 18:22:54,2026-09-24,Thursday,Physical store,Bandung store,LT-GRN,"Loop Tote, Sea-green",Sea-green,standard,1,189000,189000,0,,0,189000,0,1323,78000,109677,IDR,189000,,QRIS,In-store pickup,C002323,new,Bandung,West Java,ID,completed,2026-09-24,2026-09-24,walk-in,,,,
#LT10828,2026-09-24 18:24:55,2026-09-24,Thursday,Website (Shopify),Website (Shopify),LT-GFT,Loop Tote Gift Set,Indigo,gift_set,1,299000,299000,30000,THANKS10K,18000,287000,0,4305,128000,136695,IDR,287000,,GoPay,SiCepat,C002324,new,Cimahi,West Java,ID,completed,2026-09-25,2026-09-27,instagram / bio_link,ig_qr_carousel,17901977490176261,sku_match,
5264270543779619529,2026-09-24 18:25:48,2026-09-24,Thursday,Indonesian marketplace,TikTok Shop,LT-GRN,"Loop Tote, Sea-green",Sea-green,standard,1,179000,179000,0,,15000,194000,15215,0,78000,85785,IDR,194000,,ShopeePay,Shopee Xpress / platform courier,C002325,new,Bandung,West Java,ID,completed,2026-09-24,2026-09-25,marketplace_search,,,,
IG-20260924-0026,2026-09-24 18:26:09,2026-09-24,Thursday,Instagram,Instagram (DM/WhatsApp),LT-GFT,Loop Tote Gift Set,Sea-green,gift_set,1,299000,299000,0,,15000,314000,0,2198,128000,168802,IDR,314000,,QRIS,SiCepat,C002326,new,Yogyakarta,DI Yogyakarta,ID,completed,2026-09-25,2026-09-28,story_reply,ig_qr_carousel,17901977490176261,sku_match,
IG-20260924-0027,2026-09-24 18:58:23,2026-09-24,Thursday,Instagram,Instagram (DM/WhatsApp),LT-SND,"Loop Tote, Sand",Sand,standard,1,189000,189000,0,,40000,229000,0,1603,78000,109397,IDR,229000,,QRIS,J&T Express,C002320,returning,Jakarta,DKI Jakarta,ID,completed,2026-09-25,2026-09-28,dm,,,,
IG-20260924-0028,2026-09-24 19:04:43,2026-09-24,Thursday,Instagram,Instagram (DM/WhatsApp),LT-GFT,Loop Tote Gift Set,Indigo,gift_set,2,299000,598000,0,,40000,638000,0,0,256000,342000,IDR,638000,,Bank transfer (manual),SiCepat,C002327,new,Jakarta,DKI Jakarta,ID,completed,2026-09-25,2026-09-28,comment,ig_qr_carousel,17901977490176261,dm_entry_comment,
IG-20260924-0029,2026-09-24 19:08:19,2026-09-24,Thursday,Instagram,Instagram (DM/WhatsApp),LT-GFT,Loop Tote Gift Set,Sea-green,gift_set,1,299000,299000,0,,0,299000,0,0,128000,171000,IDR,299000,,Bank transfer (manual),J&T Express,C001784,returning,Jakarta,DKI Jakarta,ID,completed,2026-09-25,2026-09-26,dm,ig_qr_carousel,17901977490176261,dm_time_proximity,
#LT10829,2026-09-24 19:09:18,2026-09-24,Thursday,Website (Shopify),Website (Shopify),LT-SND,"Loop Tote, Sand",Sand,standard,1,189000,189000,0,,15000,204000,0,3060,78000,107940,IDR,204000,,ShopeePay,GoSend/Grab Instant,C002328,new,Cirebon,West Java,ID,completed,2026-09-25,2026-09-27,instagram / bio_link,ig_qr_carousel,17901977490176261,utm_bio_link,
IG-20260924-0030,2026-09-24 19:17:35,2026-09-24,Thursday,Instagram,Instagram (DM/WhatsApp),LT-IND,"Loop Tote, Indigo",Indigo,standard,1,189000,189000,9500,IGDM5,40000,219500,0,1536,78000,99964,IDR,219500,,QRIS,SiCepat,C002329,new,Bandung,West Java,ID,completed,2026-09-24,2026-09-25,dm,ig_qr_carousel,17901977490176261,dm_time_proximity,
#LT10830,2026-09-24 19:24:38,2026-09-24,Thursday,Website (Shopify),Website (Shopify),LT-IND,"Loop Tote, Indigo",Indigo,standard,1,189000,189000,19000,THANKS10K,32000,202000,0,1414,78000,90586,IDR,202000,,QRIS,GoSend/Grab Instant,C002330,new,Cimahi,West Java,ID,completed,2026-09-25,2026-09-27,instagram / bio_link,ig_qr_carousel,17901977490176261,utm_bio_link,
5264482781312429756,2026-09-24 19:28:17,2026-09-24,Thursday,Indonesian marketplace,TikTok Shop,LT-GRN,"Loop Tote, Sea-green",Sea-green,standard,1,179000,179000,0,,25000,204000,15215,0,78000,85785,IDR,204000,,Bank transfer (VA),JNE,C000353,returning,Jakarta,DKI Jakarta,ID,completed,2026-09-24,2026-09-27,marketplace_search,,,,
STR-20260924-0007,2026-09-24 19:42:36,2026-09-24,Thursday,Physical store,Bandung store,LT-IND,"Loop Tote, Indigo",Indigo,standard,1,189000,189000,0,,0,189000,0,0,78000,111000,IDR,189000,,Cash,In-store pickup,C002331,new,Bandung,West Java,ID,completed,2026-09-24,2026-09-24,walk-in,,17901977490176261,assisted_time_proximity,
5997113226134325626,2026-09-24 19:49:39,2026-09-24,Thursday,Indonesian marketplace,TikTok Shop,LT-GRN,"Loop Tote, Sea-green",Sea-green,standard,2,179000,358000,0,,25000,383000,30430,0,156000,171570,IDR,383000,,PayLater,JNE,C002332,new,Solo,Central Java,ID,completed,2026-09-24,2026-09-28,marketplace_search,,,,
26092470172448G,2026-09-24 19:51:14,2026-09-24,Thursday,Indonesian marketplace,Shopee,LT-IND,"Loop Tote, Indigo",Indigo,standard,1,189000,189000,0,,15000,204000,17955,0,78000,93045,IDR,204000,,PayLater,SiCepat,C002333,new,Depok,West Java,ID,completed,2026-09-24,2026-09-26,shop_page,,,,
26092413632067H,2026-09-24 20:10:30,2026-09-24,Thursday,Indonesian marketplace,Shopee,LT-GRN,"Loop Tote, Sea-green",Sea-green,standard,1,189000,189000,0,,25000,214000,17955,0,78000,93045,IDR,214000,,ShopeePay,JNE,C002334,new,Batam,Riau Islands,ID,completed,2026-09-25,2026-09-28,recommended,,,,
IG-20260924-0031,2026-09-24 20:13:23,2026-09-24,Thursday,Instagram,Instagram (DM/WhatsApp),LT-GRN,"Loop Tote, Sea-green",Sea-green,standard,1,189000,189000,9500,IGDM5,25000,204500,0,3068,78000,98432,IDR,204500,,GoPay/OVO,J&T Express,C002335,new,Sukabumi,West Java,ID,completed,2026-09-24,2026-09-26,comment,ig_qr_carousel,17901977490176261,dm_entry_comment,
IG-20260924-0032,2026-09-24 20:15:46,2026-09-24,Thursday,Instagram,Instagram (DM/WhatsApp),LT-GRN,"Loop Tote, Sea-green",Sea-green,standard,4,189000,756000,0,,18000,774000,0,0,312000,444000,IDR,774000,,Bank transfer (manual),J&T Express,C002336,new,Bandung,West Java,ID,completed,2026-09-25,2026-09-27,story_reply,,,,
26092492656094I,2026-09-24 20:19:03,2026-09-24,Thursday,Indonesian marketplace,Shopee,LT-GRN,"Loop Tote, Sea-green",Sea-green,standard,1,189000,189000,0,,35000,224000,17955,0,78000,93045,IDR,224000,,QRIS,J&T Express,C002337,new,Bandung,West Java,ID,completed,2026-09-25,2026-09-27,recommended,,,,
#LT10831,2026-09-24 20:26:04,2026-09-24,Thursday,Website (Shopify),Website (Shopify),LT-SND,"Loop Tote, Sand",Sand,standard,1,189000,189000,19000,THANKS10K,0,170000,0,1190,78000,90810,IDR,170000,,QRIS,SiCepat,C002338,new,Denpasar,Bali,ID,shipped,2026-09-25,,instagram / bio_link,ig_milestone_reel,17908880999865633,promo_code_match,
#LT10832,2026-09-24 20:29:58,2026-09-24,Thursday,Website (Shopify),Website (Shopify),LT-SND,"Loop Tote, Sand",Sand,standard,2,189000,378000,38000,THANKS10K,0,340000,0,2380,156000,181620,IDR,340000,,QRIS,J&T Express,C002339,new,Cimahi,West Java,ID,completed,2026-09-24,2026-09-26,instagram / bio_link,ig_qr_carousel,17901977490176261,utm_bio_link,
#LT10833,2026-09-24 20:30:40,2026-09-24,Thursday,Website (Shopify),Website (Shopify),LT-IND,"Loop Tote, Indigo",Indigo,standard,1,189000,189000,19000,THANKS10K,25000,195000,0,1365,78000,90635,IDR,195000,,QRIS,J&T Express,C002340,new,Jakarta,DKI Jakarta,ID,completed,2026-09-24,2026-09-27,instagram / bio_link,ig_milestone_reel,17908880999865633,promo_code_match,
5281807715621769026,2026-09-24 20:31:50,2026-09-24,Thursday,Indonesian marketplace,TikTok Shop,LT-IND,"Loop Tote, Indigo",Indigo,standard,1,179000,179000,0,,30000,209000,15215,0,78000,85785,IDR,209000,,Alfamart/Indomaret,AnterAja,C000471,returning,Surabaya,East Java,ID,completed,2026-09-24,2026-09-27,marketplace_search,,,,
26092494573043J,2026-09-24 20:45:13,2026-09-24,Thursday,Indonesian marketplace,Shopee,LT-GRN,"Loop Tote, Sea-green",Sea-green,standard,1,189000,189000,0,,15000,204000,17955,0,78000,93045,IDR,204000,,Alfamart/Indomaret,Shopee Xpress / platform courier,C002341,new,Tangerang,Banten,ID,completed,2026-09-24,2026-09-25,marketplace_search,,,,
735110341447259,2026-09-24 20:47:30,2026-09-24,Thursday,Indonesian marketplace,Lazada,LT-GRN,"Loop Tote, Sea-green",Sea-green,standard,1,189000,189000,0,,0,189000,16065,0,78000,94935,IDR,189000,,Bank transfer (VA),J&T Express,C002342,new,Jakarta,DKI Jakarta,ID,completed,2026-09-24,2026-09-27,marketplace_search,,,,
790693544186175,2026-09-24 20:49:19,2026-09-24,Thursday,Indonesian marketplace,Lazada,LT-SND,"Loop Tote, Sand",Sand,standard,1,189000,189000,0,,0,189000,16065,0,78000,94935,IDR,189000,,QRIS,Shopee Xpress / platform courier,C002343,new,Depok,West Java,ID,completed,2026-09-24,2026-09-25,marketplace_search,,17901977490176261,assisted_time_proximity,
IG-20260924-0033,2026-09-24 20:56:07,2026-09-24,Thursday,Instagram,Instagram (DM/WhatsApp),LT-GRN,"Loop Tote, Sea-green",Sea-green,standard,1,189000,189000,0,,40000,229000,0,1603,78000,109397,IDR,229000,,QRIS,J&T Express,C002344,new,Tangerang,Banten,ID,completed,2026-09-25,2026-09-26,dm,ig_qr_carousel,17901977490176261,dm_time_proximity,
#LT10834,2026-09-24 20:56:35,2026-09-24,Thursday,Website (Shopify),Website (Shopify),LT-IND,"Loop Tote, Indigo",Indigo,standard,2,189000,378000,38000,THANKS10K,0,340000,0,2380,156000,181620,IDR,340000,,QRIS,SiCepat,C002345,new,Tangerang,Banten,ID,completed,2026-09-25,2026-09-26,instagram / bio_link,ig_milestone_reel,17908880999865633,promo_code_match,
26092459607219K,2026-09-24 21:02:14,2026-09-24,Thursday,Indonesian marketplace,Shopee,LT-GRN,"Loop Tote, Sea-green",Sea-green,standard,1,189000,189000,0,,25000,214000,17955,0,78000,93045,IDR,214000,,Bank transfer (VA),Shopee Xpress / platform courier,C002079,returning,Medan,North Sumatra,ID,shipped,2026-09-24,,marketplace_search,,,,
IG-20260924-0034,2026-09-24 21:04:42,2026-09-24,Thursday,Instagram,Instagram (DM/WhatsApp),LT-SND,"Loop Tote, Sand",Sand,standard,1,189000,189000,0,,32000,221000,0,0,78000,111000,IDR,221000,,Bank transfer (manual),SiCepat,C002346,new,Karawang,West Java,ID,completed,2026-09-24,2026-09-26,comment,ig_milestone_reel,17908880999865633,dm_entry_comment,
#LT10835,2026-09-24 21:12:26,2026-09-24,Thursday,Website (Shopify),Website (Shopify),LT-SND,"Loop Tote, Sand",Sand,standard,1,189000,189000,0,,32000,221000,0,4000,78000,107000,IDR,221000,,Bank transfer (VA),J&T Express,C002347,new,Bekasi,West Java,ID,completed,2026-09-25,2026-09-28,instagram / bio_link,ig_qr_carousel,17901977490176261,utm_bio_link,
#LT10836,2026-09-24 21:20:06,2026-09-24,Thursday,Website (Shopify),Website (Shopify),LT-SND,"Loop Tote, Sand",Sand,standard,1,189000,189000,19000,THANKS10K,18000,188000,0,1316,78000,90684,IDR,188000,,QRIS,GoSend/Grab Instant,C002348,new,Bandung,West Java,ID,completed,2026-09-25,2026-09-26,direct,,,,
IG-20260924-0035,2026-09-24 21:37:00,2026-09-24,Thursday,Instagram,Instagram (DM/WhatsApp),LT-IND,"Loop Tote, Indigo",Indigo,standard,1,189000,189000,0,,15000,204000,0,0,78000,111000,IDR,204000,,Bank transfer (manual),SiCepat,C002349,new,Jakarta,DKI Jakarta,ID,completed,2026-09-25,2026-09-26,dm,,,,
#LT10837,2026-09-24 21:38:15,2026-09-24,Thursday,Website (Shopify),Website (Shopify),LT-GRN,"Loop Tote, Sea-green",Sea-green,standard,1,189000,189000,19000,THANKS10K,40000,210000,0,4000,78000,88000,IDR,210000,,Bank transfer (VA),JNE,C002350,new,Karawang,West Java,ID,completed,2026-09-25,2026-09-28,instagram / bio_link,ig_milestone_reel,17908880999865633,promo_code_match,
26092456070610L,2026-09-24 21:39:14,2026-09-24,Thursday,Indonesian marketplace,Shopee,LT-GRN,"Loop Tote, Sea-green",Sea-green,standard,1,189000,189000,0,,12000,201000,17955,0,78000,93045,IDR,201000,,COD,AnterAja,C002351,new,Karawang,West Java,ID,completed,2026-09-25,2026-09-27,recommended,,,,
#LT10838,2026-09-24 21:39:47,2026-09-24,Thursday,Website (Shopify),Website (Shopify),LT-GRN,"Loop Tote, Sea-green",Sea-green,standard,1,189000,189000,0,,25000,214000,0,1498,78000,109502,IDR,214000,,QRIS,SiCepat,C000413,returning,Denpasar,Bali,ID,shipped,2026-09-25,,instagram / bio_link,ig_milestone_reel,17908880999865633,utm_bio_link,
#LT10839,2026-09-24 21:53:01,2026-09-24,Thursday,Website (Shopify),Website (Shopify),LT-IND,"Loop Tote, Indigo",Indigo,standard,1,189000,189000,19000,THANKS10K,40000,210000,0,3150,78000,88850,IDR,210000,,ShopeePay,SiCepat,C002352,new,Jakarta,DKI Jakarta,ID,completed,2026-09-24,2026-09-25,instagram / bio_link,ig_milestone_reel,17908880999865633,promo_code_match,
IG-20260924-0036,2026-09-24 21:57:21,2026-09-24,Thursday,Instagram,Instagram (DM/WhatsApp),LT-GFT,Loop Tote Gift Set,Sea-green,gift_set,1,299000,299000,0,,0,299000,0,4485,128000,166515,IDR,299000,,GoPay/OVO,JNE,C002353,new,Cimahi,West Java,ID,completed,2026-09-25,2026-09-27,dm,ig_qr_carousel,17901977490176261,sku_match,
#LT10840,2026-09-24 22:03:03,2026-09-24,Thursday,Website (Shopify),Website (Shopify),LT-GFT,Loop Tote Gift Set,Indigo,gift_set,1,299000,299000,0,,32000,331000,0,11599,128000,159401,IDR,331000,,Credit card,GoSend/Grab Instant,C002354,new,Bandung,West Java,ID,completed,2026-09-25,2026-09-27,instagram / bio_link,ig_qr_carousel,17901977490176261,sku_match,
INV/20260924/MPL/106780674,2026-09-24 22:07:06,2026-09-24,Thursday,Indonesian marketplace,Tokopedia,LT-IND,"Loop Tote, Indigo",Indigo,standard,1,189000,189000,0,,20000,209000,15120,0,78000,95880,IDR,209000,,ShopeePay,J&T Express,C002355,new,Denpasar,Bali,ID,shipped,2026-09-24,,recommended,,,,
5630142890873007297,2026-09-24 22:09:21,2026-09-24,Thursday,Indonesian marketplace,TikTok Shop,LT-GRN,"Loop Tote, Sea-green",Sea-green,standard,1,179000,179000,0,,12000,191000,15215,0,78000,85785,IDR,191000,,COD,Shopee Xpress / platform courier,C002356,new,Surabaya,East Java,ID,completed,2026-09-25,2026-09-27,shop_page,,,,
#LT10841,2026-09-24 22:15:58,2026-09-24,Thursday,Website (Shopify),Website (Shopify),LT-GRN,"Loop Tote, Sea-green",Sea-green,standard,1,189000,189000,19000,THANKS10K,25000,195000,0,7655,78000,84345,IDR,195000,,Credit card,GoSend/Grab Instant,C002357,new,Bekasi,West Java,ID,completed,2026-09-25,2026-09-27,instagram / bio_link,ig_milestone_reel,17908880999865633,promo_code_match,
26092461709987M,2026-09-24 23:13:07,2026-09-24,Thursday,Indonesian marketplace,Shopee,LT-GFT,Loop Tote Gift Set,Sand,gift_set,1,299000,299000,0,,35000,334000,28405,0,128000,142595,IDR,334000,,ShopeePay,Shopee Xpress / platform courier,C002358,new,Depok,West Java,ID,completed,2026-09-25,2026-09-28,shop_page,,17908880999865633,sku_match,
IG-20260924-0037,2026-09-24 23:21:51,2026-09-24,Thursday,Instagram,Instagram (DM/WhatsApp),LT-GRN,"Loop Tote, Sea-green",Sea-green,standard,1,189000,189000,0,,0,189000,0,2835,78000,-27835,IDR,189000,,GoPay/OVO,SiCepat,C001186,returning,Bekasi,West Java,ID,returned,2026-09-25,2026-09-27,comment,ig_qr_carousel,17901977490176261,dm_entry_comment,
INV/20260924/MPL/892054188,2026-09-24 23:27:12,2026-09-24,Thursday,Indonesian marketplace,Tokopedia,LT-IND,"Loop Tote, Indigo",Indigo,standard,1,189000,189000,0,,0,189000,15120,0,78000,95880,IDR,189000,,Bank transfer (VA),AnterAja,C002359,new,Surabaya,East Java,ID,completed,2026-09-24,2026-09-28,marketplace_search,,,,
#LT10842,2026-09-24 23:29:01,2026-09-24,Thursday,Website (Shopify),Website (Shopify),LT-GRN,"Loop Tote, Sea-green",Sea-green,standard,1,189000,189000,19000,THANKS10K,18000,188000,0,1316,78000,90684,IDR,188000,,QRIS,JNE,C002360,new,Bekasi,West Java,ID,completed,2026-09-25,2026-09-28,instagram / bio_link,ig_milestone_reel,17908880999865633,promo_code_match,
#LT10843,2026-09-24 23:39:17,2026-09-24,Thursday,Website (Shopify),Website (Shopify),LT-GFT,Loop Tote Gift Set,Sand,gift_set,1,299000,299000,0,,32000,331000,0,4000,128000,167000,IDR,331000,,Bank transfer (VA),GoSend/Grab Instant,C002361,new,South Tangerang,Banten,ID,completed,2026-09-25,2026-09-26,instagram / bio_link,ig_qr_carousel,17901977490176261,sku_match,
5716285370007383190,2026-09-25 01:06:55,2026-09-25,Friday,Indonesian marketplace,TikTok Shop,LT-IND,"Loop Tote, Indigo",Indigo,standard,1,179000,179000,0,,25000,204000,15215,0,78000,85785,IDR,204000,,ShopeePay,SiCepat,C002362,new,Jakarta,DKI Jakarta,ID,completed,2026-09-25,2026-09-27,recommended,,,,
5396923569134955803,2026-09-25 05:37:36,2026-09-25,Friday,Indonesian marketplace,TikTok Shop,LT-SND,"Loop Tote, Sand",Sand,standard,1,179000,179000,18000,Platform voucher,12000,173000,13685,0,78000,69315,IDR,173000,,PayLater,SiCepat,C002363,new,Solo,Central Java,ID,completed,2026-09-25,2026-09-28,marketplace_search,,,,
IG-20260925-0001,2026-09-25 07:16:47,2026-09-25,Friday,Instagram,Instagram (DM/WhatsApp),LT-GFT,Loop Tote Gift Set,Indigo,gift_set,1,299000,299000,15000,IGDM5,25000,309000,0,0,128000,156000,IDR,309000,,Bank transfer (manual),SiCepat,C002364,new,Palembang,South Sumatra,ID,shipped,2026-09-25,,whatsapp_click,,,,
#LT10844,2026-09-25 08:07:14,2026-09-25,Friday,Website (Shopify),Website (Shopify),LT-GRN,"Loop Tote, Sea-green",Sea-green,standard,3,189000,567000,0,,0,567000,0,3969,234000,329031,IDR,567000,,QRIS,SiCepat,C002365,new,Jakarta,DKI Jakarta,ID,completed,2026-09-26,2026-09-28,instagram / bio_link,ig_milestone_reel,17908880999865633,utm_bio_link,
#LT10845,2026-09-25 08:13:24,2026-09-25,Friday,Website (Shopify),Website (Shopify),LT-GRN,"Loop Tote, Sea-green",Sea-green,standard,1,189000,189000,0,,40000,229000,0,3435,78000,107565,IDR,229000,,OVO,GoSend/Grab Instant,C002366,new,Bandung,West Java,ID,completed,2026-09-25,2026-09-27,instagram / bio_link,ig_milestone_reel,17908880999865633,utm_bio_link,
#LT10846,2026-09-25 08:17:07,2026-09-25,Friday,Website (Shopify),Website (Shopify),LT-IND,"Loop Tote, Indigo",Indigo,standard,1,189000,189000,19000,THANKS10K,18000,188000,0,1316,78000,90684,IDR,188000,,QRIS,GoSend/Grab Instant,C002367,new,Bandung,West Java,ID,completed,2026-09-26,2026-09-28,instagram / bio_link,ig_qr_carousel,17901977490176261,utm_bio_link,
#LT10847,2026-09-25 09:02:40,2026-09-25,Friday,Website (Shopify),Website (Shopify),LT-IND,"Loop Tote, Indigo",Indigo,standard,4,189000,756000,0,,0,756000,0,5292,312000,-30292,IDR,756000,,QRIS,GoSend/Grab Instant,C002368,new,Bogor,West Java,ID,returned,2026-09-26,2026-09-29,instagram / bio_link,ig_milestone_reel,17908880999865633,utm_bio_link,
IG-20260925-0002,2026-09-25 09:37:37,2026-09-25,Friday,Instagram,Instagram (DM/WhatsApp),LT-GFT,Loop Tote Gift Set,Sea-green,gift_set,1,299000,299000,0,,32000,331000,0,0,128000,171000,IDR,331000,,Bank transfer (manual),GoSend/Grab Instant,C002369,new,Bekasi,West Java,ID,completed,2026-09-25,2026-09-28,story_reply,ig_milestone_reel,17908880999865633,sku_match,
IG-20260925-0003,2026-09-25 09:49:52,2026-09-25,Friday,Instagram,Instagram (DM/WhatsApp),LT-GFT,Loop Tote Gift Set,Sand,gift_set,1,299000,299000,0,,25000,324000,0,2268,128000,168732,IDR,324000,,QRIS,JNE,C000099,returning,Bogor,West Java,ID,completed,2026-09-25,2026-09-28,dm,ig_qr_carousel,17901977490176261,sku_match,
#LT10848,2026-09-25 10:05:34,2026-09-25,Friday,Website (Shopify),Website (Shopify),LT-GRN,"Loop Tote, Sea-green",Sea-green,standard,1,189000,189000,19000,THANKS10K,40000,210000,0,3150,78000,88850,IDR,210000,,OVO,JNE,C002370,new,Jakarta,DKI Jakarta,ID,completed,2026-09-25,2026-09-27,instagram / bio_link,ig_milestone_reel,17908880999865633,promo_code_match,
26092557480670B,2026-09-25 10:12:01,2026-09-25,Friday,Indonesian marketplace,Shopee,LT-GRN,"Loop Tote, Sea-green",Sea-green,standard,1,189000,189000,15000,Platform voucher,30000,204000,16530,0,78000,79470,IDR,204000,,COD,SiCepat,C002371,new,Semarang,Central Java,ID,shipped,2026-09-26,,recommended,,,,
IG-20260925-0004,2026-09-25 10:19:36,2026-09-25,Friday,Instagram,Instagram (DM/WhatsApp),LT-GRN,"Loop Tote, Sea-green",Sea-green,standard,1,189000,189000,0,,32000,221000,0,0,78000,111000,IDR,221000,,Bank transfer (manual),JNE,C002372,new,Bandung,West Java,ID,completed,2026-09-25,2026-09-27,story_reply,,,,
26092548840925C,2026-09-25 10:36:40,2026-09-25,Friday,Indonesian marketplace,Shopee,LT-GFT,Loop Tote Gift Set,Sand,gift_set,1,299000,299000,15000,Platform voucher,30000,314000,26980,0,128000,129020,IDR,314000,,QRIS,JNE,C002373,new,Medan,North Sumatra,ID,shipped,2026-09-26,,marketplace_search,,,,
IG-20260925-0005,2026-09-25 10:54:51,2026-09-25,Friday,Instagram,Instagram (DM/WhatsApp),LT-GFT,Loop Tote Gift Set,Indigo,gift_set,1,299000,299000,15000,IGDM5,40000,324000,0,0,128000,156000,IDR,324000,,Bank transfer (manual),JNE,C000516,returning,Jakarta,DKI Jakarta,ID,completed,2026-09-26,2026-09-28,whatsapp_click,ig_qr_carousel,17901977490176261,sku_match,
#LT10849,2026-09-25 11:07:22,2026-09-25,Friday,Website (Shopify),Website (Shopify),LT-GRN,"Loop Tote, Sea-green",Sea-green,standard,1,189000,189000,19000,THANKS10K,25000,195000,0,7655,78000,84345,IDR,195000,,Credit card,J&T Express,C002374,new,Depok,West Java,ID,shipped,2026-09-26,,instagram / bio_link,ig_milestone_reel,17908880999865633,utm_bio_link,
#LT10850,2026-09-25 11:09:34,2026-09-25,Friday,Website (Shopify),Website (Shopify),LT-IND,"Loop Tote, Indigo",Indigo,standard,1,189000,189000,19000,THANKS10K,25000,195000,0,4000,78000,88000,IDR,195000,,Bank transfer (VA),GoSend/Grab Instant,C002375,new,Bandung,West Java,ID,completed,2026-09-25,2026-09-27,instagram / bio_link,ig_milestone_reel,17908880999865633,promo_code_match,
#LT10851,2026-09-25 11:23:45,2026-09-25,Friday,Website (Shopify),Website (Shopify),LT-GFT,Loop Tote Gift Set,Sea-green,gift_set,1,299000,299000,0,,18000,317000,0,4755,128000,166245,IDR,317000,,GoPay,JNE,C001571,returning,Garut,West Java,ID,shipped,2026-09-25,,instagram / bio_link,ig_always_on,,,
#LT10852,2026-09-25 11:33:14,2026-09-25,Friday,Website (Shopify),Website (Shopify),LT-GFT,Loop Tote Gift Set,Sea-green,gift_set,1,299000,299000,0,,32000,331000,0,11599,128000,159401,IDR,331000,,Credit card,J&T Express,C002376,new,Jakarta,DKI Jakarta,ID,completed,2026-09-26,2026-09-27,instagram / bio_link,ig_qr_carousel,17901977490176261,sku_match,
INV/20260925/MPL/207702882,2026-09-25 11:44:25,2026-09-25,Friday,Indonesian marketplace,Tokopedia,LT-SND,"Loop Tote, Sand",Sand,standard,3,189000,567000,56500,Platform voucher,30000,540500,40840,0,234000,235660,IDR,540500,,Alfamart/Indomaret,SiCepat,C002377,new,South Tangerang,Banten,ID,shipped,2026-09-26,,marketplace_campaign,,,,
#LT10853,2026-09-25 11:50:01,2026-09-25,Friday,Website (Shopify),Website (Shopify),LT-SND,"Loop Tote, Sand",Sand,standard,3,189000,567000,0,,0,567000,0,3969,234000,-28969,IDR,567000,,QRIS,JNE,C002378,new,Bogor,West Java,ID,returned,2026-09-26,2026-09-27,instagram / bio_link,ig_qr_carousel,17901977490176261,utm_bio_link,
STR-20260925-0001,2026-09-25 12:07:06,2026-09-25,Friday,Physical store,Bandung store,LT-GFT,Loop Tote Gift Set,Sand,gift_set,1,299000,299000,0,,0,299000,0,2093,128000,168907,IDR,299000,,QRIS,In-store pickup,C002379,new,Bandung,West Java,ID,completed,2026-09-25,2026-09-25,walk-in,,17908880999865633,sku_match,
IG-20260925-0006,2026-09-25 13:10:43,2026-09-25,Friday,Instagram,Instagram (DM/WhatsApp),LT-GRN,"Loop Tote, Sea-green",Sea-green,standard,1,189000,189000,0,,32000,221000,0,0,78000,111000,IDR,221000,,Bank transfer (manual),GoSend/Grab Instant,C002380,new,Sukabumi,West Java,ID,shipped,2026-09-26,,dm,,,,
#LT10854,2026-09-25 13:20:04,2026-09-25,Friday,Website (Shopify),Website (Shopify),LT-GFT,Loop Tote Gift Set,Sand,gift_set,1,299000,299000,30000,THANKS10K,32000,301000,0,2107,128000,138893,IDR,301000,,QRIS,GoSend/Grab Instant,C002381,new,Sukabumi,West Java,ID,completed,2026-09-26,2026-09-28,instagram / bio_link,ig_milestone_reel,17908880999865633,sku_match,
#LT10855,2026-09-25 13:47:18,2026-09-25,Friday,Website (Shopify),Website (Shopify),LT-GRN,"Loop Tote, Sea-green",Sea-green,standard,1,189000,189000,19000,THANKS10K,25000,195000,0,4000,78000,88000,IDR,195000,,Bank transfer (VA),SiCepat,C002382,new,Bandung,West Java,ID,completed,2026-09-26,2026-09-27,instagram / bio_link,ig_milestone_reel,17908880999865633,promo_code_match,
#LT10856,2026-09-25 14:15:34,2026-09-25,Friday,Website (Shopify),Website (Shopify),LT-SND,"Loop Tote, Sand",Sand,standard,1,189000,189000,0,,32000,221000,0,8409,78000,102591,IDR,221000,,Credit card,J&T Express,C002383,new,Makassar,South Sulawesi,ID,shipped,2026-09-25,,instagram / bio_link,ig_qr_carousel,17901977490176261,utm_bio_link,
IG-20260925-0007,2026-09-25 14:38:09,2026-09-25,Friday,Instagram,Instagram (DM/WhatsApp),LT-GFT,Loop Tote Gift Set,Sea-green,gift_set,1,299000,299000,0,,0,299000,0,2093,128000,168907,IDR,299000,,QRIS,SiCepat,C002384,new,Karawang,West Java,ID,shipped,2026-09-25,,story_reply,ig_qr_carousel,17901977490176261,sku_match,
STR-20260925-0002,2026-09-25 14:45:24,2026-09-25,Friday,Physical store,Bandung store,LT-IND,"Loop Tote, Indigo",Indigo,standard,3,189000,567000,0,,0,567000,0,0,234000,333000,IDR,567000,,Cash,In-store pickup,C002385,new,Bandung,West Java,ID,completed,2026-09-25,2026-09-25,walk-in,,,,
113-2508088-5725323,2026-09-25 15:07:20,2026-09-25,Friday,Amazon,Amazon,LT-SND,"Loop Tote, Sand",Sand,standard,1,260637,260637,0,,113937,374574,39096,0,78000,143541,USD,22.98,16300,Credit card,DHL eCommerce,C002386,new,Tokyo,Tokyo,JP,shipped,2026-09-26,,marketplace_search,,,,
#LT10857,2026-09-25 15:16:58,2026-09-25,Friday,Website (Shopify),Website (Shopify),LT-GRN,"Loop Tote, Sea-green",Sea-green,standard,1,189000,189000,0,,0,189000,0,2835,78000,108165,IDR,189000,,GoPay,JNE,C002387,new,Depok,West Java,ID,completed,2026-09-25,2026-09-26,direct,,,,
STR-20260925-0003,2026-09-25 15:22:09,2026-09-25,Friday,Physical store,Bandung store,LT-IND,"Loop Tote, Indigo",Indigo,standard,1,189000,189000,0,,0,189000,0,0,78000,111000,IDR,189000,,Cash,In-store pickup,C002388,new,Bandung,West Java,ID,completed,2026-09-25,2026-09-25,walk-in,,,,
IG-20260925-0008,2026-09-25 15:44:41,2026-09-25,Friday,Instagram,Instagram (DM/WhatsApp),LT-GFT,Loop Tote Gift Set,Sea-green,gift_set,1,299000,299000,15000,IGDM5,18000,302000,0,10758,128000,145242,IDR,302000,,Credit card,SiCepat,C002389,new,Cimahi,West Java,ID,completed,2026-09-26,2026-09-28,dm,ig_qr_carousel,17901977490176261,sku_match,
#LT10858,2026-09-25 15:50:57,2026-09-25,Friday,Website (Shopify),Website (Shopify),LT-GRN,"Loop Tote, Sea-green",Sea-green,standard,1,189000,189000,19000,THANKS10K,40000,210000,0,3150,78000,88850,IDR,210000,,GoPay,JNE,C002390,new,Bandung,West Java,ID,completed,2026-09-25,2026-09-27,instagram / bio_link,ig_milestone_reel,17908880999865633,promo_code_match,
#LT10859,2026-09-25 16:47:21,2026-09-25,Friday,Website (Shopify),Website (Shopify),LT-GFT,Loop Tote Gift Set,Sand,gift_set,1,299000,299000,30000,THANKS10K,18000,287000,0,4000,128000,137000,IDR,287000,,Bank transfer (VA),J&T Express,C002391,new,Bandung,West Java,ID,completed,2026-09-26,2026-09-27,instagram / bio_link,ig_milestone_reel,17908880999865633,promo_code_match,
#LT10860,2026-09-25 16:54:12,2026-09-25,Friday,Website (Shopify),Website (Shopify),LT-GFT,Loop Tote Gift Set,Indigo,gift_set,1,299000,299000,30000,THANKS10K,18000,287000,0,4305,128000,136695,IDR,287000,,GoPay,SiCepat,C002392,new,Surabaya,East Java,ID,shipped,2026-09-26,,instagram / bio_link,ig_qr_carousel,17901977490176261,sku_match,
IG-20260925-0009,2026-09-25 17:03:15,2026-09-25,Friday,Instagram,Instagram (DM/WhatsApp),LT-IND,"Loop Tote, Indigo",Indigo,standard,1,189000,189000,0,,0,189000,0,0,78000,111000,IDR,189000,,Bank transfer (manual),GoSend/Grab Instant,C002393,new,Jakarta,DKI Jakarta,ID,completed,2026-09-26,2026-09-27,whatsapp_click,,,,
STR-20260925-0004,2026-09-25 17:14:01,2026-09-25,Friday,Physical store,Bandung store,LT-GFT,Loop Tote Gift Set,Indigo,gift_set,1,299000,299000,0,,0,299000,0,0,128000,171000,IDR,299000,,Cash,In-store pickup,C002394,new,Bandung,West Java,ID,completed,2026-09-25,2026-09-25,walk-in,,17908880999865633,sku_match,
#LT10861,2026-09-25 17:16:02,2026-09-25,Friday,Website (Shopify),Website (Shopify),LT-GRN,"Loop Tote, Sea-green",Sea-green,standard,1,189000,189000,0,,25000,214000,0,8206,78000,102794,IDR,214000,,Credit card,JNE,C002395,new,Cimahi,West Java,ID,completed,2026-09-26,2026-09-27,instagram / bio_link,ig_always_on,,,
IG-20260925-0010,2026-09-25 17:27:32,2026-09-25,Friday,Instagram,Instagram (DM/WhatsApp),LT-GRN,"Loop Tote, Sea-green",Sea-green,standard,1,189000,189000,9500,IGDM5,0,179500,0,1256,78000,100244,IDR,179500,,QRIS,JNE,C002396,new,Surabaya,East Java,ID,shipped,2026-09-26,,dm,,,,
#LT10862,2026-09-25 18:05:49,2026-09-25,Friday,Website (Shopify),Website (Shopify),LT-IND,"Loop Tote, Indigo",Indigo,standard,3,189000,567000,56500,THANKS10K,0,510500,0,7658,234000,268842,IDR,510500,,ShopeePay,GoSend/Grab Instant,C000474,returning,Malang,East Java,ID,shipped,2026-09-25,,instagram / bio_link,ig_milestone_reel,17908880999865633,promo_code_match,
#LT10863,2026-09-25 18:10:05,2026-09-25,Friday,Website (Shopify),Website (Shopify),LT-SND,"Loop Tote, Sand",Sand,standard,1,189000,189000,19000,THANKS10K,15000,185000,0,1295,78000,90705,IDR,185000,,QRIS,GoSend/Grab Instant,C002397,new,Cimahi,West Java,ID,completed,2026-09-26,2026-09-28,instagram / bio_link,ig_milestone_reel,17908880999865633,promo_code_match,
#LT10864,2026-09-25 18:19:35,2026-09-25,Friday,Website (Shopify),Website (Shopify),LT-IND,"Loop Tote, Indigo",Indigo,standard,3,189000,567000,56500,THANKS10K,0,510500,0,4000,234000,272500,IDR,510500,,Bank transfer (VA),JNE,C002398,new,Depok,West Java,ID,shipped,2026-09-26,,instagram / bio_link,ig_milestone_reel,17908880999865633,utm_bio_link,
IG-20260925-0011,2026-09-25 18:25:28,2026-09-25,Friday,Instagram,Instagram (DM/WhatsApp),LT-IND,"Loop Tote, Indigo",Indigo,standard,1,189000,189000,0,,25000,214000,0,3210,78000,107790,IDR,214000,,GoPay/OVO,J&T Express,C002399,new,Jakarta,DKI Jakarta,ID,completed,2026-09-26,2026-09-27,whatsapp_click,,,,
113-9540413-5694938,2026-09-25 19:00:07,2026-09-25,Friday,Amazon,Amazon,LT-GRN,"Loop Tote, Sea-green",Sea-green,standard,1,260637,260637,0,,113937,374574,39096,0,78000,143541,USD,22.98,16300,Credit card,DHL eCommerce,C002400,new,London,England,GB,shipped,2026-09-26,,marketplace_campaign,,,,
IG-20260925-0012,2026-09-25 19:03:47,2026-09-25,Friday,Instagram,Instagram (DM/WhatsApp),LT-GRN,"Loop Tote, Sea-green",Sea-green,standard,1,189000,189000,9500,IGDM5,40000,219500,0,0,78000,101500,IDR,219500,,Bank transfer (manual),SiCepat,C002401,new,Bandung,West Java,ID,completed,2026-09-26,2026-09-27,dm,ig_qr_carousel,17901977490176261,dm_time_proximity,
IG-20260925-0013,2026-09-25 19:20:14,2026-09-25,Friday,Instagram,Instagram (DM/WhatsApp),LT-GRN,"Loop Tote, Sea-green",Sea-green,standard,1,189000,189000,9500,IGDM5,40000,219500,0,0,78000,101500,IDR,219500,,Bank transfer (manual),J&T Express,C002402,new,Bekasi,West Java,ID,completed,2026-09-25,2026-09-28,whatsapp_click,,,,
INV/20260925/MPL/184121041,2026-09-25 19:20:29,2026-09-25,Friday,Indonesian marketplace,Tokopedia,LT-GRN,"Loop Tote, Sea-green",Sea-green,standard,1,189000,189000,0,,20000,209000,15120,0,78000,95880,IDR,209000,,ShopeePay,AnterAja,C002403,new,Bandung,West Java,ID,completed,2026-09-26,2026-09-28,marketplace_search,,,,
#LT10865,2026-09-25 19:34:22,2026-09-25,Friday,Website (Shopify),Website (Shopify),LT-IND,"Loop Tote, Indigo",Indigo,standard,2,189000,378000,0,,0,378000,0,12962,156000,209038,IDR,378000,,Credit card,SiCepat,C001001,returning,Sukabumi,West Java,ID,shipped,2026-09-26,,instagram / bio_link,ig_milestone_reel,17908880999865633,utm_bio_link,
IG-20260925-0014,2026-09-25 19:36:04,2026-09-25,Friday,Instagram,Instagram (DM/WhatsApp),LT-SND,"Loop Tote, Sand",Sand,standard,1,189000,189000,0,,32000,221000,0,0,78000,111000,IDR,221000,,Bank transfer (manual),SiCepat,C002404,new,Bandung,West Java,ID,completed,2026-09-26,2026-09-27,dm,ig_milestone_reel,17908880999865633,dm_time_proximity,
IG-20260925-0015,2026-09-25 19:36:13,2026-09-25,Friday,Instagram,Instagram (DM/WhatsApp),LT-GRN,"Loop Tote, Sea-green",Sea-green,standard,2,189000,378000,0,,40000,418000,0,0,156000,222000,IDR,418000,,Bank transfer (manual),JNE,C002405,new,Jakarta,DKI Jakarta,ID,completed,2026-09-25,2026-09-27,dm,ig_milestone_reel,17908880999865633,dm_time_proximity,
IG-20260925-0016,2026-09-25 19:41:37,2026-09-25,Friday,Instagram,Instagram (DM/WhatsApp),LT-GRN,"Loop Tote, Sea-green",Sea-green,standard,1,189000,189000,0,,0,189000,0,0,78000,111000,IDR,189000,,Bank transfer (manual),J&T Express,C002406,new,Cimahi,West Java,ID,completed,2026-09-25,2026-09-26,dm,ig_qr_carousel,17901977490176261,dm_time_proximity,
#LT10866,2026-09-25 20:09:11,2026-09-25,Friday,Website (Shopify),Website (Shopify),LT-IND,"Loop Tote, Indigo",Indigo,standard,1,189000,189000,0,,0,189000,0,4000,78000,107000,IDR,189000,,Bank transfer (VA),GoSend/Grab Instant,C002407,new,Jakarta,DKI Jakarta,ID,completed,2026-09-25,2026-09-27,instagram / bio_link,ig_milestone_reel,17908880999865633,utm_bio_link,
IG-20260925-0017,2026-09-25 20:10:47,2026-09-25,Friday,Instagram,Instagram (DM/WhatsApp),LT-GRN,"Loop Tote, Sea-green",Sea-green,standard,1,189000,189000,9500,IGDM5,32000,211500,0,0,78000,101500,IDR,211500,,Bank transfer (manual),GoSend/Grab Instant,C002408,new,Jakarta,DKI Jakarta,ID,completed,2026-09-26,2026-09-27,dm,ig_qr_carousel,17901977490176261,dm_time_proximity,
#LT10867,2026-09-25 20:13:32,2026-09-25,Friday,Website (Shopify),Website (Shopify),LT-IND,"Loop Tote, Indigo",Indigo,standard,1,189000,189000,0,,18000,207000,0,4000,78000,107000,IDR,207000,,Bank transfer (VA),J&T Express,C002409,new,Jakarta,DKI Jakarta,ID,completed,2026-09-25,2026-09-27,instagram / bio_link,ig_milestone_reel,17908880999865633,utm_bio_link,
#LT10868,2026-09-25 20:15:25,2026-09-25,Friday,Website (Shopify),Website (Shopify),LT-GRN,"Loop Tote, Sea-green",Sea-green,standard,1,189000,189000,0,,15000,204000,0,4000,78000,107000,IDR,204000,,Bank transfer (VA),GoSend/Grab Instant,C002354,returning,Bandung,West Java,ID,completed,2026-09-26,2026-09-28,instagram / bio_link,ig_milestone_reel,17908880999865633,utm_bio_link,
#LT10869,2026-09-25 20:34:24,2026-09-25,Friday,Website (Shopify),Website (Shopify),LT-GFT,Loop Tote Gift Set,Sea-green,gift_set,1,299000,299000,30000,THANKS10K,15000,284000,0,10236,128000,130764,IDR,284000,,Credit card,GoSend/Grab Instant,C002410,new,Jakarta,DKI Jakarta,ID,shipped,2026-09-26,,instagram / bio_link,ig_milestone_reel,17908880999865633,sku_match,
IG-20260925-0018,2026-09-25 20:51:40,2026-09-25,Friday,Instagram,Instagram (DM/WhatsApp),LT-GFT,Loop Tote Gift Set,Sea-green,gift_set,1,299000,299000,0,,32000,331000,0,11599,128000,159401,IDR,331000,,Credit card,SiCepat,C002411,new,Depok,West Java,ID,completed,2026-09-25,2026-09-27,comment,ig_qr_carousel,17901977490176261,sku_match,
#LT10870,2026-09-25 20:55:27,2026-09-25,Friday,Website (Shopify),Website (Shopify),LT-GFT,Loop Tote Gift Set,Sea-green,gift_set,1,299000,299000,0,,18000,317000,0,4755,128000,166245,IDR,317000,,GoPay,J&T Express,C000595,returning,Denpasar,Bali,ID,shipped,2026-09-26,,instagram / bio_link,ig_milestone_reel,17908880999865633,sku_match,
#LT10871,2026-09-25 20:55:49,2026-09-25,Friday,Website (Shopify),Website (Shopify),LT-GFT,Loop Tote Gift Set,Sand,gift_set,1,299000,299000,30000,THANKS10K,40000,309000,0,4000,128000,137000,IDR,309000,,Bank transfer (VA),SiCepat,C001133,returning,Pekanbaru,Riau,ID,shipped,2026-09-26,,instagram / bio_link,ig_milestone_reel,17908880999865633,promo_code_match,
IG-20260925-0019,2026-09-25 21:04:40,2026-09-25,Friday,Instagram,Instagram (DM/WhatsApp),LT-GFT,Loop Tote Gift Set,Indigo,gift_set,1,299000,299000,0,,25000,324000,0,0,128000,171000,IDR,324000,,Bank transfer (manual),GoSend/Grab Instant,C002412,new,Bandung,West Java,ID,completed,2026-09-25,2026-09-26,whatsapp_click,ig_milestone_reel,17908880999865633,sku_match,
IG-20260925-0020,2026-09-25 21:29:34,2026-09-25,Friday,Instagram,Instagram (DM/WhatsApp),LT-GFT,Loop Tote Gift Set,Sea-green,gift_set,1,299000,299000,0,,40000,339000,0,0,128000,0,IDR,339000,,GoPay/OVO,,C002413,new,Cimahi,West Java,ID,cancelled,,,dm,ig_qr_carousel,17901977490176261,dm_time_proximity,
IG-20260925-0021,2026-09-25 21:36:06,2026-09-25,Friday,Instagram,Instagram (DM/WhatsApp),LT-IND,"Loop Tote, Indigo",Indigo,standard,1,189000,189000,0,,25000,214000,0,1498,78000,-26498,IDR,214000,,QRIS,SiCepat,C002414,new,Jakarta,DKI Jakarta,ID,returned,2026-09-26,2026-09-29,dm,ig_qr_carousel,17901977490176261,dm_time_proximity,
IG-20260925-0022,2026-09-25 21:56:47,2026-09-25,Friday,Instagram,Instagram (DM/WhatsApp),LT-GFT,Loop Tote Gift Set,Sand,gift_set,1,299000,299000,0,,0,299000,0,0,128000,171000,IDR,299000,,Bank transfer (manual),SiCepat,C000684,returning,Batam,Riau Islands,ID,shipped,2026-09-25,,dm,ig_milestone_reel,17908880999865633,sku_match,
IG-20260925-0023,2026-09-25 22:01:48,2026-09-25,Friday,Instagram,Instagram (DM/WhatsApp),LT-GRN,"Loop Tote, Sea-green",Sea-green,standard,1,189000,189000,0,,0,189000,0,0,78000,111000,IDR,189000,,Bank transfer (manual),GoSend/Grab Instant,C002415,new,Jakarta,DKI Jakarta,ID,completed,2026-09-26,2026-09-27,dm,ig_milestone_reel,17908880999865633,dm_time_proximity,
#LT10872,2026-09-25 22:14:32,2026-09-25,Friday,Website (Shopify),Website (Shopify),LT-IND,"Loop Tote, Indigo",Indigo,standard,1,189000,189000,0,,40000,229000,0,4000,78000,107000,IDR,229000,,Bank transfer (VA),SiCepat,C002416,new,Bandung,West Java,ID,completed,2026-09-26,2026-09-27,instagram / bio_link,ig_qr_carousel,17901977490176261,utm_bio_link,
26092561091318D,2026-09-25 23:23:40,2026-09-25,Friday,Indonesian marketplace,Shopee,LT-IND,"Loop Tote, Indigo",Indigo,standard,1,189000,189000,0,,0,189000,17955,0,78000,93045,IDR,189000,,ShopeePay,Shopee Xpress / platform courier,C002417,new,Cimahi,West Java,ID,completed,2026-09-26,2026-09-28,recommended,,,,
5829496894969960167,2026-09-25 23:47:27,2026-09-25,Friday,Indonesian marketplace,TikTok Shop,LT-GRN,"Loop Tote, Sea-green",Sea-green,standard,1,179000,179000,0,,0,179000,15215,0,78000,85785,IDR,179000,,QRIS,AnterAja,C002418,new,Pekanbaru,Riau,ID,shipped,2026-09-25,,marketplace_search,,,,
#LT10873,2026-09-25 23:51:17,2026-09-25,Friday,Website (Shopify),Website (Shopify),LT-GRN,"Loop Tote, Sea-green",Sea-green,standard,1,189000,189000,19000,THANKS10K,25000,195000,0,2925,78000,89075,IDR,195000,,GoPay,J&T Express,C002419,new,Depok,West Java,ID,completed,2026-09-26,2026-09-28,instagram / bio_link,ig_milestone_reel,17908880999865633,promo_code_match,
113-8415974-9238783,2026-09-26 00:42:31,2026-09-26,Saturday,Amazon,Amazon,LT-GRN,"Loop Tote, Sea-green",Sea-green,standard,1,260637,260637,0,,113937,374574,39096,0,78000,143541,USD,22.98,16300,Credit card,DHL eCommerce,C002420,new,Singapore,Singapore,SG,shipped,2026-09-26,,marketplace_search,,,,
INV/20260926/MPL/646071407,2026-09-26 00:42:58,2026-09-26,Saturday,Indonesian marketplace,Tokopedia,LT-SND,"Loop Tote, Sand",Sand,standard,1,189000,189000,0,,20000,209000,15120,0,78000,95880,IDR,209000,,Bank transfer (VA),AnterAja,C002421,new,Cimahi,West Java,ID,shipped,2026-09-27,,marketplace_search,,,,
#LT10874,2026-09-26 00:56:56,2026-09-26,Saturday,Website (Shopify),Website (Shopify),LT-GFT,Loop Tote Gift Set,Sand,gift_set,1,299000,299000,0,,15000,314000,0,4710,128000,166290,IDR,314000,,OVO,SiCepat,C002422,new,Jakarta,DKI Jakarta,ID,completed,2026-09-27,2026-09-28,direct,,,,
INV/20260926/MPL/998979510,2026-09-26 01:04:38,2026-09-26,Saturday,Indonesian marketplace,Tokopedia,LT-GRN,"Loop Tote, Sea-green",Sea-green,standard,3,189000,567000,0,,35000,602000,45360,0,234000,287640,IDR,602000,,Alfamart/Indomaret,Shopee Xpress / platform courier,C002423,new,Manado,North Sulawesi,ID,shipped,2026-09-27,,recommended,,,,
113-5505437-6582077,2026-09-26 01:56:24,2026-09-26,Saturday,Amazon,Amazon,LT-SND,"Loop Tote, Sand",Sand,standard,1,260637,260637,0,,113937,374574,39096,0,78000,143541,USD,22.98,16300,Credit card,DHL eCommerce,C002424,new,Sydney,New South Wales,AU,shipped,2026-09-27,,marketplace_search,,,,
#LT10875,2026-09-26 03:11:46,2026-09-26,Saturday,Website (Shopify),Website (Shopify),LT-GRN,"Loop Tote, Sea-green",Sea-green,standard,1,189000,189000,19000,THANKS10K,32000,202000,0,4000,78000,88000,IDR,202000,,Bank transfer (VA),GoSend/Grab Instant,C002425,new,Bekasi,West Java,ID,completed,2026-09-26,2026-09-27,instagram / bio_link,ig_milestone_reel,17908880999865633,promo_code_match,
113-8825883-2777239,2026-09-26 03:28:30,2026-09-26,Saturday,Amazon,Amazon,LT-GRN,"Loop Tote, Sea-green",Sea-green,standard,1,260637,260637,0,,113937,374574,39096,0,78000,143541,USD,22.98,16300,Credit card,DHL eCommerce,C002426,new,Sydney,New South Wales,AU,shipped,2026-09-27,,marketplace_search,,,,
26092624909780B,2026-09-26 08:05:52,2026-09-26,Saturday,Indonesian marketplace,Shopee,LT-GRN,"Loop Tote, Sea-green",Sea-green,standard,1,189000,189000,0,,0,189000,17955,0,78000,93045,IDR,189000,,ShopeePay,JNE,C002427,new,South Tangerang,Banten,ID,shipped,2026-09-27,,marketplace_search,,,,
IG-20260926-0001,2026-09-26 08:49:31,2026-09-26,Saturday,Instagram,Instagram (DM/WhatsApp),LT-IND,"Loop Tote, Indigo",Indigo,standard,1,189000,189000,0,,0,189000,0,0,78000,111000,IDR,189000,,Bank transfer (manual),J&T Express,C001613,returning,Karawang,West Java,ID,shipped,2026-09-26,,dm,ig_milestone_reel,17908880999865633,dm_time_proximity,
INV/20260926/MPL/981754304,2026-09-26 08:59:46,2026-09-26,Saturday,Indonesian marketplace,Tokopedia,LT-IND,"Loop Tote, Indigo",Indigo,standard,1,189000,189000,28500,Platform voucher,15000,175500,12840,0,78000,69660,IDR,175500,,Alfamart/Indomaret,AnterAja,C002428,new,Solo,Central Java,ID,shipped,2026-09-27,,marketplace_search,,17901977490176261,assisted_time_proximity,
IG-20260926-0002,2026-09-26 09:46:02,2026-09-26,Saturday,Instagram,Instagram (DM/WhatsApp),LT-GFT,Loop Tote Gift Set,Sand,gift_set,1,299000,299000,0,,15000,314000,0,0,128000,171000,IDR,314000,,Bank transfer (manual),JNE,C002429,new,Batam,Riau Islands,ID,shipped,2026-09-27,,dm,ig_qr_carousel,17901977490176261,sku_match,
26092630112485C,2026-09-26 09:53:55,2026-09-26,Saturday,Indonesian marketplace,Shopee,LT-GRN,"Loop Tote, Sea-green",Sea-green,standard,4,189000,756000,0,,12000,768000,71820,0,312000,372180,IDR,768000,,COD,Shopee Xpress / platform courier,C002430,new,Cimahi,West Java,ID,completed,2026-09-26,2026-09-27,marketplace_search,,,,
IG-20260926-0003,2026-09-26 09:56:59,2026-09-26,Saturday,Instagram,Instagram (DM/WhatsApp),LT-IND,"Loop Tote, Indigo",Indigo,standard,1,189000,189000,0,,32000,221000,0,0,78000,111000,IDR,221000,,Bank transfer (manual),J&T Express,C002431,new,Surabaya,East Java,ID,shipped,2026-09-26,,story_reply,ig_milestone_reel,17908880999865633,dm_time_proximity,
#LT10876,2026-09-26 10:10:37,2026-09-26,Saturday,Website (Shopify),Website (Shopify),LT-GFT,Loop Tote Gift Set,Indigo,gift_set,1,299000,299000,0,,18000,317000,0,2219,128000,168781,IDR,317000,,QRIS,GoSend/Grab Instant,C002432,new,Tangerang,Banten,ID,completed,2026-09-26,2026-09-27,direct,,,,
#LT10877,2026-09-26 11:44:19,2026-09-26,Saturday,Website (Shopify),Website (Shopify),LT-SND,"Loop Tote, Sand",Sand,standard,3,189000,567000,56500,THANKS10K,0,510500,0,3574,234000,272926,IDR,510500,,QRIS,SiCepat,C002433,new,Bekasi,West Java,ID,completed,2026-09-26,2026-09-28,instagram / bio_link,ig_milestone_reel,17908880999865633,promo_code_match,
#LT10878,2026-09-26 11:46:11,2026-09-26,Saturday,Website (Shopify),Website (Shopify),LT-IND,"Loop Tote, Indigo",Indigo,standard,2,189000,378000,0,,0,378000,0,4000,156000,218000,IDR,378000,,Bank transfer (VA),GoSend/Grab Instant,C002434,new,Denpasar,Bali,ID,shipped,2026-09-27,,instagram / bio_link,ig_milestone_reel,17908880999865633,utm_bio_link,
IG-20260926-0004,2026-09-26 11:51:30,2026-09-26,Saturday,Instagram,Instagram (DM/WhatsApp),LT-GFT,Loop Tote Gift Set,Indigo,gift_set,1,299000,299000,15000,IGDM5,15000,299000,0,10671,128000,145329,IDR,299000,,Credit card,JNE,C002435,new,Bekasi,West Java,ID,completed,2026-09-26,2026-09-28,dm,ig_qr_carousel,17901977490176261,sku_match,
5699901748986650103,2026-09-26 12:13:58,2026-09-26,Saturday,Indonesian marketplace,TikTok Shop,LT-SND,"Loop Tote, Sand",Sand,standard,1,179000,179000,14500,Platform voucher,12000,176500,13983,0,78000,72517,IDR,176500,,Bank transfer (VA),Shopee Xpress / platform courier,C002436,new,Denpasar,Bali,ID,shipped,2026-09-26,,recommended,,,,
#LT10879,2026-09-26 12:18:36,2026-09-26,Saturday,Website (Shopify),Website (Shopify),LT-GFT,Loop Tote Gift Set,Indigo,gift_set,1,299000,299000,0,,18000,317000,0,2219,128000,168781,IDR,317000,,QRIS,JNE,C002437,new,Surabaya,East Java,ID,shipped,2026-09-27,,instagram / bio_link,ig_milestone_reel,17908880999865633,sku_match,
INV/20260926/MPL/690181820,2026-09-26 12:46:34,2026-09-26,Saturday,Indonesian marketplace,Tokopedia,LT-GFT,Loop Tote Gift Set,Sea-green,gift_set,1,299000,299000,15000,Platform voucher,25000,309000,22720,0,128000,-47720,IDR,309000,,PayLater,JNE,C002438,new,Bandung,West Java,ID,returned,2026-09-26,2026-09-27,marketplace_search,,17908880999865633,sku_match,
#LT10880,2026-09-26 13:05:19,2026-09-26,Saturday,Website (Shopify),Website (Shopify),LT-GFT,Loop Tote Gift Set,Sand,gift_set,1,299000,299000,30000,THANKS10K,32000,301000,0,4515,128000,136485,IDR,301000,,GoPay,SiCepat,C002439,new,Jakarta,DKI Jakarta,ID,shipped,2026-09-26,,instagram / bio_link,ig_qr_carousel,17901977490176261,sku_match,
760479619594588,2026-09-26 14:09:05,2026-09-26,Saturday,Indonesian marketplace,Lazada,LT-IND,"Loop Tote, Indigo",Indigo,standard,1,189000,189000,0,,0,189000,16065,0,78000,-41065,IDR,189000,,Bank transfer (VA),SiCepat,C001978,returning,Jakarta,DKI Jakarta,ID,returned,2026-09-27,2026-09-28,marketplace_search,,,,
IG-20260926-0005,2026-09-26 14:21:00,2026-09-26,Saturday,Instagram,Instagram (DM/WhatsApp),LT-MIX,"Loop Tote (assorted, bulk)",Assorted,bulk_corporate,32,189000,6048000,605000,CORPORATE,15000,5458000,0,0,2496000,2947000,IDR,5458000,,Bank transfer (manual),JNE,B02445,business,Bandung,West Java,ID,completed,2026-09-26,2026-09-27,story_reply,,,,
#LT10881,2026-09-26 14:46:12,2026-09-26,Saturday,Website (Shopify),Website (Shopify),LT-GRN,"Loop Tote, Sea-green",Sea-green,standard,2,189000,378000,0,,0,378000,0,4000,156000,218000,IDR,378000,,Bank transfer (VA),JNE,C002441,new,Sukabumi,West Java,ID,shipped,2026-09-26,,google / organic,,,,
#LT10882,2026-09-26 14:52:14,2026-09-26,Saturday,Website (Shopify),Website (Shopify),LT-SND,"Loop Tote, Sand",Sand,standard,1,189000,189000,19000,THANKS10K,0,170000,0,4000,78000,88000,IDR,170000,,Bank transfer (VA),GoSend/Grab Instant,C002442,new,Bekasi,West Java,ID,shipped,2026-09-27,,direct,,,,
STR-20260926-0001,2026-09-26 15:18:39,2026-09-26,Saturday,Physical store,Bandung store,LT-SND,"Loop Tote, Sand",Sand,standard,1,189000,189000,0,,0,189000,0,7481,78000,103519,IDR,189000,,Credit card,In-store pickup,C002443,new,Cimahi,West Java,ID,completed,2026-09-26,2026-09-26,walk-in,,,,
STR-20260926-0002,2026-09-26 15:25:59,2026-09-26,Saturday,Physical store,Bandung store,LT-GRN,"Loop Tote, Sea-green",Sea-green,standard,1,189000,189000,0,,0,189000,0,0,78000,111000,IDR,189000,,Cash,In-store pickup,C002444,new,Bandung,West Java,ID,completed,2026-09-26,2026-09-26,walk-in,,,,
26092660048036D,2026-09-26 15:26:48,2026-09-26,Saturday,Indonesian marketplace,Shopee,LT-GRN,"Loop Tote, Sea-green",Sea-green,standard,1,189000,189000,15000,Platform voucher,0,174000,16530,0,78000,79470,IDR,174000,,Credit card,AnterAja,C002445,new,Tangerang,Banten,ID,completed,2026-09-27,2026-09-28,recommended,,,,
STR-20260926-0003,2026-09-26 15:29:41,2026-09-26,Saturday,Physical store,Bandung store,LT-GFT,Loop Tote Gift Set,Sea-green,gift_set,1,299000,299000,0,,0,299000,0,2990,128000,168010,IDR,299000,,Debit card,In-store pickup,C001857,returning,Bandung,West Java,ID,completed,2026-09-26,2026-09-26,walk-in,,17901977490176261,sku_match,
STR-20260926-0004,2026-09-26 16:43:06,2026-09-26,Saturday,Physical store,Bandung store,LT-GRN,"Loop Tote, Sea-green",Sea-green,standard,1,189000,189000,0,,0,189000,0,1890,78000,109110,IDR,189000,,Debit card,In-store pickup,C002446,new,Bandung,West Java,ID,completed,2026-09-26,2026-09-26,walk-in,,,,
#LT10883,2026-09-26 17:19:04,2026-09-26,Saturday,Website (Shopify),Website (Shopify),LT-GRN,"Loop Tote, Sea-green",Sea-green,standard,1,189000,189000,19000,THANKS10K,0,170000,0,4000,78000,88000,IDR,170000,,Bank transfer (VA),JNE,C002447,new,Batam,Riau Islands,ID,shipped,2026-09-26,,instagram / bio_link,ig_milestone_reel,17908880999865633,promo_code_match,
IG-20260926-0006,2026-09-26 17:27:39,2026-09-26,Saturday,Instagram,Instagram (DM/WhatsApp),LT-IND,"Loop Tote, Indigo",Indigo,standard,1,189000,189000,0,,15000,204000,0,0,78000,111000,IDR,204000,,Bank transfer (manual),J&T Express,C002448,new,Bandung,West Java,ID,completed,2026-09-27,2026-09-28,dm,ig_milestone_reel,17908880999865633,dm_time_proximity,
IG-20260926-0007,2026-09-26 17:30:38,2026-09-26,Saturday,Instagram,Instagram (DM/WhatsApp),LT-IND,"Loop Tote, Indigo",Indigo,standard,2,189000,378000,0,,40000,418000,0,0,156000,222000,IDR,418000,,Bank transfer (manual),GoSend/Grab Instant,C002449,new,Surabaya,East Java,ID,shipped,2026-09-26,,dm,ig_milestone_reel,17908880999865633,dm_time_proximity,
STR-20260926-0005,2026-09-26 18:07:46,2026-09-26,Saturday,Physical store,Bandung store,LT-GFT,Loop Tote Gift Set,Sand,gift_set,1,299000,299000,0,,0,299000,0,2990,128000,168010,IDR,299000,,Debit card,In-store pickup,C001892,returning,Bandung,West Java,ID,completed,2026-09-26,2026-09-26,walk-in,,17908880999865633,sku_match,
STR-20260926-0006,2026-09-26 19:09:52,2026-09-26,Saturday,Physical store,Bandung store,LT-SND,"Loop Tote, Sand",Sand,standard,1,189000,189000,0,,0,189000,0,1323,78000,109677,IDR,189000,,QRIS,In-store pickup,C002450,new,Bandung,West Java,ID,completed,2026-09-26,2026-09-26,walk-in,,17908880999865633,assisted_time_proximity,
IG-20260926-0008,2026-09-26 19:15:18,2026-09-26,Saturday,Instagram,Instagram (DM/WhatsApp),LT-GRN,"Loop Tote, Sea-green",Sea-green,standard,1,189000,189000,0,,40000,229000,0,3435,78000,107565,IDR,229000,,GoPay/OVO,J&T Express,C002451,new,Bandung,West Java,ID,shipped,2026-09-27,,dm,,,,
#LT10884,2026-09-26 19:20:35,2026-09-26,Saturday,Website (Shopify),Website (Shopify),LT-GFT,Loop Tote Gift Set,Sea-green,gift_set,1,299000,299000,30000,THANKS10K,0,269000,0,1883,128000,139117,IDR,269000,,QRIS,J&T Express,C002452,new,Bekasi,West Java,ID,shipped,2026-09-27,,instagram / bio_link,ig_milestone_reel,17908880999865633,sku_match,
26092628819178E,2026-09-26 19:32:15,2026-09-26,Saturday,Indonesian marketplace,Shopee,LT-IND,"Loop Tote, Indigo",Indigo,standard,1,189000,189000,0,,30000,219000,17955,0,78000,93045,IDR,219000,,Alfamart/Indomaret,SiCepat,C002453,new,Cirebon,West Java,ID,shipped,2026-09-27,,marketplace_campaign,,,,
#LT10885,2026-09-26 20:19:55,2026-09-26,Saturday,Website (Shopify),Website (Shopify),LT-IND,"Loop Tote, Indigo",Indigo,standard,1,189000,189000,0,,15000,204000,0,3060,78000,107940,IDR,204000,,ShopeePay,JNE,C002454,new,Denpasar,Bali,ID,shipped,2026-09-26,,instagram / bio_link,ig_qr_carousel,17901977490176261,utm_bio_link,
IG-20260926-0009,2026-09-26 20:27:04,2026-09-26,Saturday,Instagram,Instagram (DM/WhatsApp),LT-GFT,Loop Tote Gift Set,Sea-green,gift_set,1,299000,299000,0,,15000,314000,0,0,128000,0,IDR,314000,,Bank transfer (manual),,C002455,new,Tangerang,Banten,ID,cancelled,,,dm,ig_qr_carousel,17901977490176261,sku_match,
IG-20260926-0010,2026-09-26 20:40:58,2026-09-26,Saturday,Instagram,Instagram (DM/WhatsApp),LT-IND,"Loop Tote, Indigo",Indigo,standard,1,189000,189000,0,,25000,214000,0,8206,78000,102794,IDR,214000,,Credit card,SiCepat,C002456,new,Bekasi,West Java,ID,completed,2026-09-27,2026-09-28,story_reply,,,,
26092641963002F,2026-09-26 21:01:51,2026-09-26,Saturday,Indonesian marketplace,Shopee,LT-SND,"Loop Tote, Sand",Sand,standard,3,189000,567000,28500,Platform voucher,0,538500,51158,0,234000,253342,IDR,538500,,QRIS,Shopee Xpress / platform courier,C002457,new,Bandung,West Java,ID,shipped,2026-09-27,,marketplace_campaign,,,,
#LT10886,2026-09-26 21:09:39,2026-09-26,Saturday,Website (Shopify),Website (Shopify),LT-GRN,"Loop Tote, Sea-green",Sea-green,standard,1,189000,189000,0,,0,189000,0,0,78000,0,IDR,189000,,QRIS,,C000208,returning,Bandung,West Java,ID,cancelled,,,instagram / bio_link,ig_qr_carousel,17901977490176261,utm_bio_link,
IG-20260926-0011,2026-09-26 21:14:29,2026-09-26,Saturday,Instagram,Instagram (DM/WhatsApp),LT-SND,"Loop Tote, Sand",Sand,standard,2,189000,378000,0,,25000,403000,0,2821,156000,219179,IDR,403000,,QRIS,GoSend/Grab Instant,C000959,returning,Cianjur,West Java,ID,shipped,2026-09-27,,story_reply,,,,
#LT10887,2026-09-26 21:21:40,2026-09-26,Saturday,Website (Shopify),Website (Shopify),LT-GFT,Loop Tote Gift Set,Indigo,gift_set,1,299000,299000,0,,18000,317000,0,2219,128000,168781,IDR,317000,,QRIS,J&T Express,C002458,new,Medan,North Sumatra,ID,shipped,2026-09-27,,whatsapp,,,,
#LT10888,2026-09-26 21:41:27,2026-09-26,Saturday,Website (Shopify),Website (Shopify),LT-SND,"Loop Tote, Sand",Sand,standard,1,189000,189000,0,,40000,229000,0,1603,78000,109397,IDR,229000,,QRIS,JNE,C000697,returning,Jakarta,DKI Jakarta,ID,completed,2026-09-26,2026-09-28,instagram / bio_link,ig_milestone_reel,17908880999865633,utm_bio_link,
#LT10889,2026-09-26 21:54:56,2026-09-26,Saturday,Website (Shopify),Website (Shopify),LT-IND,"Loop Tote, Indigo",Indigo,standard,1,189000,189000,0,,25000,214000,0,4000,78000,107000,IDR,214000,,Bank transfer (VA),GoSend/Grab Instant,C001083,returning,Yogyakarta,DI Yogyakarta,ID,shipped,2026-09-27,,instagram / bio_link,ig_qr_carousel,17901977490176261,utm_bio_link,
#LT10890,2026-09-26 22:36:21,2026-09-26,Saturday,Website (Shopify),Website (Shopify),LT-GFT,Loop Tote Gift Set,Sea-green,gift_set,1,299000,299000,0,,25000,324000,0,4000,128000,167000,IDR,324000,,Bank transfer (VA),SiCepat,C002459,new,Bekasi,West Java,ID,completed,2026-09-27,2026-09-28,instagram / bio_link,ig_milestone_reel,17908880999865633,sku_match,
#LT10891,2026-09-26 22:42:09,2026-09-26,Saturday,Website (Shopify),Website (Shopify),LT-IND,"Loop Tote, Indigo",Indigo,standard,2,189000,378000,38000,THANKS10K,0,340000,0,0,156000,0,IDR,340000,,Credit card,,C002460,new,Bandung,West Java,ID,cancelled,,,instagram / bio_link,ig_milestone_reel,17908880999865633,promo_code_match,
IG-20260926-0012,2026-09-26 22:49:33,2026-09-26,Saturday,Instagram,Instagram (DM/WhatsApp),LT-GFT,Loop Tote Gift Set,Indigo,gift_set,1,299000,299000,0,,0,299000,0,10671,128000,160329,IDR,299000,,Credit card,GoSend/Grab Instant,C002461,new,Banjarmasin,South Kalimantan,ID,shipped,2026-09-27,,story_reply,ig_qr_carousel,17901977490176261,sku_match,
26092750519715B,2026-09-27 08:00:48,2026-09-27,Sunday,Indonesian marketplace,Shopee,LT-GFT,Loop Tote Gift Set,Sand,gift_set,1,299000,299000,0,,0,299000,28405,0,128000,-53405,IDR,299000,,Bank transfer (VA),Shopee Xpress / platform courier,C002462,new,Padang,West Sumatra,ID,returned,2026-09-27,2026-10-02,shop_page,,17908880999865633,sku_match,
#LT10892,2026-09-27 08:57:01,2026-09-27,Sunday,Website (Shopify),Website (Shopify),LT-GFT,Loop Tote Gift Set,Indigo,gift_set,1,299000,299000,30000,THANKS10K,25000,294000,0,2058,128000,138942,IDR,294000,,QRIS,GoSend/Grab Instant,C002463,new,Karawang,West Java,ID,shipped,2026-09-27,,instagram / bio_link,ig_milestone_reel,17908880999865633,promo_code_match,
#LT10893,2026-09-27 09:50:53,2026-09-27,Sunday,Website (Shopify),Website (Shopify),LT-SND,"Loop Tote, Sand",Sand,standard,1,189000,189000,19000,THANKS10K,40000,210000,0,8090,78000,83910,IDR,210000,,Credit card,GoSend/Grab Instant,C002464,new,Surabaya,East Java,ID,shipped,2026-09-28,,newsletter,,,,
IG-20260927-0001,2026-09-27 11:01:45,2026-09-27,Sunday,Instagram,Instagram (DM/WhatsApp),LT-GFT,Loop Tote Gift Set,Sand,gift_set,1,299000,299000,0,,15000,314000,0,0,128000,171000,IDR,314000,,Bank transfer (manual),JNE,C001604,returning,Bekasi,West Java,ID,shipped,2026-09-28,,whatsapp_click,ig_picker_stories_p30,17902428608945110,dm_time_proximity,
IG-20260927-0002,2026-09-27 11:39:28,2026-09-27,Sunday,Instagram,Instagram (DM/WhatsApp),LT-GRN,"Loop Tote, Sea-green",Sea-green,standard,4,189000,756000,0,,32000,788000,0,0,312000,444000,IDR,788000,,Bank transfer (manual),SiCepat,C002465,new,Jakarta,DKI Jakarta,ID,completed,2026-09-27,2026-09-28,whatsapp_click,ig_picker_stories_p30,17902428608945110,dm_time_proximity,
INV/20260927/MPL/225151275,2026-09-27 11:59:56,2026-09-27,Sunday,Indonesian marketplace,Tokopedia,LT-GRN,"Loop Tote, Sea-green",Sea-green,standard,1,189000,189000,0,,15000,204000,15120,0,78000,95880,IDR,204000,,PayLater,AnterAja,C002466,new,Surabaya,East Java,ID,shipped,2026-09-27,,shop_page,,17902428608945110,assisted_time_proximity,
26092793989846C,2026-09-27 13:31:02,2026-09-27,Sunday,Indonesian marketplace,Shopee,LT-GRN,"Loop Tote, Sea-green",Sea-green,standard,1,189000,189000,0,,35000,224000,17955,0,78000,93045,IDR,224000,,Bank transfer (VA),JNE,C002467,new,Jakarta,DKI Jakarta,ID,shipped,2026-09-28,,marketplace_search,,17908880999865633,assisted_time_proximity,
IG-20260927-0003,2026-09-27 15:21:14,2026-09-27,Sunday,Instagram,Instagram (DM/WhatsApp),LT-GFT,Loop Tote Gift Set,Indigo,gift_set,2,299000,598000,0,,15000,613000,0,4291,256000,337709,IDR,613000,,QRIS,JNE,C002468,new,Bogor,West Java,ID,shipped,2026-09-28,,story_reply,ig_picker_stories_p30,17902428608945110,dm_time_proximity,
BLI-20260927-299750,2026-09-27 15:25:07,2026-09-27,Sunday,Indonesian marketplace,Blibli,LT-IND,"Loop Tote, Indigo",Indigo,standard,4,189000,756000,0,,0,756000,60480,0,312000,383520,IDR,756000,,PayLater,AnterAja,C002469,new,Bandar Lampung,Lampung,ID,shipped,2026-09-28,,recommended,,,,
INV/20260927/MPL/419060402,2026-09-27 15:34:40,2026-09-27,Sunday,Indonesian marketplace,Tokopedia,LT-GRN,"Loop Tote, Sea-green",Sea-green,standard,2,189000,378000,30000,Platform voucher,30000,378000,0,0,156000,0,IDR,378000,,QRIS,,C002470,new,Pekanbaru,Riau,ID,cancelled,,,marketplace_campaign,,,,
5930440849494422319,2026-09-27 16:17:01,2026-09-27,Sunday,Indonesian marketplace,TikTok Shop,LT-GRN,"Loop Tote, Sea-green",Sea-green,standard,1,179000,179000,27000,Platform voucher,12000,164000,12920,0,78000,61080,IDR,164000,,COD,SiCepat,C002471,new,Depok,West Java,ID,shipped,2026-09-28,,recommended,,,,
26092751735118D,2026-09-27 17:00:11,2026-09-27,Sunday,Indonesian marketplace,Shopee,LT-GRN,"Loop Tote, Sea-green",Sea-green,standard,1,189000,189000,0,,35000,224000,17955,0,78000,93045,IDR,224000,,ShopeePay,J&T Express,C002472,new,Pekanbaru,Riau,ID,shipped,2026-09-28,,marketplace_search,,,,
366533596719107,2026-09-27 17:44:46,2026-09-27,Sunday,Indonesian marketplace,Lazada,LT-SND,"Loop Tote, Sand",Sand,standard,1,189000,189000,0,,12000,201000,16065,0,78000,94935,IDR,201000,,ShopeePay,JNE,C002473,new,Surabaya,East Java,ID,shipped,2026-09-28,,shop_page,,,,
#LT10894,2026-09-27 18:02:29,2026-09-27,Sunday,Website (Shopify),Website (Shopify),LT-GRN,"Loop Tote, Sea-green",Sea-green,standard,1,189000,189000,0,,25000,214000,0,1498,78000,109502,IDR,214000,,QRIS,SiCepat,C002474,new,Cimahi,West Java,ID,completed,2026-09-27,2026-09-28,instagram / bio_link,ig_milestone_reel,17908880999865633,utm_bio_link,
5746843058157505660,2026-09-27 18:20:37,2026-09-27,Sunday,Indonesian marketplace,TikTok Shop,LT-IND,"Loop Tote, Indigo",Indigo,standard,1,179000,179000,0,,25000,204000,15215,0,78000,85785,IDR,204000,,Bank transfer (VA),SiCepat,C002475,new,Jakarta,DKI Jakarta,ID,shipped,2026-09-27,,marketplace_campaign,,,,
STR-20260927-0001,2026-09-27 18:25:07,2026-09-27,Sunday,Physical store,Bandung store,LT-SND,"Loop Tote, Sand",Sand,standard,1,189000,189000,0,,0,189000,0,1323,78000,109677,IDR,189000,,QRIS,In-store pickup,C002476,new,Bandung,West Java,ID,completed,2026-09-27,2026-09-27,walk-in,,,,
IG-20260927-0004,2026-09-27 18:34:31,2026-09-27,Sunday,Instagram,Instagram (DM/WhatsApp),LT-SND,"Loop Tote, Sand",Sand,standard,1,189000,189000,0,,0,189000,0,0,78000,111000,IDR,189000,,Bank transfer (manual),JNE,C002477,new,Karawang,West Java,ID,shipped,2026-09-28,,dm,,,,
113-4867135-9136956,2026-09-27 19:02:31,2026-09-27,Sunday,Amazon,Amazon,LT-IND,"Loop Tote, Indigo",Indigo,standard,1,260637,260637,0,,113937,374574,39096,0,78000,143541,USD,22.98,16300,Credit card,DHL eCommerce,C002478,new,Toronto,Ontario,CA,shipped,2026-09-27,,marketplace_search,,,,
26092786426414E,2026-09-27 19:28:59,2026-09-27,Sunday,Indonesian marketplace,Shopee,LT-IND,"Loop Tote, Indigo",Indigo,standard,1,189000,189000,15000,Platform voucher,35000,209000,16530,0,78000,79470,IDR,209000,,COD,SiCepat,C002479,new,Surabaya,East Java,ID,shipped,2026-09-28,,marketplace_search,,,,
#LT10895,2026-09-27 20:10:13,2026-09-27,Sunday,Website (Shopify),Website (Shopify),LT-GRN,"Loop Tote, Sea-green",Sea-green,standard,1,189000,189000,0,,15000,204000,0,7916,78000,103084,IDR,204000,,Credit card,GoSend/Grab Instant,C002480,new,Bekasi,West Java,ID,shipped,2026-09-27,,instagram / bio_link,ig_qr_carousel,17901977490176261,utm_bio_link,
#LT10896,2026-09-27 20:24:00,2026-09-27,Sunday,Website (Shopify),Website (Shopify),LT-GFT,Loop Tote Gift Set,Sea-green,gift_set,1,299000,299000,30000,THANKS10K,0,269000,0,4035,128000,136965,IDR,269000,,ShopeePay,J&T Express,C002481,new,Jakarta,DKI Jakarta,ID,completed,2026-09-27,2026-09-28,instagram / bio_link,ig_milestone_reel,17908880999865633,sku_match,
#LT10897,2026-09-27 20:40:34,2026-09-27,Sunday,Website (Shopify),Website (Shopify),LT-GRN,"Loop Tote, Sea-green",Sea-green,standard,2,189000,378000,0,,0,378000,0,12962,156000,209038,IDR,378000,,Credit card,SiCepat,C002482,new,Medan,North Sumatra,ID,shipped,2026-09-28,,instagram / bio_link,ig_milestone_reel,17908880999865633,utm_bio_link,
IG-20260927-0005,2026-09-27 20:48:12,2026-09-27,Sunday,Instagram,Instagram (DM/WhatsApp),LT-IND,"Loop Tote, Indigo",Indigo,standard,1,189000,189000,0,,18000,207000,0,0,78000,111000,IDR,207000,,Bank transfer (manual),SiCepat,C002483,new,Depok,West Java,ID,shipped,2026-09-28,,story_reply,,,,
#LT10898,2026-09-27 21:21:13,2026-09-27,Sunday,Website (Shopify),Website (Shopify),LT-IND,"Loop Tote, Indigo",Indigo,standard,1,189000,189000,19000,THANKS10K,18000,188000,0,1316,78000,90684,IDR,188000,,QRIS,J&T Express,C002464,returning,Surabaya,East Java,ID,shipped,2026-09-27,,instagram / bio_link,ig_milestone_reel,17908880999865633,promo_code_match,
26092788450944F,2026-09-27 21:34:48,2026-09-27,Sunday,Indonesian marketplace,Shopee,LT-GRN,"Loop Tote, Sea-green",Sea-green,standard,1,189000,189000,0,,0,189000,17955,0,78000,93045,IDR,189000,,Alfamart/Indomaret,Shopee Xpress / platform courier,C002484,new,Bandar Lampung,Lampung,ID,shipped,2026-09-28,,marketplace_campaign,,,,
5243661112391765839,2026-09-27 21:50:40,2026-09-27,Sunday,Indonesian marketplace,TikTok Shop,LT-IND,"Loop Tote, Indigo",Indigo,standard,1,179000,179000,0,,30000,209000,15215,0,78000,85785,IDR,209000,,PayLater,J&T Express,C002485,new,Makassar,South Sulawesi,ID,shipped,2026-09-27,,recommended,,,,
